mesh1kmid,day,night,lon_center,lat_center,citycode,ratio
51321307,11.0,26.0,132.46875,34.0875015,34202,0.4230769230769231
51321319,123.0,159.0,132.493744,34.0958328,34202,0.7735849056603774
51321359,106.0,147.0,132.493744,34.1291656,34202,0.7210884353741497
51321379,38.0,28.0,132.493744,34.1458321,34202,1.3571428571428572
51321389,307.0,242.0,132.493744,34.1541672,34202,1.2685950413223142
51321398,65.0,34.0,132.481247,34.1624985,34215,1.911764705882353
51321399,381.0,292.0,132.493744,34.1624985,34202,1.3047945205479452
51321403,69.0,42.0,132.543747,34.0875015,34202,1.6428571428571428
51321411,35.0,33.0,132.518753,34.0958328,34202,1.0606060606060606
51321412,31.0,24.0,132.53125,34.0958328,34202,1.2916666666666667
51321413,402.0,416.0,132.543747,34.0958328,34202,0.9663461538461539
51321420,340.0,303.0,132.506256,34.1041679,34202,1.1221122112211221
51321421,279.0,18.0,132.518753,34.1041679,34202,15.5
51321423,27.0,11.0,132.543747,34.1041679,34202,2.4545454545454546
51321450,92.0,19.0,132.506256,34.1291656,34202,4.842105263157895
51321460,40.0,27.0,132.506256,34.1375008,34202,1.4814814814814814
51321470,378.0,486.0,132.506256,34.1458321,34202,0.7777777777777778
51321481,46.0,172.0,132.518753,34.1541672,34202,0.26744186046511625
51321482,85.0,75.0,132.53125,34.1541672,34202,1.1333333333333333
51321491,127.0,329.0,132.518753,34.1624985,34202,0.3860182370820669
51321492,64.0,26.0,132.53125,34.1624985,34202,2.4615384615384617
51321599,45.0,16.0,132.743744,34.1624985,34202,2.8125
51321694,12.0,10.0,132.806244,34.1624985,34202,1.2
51322146,545.0,640.0,132.206253,34.2041664,34211,0.8515625
51322157,2756.0,4077.0,132.21875,34.2125015,34211,0.6759872455236694
51322158,4250.0,4841.0,132.231247,34.2125015,34211,0.8779177855814915
51322159,239.0,36.0,132.243744,34.2125015,34211,6.638888888888889
51322166,221.0,239.0,132.206253,34.2208328,34211,0.9246861924686193
51322167,3555.0,3169.0,132.21875,34.2208328,34211,1.1218049857999368
51322168,3088.0,1619.0,132.231247,34.2208328,34211,1.9073502161828289
51322169,717.0,30.0,132.243744,34.2208328,34211,23.9
51322176,214.0,237.0,132.206253,34.2291679,34211,0.9029535864978903
51322177,1993.0,1158.0,132.21875,34.2291679,34211,1.721070811744387
51322178,1007.0,250.0,132.231247,34.2291679,34211,4.028
51322186,365.0,447.0,132.206253,34.2374992,34211,0.8165548098434005
51322187,3147.0,3164.0,132.21875,34.2374992,34211,0.9946270543615676
51322188,177.0,38.0,132.231247,34.2374992,34211,4.657894736842105
51322192,17.0,126.0,132.15625,34.2458344,34211,0.1349206349206349
51322197,1625.0,1708.0,132.21875,34.2458344,34211,0.9514051522248244
51322198,1341.0,128.0,132.231247,34.2458344,34211,10.4765625
51322235,145.0,306.0,132.318756,34.1958351,34211,0.4738562091503268
51322305,88.0,20.0,132.443756,34.1708336,34215,4.4
51322306,960.0,1109.0,132.456253,34.1708336,34215,0.8656447249774571
51322307,566.0,1072.0,132.46875,34.1708336,34215,0.5279850746268657
51322308,324.0,203.0,132.481247,34.1708336,34215,1.5960591133004927
51322309,166.0,154.0,132.493744,34.1708336,34202,1.077922077922078
51322316,492.0,488.0,132.456253,34.1791649,34215,1.0081967213114753
51322317,593.0,690.0,132.46875,34.1791649,34215,0.8594202898550725
51322318,221.0,197.0,132.481247,34.1791649,34215,1.1218274111675126
51322319,32.0,89.0,132.493744,34.1791649,34202,0.3595505617977528
51322324,74.0,114.0,132.431244,34.1875,34215,0.6491228070175439
51322325,293.0,471.0,132.443756,34.1875,34215,0.6220806794055201
51322326,97.0,249.0,132.456253,34.1875,34215,0.3895582329317269
51322327,192.0,62.0,132.46875,34.1875,34215,3.096774193548387
51322333,103.0,55.0,132.418747,34.1958351,34215,1.8727272727272728
51322334,25.0,91.0,132.431244,34.1958351,34215,0.27472527472527475
51322335,701.0,653.0,132.443756,34.1958351,34215,1.0735068912710566
51322337,249.0,380.0,132.46875,34.1958351,34215,0.6552631578947369
51322342,226.0,271.0,132.40625,34.2041664,34215,0.8339483394833949
51322343,170.0,314.0,132.418747,34.2041664,34215,0.5414012738853503
51322344,11.0,21.0,132.431244,34.2041664,34215,0.5238095238095238
51322345,490.0,340.0,132.443756,34.2041664,34215,1.4411764705882353
51322347,1281.0,947.0,132.46875,34.2041664,34215,1.3526927138331573
51322348,220.0,139.0,132.481247,34.2041664,34215,1.5827338129496402
51322349,32.0,31.0,132.493744,34.2041664,34215,1.032258064516129
51322352,38.0,195.0,132.40625,34.2125015,34215,0.19487179487179487
51322354,15.0,80.0,132.431244,34.2125015,34215,0.1875
51322355,282.0,358.0,132.443756,34.2125015,34215,0.7877094972067039
51322357,258.0,335.0,132.46875,34.2125015,34215,0.7701492537313432
51322358,46.0,28.0,132.481247,34.2125015,34215,1.6428571428571428
51322364,99.0,393.0,132.431244,34.2208328,34215,0.25190839694656486
51322365,873.0,1399.0,132.443756,34.2208328,34215,0.6240171551107935
51322366,58.0,12.0,132.456253,34.2208328,34215,4.833333333333333
51322367,117.0,214.0,132.46875,34.2208328,34215,0.5467289719626168
51322368,90.0,77.0,132.481247,34.2208328,34215,1.1688311688311688
51322369,67.0,168.0,132.493744,34.2208328,34215,0.39880952380952384
51322374,61.0,427.0,132.431244,34.2291679,34215,0.14285714285714285
51322375,41.0,84.0,132.443756,34.2291679,34215,0.4880952380952381
51322376,460.0,43.0,132.456253,34.2291679,34215,10.69767441860465
51322378,575.0,947.0,132.481247,34.2291679,34215,0.6071805702217529
51322379,48.0,245.0,132.493744,34.2291679,34215,0.19591836734693877
51322384,318.0,638.0,132.431244,34.2374992,34215,0.49843260188087773
51322385,27.0,90.0,132.443756,34.2374992,34215,0.3
51322387,227.0,82.0,132.46875,34.2374992,34215,2.768292682926829
51322388,1204.0,1568.0,132.481247,34.2374992,34215,0.7678571428571429
51322389,64.0,42.0,132.493744,34.2374992,34215,1.5238095238095237
51322395,171.0,47.0,132.443756,34.2458344,34215,3.6382978723404253
51322396,151.0,21.0,132.456253,34.2458344,34215,7.190476190476191
51322397,999.0,867.0,132.46875,34.2458344,34215,1.1522491349480968
51322398,1610.0,1495.0,132.481247,34.2458344,34215,1.0769230769230769
51322399,218.0,224.0,132.493744,34.2458344,34215,0.9732142857142857
51322402,27.0,20.0,132.53125,34.1708336,34202,1.35
51322403,193.0,888.0,132.543747,34.1708336,34202,0.21734234234234234
51322410,62.0,30.0,132.506256,34.1791649,34202,2.066666666666667
51322412,101.0,149.0,132.53125,34.1791649,34202,0.6778523489932886
51322413,226.0,368.0,132.543747,34.1791649,34202,0.6141304347826086
51322414,904.0,1122.0,132.556244,34.1791649,34202,0.8057040998217468
51322420,57.0,238.0,132.506256,34.1875,34202,0.23949579831932774
51322421,116.0,118.0,132.518753,34.1875,34202,0.9830508474576272
51322422,638.0,816.0,132.53125,34.1875,34202,0.7818627450980392
51322423,455.0,543.0,132.543747,34.1875,34202,0.8379373848987108
51322424,155.0,249.0,132.556244,34.1875,34202,0.6224899598393574
51322431,152.0,65.0,132.518753,34.1958351,34202,2.3384615384615386
51322432,1090.0,1070.0,132.53125,34.1958351,34202,1.0186915887850467
51322433,724.0,293.0,132.543747,34.1958351,34202,2.47098976109215
51322434,193.0,321.0,132.556244,34.1958351,34202,0.6012461059190031
51322435,24.0,37.0,132.568756,34.1958351,34202,0.6486486486486487
51322443,573.0,333.0,132.543747,34.2041664,34202,1.7207207207207207
51322445,411.0,467.0,132.568756,34.2041664,34202,0.880085653104925
51322446,205.0,82.0,132.581253,34.2041664,34202,2.5
51322453,1446.0,1531.0,132.543747,34.2125015,34202,0.9444807315480078
51322454,61.0,157.0,132.556244,34.2125015,34202,0.3885350318471338
51322456,121.0,186.0,132.581253,34.2125015,34202,0.6505376344086021
51322459,534.0,811.0,132.618744,34.2125015,34202,0.6584463625154131
51322462,118.0,67.0,132.53125,34.2208328,34202,1.7611940298507462
51322463,3642.0,732.0,132.543747,34.2208328,34202,4.975409836065574
51322464,1080.0,1814.0,132.556244,34.2208328,34202,0.5953693495038589
51322469,202.0,115.0,132.618744,34.2208328,34202,1.7565217391304349
51322472,132.0,124.0,132.53125,34.2291679,34202,1.064516129032258
51322473,2477.0,869.0,132.543747,34.2291679,34202,2.850402761795167
51322474,4498.0,2699.0,132.556244,34.2291679,34202,1.6665431641348647
51322475,215.0,283.0,132.568756,34.2291679,34202,0.7597173144876325
51322477,1416.0,1465.0,132.59375,34.2291679,34202,0.9665529010238908
51322478,5153.0,2096.0,132.606247,34.2291679,34202,2.4584923664122136
51322479,8646.0,5933.0,132.618744,34.2291679,34202,1.4572728804989044
51322482,53.0,10.0,132.53125,34.2374992,34202,5.3
51322483,183.0,77.0,132.543747,34.2374992,34202,2.3766233766233764
51322484,3372.0,1418.0,132.556244,34.2374992,34202,2.3779971791255288
51322485,6317.0,5400.0,132.568756,34.2374992,34202,1.1698148148148149
51322486,22.0,15.0,132.581253,34.2374992,34202,1.4666666666666666
51322487,3194.0,5324.0,132.59375,34.2374992,34202,0.5999248685199099
51322488,4581.0,5366.0,132.606247,34.2374992,34202,0.8537085352217667
51322489,11139.0,12539.0,132.618744,34.2374992,34202,0.8883483531382088
51322491,48.0,101.0,132.518753,34.2458344,34202,0.4752475247524752
51322492,2274.0,2093.0,132.53125,34.2458344,34202,1.0864787386526518
51322493,4930.0,3951.0,132.543747,34.2458344,34202,1.2477853707922044
51322494,24198.0,13433.0,132.556244,34.2458344,34202,1.8013846497431698
51322495,19474.0,13985.0,132.568756,34.2458344,34202,1.3924919556667859
51322496,1024.0,1965.0,132.581253,34.2458344,34202,0.5211195928753181
51322497,2045.0,1779.0,132.59375,34.2458344,34202,1.149522203485104
51322498,266.0,364.0,132.606247,34.2458344,34202,0.7307692307692307
51322499,1865.0,4021.0,132.618744,34.2458344,34202,0.4638149714001492
51322502,116.0,90.0,132.65625,34.1708336,34202,1.288888888888889
51322503,30.0,32.0,132.668747,34.1708336,34202,0.9375
51322512,79.0,256.0,132.65625,34.1791649,34202,0.30859375
51322516,53.0,20.0,132.706253,34.1791649,34202,2.65
51322523,70.0,321.0,132.668747,34.1875,34202,0.21806853582554517
51322524,186.0,295.0,132.681244,34.1875,34202,0.6305084745762712
51322525,116.0,324.0,132.693756,34.1875,34202,0.35802469135802467
51322529,22.0,26.0,132.743744,34.1875,34202,0.8461538461538461
51322534,72.0,17.0,132.681244,34.1958351,34202,4.235294117647059
51322538,107.0,15.0,132.731247,34.1958351,34202,7.133333333333334
51322539,40.0,109.0,132.743744,34.1958351,34202,0.3669724770642202
51322540,248.0,606.0,132.631256,34.2041664,34202,0.40924092409240925
51322541,239.0,225.0,132.643753,34.2041664,34202,1.0622222222222222
51322542,83.0,317.0,132.65625,34.2041664,34202,0.2618296529968454
51322550,365.0,537.0,132.631256,34.2125015,34202,0.6797020484171322
51322552,222.0,422.0,132.65625,34.2125015,34202,0.5260663507109005
51322553,38.0,39.0,132.668747,34.2125015,34202,0.9743589743589743
51322554,302.0,269.0,132.681244,34.2125015,34202,1.1226765799256506
51322560,599.0,1189.0,132.631256,34.2208328,34202,0.503784693019344
51322561,185.0,829.0,132.643753,34.2208328,34202,0.22316043425814233
51322562,1155.0,1196.0,132.65625,34.2208328,34202,0.9657190635451505
51322563,415.0,248.0,132.668747,34.2208328,34202,1.6733870967741935
51322564,135.0,240.0,132.681244,34.2208328,34202,0.5625
51322565,191.0,310.0,132.693756,34.2208328,34202,0.6161290322580645
51322570,6380.0,9440.0,132.631256,34.2291679,34202,0.6758474576271186
51322571,1613.0,2373.0,132.643753,34.2291679,34202,0.6797302991993257
51322572,282.0,493.0,132.65625,34.2291679,34202,0.5720081135902637
51322574,119.0,59.0,132.681244,34.2291679,34202,2.016949152542373
51322575,1115.0,1234.0,132.693756,34.2291679,34202,0.9035656401944895
51322580,1955.0,4164.0,132.631256,34.2374992,34202,0.4695004803073967
51322584,248.0,417.0,132.681244,34.2374992,34202,0.5947242206235012
51322585,1714.0,2887.0,132.693756,34.2374992,34202,0.5936958780741254
51322586,1036.0,975.0,132.706253,34.2374992,34202,1.0625641025641026
51322587,46.0,27.0,132.71875,34.2374992,34202,1.7037037037037037
51322590,1504.0,2580.0,132.631256,34.2458344,34202,0.5829457364341085
51322595,91.0,172.0,132.693756,34.2458344,34202,0.5290697674418605
51322596,60.0,122.0,132.706253,34.2458344,34202,0.4918032786885246
51322597,249.0,185.0,132.71875,34.2458344,34202,1.345945945945946
51322598,15.0,21.0,132.731247,34.2458344,34202,0.7142857142857143
51322603,135.0,255.0,132.793747,34.1708336,34202,0.5294117647058824
51322604,53.0,48.0,132.806244,34.1708336,34202,1.1041666666666667
51322610,88.0,265.0,132.756256,34.1791649,34202,0.3320754716981132
51322613,138.0,301.0,132.793747,34.1791649,34202,0.4584717607973422
51322618,195.0,64.0,132.856247,34.1791649,34202,3.046875
51322623,28.0,12.0,132.793747,34.1875,34202,2.3333333333333335
51322626,19.0,61.0,132.831253,34.1875,34202,0.3114754098360656
51322628,168.0,125.0,132.856247,34.1875,34202,1.344
51322677,70.0,151.0,132.84375,34.2291679,34431,0.46357615894039733
51322678,52.0,63.0,132.856247,34.2291679,34431,0.8253968253968254
51322679,85.0,120.0,132.868744,34.2291679,34431,0.7083333333333334
51322688,202.0,22.0,132.856247,34.2374992,34431,9.181818181818182
51322699,16.0,76.0,132.868744,34.2458344,34431,0.21052631578947367
51322740,52.0,37.0,132.881256,34.2041664,34431,1.4054054054054055
51322751,121.0,37.0,132.893753,34.2125015,34431,3.27027027027027
51322753,19.0,68.0,132.918747,34.2125015,34431,0.27941176470588236
51322763,51.0,52.0,132.918747,34.2208328,34431,0.9807692307692307
51322770,64.0,191.0,132.881256,34.2291679,34431,0.33507853403141363
51322771,38.0,48.0,132.893753,34.2291679,34431,0.7916666666666666
51322773,80.0,18.0,132.918747,34.2291679,34431,4.444444444444445
51322780,217.0,155.0,132.881256,34.2374992,34431,1.4
51322782,16.0,23.0,132.90625,34.2374992,34431,0.6956521739130435
51322783,396.0,301.0,132.918747,34.2374992,34431,1.3156146179401993
51322790,676.0,675.0,132.881256,34.2458344,34431,1.0014814814814814
51322791,813.0,1030.0,132.893753,34.2458344,34431,0.7893203883495146
51322792,202.0,62.0,132.90625,34.2458344,34431,3.2580645161290325
51323107,1448.0,876.0,132.21875,34.2541656,34211,1.6529680365296804
51323108,2752.0,2484.0,132.231247,34.2541656,34211,1.107890499194847
51323117,145.0,260.0,132.21875,34.2625008,34211,0.5576923076923077
51323118,347.0,995.0,132.231247,34.2625008,34211,0.3487437185929648
51323119,275.0,317.0,132.243744,34.2625008,34213,0.8675078864353313
51323129,180.0,413.0,132.243744,34.2708321,34213,0.4358353510895884
51323141,37.0,39.0,132.143753,34.2874985,34211,0.9487179487179487
51323147,278.0,347.0,132.21875,34.2874985,34211,0.8011527377521613
51323152,29.0,54.0,132.15625,34.2958336,34211,0.5370370370370371
51323157,30.0,58.0,132.21875,34.2958336,34213,0.5172413793103449
51323184,167.0,79.0,132.181244,34.3208351,34213,2.1139240506329116
51323195,51.0,152.0,132.193756,34.3291664,34213,0.3355263157894737
51323220,702.0,667.0,132.256256,34.2708321,34213,1.0524737631184409
51323221,140.0,13.0,132.268753,34.2708321,34213,10.76923076923077
51323230,479.0,546.0,132.256256,34.2791672,34213,0.8772893772893773
51323231,975.0,1475.0,132.268753,34.2791672,34213,0.6610169491525424
51323233,31.0,21.0,132.293747,34.2791672,34213,1.4761904761904763
51323241,2272.0,2763.0,132.268753,34.2874985,34213,0.822294607310894
51323242,1053.0,921.0,132.28125,34.2874985,34213,1.1433224755700326
51323251,988.0,1617.0,132.268753,34.2958336,34213,0.6110080395794681
51323252,1465.0,2208.0,132.28125,34.2958336,34213,0.6634963768115942
51323253,68.0,34.0,132.293747,34.2958336,34213,2.0
51323254,57.0,20.0,132.306244,34.2958336,34213,2.85
51323255,3266.0,1458.0,132.318756,34.2958336,34213,2.2400548696844993
51323256,62.0,20.0,132.331253,34.2958336,34213,3.1
51323262,1588.0,4218.0,132.28125,34.3041649,34213,0.3764817449027975
51323263,1976.0,3051.0,132.293747,34.3041649,34213,0.6476565060635857
51323264,252.0,167.0,132.306244,34.3041649,34213,1.5089820359281436
51323265,1821.0,862.0,132.318756,34.3041649,34213,2.1125290023201857
51323266,206.0,199.0,132.331253,34.3041649,34213,1.035175879396985
51323272,471.0,596.0,132.28125,34.3125,34213,0.790268456375839
51323273,1788.0,2494.0,132.293747,34.3125,34213,0.7169206094627105
51323274,2746.0,1971.0,132.306244,34.3125,34213,1.393201420598681
51323282,87.0,50.0,132.28125,34.3208351,34213,1.74
51323283,424.0,975.0,132.293747,34.3208351,34213,0.4348717948717949
51323284,2079.0,3812.0,132.306244,34.3208351,34213,0.5453830010493179
51323285,1580.0,1998.0,132.318756,34.3208351,34213,0.7907907907907908
51323292,332.0,251.0,132.28125,34.3291664,34213,1.3227091633466135
51323293,276.0,156.0,132.293747,34.3291664,34213,1.7692307692307692
51323294,2359.0,4112.0,132.306244,34.3291664,34213,0.5736867704280155
51323295,1514.0,1925.0,132.318756,34.3291664,34213,0.7864935064935065
51323300,165.0,186.0,132.381256,34.2541656,34215,0.8870967741935484
51323302,597.0,848.0,132.40625,34.2541656,34215,0.7040094339622641
51323305,107.0,40.0,132.443756,34.2541656,34215,2.675
51323306,472.0,401.0,132.456253,34.2541656,34215,1.1770573566084788
51323307,59.0,72.0,132.46875,34.2541656,34215,0.8194444444444444
51323309,314.0,1057.0,132.493744,34.2541656,34215,0.29706717123935666
51323311,39.0,71.0,132.393753,34.2625008,34215,0.5492957746478874
51323312,226.0,440.0,132.40625,34.2625008,34215,0.5136363636363637
51323313,19.0,15.0,132.418747,34.2625008,34215,1.2666666666666666
51323315,36.0,42.0,132.443756,34.2625008,34215,0.8571428571428571
51323316,166.0,314.0,132.456253,34.2625008,34215,0.5286624203821656
51323319,62.0,11.0,132.493744,34.2625008,34215,5.636363636363637
51323329,257.0,17.0,132.493744,34.2708321,34215,15.117647058823529
51323338,520.0,1184.0,132.481247,34.2791672,34215,0.4391891891891892
51323345,48.0,217.0,132.443756,34.2874985,34215,0.22119815668202766
51323347,11.0,32.0,132.46875,34.2874985,34215,0.34375
51323348,254.0,314.0,132.481247,34.2874985,34215,0.8089171974522293
51323358,24.0,57.0,132.481247,34.2958336,34215,0.42105263157894735
51323363,14.0,24.0,132.418747,34.3041649,34103,0.5833333333333334
51323365,43.0,12.0,132.443756,34.3041649,34103,3.5833333333333335
51323374,115.0,109.0,132.431244,34.3125,34103,1.055045871559633
51323375,87.0,45.0,132.443756,34.3125,34103,1.9333333333333333
51323379,203.0,35.0,132.493744,34.3125,34309,5.8
51323385,67.0,28.0,132.443756,34.3208351,34103,2.392857142857143
51323387,18.0,12.0,132.46875,34.3208351,34103,1.5
51323389,107.0,111.0,132.493744,34.3208351,34309,0.963963963963964
51323401,38.0,36.0,132.518753,34.2541656,34202,1.0555555555555556
51323402,1335.0,2380.0,132.53125,34.2541656,34202,0.5609243697478992
51323403,101.0,297.0,132.543747,34.2541656,34202,0.3400673400673401
51323404,1799.0,2227.0,132.556244,34.2541656,34202,0.8078132016165245
51323405,9075.0,12690.0,132.568756,34.2541656,34202,0.7151300236406619
51323406,4596.0,6815.0,132.581253,34.2541656,34202,0.6743947175348496
51323407,942.0,1225.0,132.59375,34.2541656,34202,0.7689795918367347
51323409,334.0,31.0,132.618744,34.2541656,34202,10.774193548387096
51323411,824.0,906.0,132.518753,34.2625008,34202,0.9094922737306843
51323412,1446.0,2353.0,132.53125,34.2625008,34202,0.6145346366340841
51323414,150.0,14.0,132.556244,34.2625008,34202,10.714285714285714
51323415,764.0,2340.0,132.568756,34.2625008,34202,0.3264957264957265
51323416,192.0,346.0,132.581253,34.2625008,34202,0.5549132947976878
51323421,154.0,60.0,132.518753,34.2708321,34202,2.566666666666667
51323422,253.0,742.0,132.53125,34.2708321,34202,0.34097035040431267
51323424,167.0,96.0,132.556244,34.2708321,34202,1.7395833333333333
51323426,88.0,233.0,132.581253,34.2708321,34202,0.3776824034334764
51323431,754.0,936.0,132.518753,34.2791672,34202,0.8055555555555556
51323433,475.0,1316.0,132.543747,34.2791672,34202,0.3609422492401216
51323434,1528.0,2440.0,132.556244,34.2791672,34202,0.6262295081967213
51323435,583.0,1662.0,132.568756,34.2791672,34202,0.35078219013237066
51323440,95.0,26.0,132.506256,34.2874985,34202,3.6538461538461537
51323441,1501.0,3189.0,132.518753,34.2874985,34202,0.4706804640953277
51323443,585.0,861.0,132.543747,34.2874985,34202,0.6794425087108014
51323444,1468.0,3057.0,132.556244,34.2874985,34202,0.48020935557736344
51323445,1820.0,2747.0,132.568756,34.2874985,34202,0.6625409537677467
51323446,268.0,513.0,132.581253,34.2874985,34202,0.5224171539961013
51323447,38.0,134.0,132.59375,34.2874985,34202,0.2835820895522388
51323450,1128.0,251.0,132.506256,34.2958336,34202,4.49402390438247
51323451,73.0,219.0,132.518753,34.2958336,34202,0.3333333333333333
51323453,120.0,56.0,132.543747,34.2958336,34202,2.142857142857143
51323454,3519.0,3669.0,132.556244,34.2958336,34202,0.9591169255928046
51323455,1112.0,2712.0,132.568756,34.2958336,34202,0.41002949852507375
51323456,176.0,131.0,132.581253,34.2958336,34202,1.3435114503816794
51323457,496.0,90.0,132.59375,34.2958336,34202,5.511111111111111
51323458,566.0,102.0,132.606247,34.2958336,34202,5.549019607843137
51323460,645.0,580.0,132.506256,34.3041649,34309,1.1120689655172413
51323461,17.0,109.0,132.518753,34.3041649,34309,0.1559633027522936
51323463,496.0,1618.0,132.543747,34.3041649,34202,0.3065512978986403
51323464,2079.0,4104.0,132.556244,34.3041649,34202,0.506578947368421
51323466,84.0,69.0,132.581253,34.3041649,34202,1.2173913043478262
51323468,1845.0,450.0,132.606247,34.3041649,34202,4.1
51323469,1853.0,394.0,132.618744,34.3041649,34202,4.7030456852791875
51323470,43.0,23.0,132.506256,34.3125,34309,1.8695652173913044
51323474,2082.0,4155.0,132.556244,34.3125,34202,0.5010830324909747
51323475,223.0,302.0,132.568756,34.3125,34202,0.7384105960264901
51323479,78.0,27.0,132.618744,34.3125,34202,2.888888888888889
51323480,75.0,146.0,132.506256,34.3208351,34309,0.5136986301369864
51323484,587.0,1417.0,132.556244,34.3208351,34202,0.4142554693013409
51323485,1556.0,4131.0,132.568756,34.3208351,34307,0.3766642459452917
51323486,446.0,1010.0,132.581253,34.3208351,34307,0.4415841584158416
51323490,820.0,1318.0,132.506256,34.3291664,34309,0.622154779969651
51323491,42.0,227.0,132.518753,34.3291664,34309,0.18502202643171806
51323493,188.0,145.0,132.543747,34.3291664,34107,1.296551724137931
51323494,709.0,1167.0,132.556244,34.3291664,34307,0.6075407026563839
51323495,3031.0,5046.0,132.568756,34.3291664,34307,0.6006738010305193
51323496,565.0,1090.0,132.581253,34.3291664,34307,0.518348623853211
51323497,61.0,201.0,132.59375,34.3291664,34307,0.3034825870646766
51323500,569.0,896.0,132.631256,34.2541656,34202,0.6350446428571429
51323506,183.0,490.0,132.706253,34.2541656,34202,0.373469387755102
51323507,700.0,1427.0,132.71875,34.2541656,34202,0.4905395935529082
51323510,885.0,1099.0,132.631256,34.2625008,34202,0.805277525022748
51323517,96.0,96.0,132.71875,34.2625008,34202,1.0
51323518,99.0,138.0,132.731247,34.2625008,34202,0.717391304347826
51323520,248.0,641.0,132.631256,34.2708321,34202,0.3868954758190328
51323527,78.0,161.0,132.71875,34.2708321,34202,0.484472049689441
51323528,59.0,173.0,132.731247,34.2708321,34202,0.34104046242774566
51323530,57.0,31.0,132.631256,34.2791672,34202,1.8387096774193548
51323537,33.0,30.0,132.71875,34.2791672,34202,1.1
51323538,126.0,123.0,132.731247,34.2791672,34202,1.024390243902439
51323539,928.0,1118.0,132.743744,34.2791672,34202,0.8300536672629696
51323540,202.0,142.0,132.631256,34.2874985,34202,1.4225352112676057
51323541,195.0,806.0,132.643753,34.2874985,34202,0.24193548387096775
51323546,24.0,11.0,132.706253,34.2874985,34202,2.1818181818181817
51323548,553.0,709.0,132.731247,34.2874985,34202,0.7799717912552891
51323549,969.0,1347.0,132.743744,34.2874985,34202,0.7193763919821826
51323550,409.0,466.0,132.631256,34.2958336,34202,0.8776824034334764
51323551,766.0,1381.0,132.643753,34.2958336,34202,0.554670528602462
51323556,10.0,42.0,132.706253,34.2958336,34202,0.23809523809523808
51323558,92.0,53.0,132.731247,34.2958336,34202,1.7358490566037736
51323560,421.0,440.0,132.631256,34.3041649,34202,0.9568181818181818
51323561,617.0,1409.0,132.643753,34.3041649,34202,0.43789921930447123
51323562,556.0,488.0,132.65625,34.3041649,34212,1.139344262295082
51323566,36.0,21.0,132.706253,34.3041649,34202,1.7142857142857142
51323567,40.0,100.0,132.71875,34.3041649,34202,0.4
51323569,114.0,10.0,132.743744,34.3041649,34202,11.4
51323570,34.0,34.0,132.631256,34.3125,34202,1.0
51323571,61.0,99.0,132.643753,34.3125,34212,0.6161616161616161
51323572,158.0,226.0,132.65625,34.3125,34212,0.6991150442477876
51323574,1865.0,444.0,132.681244,34.3125,34212,4.20045045045045
51323575,1437.0,1181.0,132.693756,34.3125,34212,1.216765453005927
51323578,160.0,153.0,132.731247,34.3125,34202,1.0457516339869282
51323579,33.0,153.0,132.743744,34.3125,34202,0.21568627450980393
51323581,144.0,133.0,132.643753,34.3208351,34212,1.0827067669172932
51323582,342.0,592.0,132.65625,34.3208351,34212,0.5777027027027027
51323583,1885.0,868.0,132.668747,34.3208351,34212,2.171658986175115
51323584,284.0,249.0,132.681244,34.3208351,34212,1.140562248995984
51323585,64.0,158.0,132.693756,34.3208351,34212,0.4050632911392405
51323591,141.0,441.0,132.643753,34.3291664,34212,0.3197278911564626
51323592,1038.0,2084.0,132.65625,34.3291664,34212,0.4980806142034549
51323593,1102.0,1488.0,132.668747,34.3291664,34212,0.7405913978494624
51323594,623.0,468.0,132.681244,34.3291664,34212,1.3311965811965811
51323595,211.0,245.0,132.693756,34.3291664,34212,0.8612244897959184
51323596,256.0,213.0,132.706253,34.3291664,34212,1.2018779342723005
51323597,93.0,203.0,132.71875,34.3291664,34212,0.458128078817734
51323600,40.0,11.0,132.756256,34.2541656,34202,3.6363636363636362
51323609,503.0,113.0,132.868744,34.2541656,34431,4.451327433628318
51323630,209.0,472.0,132.756256,34.2791672,34202,0.4427966101694915
51323631,81.0,133.0,132.768753,34.2791672,34202,0.6090225563909775
51323632,91.0,67.0,132.78125,34.2791672,34202,1.3582089552238805
51323640,27.0,25.0,132.756256,34.2874985,34202,1.08
51323641,121.0,110.0,132.768753,34.2874985,34202,1.1
51323642,34.0,135.0,132.78125,34.2874985,34212,0.2518518518518518
51323643,141.0,123.0,132.793747,34.2874985,34212,1.146341463414634
51323653,99.0,26.0,132.793747,34.2958336,34212,3.8076923076923075
51323663,185.0,335.0,132.793747,34.3041649,34212,0.5522388059701493
51323668,66.0,11.0,132.856247,34.3041649,34203,6.0
51323669,93.0,17.0,132.868744,34.3041649,34203,5.470588235294118
51323670,10.0,10.0,132.756256,34.3125,34202,1.0
51323671,101.0,90.0,132.768753,34.3125,34212,1.1222222222222222
51323672,140.0,85.0,132.78125,34.3125,34212,1.6470588235294117
51323673,438.0,459.0,132.793747,34.3125,34212,0.954248366013072
51323674,778.0,296.0,132.806244,34.3125,34212,2.6283783783783785
51323675,194.0,24.0,132.818756,34.3125,34212,8.083333333333334
51323676,195.0,148.0,132.831253,34.3125,34212,1.3175675675675675
51323677,26.0,111.0,132.84375,34.3125,34212,0.23423423423423423
51323678,48.0,31.0,132.856247,34.3125,34203,1.5483870967741935
51323679,253.0,879.0,132.868744,34.3125,34203,0.28782707622298065
51323683,65.0,63.0,132.793747,34.3208351,34212,1.0317460317460319
51323684,230.0,387.0,132.806244,34.3208351,34212,0.5943152454780362
51323685,1082.0,1213.0,132.818756,34.3208351,34212,0.8920032976092334
51323686,262.0,246.0,132.831253,34.3208351,34212,1.065040650406504
51323687,59.0,138.0,132.84375,34.3208351,34212,0.427536231884058
51323688,251.0,370.0,132.856247,34.3208351,34203,0.6783783783783783
51323689,481.0,847.0,132.868744,34.3208351,34203,0.5678866587957497
51323695,110.0,416.0,132.818756,34.3291664,34212,0.2644230769230769
51323700,376.0,1019.0,132.881256,34.2541656,34431,0.3689892051030422
51323701,109.0,159.0,132.893753,34.2541656,34431,0.6855345911949685
51323702,2128.0,670.0,132.90625,34.2541656,34431,3.1761194029850746
51323703,27.0,76.0,132.918747,34.2541656,34431,0.35526315789473684
51323712,582.0,1737.0,132.90625,34.2625008,34431,0.33506044905008636
51323713,40.0,45.0,132.918747,34.2625008,34431,0.8888888888888888
51323723,508.0,461.0,132.918747,34.2708321,34431,1.1019522776572668
51323733,262.0,253.0,132.918747,34.2791672,34431,1.0355731225296443
51323734,401.0,383.0,132.931244,34.2791672,34431,1.0469973890339426
51323744,16.0,13.0,132.931244,34.2874985,34431,1.2307692307692308
51323752,239.0,87.0,132.90625,34.2958336,34431,2.7471264367816093
51323769,141.0,150.0,132.993744,34.3041649,34203,0.94
51323779,48.0,10.0,132.993744,34.3125,34203,4.8
51323780,228.0,167.0,132.881256,34.3208351,34203,1.3652694610778444
51323790,105.0,69.0,132.881256,34.3291664,34203,1.5217391304347827
51323791,182.0,494.0,132.893753,34.3291664,34203,0.3684210526315789
51323792,521.0,471.0,132.90625,34.3291664,34203,1.1061571125265393
51323793,374.0,313.0,132.918747,34.3291664,34203,1.194888178913738
51323794,230.0,378.0,132.931244,34.3291664,34203,0.6084656084656085
51323795,19.0,29.0,132.943756,34.3291664,34203,0.6551724137931034
51323798,52.0,30.0,132.981247,34.3291664,34203,1.7333333333333334
51324069,123.0,205.0,132.118744,34.3875008,34213,0.6
51324116,28.0,42.0,132.206253,34.3458328,34213,0.6666666666666666
51324117,65.0,100.0,132.21875,34.3458328,34213,0.65
51324121,14.0,61.0,132.143753,34.3541679,34213,0.22950819672131148
51324122,106.0,52.0,132.15625,34.3541679,34213,2.0384615384615383
51324126,168.0,277.0,132.206253,34.3541679,34213,0.6064981949458483
51324127,262.0,625.0,132.21875,34.3541679,34213,0.4192
51324128,358.0,151.0,132.231247,34.3541679,34213,2.370860927152318
51324129,340.0,333.0,132.243744,34.3541679,34213,1.021021021021021
51324133,87.0,213.0,132.168747,34.3624992,34213,0.4084507042253521
51324134,486.0,570.0,132.181244,34.3624992,34213,0.8526315789473684
51324135,372.0,269.0,132.193756,34.3624992,34213,1.3828996282527881
51324136,106.0,132.0,132.206253,34.3624992,34213,0.803030303030303
51324137,410.0,588.0,132.21875,34.3624992,34213,0.6972789115646258
51324138,697.0,394.0,132.231247,34.3624992,34213,1.7690355329949239
51324139,19.0,172.0,132.243744,34.3624992,34213,0.11046511627906977
51324142,41.0,39.0,132.15625,34.3708344,34213,1.0512820512820513
51324143,372.0,593.0,132.168747,34.3708344,34213,0.627318718381113
51324144,429.0,464.0,132.181244,34.3708344,34213,0.9245689655172413
51324145,98.0,46.0,132.193756,34.3708344,34213,2.130434782608696
51324146,130.0,25.0,132.206253,34.3708344,34213,5.2
51324148,93.0,92.0,132.231247,34.3708344,34213,1.0108695652173914
51324150,27.0,26.0,132.131256,34.3791656,34213,1.0384615384615385
51324151,46.0,58.0,132.143753,34.3791656,34213,0.7931034482758621
51324152,41.0,37.0,132.15625,34.3791656,34213,1.1081081081081081
51324154,14.0,107.0,132.181244,34.3791656,34213,0.1308411214953271
51324158,46.0,141.0,132.231247,34.3791656,34213,0.3262411347517731
51324159,153.0,197.0,132.243744,34.3791656,34213,0.7766497461928934
51324169,164.0,352.0,132.243744,34.3875008,34213,0.4659090909090909
51324203,1136.0,682.0,132.293747,34.3375015,34213,1.6656891495601174
51324204,1291.0,891.0,132.306244,34.3375015,34213,1.4489337822671156
51324205,1229.0,2242.0,132.318756,34.3375015,34213,0.548171275646744
51324206,224.0,33.0,132.331253,34.3375015,34213,6.787878787878788
51324207,340.0,96.0,132.34375,34.3375015,34213,3.5416666666666665
51324212,216.0,761.0,132.28125,34.3458328,34213,0.28383705650459923
51324213,1798.0,4480.0,132.293747,34.3458328,34213,0.40133928571428573
51324214,3830.0,4666.0,132.306244,34.3458328,34213,0.8208315473639092
51324215,7048.0,6109.0,132.318756,34.3458328,34213,1.1537076444589949
51324216,9578.0,3977.0,132.331253,34.3458328,34213,2.408348001005783
51324217,1260.0,625.0,132.34375,34.3458328,34213,2.016
51324219,55.0,27.0,132.368744,34.3458328,34108,2.037037037037037
51324220,123.0,35.0,132.256256,34.3541679,34213,3.5142857142857142
51324221,142.0,111.0,132.268753,34.3541679,34213,1.2792792792792793
51324222,12.0,12.0,132.28125,34.3541679,34213,1.0
51324223,761.0,1500.0,132.293747,34.3541679,34213,0.5073333333333333
51324224,3431.0,6913.0,132.306244,34.3541679,34213,0.49631129755533054
51324225,3349.0,5031.0,132.318756,34.3541679,34213,0.6656728284635262
51324226,7002.0,8563.0,132.331253,34.3541679,34213,0.8177040756744132
51324227,5097.0,6471.0,132.34375,34.3541679,34213,0.7876680574872508
51324228,934.0,1385.0,132.356247,34.3541679,34108,0.6743682310469314
51324229,2637.0,392.0,132.368744,34.3541679,34108,6.7270408163265305
51324231,29.0,213.0,132.268753,34.3624992,34213,0.13615023474178403
51324234,573.0,715.0,132.306244,34.3624992,34213,0.8013986013986014
51324235,675.0,753.0,132.318756,34.3624992,34213,0.896414342629482
51324236,1801.0,2904.0,132.331253,34.3624992,34213,0.6201790633608816
51324237,6284.0,10911.0,132.34375,34.3624992,34213,0.5759325451379342
51324238,7910.0,12766.0,132.356247,34.3624992,34108,0.6196146012846624
51324239,4808.0,7622.0,132.368744,34.3624992,34108,0.6308055628443978
51324243,137.0,229.0,132.293747,34.3708344,34213,0.5982532751091703
51324244,157.0,307.0,132.306244,34.3708344,34213,0.511400651465798
51324245,210.0,179.0,132.318756,34.3708344,34213,1.1731843575418994
51324246,405.0,943.0,132.331253,34.3708344,34213,0.42948038176033937
51324247,6693.0,5859.0,132.34375,34.3708344,34108,1.1423451100870456
51324248,7486.0,12852.0,132.356247,34.3708344,34108,0.5824774354186119
51324249,7332.0,13585.0,132.368744,34.3708344,34108,0.539712918660287
51324253,123.0,317.0,132.293747,34.3791656,34213,0.38801261829652994
51324254,61.0,98.0,132.306244,34.3791656,34213,0.6224489795918368
51324256,376.0,317.0,132.331253,34.3791656,34108,1.1861198738170347
51324257,2831.0,4063.0,132.34375,34.3791656,34108,0.696775781442284
51324258,5674.0,7287.0,132.356247,34.3791656,34108,0.7786469054480581
51324259,3856.0,6913.0,132.368744,34.3791656,34108,0.557789671633155
51324266,109.0,226.0,132.331253,34.3875008,34108,0.4823008849557522
51324267,1735.0,2932.0,132.34375,34.3875008,34108,0.5917462482946794
51324268,5125.0,5875.0,132.356247,34.3875008,34108,0.8723404255319149
51324269,1482.0,1438.0,132.368744,34.3875008,34108,1.0305980528511822
51324270,59.0,25.0,132.256256,34.3958321,34213,2.36
51324273,42.0,29.0,132.293747,34.3958321,34108,1.4482758620689655
51324277,557.0,884.0,132.34375,34.3958321,34108,0.6300904977375565
51324278,3008.0,4654.0,132.356247,34.3958321,34108,0.6463257412978083
51324279,2133.0,2528.0,132.368744,34.3958321,34108,0.84375
51324280,78.0,110.0,132.256256,34.4041672,34213,0.7090909090909091
51324287,1253.0,2317.0,132.34375,34.4041672,34108,0.540785498489426
51324288,752.0,953.0,132.356247,34.4041672,34108,0.789087093389297
51324289,1113.0,1279.0,132.368744,34.4041672,34108,0.8702111024237685
51324297,333.0,732.0,132.34375,34.4124985,34108,0.45491803278688525
51324298,985.0,1448.0,132.356247,34.4124985,34108,0.6802486187845304
51324299,242.0,190.0,132.368744,34.4124985,34108,1.2736842105263158
51324306,61.0,31.0,132.456253,34.3375015,34103,1.967741935483871
51324307,19.0,18.0,132.46875,34.3375015,34103,1.0555555555555556
51324309,365.0,741.0,132.493744,34.3375015,34309,0.4925775978407557
51324315,393.0,22.0,132.443756,34.3458328,34103,17.863636363636363
51324316,604.0,506.0,132.456253,34.3458328,34103,1.1936758893280632
51324317,875.0,600.0,132.46875,34.3458328,34103,1.4583333333333333
51324319,161.0,74.0,132.493744,34.3458328,34309,2.175675675675676
51324324,362.0,18.0,132.431244,34.3541679,34101,20.11111111111111
51324325,2007.0,183.0,132.443756,34.3541679,34103,10.967213114754099
51324326,5811.0,4461.0,132.456253,34.3541679,34103,1.3026227303295226
51324327,3545.0,3192.0,132.46875,34.3541679,34103,1.1105889724310778
51324328,586.0,265.0,132.481247,34.3541679,34103,2.211320754716981
51324329,843.0,278.0,132.493744,34.3541679,34103,3.0323741007194243
51324330,5270.0,1901.0,132.381256,34.3624992,34104,2.772225144660705
51324331,2302.0,412.0,132.393753,34.3624992,34104,5.587378640776699
51324332,204.0,138.0,132.40625,34.3624992,34104,1.4782608695652173
51324333,3498.0,151.0,132.418747,34.3624992,34104,23.165562913907284
51324334,2574.0,3076.0,132.431244,34.3624992,34101,0.8368010403120937
51324335,3240.0,1657.0,132.443756,34.3624992,34101,1.9553409776704889
51324336,8525.0,7490.0,132.456253,34.3624992,34103,1.1381842456608813
51324337,12061.0,10498.0,132.46875,34.3624992,34103,1.148885502000381
51324338,4758.0,3727.0,132.481247,34.3624992,34103,1.2766299973168769
51324339,2520.0,2616.0,132.493744,34.3624992,34103,0.963302752293578
51324340,5519.0,6686.0,132.381256,34.3708344,34104,0.8254561770864492
51324341,13826.0,3544.0,132.393753,34.3708344,34104,3.9012415349887135
51324342,7598.0,1906.0,132.40625,34.3708344,34104,3.986358866736621
51324343,3685.0,392.0,132.418747,34.3708344,34104,9.400510204081632
51324344,3612.0,3747.0,132.431244,34.3708344,34101,0.9639711769415532
51324345,5893.0,7210.0,132.443756,34.3708344,34101,0.8173370319001387
51324346,6730.0,6859.0,132.456253,34.3708344,34101,0.981192593672547
51324347,13439.0,15462.0,132.46875,34.3708344,34103,0.8691631095589186
51324348,3730.0,5860.0,132.481247,34.3708344,34103,0.636518771331058
51324349,3590.0,4893.0,132.493744,34.3708344,34103,0.73370120580421
51324350,3280.0,6199.0,132.381256,34.3791656,34104,0.5291175996128408
51324351,5855.0,6364.0,132.393753,34.3791656,34104,0.9200188560653677
51324352,6319.0,9458.0,132.40625,34.3791656,34104,0.6681116515119475
51324353,5559.0,5335.0,132.418747,34.3791656,34104,1.041986879100281
51324354,8478.0,9094.0,132.431244,34.3791656,34104,0.9322630305696064
51324355,9407.0,9516.0,132.443756,34.3791656,34101,0.9885456073980664
51324356,18048.0,12711.0,132.456253,34.3791656,34101,1.4198725513334907
51324357,20859.0,10929.0,132.46875,34.3791656,34103,1.9085918199286303
51324358,19254.0,13818.0,132.481247,34.3791656,34103,1.393399913156752
51324359,11972.0,10086.0,132.493744,34.3791656,34103,1.1869918699186992
51324360,679.0,1412.0,132.381256,34.3875008,34108,0.48087818696883855
51324361,1469.0,1787.0,132.393753,34.3875008,34104,0.8220481253497481
51324362,4250.0,6858.0,132.40625,34.3875008,34104,0.6197142023913678
51324363,11533.0,15042.0,132.418747,34.3875008,34104,0.7667198510836325
51324364,9858.0,11987.0,132.431244,34.3875008,34104,0.8223909235004588
51324365,17237.0,18840.0,132.443756,34.3875008,34101,0.9149150743099788
51324366,69646.0,27106.0,132.456253,34.3875008,34101,2.5693942300597654
51324367,20341.0,22003.0,132.46875,34.3875008,34101,0.9244648457028587
51324368,17711.0,16201.0,132.481247,34.3875008,34103,1.0932041232022716
51324369,10965.0,7305.0,132.493744,34.3875008,34103,1.5010266940451746
51324370,2189.0,4120.0,132.381256,34.3958321,34108,0.5313106796116505
51324371,1816.0,3282.0,132.393753,34.3958321,34104,0.5533211456429007
51324372,1507.0,2467.0,132.40625,34.3958321,34104,0.6108633968382651
51324373,4304.0,8356.0,132.418747,34.3958321,34104,0.5150789851603638
51324374,10334.0,9534.0,132.431244,34.3958321,34104,1.0839102160688063
51324375,24643.0,25573.0,132.443756,34.3958321,34101,0.963633519727838
51324376,89350.0,17203.0,132.456253,34.3958321,34101,5.193861535778643
51324377,73296.0,30544.0,132.46875,34.3958321,34101,2.399685699319015
51324378,38737.0,20596.0,132.481247,34.3958321,34102,1.880802097494659
51324379,15457.0,11527.0,132.493744,34.3958321,34102,1.340938665741303
51324380,118.0,44.0,132.381256,34.4041672,34108,2.6818181818181817
51324381,2504.0,855.0,132.393753,34.4041672,34104,2.928654970760234
51324382,388.0,645.0,132.40625,34.4041672,34104,0.6015503875968993
51324383,2653.0,5741.0,132.418747,34.4041672,34104,0.4621146141787145
51324384,1511.0,2290.0,132.431244,34.4041672,34104,0.659825327510917
51324385,12654.0,13015.0,132.443756,34.4041672,34104,0.9722627737226277
51324386,11785.0,7513.0,132.456253,34.4041672,34101,1.5686144017037136
51324387,19295.0,14168.0,132.46875,34.4041672,34102,1.3618718238283456
51324388,10358.0,6715.0,132.481247,34.4041672,34102,1.5425167535368578
51324389,2676.0,5854.0,132.493744,34.4041672,34102,0.4571233344721558
51324390,1227.0,899.0,132.381256,34.4124985,34108,1.3648498331479422
51324391,5083.0,1654.0,132.393753,34.4124985,34108,3.0731559854897217
51324392,648.0,971.0,132.40625,34.4124985,34108,0.6673532440782698
51324393,1605.0,3818.0,132.418747,34.4124985,34104,0.4203771608171818
51324394,710.0,1498.0,132.431244,34.4124985,34104,0.4739652870493992
51324395,4822.0,6010.0,132.443756,34.4124985,34104,0.8023294509151414
51324396,16700.0,17216.0,132.456253,34.4124985,34104,0.9700278810408922
51324397,8946.0,13396.0,132.46875,34.4124985,34102,0.6678112869513287
51324398,6472.0,7972.0,132.481247,34.4124985,34102,0.811841445057702
51324399,1776.0,4046.0,132.493744,34.4124985,34102,0.43895205140879884
51324400,2938.0,2126.0,132.506256,34.3375015,34309,1.3819379115710253
51324401,1976.0,2880.0,132.518753,34.3375015,34309,0.6861111111111111
51324402,1121.0,3543.0,132.53125,34.3375015,34107,0.3163985323172453
51324403,642.0,1728.0,132.543747,34.3375015,34107,0.3715277777777778
51324405,344.0,620.0,132.568756,34.3375015,34307,0.5548387096774193
51324406,3124.0,3352.0,132.581253,34.3375015,34307,0.931980906921241
51324407,869.0,1196.0,132.59375,34.3375015,34307,0.7265886287625418
51324410,1598.0,1679.0,132.506256,34.3458328,34309,0.9517569982132221
51324411,3538.0,2747.0,132.518753,34.3458328,34309,1.287950491445213
51324412,2899.0,7275.0,132.53125,34.3458328,34107,0.3984879725085911
51324413,1137.0,2155.0,132.543747,34.3458328,34107,0.5276102088167053
51324416,939.0,1542.0,132.581253,34.3458328,34307,0.6089494163424124
51324417,1538.0,1932.0,132.59375,34.3458328,34307,0.7960662525879917
51324418,476.0,59.0,132.606247,34.3458328,34307,8.067796610169491
51324419,22.0,15.0,132.618744,34.3458328,34212,1.4666666666666666
51324420,197.0,22.0,132.506256,34.3541679,34309,8.954545454545455
51324421,4598.0,1949.0,132.518753,34.3541679,34309,2.3591585428424833
51324422,6694.0,8773.0,132.53125,34.3541679,34107,0.763022911204833
51324423,1091.0,2721.0,132.543747,34.3541679,34107,0.4009555310547593
51324424,56.0,135.0,132.556244,34.3541679,34304,0.4148148148148148
51324426,87.0,66.0,132.581253,34.3541679,34307,1.3181818181818181
51324427,797.0,832.0,132.59375,34.3541679,34307,0.9579326923076923
51324428,227.0,676.0,132.606247,34.3541679,34307,0.33579881656804733
51324430,1761.0,3150.0,132.506256,34.3624992,34103,0.559047619047619
51324431,849.0,394.0,132.518753,34.3624992,34304,2.1548223350253806
51324432,5980.0,3861.0,132.53125,34.3624992,34304,1.5488215488215489
51324433,3433.0,5208.0,132.543747,34.3624992,34107,0.6591781874039938
51324434,764.0,1812.0,132.556244,34.3624992,34304,0.4216335540838852
51324437,138.0,174.0,132.59375,34.3624992,34307,0.7931034482758621
51324438,234.0,357.0,132.606247,34.3624992,34307,0.6554621848739496
51324439,100.0,27.0,132.618744,34.3624992,34307,3.7037037037037037
51324440,3391.0,4519.0,132.506256,34.3708344,34103,0.7503872538172162
51324441,8233.0,5135.0,132.518753,34.3708344,34107,1.6033106134371957
51324442,9803.0,7542.0,132.53125,34.3708344,34304,1.2997878546804562
51324443,4734.0,6300.0,132.543747,34.3708344,34304,0.7514285714285714
51324444,880.0,1737.0,132.556244,34.3708344,34304,0.5066206102475532
51324445,94.0,11.0,132.568756,34.3708344,34304,8.545454545454545
51324447,12.0,17.0,132.59375,34.3708344,34307,0.7058823529411765
51324449,328.0,163.0,132.618744,34.3708344,34307,2.0122699386503067
51324450,17288.0,8035.0,132.506256,34.3791656,34302,2.1515868077162414
51324451,2500.0,5555.0,132.518753,34.3791656,34107,0.45004500450045004
51324452,417.0,1321.0,132.53125,34.3791656,34107,0.315669947009841
51324453,924.0,891.0,132.543747,34.3791656,34304,1.037037037037037
51324454,2725.0,2656.0,132.556244,34.3791656,34304,1.0259789156626506
51324455,39.0,13.0,132.568756,34.3791656,34107,3.0
51324460,8106.0,11803.0,132.506256,34.3875008,34302,0.6867745488435144
51324461,2279.0,4828.0,132.518753,34.3875008,34302,0.4720381110190555
51324462,115.0,111.0,132.53125,34.3875008,34107,1.0360360360360361
51324463,90.0,27.0,132.543747,34.3875008,34107,3.3333333333333335
51324464,2405.0,3841.0,132.556244,34.3875008,34107,0.6261390262952357
51324465,1277.0,1799.0,132.568756,34.3875008,34107,0.7098387993329628
51324469,37.0,22.0,132.618744,34.3875008,34107,1.6818181818181819
51324470,8059.0,10026.0,132.506256,34.3958321,34302,0.8038100937562338
51324471,1404.0,2585.0,132.518753,34.3958321,34302,0.5431334622823984
51324473,550.0,1300.0,132.543747,34.3958321,34107,0.4230769230769231
51324474,1114.0,1812.0,132.556244,34.3958321,34107,0.6147902869757175
51324475,2608.0,4563.0,132.568756,34.3958321,34107,0.5715538023230331
51324476,1123.0,1297.0,132.581253,34.3958321,34107,0.8658442559753277
51324479,76.0,18.0,132.618744,34.3958321,34107,4.222222222222222
51324480,4806.0,6453.0,132.506256,34.4041672,34102,0.7447698744769874
51324481,805.0,1967.0,132.518753,34.4041672,34302,0.4092526690391459
51324483,166.0,277.0,132.543747,34.4041672,34107,0.5992779783393501
51324485,93.0,284.0,132.568756,34.4041672,34107,0.3274647887323944
51324486,2836.0,3769.0,132.581253,34.4041672,34107,0.7524542318917484
51324487,140.0,408.0,132.59375,34.4041672,34107,0.3431372549019608
51324488,105.0,105.0,132.606247,34.4041672,34107,1.0
51324489,292.0,201.0,132.618744,34.4041672,34107,1.4527363184079602
51324490,3488.0,3995.0,132.506256,34.4124985,34102,0.8730913642052566
51324491,120.0,139.0,132.518753,34.4124985,34302,0.8633093525179856
51324494,46.0,43.0,132.556244,34.4124985,34107,1.069767441860465
51324496,1234.0,874.0,132.581253,34.4124985,34107,1.4118993135011442
51324497,52.0,103.0,132.59375,34.4124985,34107,0.5048543689320388
51324500,65.0,29.0,132.631256,34.3375015,34212,2.2413793103448274
51324501,324.0,221.0,132.643753,34.3375015,34212,1.4660633484162895
51324502,1069.0,2273.0,132.65625,34.3375015,34212,0.4703035635723713
51324503,1025.0,957.0,132.668747,34.3375015,34212,1.071055381400209
51324504,216.0,423.0,132.681244,34.3375015,34212,0.5106382978723404
51324505,650.0,711.0,132.693756,34.3375015,34212,0.9142053445850914
51324506,650.0,352.0,132.706253,34.3375015,34212,1.8465909090909092
51324507,119.0,127.0,132.71875,34.3375015,34212,0.937007874015748
51324508,65.0,161.0,132.731247,34.3375015,34212,0.40372670807453415
51324514,152.0,124.0,132.681244,34.3458328,34212,1.2258064516129032
51324515,622.0,165.0,132.693756,34.3458328,34212,3.7696969696969695
51324516,623.0,365.0,132.706253,34.3458328,34212,1.7068493150684931
51324517,637.0,258.0,132.71875,34.3458328,34212,2.4689922480620154
51324518,448.0,33.0,132.731247,34.3458328,34212,13.575757575757576
51324523,141.0,232.0,132.668747,34.3541679,34212,0.6077586206896551
51324526,243.0,198.0,132.706253,34.3541679,34212,1.2272727272727273
51324527,452.0,371.0,132.71875,34.3541679,34212,1.2183288409703503
51324537,274.0,123.0,132.71875,34.3624992,34212,2.227642276422764
51324538,133.0,98.0,132.731247,34.3624992,34212,1.3571428571428572
51324544,77.0,68.0,132.681244,34.3708344,34212,1.1323529411764706
51324545,14.0,15.0,132.693756,34.3708344,34212,0.9333333333333333
51324546,19.0,78.0,132.706253,34.3708344,34212,0.24358974358974358
51324547,243.0,265.0,132.71875,34.3708344,34212,0.9169811320754717
51324548,469.0,1220.0,132.731247,34.3708344,34212,0.3844262295081967
51324549,53.0,35.0,132.743744,34.3708344,34212,1.5142857142857142
51324550,234.0,359.0,132.631256,34.3791656,34107,0.6518105849582173
51324554,108.0,31.0,132.681244,34.3791656,34212,3.4838709677419355
51324555,111.0,148.0,132.693756,34.3791656,34212,0.75
51324556,486.0,711.0,132.706253,34.3791656,34212,0.6835443037974683
51324557,378.0,555.0,132.71875,34.3791656,34212,0.6810810810810811
51324558,747.0,1126.0,132.731247,34.3791656,34212,0.6634103019538188
51324559,199.0,226.0,132.743744,34.3791656,34212,0.8805309734513275
51324561,28.0,21.0,132.643753,34.3875008,34107,1.3333333333333333
51324563,573.0,279.0,132.668747,34.3875008,34212,2.053763440860215
51324564,9102.0,2026.0,132.681244,34.3875008,34212,4.492596248766041
51324565,839.0,246.0,132.693756,34.3875008,34212,3.410569105691057
51324566,348.0,184.0,132.706253,34.3875008,34212,1.891304347826087
51324567,839.0,1125.0,132.71875,34.3875008,34212,0.7457777777777778
51324568,1151.0,1798.0,132.731247,34.3875008,34212,0.6401557285873193
51324569,515.0,1083.0,132.743744,34.3875008,34212,0.4755309325946445
51324573,305.0,237.0,132.668747,34.3958321,34212,1.2869198312236287
51324574,362.0,173.0,132.681244,34.3958321,34212,2.092485549132948
51324575,133.0,32.0,132.693756,34.3958321,34212,4.15625
51324576,2269.0,557.0,132.706253,34.3958321,34212,4.073608617594255
51324577,3690.0,1886.0,132.71875,34.3958321,34212,1.9565217391304348
51324578,1392.0,589.0,132.731247,34.3958321,34212,2.363327674023769
51324579,889.0,1270.0,132.743744,34.3958321,34212,0.7
51324584,291.0,149.0,132.681244,34.4041672,34212,1.9530201342281879
51324585,809.0,694.0,132.693756,34.4041672,34212,1.1657060518731988
51324586,3381.0,1986.0,132.706253,34.4041672,34212,1.702416918429003
51324587,6544.0,4199.0,132.71875,34.4041672,34212,1.5584663015003573
51324588,397.0,100.0,132.731247,34.4041672,34212,3.97
51324589,1964.0,1039.0,132.743744,34.4041672,34212,1.890279114533205
51324590,21.0,84.0,132.631256,34.4124985,34107,0.25
51324594,212.0,216.0,132.681244,34.4124985,34212,0.9814814814814815
51324595,131.0,61.0,132.693756,34.4124985,34212,2.1475409836065573
51324596,766.0,1338.0,132.706253,34.4124985,34212,0.5724962630792227
51324597,3179.0,3358.0,132.71875,34.4124985,34212,0.9466944609886837
51324598,1003.0,2075.0,132.731247,34.4124985,34212,0.4833734939759036
51324599,4685.0,5333.0,132.743744,34.4124985,34212,0.8784924057753609
51324604,21.0,104.0,132.806244,34.3375015,34212,0.20192307692307693
51324605,130.0,202.0,132.818756,34.3375015,34212,0.6435643564356436
51324612,38.0,11.0,132.78125,34.3458328,34212,3.4545454545454546
51324614,95.0,98.0,132.806244,34.3458328,34212,0.9693877551020408
51324620,48.0,70.0,132.756256,34.3541679,34212,0.6857142857142857
51324630,16.0,15.0,132.756256,34.3624992,34212,1.0666666666666667
51324650,130.0,121.0,132.756256,34.3791656,34212,1.0743801652892562
51324658,332.0,434.0,132.856247,34.3791656,34203,0.7649769585253456
51324660,1037.0,2350.0,132.756256,34.3875008,34212,0.44127659574468087
51324661,608.0,728.0,132.768753,34.3875008,34212,0.8351648351648352
51324662,63.0,13.0,132.78125,34.3875008,34212,4.846153846153846
51324669,50.0,56.0,132.868744,34.3875008,34203,0.8928571428571429
51324670,491.0,554.0,132.756256,34.3958321,34212,0.8862815884476535
51324671,453.0,392.0,132.768753,34.3958321,34212,1.155612244897959
51324672,189.0,402.0,132.78125,34.3958321,34212,0.4701492537313433
51324673,241.0,193.0,132.793747,34.3958321,34212,1.2487046632124352
51324679,395.0,326.0,132.868744,34.3958321,34203,1.2116564417177915
51324680,1058.0,869.0,132.756256,34.4041672,34212,1.2174913693901035
51324682,83.0,46.0,132.78125,34.4041672,34212,1.8043478260869565
51324683,258.0,57.0,132.793747,34.4041672,34212,4.526315789473684
51324684,88.0,31.0,132.806244,34.4041672,34212,2.838709677419355
51324685,46.0,11.0,132.818756,34.4041672,34203,4.181818181818182
51324686,41.0,31.0,132.831253,34.4041672,34203,1.3225806451612903
51324687,174.0,356.0,132.84375,34.4041672,34203,0.4887640449438202
51324688,46.0,12.0,132.856247,34.4041672,34203,3.8333333333333335
51324690,2027.0,1556.0,132.756256,34.4124985,34212,1.3026992287917738
51324696,23.0,14.0,132.831253,34.4124985,34203,1.6428571428571428
51324697,83.0,10.0,132.84375,34.4124985,34203,8.3
51324699,22.0,11.0,132.868744,34.4124985,34212,2.0
51324700,186.0,428.0,132.881256,34.3375015,34203,0.43457943925233644
51324701,479.0,645.0,132.893753,34.3375015,34203,0.7426356589147287
51324702,3234.0,3564.0,132.90625,34.3375015,34203,0.9074074074074074
51324703,1142.0,907.0,132.918747,34.3375015,34203,1.2590959206174202
51324705,396.0,694.0,132.943756,34.3375015,34203,0.5706051873198847
51324706,4447.0,708.0,132.956253,34.3375015,34203,6.281073446327683
51324707,746.0,1235.0,132.96875,34.3375015,34203,0.6040485829959514
51324708,617.0,900.0,132.981247,34.3375015,34203,0.6855555555555556
51324709,1865.0,2099.0,132.993744,34.3375015,34203,0.8885183420676512
51324711,64.0,183.0,132.893753,34.3458328,34203,0.34972677595628415
51324712,4840.0,3911.0,132.90625,34.3458328,34203,1.2375351572487854
51324713,605.0,609.0,132.918747,34.3458328,34203,0.993431855500821
51324715,79.0,139.0,132.943756,34.3458328,34203,0.5683453237410072
51324716,49.0,97.0,132.956253,34.3458328,34203,0.5051546391752577
51324718,115.0,33.0,132.981247,34.3458328,34203,3.484848484848485
51324720,14.0,15.0,132.881256,34.3541679,34203,0.9333333333333333
51324721,476.0,370.0,132.893753,34.3541679,34203,1.2864864864864864
51324722,960.0,1010.0,132.90625,34.3541679,34203,0.9504950495049505
51324723,40.0,17.0,132.918747,34.3541679,34203,2.3529411764705883
51324731,293.0,200.0,132.893753,34.3624992,34203,1.465
51324740,816.0,1247.0,132.881256,34.3708344,34203,0.6543704891740176
51324747,105.0,64.0,132.96875,34.3708344,34204,1.640625
51324748,663.0,407.0,132.981247,34.3708344,34204,1.628992628992629
51324749,162.0,85.0,132.993744,34.3708344,34204,1.9058823529411764
51324750,337.0,52.0,132.881256,34.3791656,34203,6.480769230769231
51324751,69.0,27.0,132.893753,34.3791656,34203,2.5555555555555554
51324758,851.0,95.0,132.981247,34.3791656,34204,8.957894736842105
51324759,211.0,450.0,132.993744,34.3791656,34204,0.4688888888888889
51324761,172.0,162.0,132.893753,34.3875008,34203,1.0617283950617284
51324765,179.0,13.0,132.943756,34.3875008,34204,13.76923076923077
51324768,193.0,65.0,132.981247,34.3875008,34204,2.9692307692307693
51324769,435.0,520.0,132.993744,34.3875008,34204,0.8365384615384616
51324770,591.0,899.0,132.881256,34.3958321,34203,0.657397107897664
51324771,316.0,396.0,132.893753,34.3958321,34203,0.797979797979798
51324772,126.0,97.0,132.90625,34.3958321,34203,1.2989690721649485
51324773,93.0,11.0,132.918747,34.3958321,34204,8.454545454545455
51324774,74.0,46.0,132.931244,34.3958321,34204,1.608695652173913
51324776,108.0,165.0,132.956253,34.3958321,34204,0.6545454545454545
51324777,137.0,440.0,132.96875,34.3958321,34204,0.31136363636363634
51324779,2704.0,538.0,132.993744,34.3958321,34204,5.026022304832714
51324781,21.0,27.0,132.893753,34.4041672,34203,0.7777777777777778
51324785,76.0,152.0,132.943756,34.4041672,34204,0.5
51324786,233.0,279.0,132.956253,34.4041672,34204,0.8351254480286738
51324787,1018.0,1160.0,132.96875,34.4041672,34204,0.8775862068965518
51324788,1344.0,555.0,132.981247,34.4041672,34204,2.4216216216216218
51324789,1134.0,2467.0,132.993744,34.4041672,34204,0.45966761248479937
51324795,179.0,155.0,132.943756,34.4124985,34204,1.1548387096774193
51324796,72.0,60.0,132.956253,34.4124985,34204,1.2
51324797,93.0,223.0,132.96875,34.4124985,34204,0.4170403587443946
51324798,839.0,998.0,132.981247,34.4124985,34204,0.8406813627254509
51324799,280.0,563.0,132.993744,34.4124985,34204,0.49733570159857904
51325079,210.0,209.0,132.118744,34.4791679,34213,1.0047846889952152
51325169,198.0,97.0,132.243744,34.4708328,34108,2.0412371134020617
51325170,108.0,134.0,132.131256,34.4791679,34213,0.8059701492537313
51325171,130.0,87.0,132.143753,34.4791679,34213,1.4942528735632183
51325180,28.0,31.0,132.131256,34.4874992,34213,0.9032258064516129
51325181,149.0,18.0,132.143753,34.4874992,34213,8.277777777777779
51325200,105.0,10.0,132.256256,34.4208336,34108,10.5
51325202,162.0,175.0,132.28125,34.4208336,34108,0.9257142857142857
51325203,331.0,71.0,132.293747,34.4208336,34108,4.661971830985915
51325208,926.0,1595.0,132.356247,34.4208336,34108,0.580564263322884
51325209,756.0,1772.0,132.368744,34.4208336,34108,0.42663656884875845
51325213,471.0,932.0,132.293747,34.4291649,34108,0.5053648068669528
51325214,101.0,207.0,132.306244,34.4291649,34108,0.48792270531400966
51325215,33.0,20.0,132.318756,34.4291649,34108,1.65
51325217,43.0,95.0,132.34375,34.4291649,34108,0.45263157894736844
51325218,97.0,91.0,132.356247,34.4291649,34108,1.065934065934066
51325219,98.0,107.0,132.368744,34.4291649,34108,0.9158878504672897
51325221,22.0,89.0,132.268753,34.4375,34108,0.24719101123595505
51325223,509.0,743.0,132.293747,34.4375,34108,0.6850605652759085
51325224,101.0,27.0,132.306244,34.4375,34108,3.740740740740741
51325239,382.0,700.0,132.368744,34.4458351,34108,0.5457142857142857
51325243,94.0,17.0,132.293747,34.4541664,34108,5.529411764705882
51325246,204.0,128.0,132.331253,34.4541664,34105,1.59375
51325249,46.0,28.0,132.368744,34.4541664,34105,1.6428571428571428
51325252,15.0,97.0,132.28125,34.4625015,34108,0.15463917525773196
51325256,25.0,94.0,132.331253,34.4625015,34105,0.26595744680851063
51325257,97.0,49.0,132.34375,34.4625015,34105,1.9795918367346939
51325267,130.0,125.0,132.34375,34.4708328,34105,1.04
51325271,14.0,13.0,132.268753,34.4791679,34108,1.0769230769230769
51325278,94.0,94.0,132.356247,34.4791679,34105,1.0
51325281,73.0,52.0,132.268753,34.4874992,34108,1.4038461538461537
51325282,33.0,13.0,132.28125,34.4874992,34108,2.5384615384615383
51325288,136.0,203.0,132.356247,34.4874992,34105,0.6699507389162561
51325289,173.0,193.0,132.368744,34.4874992,34105,0.8963730569948186
51325292,69.0,40.0,132.28125,34.4958344,34108,1.725
51325293,98.0,181.0,132.293747,34.4958344,34108,0.5414364640883977
51325298,77.0,10.0,132.356247,34.4958344,34105,7.7
51325299,100.0,46.0,132.368744,34.4958344,34105,2.1739130434782608
51325300,454.0,198.0,132.381256,34.4208336,34108,2.292929292929293
51325301,1479.0,1811.0,132.393753,34.4208336,34108,0.8166758696852567
51325302,1067.0,2606.0,132.40625,34.4208336,34108,0.4094397544128933
51325303,109.0,95.0,132.418747,34.4208336,34104,1.1473684210526316
51325304,97.0,60.0,132.431244,34.4208336,34104,1.6166666666666667
51325305,803.0,1520.0,132.443756,34.4208336,34104,0.5282894736842105
51325306,6396.0,9880.0,132.456253,34.4208336,34104,0.6473684210526316
51325307,4136.0,3757.0,132.46875,34.4208336,34102,1.1008783603939314
51325308,726.0,1645.0,132.481247,34.4208336,34102,0.4413373860182371
51325309,2638.0,4313.0,132.493744,34.4208336,34102,0.6116392302341758
51325310,49.0,19.0,132.381256,34.4291649,34108,2.5789473684210527
51325311,865.0,687.0,132.393753,34.4291649,34108,1.2590975254730714
51325312,2926.0,2832.0,132.40625,34.4291649,34108,1.0331920903954803
51325313,106.0,39.0,132.418747,34.4291649,34105,2.717948717948718
51325314,185.0,148.0,132.431244,34.4291649,34105,1.25
51325315,1838.0,1795.0,132.443756,34.4291649,34105,1.0239554317548747
51325316,6855.0,11483.0,132.456253,34.4291649,34105,0.5969694330749804
51325317,7608.0,7788.0,132.46875,34.4291649,34105,0.9768875192604006
51325318,2549.0,3974.0,132.481247,34.4291649,34102,0.6414192249622547
51325319,3112.0,5450.0,132.493744,34.4291649,34102,0.5710091743119267
51325320,1525.0,1385.0,132.381256,34.4375,34108,1.1010830324909748
51325321,1206.0,483.0,132.393753,34.4375,34105,2.4968944099378882
51325322,8042.0,1401.0,132.40625,34.4375,34105,5.740185581727338
51325323,4573.0,1058.0,132.418747,34.4375,34105,4.322306238185255
51325324,252.0,307.0,132.431244,34.4375,34105,0.8208469055374593
51325325,1845.0,3952.0,132.443756,34.4375,34105,0.4668522267206478
51325326,9112.0,11983.0,132.456253,34.4375,34105,0.7604105816573479
51325327,9093.0,12935.0,132.46875,34.4375,34105,0.7029764205643603
51325328,4646.0,7288.0,132.481247,34.4375,34102,0.6374862788144896
51325329,1709.0,3148.0,132.493744,34.4375,34102,0.5428843710292249
51325330,3861.0,3663.0,132.381256,34.4458351,34105,1.054054054054054
51325331,4384.0,5709.0,132.393753,34.4458351,34105,0.7679103170432651
51325332,1589.0,1216.0,132.40625,34.4458351,34105,1.3067434210526316
51325334,595.0,2262.0,132.431244,34.4458351,34105,0.2630415561450044
51325335,1174.0,2601.0,132.443756,34.4458351,34105,0.45136485966935797
51325336,8000.0,4118.0,132.456253,34.4458351,34105,1.942690626517727
51325337,7570.0,11221.0,132.46875,34.4458351,34105,0.6746279297745299
51325338,5741.0,12918.0,132.481247,34.4458351,34105,0.44441864065644837
51325339,510.0,836.0,132.493744,34.4458351,34106,0.6100478468899522
51325340,3703.0,3078.0,132.381256,34.4541664,34105,1.2030539311241066
51325341,1980.0,3778.0,132.393753,34.4541664,34105,0.5240868184224458
51325342,1760.0,3002.0,132.40625,34.4541664,34105,0.586275816122585
51325343,382.0,934.0,132.418747,34.4541664,34105,0.4089935760171306
51325346,745.0,970.0,132.456253,34.4541664,34105,0.7680412371134021
51325347,6824.0,10377.0,132.46875,34.4541664,34105,0.6576081719186663
51325348,6127.0,11288.0,132.481247,34.4541664,34105,0.5427888022678952
51325349,2795.0,3626.0,132.493744,34.4541664,34106,0.7708218422504137
51325350,809.0,435.0,132.381256,34.4625015,34105,1.8597701149425288
51325351,327.0,237.0,132.393753,34.4625015,34105,1.379746835443038
51325352,2465.0,3227.0,132.40625,34.4625015,34105,0.7638673690734429
51325353,3104.0,4545.0,132.418747,34.4625015,34105,0.6829482948294829
51325354,895.0,919.0,132.431244,34.4625015,34105,0.9738846572361263
51325355,526.0,1400.0,132.443756,34.4625015,34105,0.3757142857142857
51325356,674.0,1365.0,132.456253,34.4625015,34105,0.4937728937728938
51325357,7412.0,10668.0,132.46875,34.4625015,34105,0.6947881514810649
51325358,6722.0,9048.0,132.481247,34.4625015,34105,0.7429266136162688
51325359,4245.0,6916.0,132.493744,34.4625015,34106,0.6137941006362059
51325360,317.0,110.0,132.381256,34.4708328,34105,2.881818181818182
51325361,399.0,120.0,132.393753,34.4708328,34105,3.325
51325362,373.0,327.0,132.40625,34.4708328,34105,1.1406727828746177
51325363,3657.0,4448.0,132.418747,34.4708328,34105,0.8221672661870504
51325364,4539.0,6141.0,132.431244,34.4708328,34105,0.7391304347826086
51325365,2941.0,4308.0,132.443756,34.4708328,34105,0.6826833797585887
51325366,4777.0,5648.0,132.456253,34.4708328,34105,0.84578611898017
51325367,3736.0,4170.0,132.46875,34.4708328,34105,0.8959232613908873
51325368,6074.0,7552.0,132.481247,34.4708328,34105,0.8042902542372882
51325369,1824.0,3210.0,132.493744,34.4708328,34105,0.5682242990654206
51325371,575.0,212.0,132.393753,34.4791679,34105,2.7122641509433962
51325372,626.0,1026.0,132.40625,34.4791679,34105,0.6101364522417154
51325373,375.0,772.0,132.418747,34.4791679,34105,0.48575129533678757
51325374,1502.0,3517.0,132.431244,34.4791679,34105,0.4270685243104919
51325375,3944.0,6174.0,132.443756,34.4791679,34105,0.6388079041140265
51325376,9655.0,5293.0,132.456253,34.4791679,34105,1.824107311543548
51325377,1306.0,2560.0,132.46875,34.4791679,34105,0.51015625
51325378,450.0,1054.0,132.481247,34.4791679,34105,0.4269449715370019
51325379,5697.0,3431.0,132.493744,34.4791679,34105,1.660448848732148
51325381,694.0,631.0,132.393753,34.4874992,34106,1.0998415213946118
51325382,534.0,1369.0,132.40625,34.4874992,34105,0.39006574141709277
51325385,404.0,608.0,132.443756,34.4874992,34105,0.6644736842105263
51325386,1127.0,2187.0,132.456253,34.4874992,34105,0.5153177869227252
51325387,238.0,267.0,132.46875,34.4874992,34106,0.8913857677902621
51325389,882.0,1661.0,132.493744,34.4874992,34105,0.5310054184226369
51325390,57.0,24.0,132.381256,34.4958344,34105,2.375
51325391,982.0,581.0,132.393753,34.4958344,34106,1.6901893287435457
51325392,192.0,150.0,132.40625,34.4958344,34106,1.28
51325395,412.0,73.0,132.443756,34.4958344,34106,5.6438356164383565
51325396,23.0,119.0,132.456253,34.4958344,34106,0.19327731092436976
51325397,97.0,12.0,132.46875,34.4958344,34106,8.083333333333334
51325400,1507.0,3295.0,132.506256,34.4208336,34102,0.45735963581183614
51325401,1357.0,1522.0,132.518753,34.4208336,34102,0.8915900131406045
51325405,10.0,13.0,132.568756,34.4208336,34107,0.7692307692307693
51325406,42.0,80.0,132.581253,34.4208336,34107,0.525
51325407,2180.0,2947.0,132.59375,34.4208336,34107,0.7397353240583644
51325408,736.0,1315.0,132.606247,34.4208336,34107,0.5596958174904944
51325409,544.0,725.0,132.618744,34.4208336,34107,0.7503448275862069
51325410,19.0,23.0,132.506256,34.4291649,34102,0.8260869565217391
51325411,857.0,1287.0,132.518753,34.4291649,34102,0.6658896658896659
51325412,106.0,69.0,132.53125,34.4291649,34102,1.536231884057971
51325416,713.0,1630.0,132.581253,34.4291649,34107,0.43742331288343556
51325417,1543.0,4641.0,132.59375,34.4291649,34107,0.3324714501185089
51325418,49.0,281.0,132.606247,34.4291649,34107,0.17437722419928825
51325419,400.0,130.0,132.618744,34.4291649,34107,3.076923076923077
51325421,13.0,31.0,132.518753,34.4375,34102,0.41935483870967744
51325422,1664.0,2748.0,132.53125,34.4375,34102,0.6055312954876274
51325423,222.0,345.0,132.543747,34.4375,34102,0.6434782608695652
51325426,527.0,1280.0,132.581253,34.4375,34107,0.41171875
51325427,229.0,537.0,132.59375,34.4375,34107,0.4264432029795158
51325432,977.0,1701.0,132.53125,34.4458351,34102,0.5743680188124632
51325433,816.0,716.0,132.543747,34.4458351,34102,1.1396648044692737
51325437,73.0,100.0,132.59375,34.4458351,34107,0.73
51325440,442.0,792.0,132.506256,34.4541664,34106,0.5580808080808081
51325442,106.0,169.0,132.53125,34.4541664,34102,0.6272189349112426
51325443,1583.0,2135.0,132.543747,34.4541664,34102,0.7414519906323185
51325444,842.0,1628.0,132.556244,34.4541664,34102,0.5171990171990172
51325445,20.0,10.0,132.568756,34.4541664,34106,2.0
51325449,278.0,164.0,132.618744,34.4541664,34212,1.6951219512195121
51325450,3611.0,6994.0,132.506256,34.4625015,34106,0.5162996854446669
51325451,567.0,1322.0,132.518753,34.4625015,34106,0.4288956127080182
51325453,23.0,36.0,132.543747,34.4625015,34106,0.6388888888888888
51325454,396.0,296.0,132.556244,34.4625015,34106,1.337837837837838
51325455,412.0,203.0,132.568756,34.4625015,34106,2.0295566502463056
51325456,148.0,44.0,132.581253,34.4625015,34106,3.3636363636363638
51325457,84.0,10.0,132.59375,34.4625015,34106,8.4
51325458,38.0,15.0,132.606247,34.4625015,34212,2.533333333333333
51325459,209.0,140.0,132.618744,34.4625015,34212,1.4928571428571429
51325460,4761.0,8004.0,132.506256,34.4708328,34106,0.5948275862068966
51325461,3094.0,4345.0,132.518753,34.4708328,34106,0.7120828538550058
51325462,2399.0,3012.0,132.53125,34.4708328,34106,0.796480743691899
51325463,165.0,15.0,132.543747,34.4708328,34106,11.0
51325464,1186.0,831.0,132.556244,34.4708328,34106,1.4271961492178098
51325465,281.0,144.0,132.568756,34.4708328,34106,1.9513888888888888
51325467,87.0,25.0,132.59375,34.4708328,34106,3.48
51325470,2418.0,4161.0,132.506256,34.4791679,34106,0.5811103100216294
51325471,4683.0,7073.0,132.518753,34.4791679,34106,0.662095291955323
51325472,2938.0,3724.0,132.53125,34.4791679,34106,0.7889366272824919
51325473,1414.0,1255.0,132.543747,34.4791679,34106,1.1266932270916334
51325474,674.0,330.0,132.556244,34.4791679,34106,2.0424242424242425
51325475,807.0,177.0,132.568756,34.4791679,34106,4.559322033898305
51325476,148.0,311.0,132.581253,34.4791679,34106,0.4758842443729904
51325478,13.0,13.0,132.606247,34.4791679,34106,1.0
51325480,1956.0,3340.0,132.506256,34.4874992,34105,0.5856287425149701
51325481,2968.0,6230.0,132.518753,34.4874992,34106,0.4764044943820225
51325482,880.0,2071.0,132.53125,34.4874992,34106,0.42491549975857074
51325485,17.0,51.0,132.568756,34.4874992,34106,0.3333333333333333
51325486,148.0,511.0,132.581253,34.4874992,34106,0.2896281800391389
51325490,707.0,998.0,132.506256,34.4958344,34105,0.7084168336673347
51325491,1932.0,2636.0,132.518753,34.4958344,34106,0.7329286798179059
51325492,12.0,16.0,132.53125,34.4958344,34106,0.75
51325496,133.0,264.0,132.581253,34.4958344,34106,0.5037878787878788
51325497,96.0,50.0,132.59375,34.4958344,34106,1.92
51325500,109.0,229.0,132.631256,34.4208336,34107,0.4759825327510917
51325504,73.0,187.0,132.681244,34.4208336,34212,0.39037433155080214
51325505,975.0,552.0,132.693756,34.4208336,34212,1.766304347826087
51325506,363.0,685.0,132.706253,34.4208336,34212,0.5299270072992701
51325507,1508.0,1690.0,132.71875,34.4208336,34212,0.8923076923076924
51325508,4759.0,8856.0,132.731247,34.4208336,34212,0.537375790424571
51325509,8211.0,12707.0,132.743744,34.4208336,34212,0.6461792712678052
51325510,234.0,109.0,132.631256,34.4291649,34107,2.146788990825688
51325515,541.0,1011.0,132.693756,34.4291649,34212,0.5351137487636004
51325516,585.0,584.0,132.706253,34.4291649,34212,1.0017123287671232
51325517,987.0,2103.0,132.71875,34.4291649,34212,0.4693295292439372
51325518,6869.0,9333.0,132.731247,34.4291649,34212,0.7359905710918248
51325519,11642.0,11692.0,132.743744,34.4291649,34212,0.9957235716729388
51325520,90.0,18.0,132.631256,34.4375,34107,5.0
51325521,144.0,50.0,132.643753,34.4375,34107,2.88
51325522,99.0,99.0,132.65625,34.4375,34107,1.0
51325525,1100.0,2072.0,132.693756,34.4375,34212,0.5308880308880309
51325526,587.0,1118.0,132.706253,34.4375,34212,0.5250447227191414
51325527,2549.0,2410.0,132.71875,34.4375,34212,1.0576763485477179
51325528,1611.0,3343.0,132.731247,34.4375,34212,0.48190248279988035
51325529,978.0,2128.0,132.743744,34.4375,34212,0.45958646616541354
51325532,306.0,95.0,132.65625,34.4458351,34212,3.221052631578947
51325533,560.0,308.0,132.668747,34.4458351,34212,1.8181818181818181
51325534,1851.0,1978.0,132.681244,34.4458351,34212,0.935793731041456
51325535,1181.0,1140.0,132.693756,34.4458351,34212,1.0359649122807018
51325536,3039.0,3634.0,132.706253,34.4458351,34212,0.8362685745734728
51325537,3110.0,1958.0,132.71875,34.4458351,34212,1.5883554647599591
51325538,428.0,896.0,132.731247,34.4458351,34212,0.47767857142857145
51325539,154.0,77.0,132.743744,34.4458351,34212,2.0
51325540,187.0,49.0,132.631256,34.4541664,34212,3.816326530612245
51325542,359.0,108.0,132.65625,34.4541664,34212,3.324074074074074
51325543,48.0,20.0,132.668747,34.4541664,34212,2.4
51325544,126.0,18.0,132.681244,34.4541664,34212,7.0
51325545,632.0,1017.0,132.693756,34.4541664,34212,0.6214355948869223
51325546,11262.0,4582.0,132.706253,34.4541664,34212,2.4578786556089045
51325547,901.0,1526.0,132.71875,34.4541664,34212,0.59043250327654
51325548,48.0,29.0,132.731247,34.4541664,34212,1.6551724137931034
51325550,444.0,288.0,132.631256,34.4625015,34212,1.5416666666666667
51325551,484.0,435.0,132.643753,34.4625015,34212,1.1126436781609195
51325552,1110.0,532.0,132.65625,34.4625015,34212,2.0864661654135337
51325553,209.0,222.0,132.668747,34.4625015,34212,0.9414414414414415
51325555,180.0,59.0,132.693756,34.4625015,34212,3.0508474576271185
51325556,182.0,261.0,132.706253,34.4625015,34212,0.6973180076628352
51325557,757.0,756.0,132.71875,34.4625015,34212,1.0013227513227514
51325558,195.0,356.0,132.731247,34.4625015,34212,0.547752808988764
51325560,580.0,289.0,132.631256,34.4708328,34212,2.0069204152249136
51325561,251.0,299.0,132.643753,34.4708328,34212,0.8394648829431438
51325562,393.0,176.0,132.65625,34.4708328,34212,2.2329545454545454
51325563,166.0,215.0,132.668747,34.4708328,34212,0.772093023255814
51325564,373.0,90.0,132.681244,34.4708328,34212,4.144444444444445
51325567,174.0,155.0,132.71875,34.4708328,34212,1.1225806451612903
51325568,57.0,44.0,132.731247,34.4708328,34212,1.2954545454545454
51325570,120.0,12.0,132.631256,34.4791679,34212,10.0
51325571,357.0,199.0,132.643753,34.4791679,34212,1.7939698492462313
51325572,376.0,34.0,132.65625,34.4791679,34212,11.058823529411764
51325574,128.0,133.0,132.681244,34.4791679,34212,0.9624060150375939
51325575,121.0,202.0,132.693756,34.4791679,34212,0.599009900990099
51325577,84.0,121.0,132.71875,34.4791679,34212,0.6942148760330579
51325578,69.0,153.0,132.731247,34.4791679,34212,0.45098039215686275
51325579,177.0,212.0,132.743744,34.4791679,34212,0.8349056603773585
51325581,156.0,161.0,132.643753,34.4874992,34212,0.968944099378882
51325582,32.0,17.0,132.65625,34.4874992,34212,1.8823529411764706
51325584,116.0,232.0,132.681244,34.4874992,34212,0.5
51325589,47.0,70.0,132.743744,34.4874992,34212,0.6714285714285714
51325592,33.0,73.0,132.65625,34.4958344,34212,0.4520547945205479
51325593,58.0,69.0,132.668747,34.4958344,34212,0.8405797101449275
51325594,30.0,129.0,132.681244,34.4958344,34212,0.23255813953488372
51325595,19.0,86.0,132.693756,34.4958344,34212,0.22093023255813954
51325600,1801.0,2545.0,132.756256,34.4208336,34212,0.7076620825147347
51325601,241.0,271.0,132.768753,34.4208336,34212,0.8892988929889298
51325610,4731.0,3154.0,132.756256,34.4291649,34212,1.5
51325611,21.0,97.0,132.768753,34.4291649,34212,0.21649484536082475
51325614,157.0,59.0,132.806244,34.4291649,34212,2.6610169491525424
51325615,154.0,55.0,132.818756,34.4291649,34212,2.8
51325616,660.0,584.0,132.831253,34.4291649,34212,1.13013698630137
51325617,535.0,696.0,132.84375,34.4291649,34212,0.7686781609195402
51325618,205.0,67.0,132.856247,34.4291649,34212,3.0597014925373136
51325619,291.0,217.0,132.868744,34.4291649,34212,1.3410138248847927
51325620,1766.0,1732.0,132.756256,34.4375,34212,1.0196304849884525
51325621,1125.0,339.0,132.768753,34.4375,34212,3.3185840707964602
51325622,410.0,793.0,132.78125,34.4375,34212,0.5170239596469105
51325623,713.0,1420.0,132.793747,34.4375,34212,0.502112676056338
51325624,122.0,203.0,132.806244,34.4375,34212,0.6009852216748769
51325625,164.0,119.0,132.818756,34.4375,34212,1.3781512605042017
51325626,371.0,874.0,132.831253,34.4375,34212,0.4244851258581236
51325627,624.0,966.0,132.84375,34.4375,34212,0.6459627329192547
51325628,86.0,58.0,132.856247,34.4375,34212,1.4827586206896552
51325629,90.0,139.0,132.868744,34.4375,34212,0.6474820143884892
51325630,76.0,115.0,132.756256,34.4458351,34212,0.6608695652173913
51325631,571.0,493.0,132.768753,34.4458351,34212,1.158215010141988
51325632,1260.0,1931.0,132.78125,34.4458351,34212,0.6525116519937856
51325633,2079.0,2500.0,132.793747,34.4458351,34212,0.8316
51325634,184.0,181.0,132.806244,34.4458351,34212,1.0165745856353592
51325635,356.0,209.0,132.818756,34.4458351,34212,1.7033492822966507
51325636,704.0,978.0,132.831253,34.4458351,34212,0.7198364008179959
51325637,72.0,96.0,132.84375,34.4458351,34212,0.75
51325638,136.0,157.0,132.856247,34.4458351,34212,0.8662420382165605
51325639,396.0,19.0,132.868744,34.4458351,34212,20.842105263157894
51325641,1467.0,2335.0,132.768753,34.4541664,34212,0.6282655246252676
51325642,1727.0,1908.0,132.78125,34.4541664,34212,0.9051362683438156
51325643,1565.0,2330.0,132.793747,34.4541664,34212,0.6716738197424893
51325644,153.0,239.0,132.806244,34.4541664,34212,0.6401673640167364
51325645,706.0,1993.0,132.818756,34.4541664,34212,0.3542398394380331
51325646,99.0,159.0,132.831253,34.4541664,34212,0.6226415094339622
51325647,105.0,95.0,132.84375,34.4541664,34212,1.105263157894737
51325648,303.0,609.0,132.856247,34.4541664,34212,0.4975369458128079
51325651,120.0,125.0,132.768753,34.4625015,34212,0.96
51325652,2544.0,727.0,132.78125,34.4625015,34212,3.499312242090784
51325653,1586.0,4042.0,132.793747,34.4625015,34212,0.39238000989609106
51325654,156.0,183.0,132.806244,34.4625015,34212,0.8524590163934426
51325655,176.0,348.0,132.818756,34.4625015,34212,0.5057471264367817
51325656,755.0,95.0,132.831253,34.4625015,34212,7.947368421052632
51325657,140.0,118.0,132.84375,34.4625015,34212,1.1864406779661016
51325658,166.0,204.0,132.856247,34.4625015,34212,0.8137254901960784
51325661,51.0,43.0,132.768753,34.4708328,34212,1.186046511627907
51325662,45.0,146.0,132.78125,34.4708328,34212,0.3082191780821918
51325663,373.0,1249.0,132.793747,34.4708328,34212,0.2986389111289031
51325666,52.0,80.0,132.831253,34.4708328,34212,0.65
51325667,20.0,14.0,132.84375,34.4708328,34212,1.4285714285714286
51325669,37.0,42.0,132.868744,34.4708328,34212,0.8809523809523809
51325670,190.0,420.0,132.756256,34.4791679,34212,0.4523809523809524
51325671,55.0,106.0,132.768753,34.4791679,34212,0.5188679245283019
51325680,111.0,190.0,132.756256,34.4874992,34212,0.5842105263157895
51325681,73.0,165.0,132.768753,34.4874992,34212,0.44242424242424244
51325690,53.0,24.0,132.756256,34.4958344,34212,2.2083333333333335
51325691,91.0,238.0,132.768753,34.4958344,34212,0.38235294117647056
51325693,11.0,10.0,132.793747,34.4958344,34212,1.1
51325696,27.0,13.0,132.831253,34.4958344,34212,2.076923076923077
51325697,101.0,99.0,132.84375,34.4958344,34212,1.02020202020202
51325701,35.0,16.0,132.893753,34.4208336,34212,2.1875
51325703,125.0,54.0,132.918747,34.4208336,34204,2.314814814814815
51325704,85.0,50.0,132.931244,34.4208336,34204,1.7
51325705,65.0,32.0,132.943756,34.4208336,34204,2.03125
51325707,62.0,125.0,132.96875,34.4208336,34204,0.496
51325708,192.0,261.0,132.981247,34.4208336,34204,0.735632183908046
51325710,216.0,109.0,132.881256,34.4291649,34212,1.981651376146789
51325711,243.0,95.0,132.893753,34.4291649,34212,2.557894736842105
51325715,32.0,11.0,132.943756,34.4291649,34204,2.909090909090909
51325716,132.0,46.0,132.956253,34.4291649,34204,2.869565217391304
51325717,225.0,224.0,132.96875,34.4291649,34204,1.0044642857142858
51325718,70.0,28.0,132.981247,34.4291649,34204,2.5
51325719,109.0,162.0,132.993744,34.4291649,34204,0.6728395061728395
51325720,210.0,191.0,132.881256,34.4375,34212,1.0994764397905759
51325721,118.0,26.0,132.893753,34.4375,34212,4.538461538461538
51325722,374.0,80.0,132.90625,34.4375,34204,4.675
51325723,3192.0,931.0,132.918747,34.4375,34204,3.4285714285714284
51325724,190.0,66.0,132.931244,34.4375,34204,2.878787878787879
51325726,67.0,29.0,132.956253,34.4375,34204,2.310344827586207
51325727,181.0,313.0,132.96875,34.4375,34204,0.5782747603833865
51325729,24.0,148.0,132.993744,34.4375,34204,0.16216216216216217
51325733,318.0,110.0,132.918747,34.4458351,34204,2.890909090909091
51325734,72.0,26.0,132.931244,34.4458351,34204,2.769230769230769
51325737,113.0,30.0,132.96875,34.4458351,34204,3.7666666666666666
51325738,56.0,105.0,132.981247,34.4458351,34204,0.5333333333333333
51325739,73.0,148.0,132.993744,34.4458351,34204,0.49324324324324326
51325744,16.0,10.0,132.931244,34.4541664,34204,1.6
51325748,122.0,93.0,132.981247,34.4541664,34204,1.3118279569892473
51325751,70.0,27.0,132.893753,34.4625015,34204,2.5925925925925926
51325752,125.0,50.0,132.90625,34.4625015,34212,2.5
51325755,17.0,14.0,132.943756,34.4625015,34204,1.2142857142857142
51325759,41.0,14.0,132.993744,34.4625015,34204,2.9285714285714284
51325760,292.0,143.0,132.881256,34.4708328,34212,2.041958041958042
51325761,431.0,396.0,132.893753,34.4708328,34212,1.0883838383838385
51325764,16.0,131.0,132.931244,34.4708328,34204,0.12213740458015267
51325765,20.0,29.0,132.943756,34.4708328,34204,0.6896551724137931
51325795,16.0,17.0,132.943756,34.4958344,34204,0.9411764705882353
51325799,13.0,44.0,132.993744,34.4958344,34204,0.29545454545454547
51326147,11.0,11.0,132.21875,34.5374985,34368,1.0
51326169,32.0,166.0,132.243744,34.5541649,34368,0.1927710843373494
51326179,70.0,25.0,132.243744,34.5625,34368,2.8
51326188,168.0,15.0,132.231247,34.5708351,34368,11.2
51326197,35.0,54.0,132.21875,34.5791664,34368,0.6481481481481481
51326198,606.0,305.0,132.231247,34.5791664,34368,1.9868852459016393
51326214,40.0,12.0,132.306244,34.5125008,34108,3.3333333333333335
51326235,19.0,97.0,132.318756,34.5291672,34108,0.1958762886597938
51326245,77.0,87.0,132.318756,34.5374985,34108,0.8850574712643678
51326246,17.0,57.0,132.331253,34.5374985,34108,0.2982456140350877
51326266,70.0,304.0,132.331253,34.5541649,34108,0.23026315789473684
51326267,36.0,31.0,132.34375,34.5541649,34368,1.1612903225806452
51326268,81.0,36.0,132.356247,34.5541649,34368,2.25
51326270,52.0,391.0,132.256256,34.5625,34368,0.1329923273657289
51326276,60.0,129.0,132.331253,34.5625,34368,0.46511627906976744
51326279,41.0,18.0,132.368744,34.5625,34368,2.2777777777777777
51326280,41.0,11.0,132.256256,34.5708351,34368,3.727272727272727
51326281,378.0,172.0,132.268753,34.5708351,34368,2.197674418604651
51326285,21.0,17.0,132.318756,34.5708351,34368,1.2352941176470589
51326286,43.0,42.0,132.331253,34.5708351,34368,1.0238095238095237
51326291,456.0,434.0,132.268753,34.5791664,34368,1.0506912442396312
51326292,197.0,230.0,132.28125,34.5791664,34368,0.8565217391304348
51326294,42.0,13.0,132.306244,34.5791664,34368,3.230769230769231
51326295,45.0,25.0,132.318756,34.5791664,34368,1.8
51326299,11.0,163.0,132.368744,34.5791664,34368,0.06748466257668712
51326300,44.0,51.0,132.381256,34.5041656,34105,0.8627450980392157
51326301,605.0,1279.0,132.393753,34.5041656,34106,0.4730258014073495
51326302,499.0,284.0,132.40625,34.5041656,34106,1.7570422535211268
51326303,136.0,24.0,132.418747,34.5041656,34106,5.666666666666667
51326304,766.0,1632.0,132.431244,34.5041656,34106,0.4693627450980392
51326305,1467.0,1997.0,132.443756,34.5041656,34106,0.7346019028542814
51326306,122.0,198.0,132.456253,34.5041656,34106,0.6161616161616161
51326308,92.0,41.0,132.481247,34.5041656,34106,2.2439024390243905
51326312,438.0,233.0,132.40625,34.5125008,34106,1.8798283261802575
51326313,323.0,75.0,132.418747,34.5125008,34106,4.306666666666667
51326314,823.0,1382.0,132.431244,34.5125008,34106,0.5955137481910275
51326315,269.0,620.0,132.443756,34.5125008,34106,0.4338709677419355
51326316,40.0,12.0,132.456253,34.5125008,34106,3.3333333333333335
51326317,10.0,12.0,132.46875,34.5125008,34106,0.8333333333333334
51326318,166.0,24.0,132.481247,34.5125008,34106,6.916666666666667
51326319,552.0,628.0,132.493744,34.5125008,34105,0.8789808917197452
51326322,210.0,54.0,132.40625,34.5208321,34106,3.888888888888889
51326324,115.0,30.0,132.431244,34.5208321,34106,3.8333333333333335
51326325,48.0,99.0,132.443756,34.5208321,34106,0.48484848484848486
51326326,86.0,41.0,132.456253,34.5208321,34106,2.097560975609756
51326327,18.0,10.0,132.46875,34.5208321,34106,1.8
51326328,38.0,201.0,132.481247,34.5208321,34106,0.1890547263681592
51326329,1971.0,4433.0,132.493744,34.5208321,34106,0.44461989623279946
51326332,40.0,49.0,132.40625,34.5291672,34106,0.8163265306122449
51326334,509.0,230.0,132.431244,34.5291672,34106,2.2130434782608694
51326337,364.0,991.0,132.46875,34.5291672,34106,0.36730575176589303
51326338,639.0,2053.0,132.481247,34.5291672,34106,0.3112518265952265
51326339,1437.0,2589.0,132.493744,34.5291672,34106,0.5550405561993047
51326342,187.0,147.0,132.40625,34.5374985,34106,1.272108843537415
51326343,39.0,12.0,132.418747,34.5374985,34106,3.25
51326347,977.0,1011.0,132.46875,34.5374985,34106,0.9663699307616221
51326348,634.0,512.0,132.481247,34.5374985,34106,1.23828125
51326349,59.0,134.0,132.493744,34.5374985,34106,0.44029850746268656
51326352,61.0,131.0,132.40625,34.5458336,34106,0.46564885496183206
51326354,189.0,411.0,132.431244,34.5458336,34106,0.45985401459854014
51326355,690.0,1043.0,132.443756,34.5458336,34106,0.6615532118887824
51326356,100.0,23.0,132.456253,34.5458336,34106,4.3478260869565215
51326358,203.0,163.0,132.481247,34.5458336,34106,1.2453987730061349
51326360,80.0,121.0,132.381256,34.5541649,34368,0.6611570247933884
51326365,550.0,569.0,132.443756,34.5541649,34106,0.9666080843585237
51326370,77.0,41.0,132.381256,34.5625,34368,1.8780487804878048
51326375,419.0,113.0,132.443756,34.5625,34106,3.7079646017699117
51326376,128.0,68.0,132.456253,34.5625,34106,1.8823529411764706
51326378,48.0,21.0,132.481247,34.5625,34106,2.2857142857142856
51326380,26.0,72.0,132.381256,34.5708351,34368,0.3611111111111111
51326385,58.0,64.0,132.443756,34.5708351,34106,0.90625
51326386,813.0,622.0,132.456253,34.5708351,34106,1.3070739549839228
51326393,13.0,23.0,132.418747,34.5791664,34106,0.5652173913043478
51326394,48.0,14.0,132.431244,34.5791664,34106,3.4285714285714284
51326396,452.0,1183.0,132.456253,34.5791664,34106,0.3820794590025359
51326397,233.0,336.0,132.46875,34.5791664,34106,0.6934523809523809
51326400,650.0,617.0,132.506256,34.5041656,34105,1.053484602917342
51326401,6500.0,4490.0,132.518753,34.5041656,34106,1.447661469933185
51326406,120.0,119.0,132.581253,34.5041656,34106,1.0084033613445378
51326407,403.0,441.0,132.59375,34.5041656,34106,0.9138321995464853
51326410,3003.0,3466.0,132.506256,34.5125008,34106,0.8664166185804962
51326411,1597.0,3108.0,132.518753,34.5125008,34106,0.5138352638352638
51326412,67.0,16.0,132.53125,34.5125008,34106,4.1875
51326417,11.0,76.0,132.59375,34.5125008,34106,0.14473684210526316
51326418,180.0,228.0,132.606247,34.5125008,34106,0.7894736842105263
51326419,18.0,146.0,132.618744,34.5125008,34106,0.1232876712328767
51326420,7904.0,6355.0,132.506256,34.5208321,34106,1.2437450826121164
51326421,2171.0,2608.0,132.518753,34.5208321,34106,0.8324386503067485
51326422,27.0,109.0,132.53125,34.5208321,34106,0.24770642201834864
51326429,147.0,191.0,132.618744,34.5208321,34106,0.7696335078534031
51326430,1346.0,2602.0,132.506256,34.5291672,34106,0.5172943889315911
51326431,1988.0,2440.0,132.518753,34.5291672,34106,0.8147540983606557
51326432,235.0,540.0,132.53125,34.5291672,34106,0.4351851851851852
51326433,276.0,399.0,132.543747,34.5291672,34106,0.6917293233082706
51326440,67.0,125.0,132.506256,34.5374985,34106,0.536
51326441,746.0,813.0,132.518753,34.5374985,34106,0.9175891758917589
51326442,1320.0,1765.0,132.53125,34.5374985,34106,0.7478753541076487
51326443,1466.0,3041.0,132.543747,34.5374985,34106,0.4820782637290365
51326444,265.0,559.0,132.556244,34.5374985,34106,0.4740608228980322
51326450,97.0,113.0,132.506256,34.5458336,34106,0.8584070796460177
51326451,85.0,278.0,132.518753,34.5458336,34106,0.3057553956834532
51326452,1574.0,2099.0,132.53125,34.5458336,34106,0.7498808956646021
51326453,310.0,539.0,132.543747,34.5458336,34106,0.575139146567718
51326460,388.0,137.0,132.506256,34.5541649,34106,2.832116788321168
51326461,127.0,348.0,132.518753,34.5541649,34106,0.3649425287356322
51326462,36.0,24.0,132.53125,34.5541649,34106,1.5
51326463,1174.0,1525.0,132.543747,34.5541649,34106,0.7698360655737705
51326473,90.0,65.0,132.543747,34.5625,34106,1.3846153846153846
51326474,130.0,63.0,132.556244,34.5625,34106,2.0634920634920637
51326475,38.0,28.0,132.568756,34.5625,34106,1.3571428571428572
51326484,32.0,21.0,132.556244,34.5708351,34106,1.5238095238095237
51326485,56.0,30.0,132.568756,34.5708351,34106,1.8666666666666667
51326495,98.0,19.0,132.568756,34.5791664,34214,5.157894736842105
51326496,234.0,175.0,132.581253,34.5791664,34214,1.3371428571428572
51326498,192.0,343.0,132.606247,34.5791664,34106,0.5597667638483965
51326499,19.0,16.0,132.618744,34.5791664,34106,1.1875
51326502,23.0,31.0,132.65625,34.5041656,34212,0.7419354838709677
51326503,282.0,418.0,132.668747,34.5041656,34212,0.6746411483253588
51326506,74.0,107.0,132.706253,34.5041656,34212,0.6915887850467289
51326513,139.0,169.0,132.668747,34.5125008,34212,0.8224852071005917
51326514,36.0,75.0,132.681244,34.5125008,34212,0.48
51326516,19.0,10.0,132.706253,34.5125008,34212,1.9
51326523,140.0,21.0,132.668747,34.5208321,34212,6.666666666666667
51326530,203.0,271.0,132.631256,34.5291672,34106,0.7490774907749077
51326531,36.0,23.0,132.643753,34.5291672,34106,1.565217391304348
51326537,27.0,118.0,132.71875,34.5291672,34212,0.2288135593220339
51326538,122.0,212.0,132.731247,34.5291672,34212,0.5754716981132075
51326539,75.0,29.0,132.743744,34.5291672,34212,2.586206896551724
51326541,558.0,282.0,132.643753,34.5374985,34106,1.9787234042553192
51326542,38.0,19.0,132.65625,34.5374985,34106,2.0
51326543,34.0,36.0,132.668747,34.5374985,34106,0.9444444444444444
51326547,76.0,249.0,132.71875,34.5374985,34212,0.30522088353413657
51326550,51.0,93.0,132.631256,34.5458336,34106,0.5483870967741935
51326551,54.0,38.0,132.643753,34.5458336,34106,1.4210526315789473
51326552,43.0,22.0,132.65625,34.5458336,34106,1.9545454545454546
51326553,496.0,727.0,132.668747,34.5458336,34106,0.6822558459422283
51326560,16.0,153.0,132.631256,34.5541649,34106,0.10457516339869281
51326561,77.0,132.0,132.643753,34.5541649,34106,0.5833333333333334
51326562,420.0,620.0,132.65625,34.5541649,34106,0.6774193548387096
51326563,279.0,282.0,132.668747,34.5541649,34106,0.9893617021276596
51326572,80.0,283.0,132.65625,34.5625,34106,0.2826855123674912
51326573,26.0,14.0,132.668747,34.5625,34106,1.8571428571428572
51326583,62.0,29.0,132.668747,34.5708351,34106,2.1379310344827585
51326591,28.0,76.0,132.643753,34.5791664,34106,0.3684210526315789
51326593,105.0,11.0,132.668747,34.5791664,34106,9.545454545454545
51326594,171.0,134.0,132.681244,34.5791664,34106,1.2761194029850746
51326601,21.0,88.0,132.768753,34.5041656,34212,0.23863636363636365
51326602,34.0,14.0,132.78125,34.5041656,34212,2.4285714285714284
51326605,37.0,27.0,132.818756,34.5041656,34212,1.3703703703703705
51326608,67.0,86.0,132.856247,34.5041656,34212,0.7790697674418605
51326609,30.0,105.0,132.868744,34.5041656,34212,0.2857142857142857
51326612,70.0,36.0,132.78125,34.5125008,34212,1.9444444444444444
51326621,14.0,17.0,132.768753,34.5208321,34212,0.8235294117647058
51326632,112.0,121.0,132.78125,34.5291672,34212,0.9256198347107438
51326640,25.0,15.0,132.756256,34.5374985,34212,1.6666666666666667
51326642,441.0,335.0,132.78125,34.5374985,34212,1.3164179104477611
51326647,43.0,14.0,132.84375,34.5374985,34212,3.0714285714285716
51326649,127.0,190.0,132.868744,34.5374985,34204,0.6684210526315789
51326659,40.0,227.0,132.868744,34.5458336,34204,0.1762114537444934
51326667,36.0,38.0,132.84375,34.5541649,34212,0.9473684210526315
51326673,66.0,58.0,132.793747,34.5625,34212,1.1379310344827587
51326674,109.0,78.0,132.806244,34.5625,34212,1.3974358974358974
51326675,191.0,126.0,132.818756,34.5625,34212,1.5158730158730158
51326677,129.0,89.0,132.84375,34.5625,34212,1.449438202247191
51326684,52.0,165.0,132.806244,34.5708351,34212,0.3151515151515151
51326685,110.0,56.0,132.818756,34.5708351,34212,1.9642857142857142
51326686,305.0,238.0,132.831253,34.5708351,34212,1.281512605042017
51326693,45.0,87.0,132.793747,34.5791664,34212,0.5172413793103449
51326695,17.0,26.0,132.818756,34.5791664,34212,0.6538461538461539
51326696,113.0,237.0,132.831253,34.5791664,34212,0.4767932489451477
51326700,140.0,142.0,132.881256,34.5041656,34212,0.9859154929577465
51326701,29.0,74.0,132.893753,34.5041656,34212,0.3918918918918919
51326702,10.0,10.0,132.90625,34.5041656,34204,1.0
51326703,47.0,140.0,132.918747,34.5041656,34204,0.3357142857142857
51326704,128.0,258.0,132.931244,34.5041656,34204,0.49612403100775193
51326705,145.0,92.0,132.943756,34.5041656,34204,1.576086956521739
51326707,31.0,97.0,132.96875,34.5041656,34204,0.31958762886597936
51326708,33.0,47.0,132.981247,34.5041656,34204,0.7021276595744681
51326712,48.0,51.0,132.90625,34.5125008,34204,0.9411764705882353
51326713,460.0,494.0,132.918747,34.5125008,34204,0.9311740890688259
51326714,143.0,117.0,132.931244,34.5125008,34204,1.2222222222222223
51326722,26.0,46.0,132.90625,34.5208321,34204,0.5652173913043478
51326723,20.0,12.0,132.918747,34.5208321,34204,1.6666666666666667
51326730,27.0,15.0,132.881256,34.5291672,34204,1.8
51326731,108.0,156.0,132.893753,34.5291672,34204,0.6923076923076923
51326733,131.0,127.0,132.918747,34.5291672,34204,1.031496062992126
51326737,20.0,55.0,132.96875,34.5291672,34204,0.36363636363636365
51326740,62.0,70.0,132.881256,34.5374985,34204,0.8857142857142857
51326743,171.0,154.0,132.918747,34.5374985,34204,1.1103896103896105
51326747,23.0,25.0,132.96875,34.5374985,34204,0.92
51326748,23.0,335.0,132.981247,34.5374985,34204,0.06865671641791045
51326755,466.0,269.0,132.943756,34.5458336,34204,1.7323420074349443
51326756,53.0,27.0,132.956253,34.5458336,34204,1.962962962962963
51326763,51.0,49.0,132.918747,34.5541649,34204,1.0408163265306123
51326765,16.0,149.0,132.943756,34.5541649,34204,0.10738255033557047
51326766,28.0,11.0,132.956253,34.5541649,34204,2.5454545454545454
51326776,28.0,92.0,132.956253,34.5625,34204,0.30434782608695654
51326777,32.0,50.0,132.96875,34.5625,34204,0.64
51326788,147.0,148.0,132.981247,34.5708351,34462,0.9932432432432432
51326798,155.0,178.0,132.981247,34.5791664,34462,0.8707865168539326
51326799,314.0,305.0,132.993744,34.5791664,34462,1.0295081967213116
51327116,52.0,209.0,132.206253,34.5958328,34368,0.24880382775119617
51327189,113.0,228.0,132.243744,34.6541672,34368,0.4956140350877193
51327194,32.0,19.0,132.181244,34.6624985,34369,1.6842105263157894
51327195,14.0,142.0,132.193756,34.6624985,34368,0.09859154929577464
51327199,30.0,36.0,132.243744,34.6624985,34368,0.8333333333333334
51327203,498.0,143.0,132.293747,34.5875015,34368,3.4825174825174825
51327205,25.0,29.0,132.318756,34.5875015,34368,0.8620689655172413
51327208,14.0,61.0,132.356247,34.5875015,34368,0.22950819672131148
51327215,321.0,281.0,132.318756,34.5958328,34368,1.1423487544483986
51327224,33.0,16.0,132.306244,34.6041679,34368,2.0625
51327225,144.0,37.0,132.318756,34.6041679,34368,3.891891891891892
51327231,138.0,161.0,132.268753,34.6124992,34368,0.8571428571428571
51327235,976.0,567.0,132.318756,34.6124992,34368,1.7213403880070546
51327236,72.0,53.0,132.331253,34.6124992,34368,1.3584905660377358
51327245,262.0,634.0,132.318756,34.6208344,34368,0.41324921135646686
51327264,126.0,18.0,132.306244,34.6375008,34368,7.0
51327273,12.0,27.0,132.293747,34.6458321,34368,0.4444444444444444
51327294,107.0,215.0,132.306244,34.6624985,34368,0.49767441860465117
51327306,149.0,238.0,132.456253,34.5875015,34106,0.6260504201680672
51327307,302.0,250.0,132.46875,34.5875015,34106,1.208
51327308,449.0,56.0,132.481247,34.5875015,34106,8.017857142857142
51327314,24.0,42.0,132.431244,34.5958328,34106,0.5714285714285714
51327318,53.0,11.0,132.481247,34.5958328,34106,4.818181818181818
51327319,16.0,10.0,132.493744,34.5958328,34106,1.6
51327324,10.0,67.0,132.431244,34.6041679,34369,0.14925373134328357
51327325,113.0,259.0,132.443756,34.6041679,34369,0.4362934362934363
51327326,80.0,180.0,132.456253,34.6041679,34369,0.4444444444444444
51327329,59.0,133.0,132.493744,34.6041679,34369,0.44360902255639095
51327335,28.0,18.0,132.443756,34.6124992,34369,1.5555555555555556
51327336,25.0,133.0,132.456253,34.6124992,34369,0.18796992481203006
51327345,25.0,96.0,132.443756,34.6208344,34369,0.2604166666666667
51327346,28.0,32.0,132.456253,34.6208344,34369,0.875
51327356,48.0,51.0,132.456253,34.6291656,34369,0.9411764705882353
51327362,147.0,25.0,132.40625,34.6375008,34369,5.88
51327365,36.0,23.0,132.443756,34.6375008,34369,1.565217391304348
51327371,117.0,172.0,132.393753,34.6458321,34369,0.6802325581395349
51327374,44.0,217.0,132.431244,34.6458321,34369,0.20276497695852536
51327375,176.0,66.0,132.443756,34.6458321,34369,2.6666666666666665
51327376,17.0,95.0,132.456253,34.6458321,34369,0.17894736842105263
51327381,231.0,37.0,132.393753,34.6541672,34369,6.243243243243243
51327384,176.0,51.0,132.431244,34.6541672,34369,3.450980392156863
51327392,130.0,13.0,132.40625,34.6624985,34369,10.0
51327406,341.0,499.0,132.581253,34.5875015,34214,0.6833667334669339
51327416,40.0,59.0,132.581253,34.5958328,34214,0.6779661016949152
51327417,155.0,182.0,132.59375,34.5958328,34214,0.8516483516483516
51327427,65.0,34.0,132.59375,34.6041679,34214,1.911764705882353
51327437,335.0,360.0,132.59375,34.6124992,34214,0.9305555555555556
51327438,91.0,59.0,132.606247,34.6124992,34214,1.5423728813559323
51327440,61.0,39.0,132.506256,34.6208344,34369,1.564102564102564
51327448,620.0,344.0,132.606247,34.6208344,34214,1.802325581395349
51327449,264.0,279.0,132.618744,34.6208344,34214,0.946236559139785
51327450,80.0,103.0,132.506256,34.6291656,34369,0.7766990291262136
51327454,47.0,27.0,132.556244,34.6291656,34369,1.7407407407407407
51327458,60.0,13.0,132.606247,34.6291656,34214,4.615384615384615
51327459,119.0,61.0,132.618744,34.6291656,34214,1.9508196721311475
51327460,70.0,161.0,132.506256,34.6375008,34369,0.43478260869565216
51327469,193.0,134.0,132.618744,34.6375008,34214,1.4402985074626866
51327470,183.0,373.0,132.506256,34.6458321,34369,0.4906166219839142
51327471,289.0,147.0,132.518753,34.6458321,34369,1.965986394557823
51327478,24.0,22.0,132.606247,34.6458321,34214,1.0909090909090908
51327480,537.0,84.0,132.506256,34.6541672,34369,6.392857142857143
51327481,235.0,165.0,132.518753,34.6541672,34369,1.4242424242424243
51327482,133.0,142.0,132.53125,34.6541672,34369,0.9366197183098591
51327483,462.0,447.0,132.543747,34.6541672,34369,1.0335570469798658
51327484,91.0,161.0,132.556244,34.6541672,34369,0.5652173913043478
51327488,28.0,12.0,132.606247,34.6541672,34214,2.3333333333333335
51327491,35.0,42.0,132.518753,34.6624985,34369,0.8333333333333334
51327492,282.0,515.0,132.53125,34.6624985,34369,0.5475728155339806
51327493,83.0,16.0,132.543747,34.6624985,34369,5.1875
51327503,147.0,12.0,132.668747,34.5875015,34106,12.25
51327504,298.0,341.0,132.681244,34.5875015,34106,0.873900293255132
51327506,47.0,136.0,132.706253,34.5875015,34214,0.34558823529411764
51327514,90.0,17.0,132.681244,34.5958328,34106,5.294117647058823
51327515,16.0,12.0,132.693756,34.5958328,34214,1.3333333333333333
51327524,34.0,468.0,132.681244,34.6041679,34214,0.07264957264957266
51327525,228.0,39.0,132.693756,34.6041679,34214,5.846153846153846
51327526,70.0,71.0,132.706253,34.6041679,34214,0.9859154929577465
51327527,135.0,168.0,132.71875,34.6041679,34214,0.8035714285714286
51327536,243.0,344.0,132.706253,34.6124992,34214,0.7063953488372093
51327537,1177.0,1255.0,132.71875,34.6124992,34214,0.9378486055776892
51327538,154.0,228.0,132.731247,34.6124992,34214,0.6754385964912281
51327539,109.0,120.0,132.743744,34.6124992,34214,0.9083333333333333
51327547,316.0,431.0,132.71875,34.6208344,34214,0.7331786542923434
51327548,42.0,37.0,132.731247,34.6208344,34214,1.135135135135135
51327550,37.0,64.0,132.631256,34.6291656,34214,0.578125
51327551,235.0,204.0,132.643753,34.6291656,34214,1.1519607843137254
51327557,254.0,395.0,132.71875,34.6291656,34214,0.6430379746835443
51327558,134.0,93.0,132.731247,34.6291656,34214,1.4408602150537635
51327562,195.0,94.0,132.65625,34.6375008,34214,2.074468085106383
51327563,89.0,205.0,132.668747,34.6375008,34214,0.43414634146341463
51327564,17.0,299.0,132.681244,34.6375008,34214,0.056856187290969896
51327568,117.0,46.0,132.731247,34.6375008,34214,2.5434782608695654
51327573,732.0,401.0,132.668747,34.6458321,34214,1.825436408977556
51327574,1215.0,401.0,132.681244,34.6458321,34214,3.029925187032419
51327578,80.0,99.0,132.731247,34.6458321,34214,0.8080808080808081
51327582,13.0,159.0,132.65625,34.6541672,34214,0.08176100628930817
51327583,79.0,39.0,132.668747,34.6541672,34214,2.0256410256410255
51327584,369.0,600.0,132.681244,34.6541672,34214,0.615
51327585,781.0,540.0,132.693756,34.6541672,34214,1.4462962962962962
51327586,143.0,273.0,132.706253,34.6541672,34214,0.5238095238095238
51327588,88.0,91.0,132.731247,34.6541672,34214,0.967032967032967
51327589,129.0,131.0,132.743744,34.6541672,34214,0.9847328244274809
51327592,107.0,160.0,132.65625,34.6624985,34214,0.66875
51327593,98.0,15.0,132.668747,34.6624985,34214,6.533333333333333
51327595,598.0,936.0,132.693756,34.6624985,34214,0.6388888888888888
51327596,3353.0,2582.0,132.706253,34.6624985,34214,1.298605731990705
51327597,337.0,334.0,132.71875,34.6624985,34214,1.0089820359281436
51327599,226.0,414.0,132.743744,34.6624985,34214,0.5458937198067633
51327603,62.0,11.0,132.793747,34.5875015,34212,5.636363636363637
51327613,20.0,17.0,132.793747,34.5958328,34212,1.1764705882352942
51327615,52.0,58.0,132.818756,34.5958328,34212,0.896551724137931
51327616,23.0,116.0,132.831253,34.5958328,34212,0.19827586206896552
51327619,31.0,22.0,132.868744,34.5958328,34212,1.4090909090909092
51327620,35.0,204.0,132.756256,34.6041679,34214,0.1715686274509804
51327628,15.0,102.0,132.856247,34.6041679,34212,0.14705882352941177
51327636,11.0,13.0,132.831253,34.6124992,34209,0.8461538461538461
51327646,259.0,219.0,132.831253,34.6208344,34209,1.182648401826484
51327657,33.0,86.0,132.84375,34.6291656,34209,0.38372093023255816
51327678,36.0,148.0,132.856247,34.6458321,34209,0.24324324324324326
51327679,14.0,74.0,132.868744,34.6458321,34209,0.1891891891891892
51327688,167.0,290.0,132.856247,34.6541672,34209,0.5758620689655173
51327689,93.0,95.0,132.868744,34.6541672,34209,0.9789473684210527
51327696,29.0,139.0,132.831253,34.6624985,34209,0.20863309352517986
51327697,276.0,33.0,132.84375,34.6624985,34209,8.363636363636363
51327698,107.0,71.0,132.856247,34.6624985,34209,1.5070422535211268
51327716,18.0,58.0,132.956253,34.5958328,34462,0.3103448275862069
51327717,231.0,155.0,132.96875,34.5958328,34462,1.4903225806451612
51327718,91.0,97.0,132.981247,34.5958328,34462,0.9381443298969072
51327722,120.0,79.0,132.90625,34.6041679,34462,1.518987341772152
51327734,29.0,20.0,132.931244,34.6124992,34462,1.45
51327743,174.0,11.0,132.918747,34.6208344,34462,15.818181818181818
51327744,323.0,250.0,132.931244,34.6208344,34462,1.292
51327751,24.0,181.0,132.893753,34.6291656,34462,0.13259668508287292
51327752,20.0,180.0,132.90625,34.6291656,34462,0.1111111111111111
51327753,151.0,189.0,132.918747,34.6291656,34462,0.798941798941799
51327758,78.0,23.0,132.981247,34.6291656,34462,3.391304347826087
51327760,110.0,110.0,132.881256,34.6375008,34462,1.0
51327761,80.0,275.0,132.893753,34.6375008,34462,0.2909090909090909
51327762,15.0,173.0,132.90625,34.6375008,34462,0.08670520231213873
51327769,27.0,23.0,132.993744,34.6375008,34462,1.173913043478261
51327775,36.0,126.0,132.943756,34.6458321,34462,0.2857142857142857
51327778,175.0,226.0,132.981247,34.6458321,34462,0.7743362831858407
51327781,101.0,171.0,132.893753,34.6541672,34462,0.5906432748538012
51327787,26.0,69.0,132.96875,34.6541672,34462,0.37681159420289856
51327789,10.0,143.0,132.993744,34.6541672,34462,0.06993006993006994
51327793,21.0,19.0,132.918747,34.6624985,34462,1.105263157894737
51327794,27.0,18.0,132.931244,34.6624985,34462,1.5
51327796,25.0,86.0,132.956253,34.6624985,34209,0.29069767441860467
51333016,74.0,33.0,133.081253,34.2625008,34205,2.242424242424242
51333017,72.0,47.0,133.09375,34.2625008,34205,1.5319148936170213
51333018,256.0,182.0,133.106247,34.2625008,34205,1.4065934065934067
51333027,26.0,24.0,133.09375,34.2708321,34205,1.0833333333333333
51333028,45.0,21.0,133.106247,34.2708321,34205,2.142857142857143
51333029,130.0,209.0,133.118744,34.2708321,34205,0.6220095693779905
51333035,51.0,21.0,133.068756,34.2791672,34205,2.4285714285714284
51333036,77.0,248.0,133.081253,34.2791672,34205,0.31048387096774194
51333038,36.0,36.0,133.106247,34.2791672,34205,1.0
51333039,319.0,515.0,133.118744,34.2791672,34205,0.6194174757281553
51333046,19.0,12.0,133.081253,34.2874985,34205,1.5833333333333333
51333056,165.0,296.0,133.081253,34.2958336,34205,0.5574324324324325
51333066,847.0,805.0,133.081253,34.3041649,34205,1.0521739130434782
51333067,2089.0,1889.0,133.09375,34.3041649,34205,1.1058761249338274
51333068,729.0,699.0,133.106247,34.3041649,34205,1.0429184549356223
51333069,122.0,157.0,133.118744,34.3041649,34205,0.7770700636942676
51333076,94.0,167.0,133.081253,34.3125,34205,0.562874251497006
51333077,583.0,236.0,133.09375,34.3125,34205,2.4703389830508473
51333078,260.0,164.0,133.106247,34.3125,34205,1.5853658536585367
51333079,403.0,101.0,133.118744,34.3125,34205,3.99009900990099
51333092,50.0,16.0,133.03125,34.3291664,34204,3.125
51333093,49.0,12.0,133.043747,34.3291664,34204,4.083333333333333
51333098,59.0,112.0,133.106247,34.3291664,34204,0.5267857142857143
51333125,130.0,46.0,133.193756,34.2708321,34205,2.8260869565217392
51333130,148.0,146.0,133.131256,34.2791672,34205,1.0136986301369864
51333134,1249.0,937.0,133.181244,34.2791672,34205,1.3329775880469583
51333135,987.0,409.0,133.193756,34.2791672,34205,2.41320293398533
51333140,77.0,43.0,133.131256,34.2874985,34205,1.7906976744186047
51333141,186.0,174.0,133.143753,34.2874985,34205,1.0689655172413792
51333144,1759.0,2028.0,133.181244,34.2874985,34205,0.8673570019723866
51333145,231.0,395.0,133.193756,34.2874985,34205,0.5848101265822785
51333151,69.0,77.0,133.143753,34.2958336,34205,0.8961038961038961
51333152,190.0,261.0,133.15625,34.2958336,34205,0.7279693486590039
51333153,2036.0,1114.0,133.168747,34.2958336,34205,1.8276481149012567
51333154,451.0,494.0,133.181244,34.2958336,34205,0.9129554655870445
51333155,574.0,830.0,133.193756,34.2958336,34205,0.691566265060241
51333160,55.0,172.0,133.131256,34.3041649,34205,0.31976744186046513
51333161,148.0,46.0,133.143753,34.3041649,34205,3.217391304347826
51333162,437.0,692.0,133.15625,34.3041649,34205,0.6315028901734104
51333163,315.0,568.0,133.168747,34.3041649,34205,0.5545774647887324
51333164,112.0,288.0,133.181244,34.3041649,34205,0.3888888888888889
51333165,25.0,63.0,133.193756,34.3041649,34205,0.3968253968253968
51333170,482.0,453.0,133.131256,34.3125,34205,1.0640176600441502
51333171,175.0,82.0,133.143753,34.3125,34205,2.1341463414634148
51333172,1391.0,792.0,133.15625,34.3125,34205,1.7563131313131313
51333173,31.0,172.0,133.168747,34.3125,34205,0.18023255813953487
51333174,35.0,41.0,133.181244,34.3125,34205,0.8536585365853658
51333181,377.0,157.0,133.143753,34.3208351,34205,2.4012738853503186
51333182,77.0,90.0,133.15625,34.3208351,34205,0.8555555555555555
51333183,845.0,1288.0,133.168747,34.3208351,34205,0.656055900621118
51333184,33.0,65.0,133.181244,34.3208351,34205,0.5076923076923077
51333190,243.0,37.0,133.131256,34.3291664,34205,6.5675675675675675
51333191,328.0,27.0,133.143753,34.3291664,34205,12.148148148148149
51333192,57.0,40.0,133.15625,34.3291664,34205,1.425
51333193,2036.0,2056.0,133.168747,34.3291664,34205,0.9902723735408561
51333194,563.0,627.0,133.181244,34.3291664,34205,0.89792663476874
51333195,59.0,132.0,133.193756,34.3291664,34205,0.44696969696969696
51334000,344.0,144.0,133.006256,34.3375015,34203,2.388888888888889
51334001,105.0,11.0,133.018753,34.3375015,34204,9.545454545454545
51334002,72.0,153.0,133.03125,34.3375015,34204,0.47058823529411764
51334003,1534.0,603.0,133.043747,34.3375015,34204,2.5439469320066337
51334004,58.0,84.0,133.056244,34.3375015,34204,0.6904761904761905
51334008,92.0,15.0,133.106247,34.3375015,34204,6.133333333333334
51334011,144.0,349.0,133.018753,34.3458328,34204,0.41260744985673353
51334012,107.0,38.0,133.03125,34.3458328,34204,2.8157894736842106
51334013,42.0,41.0,133.043747,34.3458328,34204,1.024390243902439
51334014,325.0,280.0,133.056244,34.3458328,34204,1.1607142857142858
51334015,273.0,329.0,133.068756,34.3458328,34204,0.8297872340425532
51334016,238.0,538.0,133.081253,34.3458328,34204,0.4423791821561338
51334018,22.0,27.0,133.106247,34.3458328,34204,0.8148148148148148
51334025,44.0,13.0,133.068756,34.3541679,34204,3.3846153846153846
51334026,372.0,495.0,133.081253,34.3541679,34204,0.7515151515151515
51334028,133.0,90.0,133.106247,34.3541679,34204,1.4777777777777779
51334029,88.0,76.0,133.118744,34.3541679,34204,1.1578947368421053
51334036,359.0,574.0,133.081253,34.3624992,34204,0.6254355400696864
51334040,145.0,238.0,133.006256,34.3708344,34204,0.6092436974789915
51334041,263.0,538.0,133.018753,34.3708344,34204,0.4888475836431227
51334042,111.0,344.0,133.03125,34.3708344,34204,0.3226744186046512
51334046,281.0,435.0,133.081253,34.3708344,34204,0.6459770114942529
51334050,529.0,1288.0,133.006256,34.3791656,34204,0.4107142857142857
51334051,212.0,459.0,133.018753,34.3791656,34204,0.46187363834422657
51334052,172.0,429.0,133.03125,34.3791656,34204,0.40093240093240096
51334053,668.0,1655.0,133.043747,34.3791656,34204,0.40362537764350453
51334054,45.0,250.0,133.056244,34.3791656,34204,0.18
51334055,24.0,66.0,133.068756,34.3791656,34204,0.36363636363636365
51334056,254.0,301.0,133.081253,34.3791656,34204,0.8438538205980066
51334058,17.0,33.0,133.106247,34.3791656,34204,0.5151515151515151
51334059,100.0,32.0,133.118744,34.3791656,34204,3.125
51334060,345.0,859.0,133.006256,34.3875008,34204,0.40162980209545984
51334061,660.0,564.0,133.018753,34.3875008,34204,1.1702127659574468
51334062,460.0,450.0,133.03125,34.3875008,34204,1.0222222222222221
51334063,594.0,1044.0,133.043747,34.3875008,34204,0.5689655172413793
51334064,3586.0,6073.0,133.056244,34.3875008,34204,0.5904824633624238
51334065,2565.0,4182.0,133.068756,34.3875008,34204,0.6133428981348638
51334066,1560.0,1735.0,133.081253,34.3875008,34204,0.899135446685879
51334067,444.0,83.0,133.09375,34.3875008,34204,5.349397590361446
51334068,629.0,698.0,133.106247,34.3875008,34204,0.9011461318051576
51334069,348.0,417.0,133.118744,34.3875008,34204,0.8345323741007195
51334070,91.0,110.0,133.006256,34.3958321,34204,0.8272727272727273
51334071,450.0,796.0,133.018753,34.3958321,34204,0.5653266331658291
51334072,432.0,295.0,133.03125,34.3958321,34204,1.464406779661017
51334073,654.0,954.0,133.043747,34.3958321,34204,0.6855345911949685
51334074,3452.0,3311.0,133.056244,34.3958321,34204,1.042585321655089
51334075,8898.0,9168.0,133.068756,34.3958321,34204,0.9705497382198953
51334076,11561.0,5612.0,133.081253,34.3958321,34204,2.060049893086244
51334077,5414.0,3478.0,133.09375,34.3958321,34204,1.55664174813111
51334078,1513.0,2176.0,133.106247,34.3958321,34204,0.6953125
51334079,49.0,33.0,133.118744,34.3958321,34204,1.4848484848484849
51334080,462.0,586.0,133.006256,34.4041672,34204,0.78839590443686
51334081,334.0,75.0,133.018753,34.4041672,34204,4.453333333333333
51334082,137.0,117.0,133.03125,34.4041672,34204,1.170940170940171
51334083,61.0,301.0,133.043747,34.4041672,34204,0.2026578073089701
51334084,979.0,1594.0,133.056244,34.4041672,34204,0.6141781681304893
51334085,2074.0,2405.0,133.068756,34.4041672,34204,0.8623700623700624
51334086,4435.0,5070.0,133.081253,34.4041672,34204,0.8747534516765286
51334087,2555.0,2710.0,133.09375,34.4041672,34204,0.9428044280442804
51334088,20.0,19.0,133.106247,34.4041672,34204,1.0526315789473684
51334090,105.0,203.0,133.006256,34.4124985,34204,0.5172413793103449
51334091,324.0,239.0,133.018753,34.4124985,34204,1.3556485355648535
51334093,39.0,11.0,133.043747,34.4124985,34204,3.5454545454545454
51334094,292.0,369.0,133.056244,34.4124985,34204,0.7913279132791328
51334095,117.0,46.0,133.068756,34.4124985,34204,2.5434782608695654
51334096,27.0,32.0,133.081253,34.4124985,34204,0.84375
51334097,844.0,1765.0,133.09375,34.4124985,34204,0.4781869688385269
51334098,585.0,946.0,133.106247,34.4124985,34204,0.6183932346723044
51334099,25.0,136.0,133.118744,34.4124985,34204,0.18382352941176472
51334100,243.0,554.0,133.131256,34.3375015,34205,0.43862815884476536
51334101,299.0,246.0,133.143753,34.3375015,34205,1.2154471544715446
51334102,384.0,641.0,133.15625,34.3375015,34205,0.5990639625585024
51334103,51.0,29.0,133.168747,34.3375015,34205,1.7586206896551724
51334104,38.0,20.0,133.181244,34.3375015,34205,1.9
51334111,346.0,751.0,133.143753,34.3458328,34205,0.4607190412782956
51334112,91.0,273.0,133.15625,34.3458328,34205,0.3333333333333333
51334113,435.0,203.0,133.168747,34.3458328,34205,2.142857142857143
51334114,109.0,136.0,133.181244,34.3458328,34205,0.8014705882352942
51334121,138.0,24.0,133.143753,34.3541679,34205,5.75
51334122,368.0,66.0,133.15625,34.3541679,34205,5.575757575757576
51334123,448.0,95.0,133.168747,34.3541679,34205,4.71578947368421
51334124,92.0,18.0,133.181244,34.3541679,34205,5.111111111111111
51334132,32.0,21.0,133.15625,34.3624992,34205,1.5238095238095237
51334134,39.0,20.0,133.181244,34.3624992,34205,1.95
51334135,60.0,11.0,133.193756,34.3624992,34205,5.454545454545454
51334136,99.0,88.0,133.206253,34.3624992,34205,1.125
51334142,26.0,26.0,133.15625,34.3708344,34205,1.0
51334144,414.0,721.0,133.181244,34.3708344,34205,0.5742024965325936
51334145,189.0,495.0,133.193756,34.3708344,34205,0.38181818181818183
51334147,111.0,120.0,133.21875,34.3708344,34205,0.925
51334150,132.0,17.0,133.131256,34.3791656,34204,7.764705882352941
51334152,12.0,10.0,133.15625,34.3791656,34205,1.2
51334153,52.0,151.0,133.168747,34.3791656,34205,0.3443708609271523
51334154,26.0,140.0,133.181244,34.3791656,34205,0.18571428571428572
51334155,152.0,471.0,133.193756,34.3791656,34205,0.3227176220806794
51334156,190.0,420.0,133.206253,34.3791656,34205,0.4523809523809524
51334157,183.0,188.0,133.21875,34.3791656,34205,0.973404255319149
51334160,195.0,105.0,133.131256,34.3875008,34204,1.8571428571428572
51334161,261.0,423.0,133.143753,34.3875008,34204,0.6170212765957447
51334163,23.0,143.0,133.168747,34.3875008,34205,0.16083916083916083
51334164,630.0,1327.0,133.181244,34.3875008,34205,0.4747550866616428
51334165,564.0,1176.0,133.193756,34.3875008,34205,0.47959183673469385
51334166,770.0,1654.0,133.206253,34.3875008,34205,0.4655380894800484
51334167,116.0,113.0,133.21875,34.3875008,34205,1.0265486725663717
51334168,91.0,184.0,133.231247,34.3875008,34205,0.4945652173913043
51334171,339.0,213.0,133.143753,34.3958321,34204,1.591549295774648
51334172,747.0,410.0,133.15625,34.3958321,34205,1.8219512195121952
51334173,2303.0,1673.0,133.168747,34.3958321,34205,1.3765690376569037
51334174,503.0,462.0,133.181244,34.3958321,34205,1.0887445887445888
51334175,3236.0,3668.0,133.193756,34.3958321,34205,0.8822246455834242
51334176,1836.0,2772.0,133.206253,34.3958321,34205,0.6623376623376623
51334177,319.0,703.0,133.21875,34.3958321,34205,0.45376955903271693
51334178,119.0,225.0,133.231247,34.3958321,34205,0.5288888888888889
51334179,23.0,16.0,133.243744,34.3958321,34205,1.4375
51334182,108.0,99.0,133.15625,34.4041672,34204,1.0909090909090908
51334183,1994.0,3094.0,133.168747,34.4041672,34205,0.6444731738849386
51334184,6984.0,5965.0,133.181244,34.4041672,34205,1.1708298407376363
51334185,6348.0,5140.0,133.193756,34.4041672,34205,1.2350194552529183
51334186,2355.0,1725.0,133.206253,34.4041672,34205,1.3652173913043477
51334187,825.0,1533.0,133.21875,34.4041672,34205,0.538160469667319
51334188,1124.0,1272.0,133.231247,34.4041672,34205,0.8836477987421384
51334192,147.0,594.0,133.15625,34.4124985,34205,0.2474747474747475
51334193,262.0,277.0,133.168747,34.4124985,34205,0.9458483754512635
51334194,2697.0,5830.0,133.181244,34.4124985,34205,0.4626072041166381
51334195,2741.0,3190.0,133.193756,34.4124985,34205,0.8592476489028213
51334196,6576.0,3881.0,133.206253,34.4124985,34205,1.694408657562484
51334197,1129.0,1233.0,133.21875,34.4124985,34205,0.9156528791565288
51334198,1455.0,1557.0,133.231247,34.4124985,34205,0.9344894026974951
51334222,247.0,340.0,133.28125,34.3541679,34207,0.7264705882352941
51334223,286.0,291.0,133.293747,34.3541679,34207,0.9828178694158075
51334226,56.0,146.0,133.331253,34.3541679,34207,0.3835616438356164
51334233,45.0,50.0,133.293747,34.3624992,34207,0.9
51334235,39.0,87.0,133.318756,34.3624992,34207,0.4482758620689655
51334236,127.0,177.0,133.331253,34.3624992,34207,0.7175141242937854
51334237,57.0,45.0,133.34375,34.3624992,34207,1.2666666666666666
51334241,29.0,28.0,133.268753,34.3708344,34205,1.0357142857142858
51334244,72.0,54.0,133.306244,34.3708344,34207,1.3333333333333333
51334245,20.0,20.0,133.318756,34.3708344,34207,1.0
51334246,33.0,16.0,133.331253,34.3708344,34207,2.0625
51334248,28.0,47.0,133.356247,34.3708344,34207,0.5957446808510638
51334251,28.0,21.0,133.268753,34.3791656,34205,1.3333333333333333
51334253,25.0,13.0,133.293747,34.3791656,34207,1.9230769230769231
51334254,91.0,57.0,133.306244,34.3791656,34207,1.5964912280701755
51334255,81.0,123.0,133.318756,34.3791656,34207,0.6585365853658537
51334256,355.0,217.0,133.331253,34.3791656,34207,1.6359447004608294
51334257,131.0,134.0,133.34375,34.3791656,34207,0.9776119402985075
51334258,53.0,13.0,133.356247,34.3791656,34207,4.076923076923077
51334259,252.0,306.0,133.368744,34.3791656,34207,0.8235294117647058
51334262,203.0,20.0,133.28125,34.3875008,34207,10.15
51334263,1280.0,377.0,133.293747,34.3875008,34207,3.3952254641909816
51334264,856.0,463.0,133.306244,34.3875008,34207,1.8488120950323974
51334265,736.0,1366.0,133.318756,34.3875008,34207,0.5387994143484627
51334266,214.0,298.0,133.331253,34.3875008,34207,0.7181208053691275
51334270,94.0,262.0,133.256256,34.3958321,34205,0.35877862595419846
51334271,73.0,107.0,133.268753,34.3958321,34205,0.6822429906542056
51334272,254.0,198.0,133.28125,34.3958321,34205,1.2828282828282829
51334273,239.0,177.0,133.293747,34.3958321,34205,1.3502824858757063
51334274,95.0,142.0,133.306244,34.3958321,34207,0.6690140845070423
51334275,736.0,1015.0,133.318756,34.3958321,34207,0.7251231527093596
51334276,194.0,80.0,133.331253,34.3958321,34207,2.425
51334281,86.0,18.0,133.268753,34.4041672,34205,4.777777777777778
51334282,64.0,26.0,133.28125,34.4041672,34205,2.4615384615384617
51334284,162.0,254.0,133.306244,34.4041672,34207,0.6377952755905512
51334285,52.0,24.0,133.318756,34.4041672,34207,2.1666666666666665
51334291,25.0,129.0,133.268753,34.4124985,34205,0.1937984496124031
51334292,157.0,410.0,133.28125,34.4124985,34205,0.3829268292682927
51334293,44.0,29.0,133.293747,34.4124985,34207,1.5172413793103448
51334294,318.0,93.0,133.306244,34.4124985,34207,3.4193548387096775
51334295,156.0,200.0,133.318756,34.4124985,34207,0.78
51334314,16.0,13.0,133.431244,34.3458328,34207,1.2307692307692308
51334350,536.0,550.0,133.381256,34.3791656,34207,0.9745454545454545
51334360,1127.0,1368.0,133.381256,34.3875008,34207,0.8238304093567251
51334370,491.0,227.0,133.381256,34.3958321,34207,2.1629955947136565
51334380,399.0,48.0,133.381256,34.4041672,34207,8.3125
51334390,203.0,385.0,133.381256,34.4124985,34207,0.5272727272727272
51335001,87.0,93.0,133.018753,34.4208336,34204,0.9354838709677419
51335008,1505.0,2037.0,133.106247,34.4208336,34204,0.738831615120275
51335009,675.0,1083.0,133.118744,34.4208336,34204,0.6232686980609419
51335010,17.0,32.0,133.006256,34.4291649,34204,0.53125
51335018,349.0,35.0,133.106247,34.4291649,34204,9.971428571428572
51335019,90.0,240.0,133.118744,34.4291649,34204,0.375
51335020,52.0,65.0,133.006256,34.4375,34204,0.8
51335029,151.0,204.0,133.118744,34.4375,34204,0.7401960784313726
51335050,171.0,147.0,133.006256,34.4625015,34204,1.163265306122449
51335053,160.0,419.0,133.043747,34.4625015,34204,0.3818615751789976
51335054,87.0,17.0,133.056244,34.4625015,34204,5.117647058823529
51335055,65.0,42.0,133.068756,34.4625015,34204,1.5476190476190477
51335060,119.0,126.0,133.006256,34.4708328,34204,0.9444444444444444
51335061,132.0,46.0,133.018753,34.4708328,34204,2.869565217391304
51335062,98.0,51.0,133.03125,34.4708328,34204,1.9215686274509804
51335063,89.0,75.0,133.043747,34.4708328,34204,1.1866666666666668
51335064,63.0,29.0,133.056244,34.4708328,34204,2.1724137931034484
51335065,104.0,63.0,133.068756,34.4708328,34204,1.6507936507936507
51335066,25.0,42.0,133.081253,34.4708328,34204,0.5952380952380952
51335067,167.0,110.0,133.09375,34.4708328,34204,1.518181818181818
51335068,79.0,91.0,133.106247,34.4708328,34204,0.8681318681318682
51335071,118.0,57.0,133.018753,34.4791679,34204,2.0701754385964914
51335072,13.0,163.0,133.03125,34.4791679,34204,0.07975460122699386
51335075,211.0,302.0,133.068756,34.4791679,34204,0.6986754966887417
51335076,73.0,40.0,133.081253,34.4791679,34204,1.825
51335077,99.0,79.0,133.09375,34.4791679,34204,1.2531645569620253
51335078,78.0,60.0,133.106247,34.4791679,34204,1.3
51335080,162.0,143.0,133.006256,34.4874992,34204,1.132867132867133
51335082,210.0,333.0,133.03125,34.4874992,34204,0.6306306306306306
51335083,90.0,18.0,133.043747,34.4874992,34204,5.0
51335089,44.0,53.0,133.118744,34.4874992,34205,0.8301886792452831
51335090,39.0,86.0,133.006256,34.4958344,34204,0.45348837209302323
51335091,34.0,115.0,133.018753,34.4958344,34204,0.2956521739130435
51335092,92.0,138.0,133.03125,34.4958344,34204,0.6666666666666666
51335098,86.0,34.0,133.106247,34.4958344,34205,2.5294117647058822
51335099,366.0,134.0,133.118744,34.4958344,34205,2.7313432835820897
51335102,1529.0,624.0,133.15625,34.4208336,34205,2.4503205128205128
51335103,275.0,125.0,133.168747,34.4208336,34205,2.2
51335104,2717.0,3277.0,133.181244,34.4208336,34205,0.8291119926762283
51335105,2782.0,3991.0,133.193756,34.4208336,34205,0.6970684039087948
51335106,1008.0,727.0,133.206253,34.4208336,34205,1.3865199449793673
51335107,2427.0,1325.0,133.21875,34.4208336,34205,1.8316981132075472
51335108,3552.0,2066.0,133.231247,34.4208336,34205,1.7192642787996129
51335109,516.0,84.0,133.243744,34.4208336,34205,6.142857142857143
51335110,155.0,280.0,133.131256,34.4291649,34204,0.5535714285714286
51335111,35.0,31.0,133.143753,34.4291649,34204,1.1290322580645162
51335112,67.0,26.0,133.15625,34.4291649,34205,2.576923076923077
51335113,95.0,25.0,133.168747,34.4291649,34205,3.8
51335114,866.0,1407.0,133.181244,34.4291649,34205,0.6154939587775409
51335115,2054.0,1893.0,133.193756,34.4291649,34205,1.0850501848917062
51335116,868.0,979.0,133.206253,34.4291649,34205,0.8866189989785496
51335117,1390.0,1474.0,133.21875,34.4291649,34205,0.9430122116689281
51335118,6908.0,7543.0,133.231247,34.4291649,34205,0.9158159883335543
51335119,2384.0,2665.0,133.243744,34.4291649,34207,0.8945590994371482
51335120,186.0,216.0,133.131256,34.4375,34204,0.8611111111111112
51335121,1147.0,297.0,133.143753,34.4375,34204,3.861952861952862
51335123,603.0,70.0,133.168747,34.4375,34205,8.614285714285714
51335124,199.0,48.0,133.181244,34.4375,34205,4.145833333333333
51335125,2445.0,3786.0,133.193756,34.4375,34205,0.6458003169572107
51335126,1376.0,261.0,133.206253,34.4375,34205,5.272030651340996
51335127,987.0,454.0,133.21875,34.4375,34205,2.1740088105726874
51335128,3927.0,5575.0,133.231247,34.4375,34205,0.7043946188340807
51335129,2410.0,4103.0,133.243744,34.4375,34207,0.5873750913965391
51335131,119.0,90.0,133.143753,34.4458351,34205,1.3222222222222222
51335132,204.0,455.0,133.15625,34.4458351,34205,0.44835164835164837
51335133,1009.0,164.0,133.168747,34.4458351,34205,6.152439024390244
51335134,4048.0,658.0,133.181244,34.4458351,34205,6.151975683890577
51335135,2060.0,2933.0,133.193756,34.4458351,34205,0.7023525400613706
51335136,1593.0,261.0,133.206253,34.4458351,34205,6.103448275862069
51335137,302.0,222.0,133.21875,34.4458351,34205,1.3603603603603605
51335138,1558.0,1881.0,133.231247,34.4458351,34207,0.8282828282828283
51335139,3114.0,3527.0,133.243744,34.4458351,34207,0.8829033172667989
51335141,67.0,138.0,133.143753,34.4541664,34205,0.4855072463768116
51335143,598.0,522.0,133.168747,34.4541664,34205,1.1455938697318007
51335144,937.0,694.0,133.181244,34.4541664,34205,1.3501440922190202
51335145,987.0,1876.0,133.193756,34.4541664,34205,0.5261194029850746
51335146,634.0,1036.0,133.206253,34.4541664,34205,0.611969111969112
51335147,221.0,155.0,133.21875,34.4541664,34205,1.4258064516129032
51335148,3766.0,1342.0,133.231247,34.4541664,34205,2.8062593144560357
51335149,572.0,854.0,133.243744,34.4541664,34207,0.6697892271662763
51335152,152.0,255.0,133.15625,34.4625015,34205,0.596078431372549
51335153,208.0,180.0,133.168747,34.4625015,34205,1.1555555555555554
51335154,327.0,483.0,133.181244,34.4625015,34205,0.6770186335403726
51335155,114.0,113.0,133.193756,34.4625015,34205,1.008849557522124
51335156,79.0,53.0,133.206253,34.4625015,34205,1.490566037735849
51335157,265.0,451.0,133.21875,34.4625015,34205,0.5875831485587583
51335158,2900.0,302.0,133.231247,34.4625015,34207,9.602649006622517
51335159,1258.0,580.0,133.243744,34.4625015,34207,2.168965517241379
51335160,51.0,21.0,133.131256,34.4708328,34205,2.4285714285714284
51335161,68.0,44.0,133.143753,34.4708328,34205,1.5454545454545454
51335162,68.0,98.0,133.15625,34.4708328,34205,0.6938775510204082
51335163,241.0,243.0,133.168747,34.4708328,34205,0.9917695473251029
51335164,176.0,236.0,133.181244,34.4708328,34205,0.7457627118644068
51335165,114.0,121.0,133.193756,34.4708328,34205,0.9421487603305785
51335166,30.0,66.0,133.206253,34.4708328,34205,0.45454545454545453
51335167,36.0,46.0,133.21875,34.4708328,34207,0.782608695652174
51335168,33.0,279.0,133.231247,34.4708328,34207,0.11827956989247312
51335169,510.0,759.0,133.243744,34.4708328,34207,0.6719367588932806
51335170,55.0,14.0,133.131256,34.4791679,34205,3.9285714285714284
51335172,18.0,14.0,133.15625,34.4791679,34205,1.2857142857142858
51335173,19.0,33.0,133.168747,34.4791679,34205,0.5757575757575758
51335174,20.0,32.0,133.181244,34.4791679,34205,0.625
51335175,56.0,15.0,133.193756,34.4791679,34205,3.7333333333333334
51335176,167.0,191.0,133.206253,34.4791679,34205,0.8743455497382199
51335177,19.0,148.0,133.21875,34.4791679,34205,0.12837837837837837
51335179,240.0,295.0,133.243744,34.4791679,34207,0.8135593220338984
51335186,39.0,11.0,133.206253,34.4874992,34205,3.5454545454545454
51335187,63.0,61.0,133.21875,34.4874992,34205,1.0327868852459017
51335188,187.0,240.0,133.231247,34.4874992,34207,0.7791666666666667
51335190,41.0,45.0,133.131256,34.4958344,34205,0.9111111111111111
51335191,16.0,15.0,133.143753,34.4958344,34205,1.0666666666666667
51335193,22.0,17.0,133.168747,34.4958344,34205,1.2941176470588236
51335196,19.0,113.0,133.206253,34.4958344,34205,0.168141592920354
51335197,57.0,192.0,133.21875,34.4958344,34205,0.296875
51335198,18.0,66.0,133.231247,34.4958344,34205,0.2727272727272727
51335200,179.0,20.0,133.256256,34.4208336,34207,8.95
51335201,53.0,154.0,133.268753,34.4208336,34207,0.34415584415584416
51335202,231.0,304.0,133.28125,34.4208336,34207,0.7598684210526315
51335204,280.0,30.0,133.306244,34.4208336,34207,9.333333333333334
51335205,721.0,203.0,133.318756,34.4208336,34207,3.5517241379310347
51335206,30.0,39.0,133.331253,34.4208336,34207,0.7692307692307693
51335210,745.0,46.0,133.256256,34.4291649,34207,16.195652173913043
51335211,178.0,380.0,133.268753,34.4291649,34207,0.46842105263157896
51335212,774.0,534.0,133.28125,34.4291649,34207,1.449438202247191
51335213,26.0,102.0,133.293747,34.4291649,34207,0.2549019607843137
51335215,272.0,248.0,133.318756,34.4291649,34207,1.096774193548387
51335216,112.0,158.0,133.331253,34.4291649,34207,0.7088607594936709
51335217,102.0,104.0,133.34375,34.4291649,34207,0.9807692307692307
51335220,1225.0,609.0,133.256256,34.4375,34207,2.0114942528735633
51335221,1211.0,1635.0,133.268753,34.4375,34207,0.7406727828746177
51335222,332.0,635.0,133.28125,34.4375,34207,0.5228346456692914
51335223,196.0,442.0,133.293747,34.4375,34207,0.4434389140271493
51335224,322.0,196.0,133.306244,34.4375,34207,1.6428571428571428
51335226,313.0,653.0,133.331253,34.4375,34207,0.4793261868300153
51335227,78.0,145.0,133.34375,34.4375,34207,0.5379310344827586
51335229,14.0,18.0,133.368744,34.4375,34207,0.7777777777777778
51335230,5749.0,5087.0,133.256256,34.4458351,34207,1.130135639866326
51335231,154.0,476.0,133.268753,34.4458351,34207,0.3235294117647059
51335233,66.0,30.0,133.293747,34.4458351,34207,2.2
51335236,146.0,214.0,133.331253,34.4458351,34207,0.6822429906542056
51335237,96.0,194.0,133.34375,34.4458351,34207,0.4948453608247423
51335240,5150.0,6513.0,133.256256,34.4541664,34207,0.7907262398280362
51335241,1483.0,2148.0,133.268753,34.4541664,34207,0.6904096834264432
51335243,32.0,16.0,133.293747,34.4541664,34207,2.0
51335244,51.0,108.0,133.306244,34.4541664,34207,0.4722222222222222
51335246,15.0,13.0,133.331253,34.4541664,34207,1.1538461538461537
51335247,208.0,262.0,133.34375,34.4541664,34207,0.7938931297709924
51335248,12.0,26.0,133.356247,34.4541664,34207,0.46153846153846156
51335249,235.0,138.0,133.368744,34.4541664,34207,1.7028985507246377
51335250,1616.0,915.0,133.256256,34.4625015,34207,1.766120218579235
51335251,1146.0,630.0,133.268753,34.4625015,34207,1.819047619047619
51335252,666.0,1724.0,133.28125,34.4625015,34207,0.3863109048723898
51335253,643.0,678.0,133.293747,34.4625015,34207,0.948377581120944
51335254,491.0,732.0,133.306244,34.4625015,34207,0.6707650273224044
51335255,344.0,545.0,133.318756,34.4625015,34207,0.6311926605504588
51335256,278.0,569.0,133.331253,34.4625015,34207,0.48857644991212656
51335258,664.0,805.0,133.356247,34.4625015,34207,0.8248447204968944
51335259,1711.0,2052.0,133.368744,34.4625015,34207,0.8338206627680312
51335260,256.0,381.0,133.256256,34.4708328,34207,0.6719160104986877
51335261,83.0,127.0,133.268753,34.4708328,34207,0.6535433070866141
51335263,575.0,353.0,133.293747,34.4708328,34207,1.6288951841359773
51335264,3233.0,1666.0,133.306244,34.4708328,34207,1.940576230492197
51335265,2036.0,2852.0,133.318756,34.4708328,34207,0.7138849929873773
51335266,741.0,1025.0,133.331253,34.4708328,34207,0.7229268292682927
51335267,2397.0,1967.0,133.34375,34.4708328,34207,1.2186070157600406
51335268,1435.0,2573.0,133.356247,34.4708328,34207,0.5577147298872911
51335269,9741.0,7441.0,133.368744,34.4708328,34207,1.3090982394839403
51335271,165.0,129.0,133.268753,34.4791679,34207,1.2790697674418605
51335273,76.0,37.0,133.293747,34.4791679,34207,2.054054054054054
51335274,389.0,726.0,133.306244,34.4791679,34207,0.5358126721763086
51335275,3320.0,3329.0,133.318756,34.4791679,34207,0.9972964854310604
51335276,1972.0,2000.0,133.331253,34.4791679,34207,0.986
51335277,1607.0,1542.0,133.34375,34.4791679,34207,1.042153047989624
51335278,5147.0,6152.0,133.356247,34.4791679,34207,0.8366384915474643
51335279,15865.0,11141.0,133.368744,34.4791679,34207,1.4240193878466925
51335281,68.0,94.0,133.268753,34.4874992,34207,0.723404255319149
51335283,20.0,10.0,133.293747,34.4874992,34207,2.0
51335284,38.0,76.0,133.306244,34.4874992,34207,0.5
51335285,1689.0,2187.0,133.318756,34.4874992,34207,0.7722908093278463
51335286,2256.0,2742.0,133.331253,34.4874992,34207,0.8227571115973742
51335287,3302.0,3938.0,133.34375,34.4874992,34207,0.8384966988318944
51335288,20793.0,14259.0,133.356247,34.4874992,34207,1.4582369030086262
51335289,27770.0,16730.0,133.368744,34.4874992,34207,1.6598924088463838
51335292,78.0,164.0,133.28125,34.4958344,34207,0.47560975609756095
51335295,240.0,439.0,133.318756,34.4958344,34207,0.5466970387243736
51335296,2380.0,4464.0,133.331253,34.4958344,34207,0.5331541218637993
51335297,2688.0,3972.0,133.34375,34.4958344,34207,0.676737160120846
51335298,5744.0,8492.0,133.356247,34.4958344,34207,0.6764013188883655
51335299,11198.0,10225.0,133.368744,34.4958344,34207,1.095158924205379
51335300,536.0,809.0,133.381256,34.4208336,34207,0.6625463535228677
51335301,145.0,238.0,133.393753,34.4208336,34207,0.6092436974789915
51335310,244.0,540.0,133.381256,34.4291649,34207,0.45185185185185184
51335311,26.0,10.0,133.393753,34.4291649,34207,2.6
51335314,240.0,27.0,133.431244,34.4291649,34207,8.88888888888889
51335320,1167.0,2299.0,133.381256,34.4375,34207,0.5076120052196608
51335321,1349.0,840.0,133.393753,34.4375,34207,1.605952380952381
51335322,718.0,336.0,133.40625,34.4375,34207,2.136904761904762
51335323,3398.0,303.0,133.418747,34.4375,34207,11.214521452145215
51335324,630.0,28.0,133.431244,34.4375,34207,22.5
51335330,2016.0,3628.0,133.381256,34.4458351,34207,0.5556780595369349
51335331,690.0,710.0,133.393753,34.4458351,34207,0.971830985915493
51335332,946.0,499.0,133.40625,34.4458351,34207,1.8957915831663326
51335333,1621.0,335.0,133.418747,34.4458351,34207,4.838805970149254
51335335,73.0,15.0,133.443756,34.4458351,34207,4.866666666666666
51335340,1418.0,2223.0,133.381256,34.4541664,34207,0.6378767431399011
51335341,2831.0,4343.0,133.393753,34.4541664,34207,0.6518535574487682
51335342,849.0,799.0,133.40625,34.4541664,34207,1.062578222778473
51335343,581.0,127.0,133.418747,34.4541664,34207,4.574803149606299
51335344,428.0,127.0,133.431244,34.4541664,34207,3.37007874015748
51335345,174.0,22.0,133.443756,34.4541664,34207,7.909090909090909
51335350,4619.0,7853.0,133.381256,34.4625015,34207,0.5881828600534827
51335351,5429.0,6126.0,133.393753,34.4625015,34207,0.8862226575253019
51335352,2406.0,1013.0,133.40625,34.4625015,34207,2.3751233958538993
51335353,987.0,375.0,133.418747,34.4625015,34207,2.632
51335354,1809.0,287.0,133.431244,34.4625015,34207,6.303135888501743
51335355,619.0,92.0,133.443756,34.4625015,34207,6.728260869565218
51335360,5699.0,9348.0,133.381256,34.4708328,34207,0.6096491228070176
51335361,4827.0,6048.0,133.393753,34.4708328,34207,0.7981150793650794
51335362,2512.0,1808.0,133.40625,34.4708328,34207,1.3893805309734513
51335363,1754.0,422.0,133.418747,34.4708328,34207,4.156398104265403
51335364,1962.0,327.0,133.431244,34.4708328,34207,6.0
51335365,593.0,160.0,133.443756,34.4708328,34207,3.70625
51335370,8657.0,6595.0,133.381256,34.4791679,34207,1.312661106899166
51335371,5597.0,4995.0,133.393753,34.4791679,34207,1.1205205205205204
51335372,2383.0,1429.0,133.40625,34.4791679,34207,1.6675997200839747
51335373,1462.0,692.0,133.418747,34.4791679,34207,2.11271676300578
51335374,3688.0,531.0,133.431244,34.4791679,34207,6.9453860640301315
51335375,564.0,88.0,133.443756,34.4791679,34207,6.409090909090909
51335380,12543.0,8153.0,133.381256,34.4874992,34207,1.5384521035201766
51335381,7448.0,8618.0,133.393753,34.4874992,34207,0.8642376421443491
51335382,3913.0,4128.0,133.40625,34.4874992,34207,0.9479166666666666
51335383,1347.0,3423.0,133.418747,34.4874992,34207,0.39351446099912357
51335384,1420.0,1825.0,133.431244,34.4874992,34207,0.7780821917808219
51335385,1814.0,1111.0,133.443756,34.4874992,34207,1.6327632763276327
51335390,5127.0,7532.0,133.381256,34.4958344,34207,0.6806956983536909
51335391,7379.0,5446.0,133.393753,34.4958344,34207,1.3549394050679398
51335392,5616.0,5446.0,133.40625,34.4958344,34207,1.0312155710613293
51335393,3932.0,2897.0,133.418747,34.4958344,34207,1.3572661373835002
51335394,1467.0,2780.0,133.431244,34.4958344,34207,0.5276978417266187
51335395,3381.0,4637.0,133.443756,34.4958344,34207,0.729135216734958
51335396,3190.0,2245.0,133.456253,34.4958344,34207,1.4209354120267261
51336000,37.0,100.0,133.006256,34.5041656,34204,0.37
51336001,195.0,302.0,133.018753,34.5041656,34204,0.6456953642384106
51336002,36.0,32.0,133.03125,34.5041656,34204,1.125
51336003,128.0,43.0,133.043747,34.5041656,34204,2.9767441860465116
51336004,40.0,22.0,133.056244,34.5041656,34205,1.8181818181818181
51336006,21.0,139.0,133.081253,34.5041656,34205,0.1510791366906475
51336007,38.0,174.0,133.09375,34.5041656,34205,0.21839080459770116
51336009,151.0,375.0,133.118744,34.5041656,34205,0.4026666666666667
51336011,79.0,87.0,133.018753,34.5125008,34204,0.9080459770114943
51336012,65.0,83.0,133.03125,34.5125008,34204,0.7831325301204819
51336013,33.0,16.0,133.043747,34.5125008,34204,2.0625
51336023,60.0,117.0,133.043747,34.5208321,34204,0.5128205128205128
51336032,65.0,271.0,133.03125,34.5291672,34204,0.23985239852398524
51336033,61.0,29.0,133.043747,34.5291672,34204,2.103448275862069
51336040,41.0,251.0,133.006256,34.5374985,34204,0.16334661354581673
51336041,23.0,32.0,133.018753,34.5374985,34204,0.71875
51336042,190.0,550.0,133.03125,34.5374985,34204,0.34545454545454546
51336043,13.0,75.0,133.043747,34.5374985,34204,0.17333333333333334
51336045,113.0,139.0,133.068756,34.5374985,34204,0.8129496402877698
51336050,18.0,145.0,133.006256,34.5458336,34204,0.12413793103448276
51336051,10.0,39.0,133.018753,34.5458336,34204,0.2564102564102564
51336052,47.0,28.0,133.03125,34.5458336,34204,1.6785714285714286
51336060,30.0,45.0,133.006256,34.5541649,34462,0.6666666666666666
51336078,26.0,17.0,133.106247,34.5625,34462,1.5294117647058822
51336079,198.0,354.0,133.118744,34.5625,34462,0.559322033898305
51336082,32.0,15.0,133.03125,34.5708351,34462,2.1333333333333333
51336088,210.0,10.0,133.106247,34.5708351,34462,21.0
51336093,506.0,815.0,133.043747,34.5791664,34462,0.6208588957055214
51336094,13.0,16.0,133.056244,34.5791664,34462,0.8125
51336100,126.0,471.0,133.131256,34.5041656,34205,0.267515923566879
51336101,82.0,208.0,133.143753,34.5041656,34205,0.3942307692307692
51336102,29.0,164.0,133.15625,34.5041656,34205,0.17682926829268292
51336103,62.0,129.0,133.168747,34.5041656,34205,0.4806201550387597
51336105,68.0,84.0,133.193756,34.5041656,34205,0.8095238095238095
51336107,63.0,115.0,133.21875,34.5041656,34205,0.5478260869565217
51336108,28.0,51.0,133.231247,34.5041656,34205,0.5490196078431373
51336110,253.0,271.0,133.131256,34.5125008,34205,0.933579335793358
51336111,1684.0,1297.0,133.143753,34.5125008,34205,1.2983808789514264
51336112,108.0,158.0,133.15625,34.5125008,34205,0.6835443037974683
51336113,38.0,60.0,133.168747,34.5125008,34205,0.6333333333333333
51336118,32.0,17.0,133.231247,34.5125008,34205,1.8823529411764706
51336119,18.0,26.0,133.243744,34.5125008,34207,0.6923076923076923
51336120,214.0,244.0,133.131256,34.5208321,34205,0.8770491803278688
51336121,226.0,60.0,133.143753,34.5208321,34205,3.7666666666666666
51336122,216.0,442.0,133.15625,34.5208321,34205,0.48868778280542985
51336123,37.0,185.0,133.168747,34.5208321,34205,0.2
51336128,18.0,39.0,133.231247,34.5208321,34207,0.46153846153846156
51336129,112.0,73.0,133.243744,34.5208321,34207,1.5342465753424657
51336131,123.0,118.0,133.143753,34.5291672,34205,1.0423728813559323
51336132,22.0,43.0,133.15625,34.5291672,34205,0.5116279069767442
51336133,311.0,280.0,133.168747,34.5291672,34205,1.1107142857142858
51336134,82.0,458.0,133.181244,34.5291672,34205,0.17903930131004367
51336139,22.0,25.0,133.243744,34.5291672,34207,0.88
51336141,33.0,26.0,133.143753,34.5374985,34205,1.2692307692307692
51336143,24.0,248.0,133.168747,34.5374985,34205,0.0967741935483871
51336144,214.0,208.0,133.181244,34.5374985,34205,1.0288461538461537
51336145,44.0,51.0,133.193756,34.5374985,34208,0.8627450980392157
51336146,11.0,12.0,133.206253,34.5374985,34208,0.9166666666666666
51336149,95.0,10.0,133.243744,34.5374985,34208,9.5
51336155,219.0,473.0,133.193756,34.5458336,34208,0.4630021141649049
51336158,62.0,150.0,133.231247,34.5458336,34208,0.41333333333333333
51336159,316.0,461.0,133.243744,34.5458336,34208,0.6854663774403471
51336165,129.0,47.0,133.193756,34.5541649,34208,2.74468085106383
51336166,632.0,1038.0,133.206253,34.5541649,34208,0.6088631984585742
51336167,20.0,76.0,133.21875,34.5541649,34208,0.2631578947368421
51336168,250.0,1091.0,133.231247,34.5541649,34208,0.229147571035747
51336169,1245.0,1488.0,133.243744,34.5541649,34208,0.8366935483870968
51336170,25.0,18.0,133.131256,34.5625,34462,1.3888888888888888
51336175,121.0,147.0,133.193756,34.5625,34208,0.8231292517006803
51336176,162.0,127.0,133.206253,34.5625,34208,1.2755905511811023
51336177,61.0,47.0,133.21875,34.5625,34208,1.297872340425532
51336178,1072.0,936.0,133.231247,34.5625,34208,1.1452991452991452
51336179,3193.0,4436.0,133.243744,34.5625,34208,0.7197926059513075
51336184,91.0,135.0,133.181244,34.5708351,34208,0.674074074074074
51336185,132.0,212.0,133.193756,34.5708351,34208,0.6226415094339622
51336187,1471.0,1364.0,133.21875,34.5708351,34208,1.0784457478005864
51336188,5304.0,3601.0,133.231247,34.5708351,34208,1.4729241877256318
51336189,4764.0,3469.0,133.243744,34.5708351,34208,1.3733064283655232
51336197,259.0,633.0,133.21875,34.5791664,34208,0.40916271721958924
51336198,1936.0,3217.0,133.231247,34.5791664,34208,0.6018029219769973
51336199,1085.0,1883.0,133.243744,34.5791664,34208,0.5762081784386617
51336203,40.0,10.0,133.293747,34.5041656,34207,4.0
51336206,363.0,652.0,133.331253,34.5041656,34207,0.5567484662576687
51336207,1333.0,978.0,133.34375,34.5041656,34207,1.3629856850715747
51336208,5044.0,3188.0,133.356247,34.5041656,34207,1.5821831869510665
51336209,1888.0,3615.0,133.368744,34.5041656,34207,0.522268326417704
51336210,11.0,279.0,133.256256,34.5125008,34207,0.03942652329749104
51336217,601.0,428.0,133.34375,34.5125008,34207,1.4042056074766356
51336218,395.0,531.0,133.356247,34.5125008,34207,0.743879472693032
51336219,1480.0,2227.0,133.368744,34.5125008,34207,0.6645711719802425
51336220,98.0,241.0,133.256256,34.5208321,34207,0.4066390041493776
51336221,71.0,218.0,133.268753,34.5208321,34207,0.3256880733944954
51336222,256.0,163.0,133.28125,34.5208321,34207,1.5705521472392638
51336223,61.0,396.0,133.293747,34.5208321,34207,0.15404040404040403
51336227,95.0,49.0,133.34375,34.5208321,34207,1.9387755102040816
51336228,1264.0,1082.0,133.356247,34.5208321,34207,1.1682070240295748
51336229,4942.0,4019.0,133.368744,34.5208321,34207,1.2296591191838766
51336230,232.0,239.0,133.256256,34.5291672,34207,0.9707112970711297
51336231,181.0,220.0,133.268753,34.5291672,34207,0.8227272727272728
51336232,643.0,1082.0,133.28125,34.5291672,34207,0.5942698706099815
51336233,346.0,484.0,133.293747,34.5291672,34207,0.7148760330578512
51336234,86.0,82.0,133.306244,34.5291672,34207,1.048780487804878
51336235,244.0,306.0,133.318756,34.5291672,34207,0.7973856209150327
51336236,471.0,625.0,133.331253,34.5291672,34207,0.7536
51336237,775.0,1200.0,133.34375,34.5291672,34207,0.6458333333333334
51336238,1214.0,2440.0,133.356247,34.5291672,34207,0.49754098360655735
51336239,1913.0,1815.0,133.368744,34.5291672,34207,1.0539944903581266
51336240,29.0,106.0,133.256256,34.5374985,34207,0.27358490566037735
51336241,308.0,302.0,133.268753,34.5374985,34207,1.0198675496688743
51336242,703.0,1333.0,133.28125,34.5374985,34207,0.5273818454613654
51336243,691.0,794.0,133.293747,34.5374985,34207,0.8702770780856424
51336244,715.0,1126.0,133.306244,34.5374985,34207,0.6349911190053286
51336245,971.0,1416.0,133.318756,34.5374985,34207,0.6857344632768362
51336246,2188.0,3512.0,133.331253,34.5374985,34207,0.623006833712984
51336247,2978.0,2451.0,133.34375,34.5374985,34207,1.2150142798857608
51336248,2582.0,3101.0,133.356247,34.5374985,34207,0.8326346339890358
51336249,2762.0,1865.0,133.368744,34.5374985,34207,1.4809651474530832
51336251,807.0,288.0,133.268753,34.5458336,34207,2.8020833333333335
51336252,3033.0,1316.0,133.28125,34.5458336,34207,2.304711246200608
51336253,2178.0,2182.0,133.293747,34.5458336,34207,0.998166819431714
51336254,953.0,1252.0,133.306244,34.5458336,34207,0.7611821086261981
51336255,2387.0,4278.0,133.318756,34.5458336,34207,0.5579710144927537
51336256,3428.0,4894.0,133.331253,34.5458336,34207,0.7004495300367797
51336257,5087.0,3978.0,133.34375,34.5458336,34207,1.2787833081950728
51336258,5294.0,3541.0,133.356247,34.5458336,34207,1.4950578932504943
51336259,2638.0,2709.0,133.368744,34.5458336,34207,0.9737910668143226
51336260,2072.0,2351.0,133.256256,34.5541649,34208,0.8813270948532539
51336261,2199.0,1437.0,133.268753,34.5541649,34208,1.5302713987473904
51336262,1695.0,1259.0,133.28125,34.5541649,34207,1.346306592533757
51336263,252.0,305.0,133.293747,34.5541649,34207,0.8262295081967214
51336264,172.0,442.0,133.306244,34.5541649,34207,0.3891402714932127
51336265,871.0,1977.0,133.318756,34.5541649,34207,0.4405665149215984
51336266,1680.0,3211.0,133.331253,34.5541649,34207,0.5232014948614139
51336267,2862.0,2988.0,133.34375,34.5541649,34207,0.9578313253012049
51336268,2307.0,4574.0,133.356247,34.5541649,34207,0.5043725404459991
51336269,986.0,1765.0,133.368744,34.5541649,34207,0.5586402266288952
51336270,2569.0,3670.0,133.256256,34.5625,34208,0.7
51336271,1319.0,1544.0,133.268753,34.5625,34207,0.8542746113989638
51336272,267.0,371.0,133.28125,34.5625,34207,0.7196765498652291
51336274,69.0,91.0,133.306244,34.5625,34207,0.7582417582417582
51336275,60.0,68.0,133.318756,34.5625,34207,0.8823529411764706
51336276,330.0,661.0,133.331253,34.5625,34207,0.49924357034795763
51336277,1633.0,2228.0,133.34375,34.5625,34207,0.7329443447037702
51336278,297.0,1529.0,133.356247,34.5625,34207,0.19424460431654678
51336279,681.0,1311.0,133.368744,34.5625,34207,0.5194508009153318
51336280,414.0,883.0,133.256256,34.5708351,34208,0.46885617214043035
51336281,195.0,186.0,133.268753,34.5708351,34207,1.0483870967741935
51336282,203.0,941.0,133.28125,34.5708351,34207,0.2157279489904357
51336284,14.0,35.0,133.306244,34.5708351,34207,0.4
51336285,90.0,181.0,133.318756,34.5708351,34207,0.4972375690607735
51336286,1875.0,286.0,133.331253,34.5708351,34207,6.555944055944056
51336287,1069.0,1510.0,133.34375,34.5708351,34207,0.7079470198675497
51336288,1121.0,1292.0,133.356247,34.5708351,34207,0.8676470588235294
51336289,642.0,927.0,133.368744,34.5708351,34207,0.6925566343042071
51336290,414.0,111.0,133.256256,34.5791664,34208,3.72972972972973
51336291,337.0,328.0,133.268753,34.5791664,34207,1.0274390243902438
51336292,496.0,1277.0,133.28125,34.5791664,34207,0.3884103367267032
51336293,16.0,10.0,133.293747,34.5791664,34207,1.6
51336294,122.0,100.0,133.306244,34.5791664,34207,1.22
51336295,30.0,51.0,133.318756,34.5791664,34207,0.5882352941176471
51336297,433.0,658.0,133.34375,34.5791664,34207,0.6580547112462006
51336298,330.0,487.0,133.356247,34.5791664,34207,0.6776180698151951
51336299,485.0,520.0,133.368744,34.5791664,34207,0.9326923076923077
51336300,1132.0,1080.0,133.381256,34.5041656,34207,1.048148148148148
51336301,5855.0,4382.0,133.393753,34.5041656,34207,1.336147877681424
51336302,9183.0,7895.0,133.40625,34.5041656,34207,1.1631412286257126
51336303,4128.0,6698.0,133.418747,34.5041656,34207,0.6163033741415348
51336304,3841.0,3229.0,133.431244,34.5041656,34207,1.1895323629606689
51336305,362.0,606.0,133.443756,34.5041656,34207,0.5973597359735974
51336310,100.0,125.0,133.381256,34.5125008,34207,0.8
51336311,3217.0,1659.0,133.393753,34.5125008,34207,1.9391199517781796
51336312,2282.0,3774.0,133.40625,34.5125008,34207,0.6046634870164282
51336313,2369.0,3794.0,133.418747,34.5125008,34207,0.6244069583552978
51336314,1886.0,3328.0,133.431244,34.5125008,34207,0.5667067307692307
51336315,1988.0,4131.0,133.443756,34.5125008,34207,0.4812394093439845
51336320,1852.0,2232.0,133.381256,34.5208321,34207,0.8297491039426523
51336321,246.0,166.0,133.393753,34.5208321,34207,1.4819277108433735
51336322,269.0,390.0,133.40625,34.5208321,34207,0.6897435897435897
51336323,688.0,1579.0,133.418747,34.5208321,34207,0.4357188093730209
51336324,1298.0,3807.0,133.431244,34.5208321,34207,0.34095087995797213
51336325,1419.0,3089.0,133.443756,34.5208321,34207,0.4593719650372289
51336330,540.0,676.0,133.381256,34.5291672,34207,0.7988165680473372
51336334,55.0,91.0,133.431244,34.5291672,34207,0.6043956043956044
51336335,1242.0,2158.0,133.443756,34.5291672,34207,0.5755329008341057
51336340,2162.0,3032.0,133.381256,34.5374985,34207,0.7130606860158312
51336341,21.0,161.0,133.393753,34.5374985,34207,0.13043478260869565
51336343,19.0,13.0,133.418747,34.5374985,34207,1.4615384615384615
51336345,112.0,134.0,133.443756,34.5374985,34207,0.835820895522388
51336350,3198.0,2719.0,133.381256,34.5458336,34207,1.17616770871644
51336351,274.0,443.0,133.393753,34.5458336,34207,0.618510158013544
51336353,376.0,1060.0,133.418747,34.5458336,34207,0.35471698113207545
51336354,100.0,236.0,133.431244,34.5458336,34207,0.423728813559322
51336355,29.0,34.0,133.443756,34.5458336,34207,0.8529411764705882
51336360,1423.0,1594.0,133.381256,34.5541649,34207,0.8927227101631117
51336361,1716.0,1973.0,133.393753,34.5541649,34207,0.8697415103902686
51336362,224.0,254.0,133.40625,34.5541649,34207,0.8818897637795275
51336363,326.0,443.0,133.418747,34.5541649,34207,0.7358916478555305
51336364,434.0,237.0,133.431244,34.5541649,34207,1.8312236286919832
51336365,12.0,20.0,133.443756,34.5541649,34207,0.6
51336370,588.0,1026.0,133.381256,34.5625,34207,0.5730994152046783
51336371,846.0,1368.0,133.393753,34.5625,34207,0.618421052631579
51336372,642.0,966.0,133.40625,34.5625,34207,0.6645962732919255
51336373,206.0,620.0,133.418747,34.5625,34207,0.33225806451612905
51336374,1094.0,186.0,133.431244,34.5625,34207,5.881720430107527
51336380,243.0,300.0,133.381256,34.5708351,34207,0.81
51336382,444.0,570.0,133.40625,34.5708351,34207,0.7789473684210526
51336383,196.0,410.0,133.418747,34.5708351,34207,0.47804878048780486
51336393,125.0,340.0,133.418747,34.5791664,34207,0.36764705882352944
51337000,96.0,95.0,133.006256,34.5875015,34462,1.0105263157894737
51337001,35.0,166.0,133.018753,34.5875015,34462,0.21084337349397592
51337002,416.0,554.0,133.03125,34.5875015,34462,0.7509025270758123
51337003,2231.0,1158.0,133.043747,34.5875015,34462,1.9265975820379966
51337004,2199.0,2049.0,133.056244,34.5875015,34462,1.0732064421669107
51337005,690.0,1006.0,133.068756,34.5875015,34462,0.6858846918489065
51337006,82.0,33.0,133.081253,34.5875015,34462,2.484848484848485
51337007,70.0,27.0,133.09375,34.5875015,34462,2.5925925925925926
51337008,167.0,181.0,133.106247,34.5875015,34462,0.9226519337016574
51337011,15.0,179.0,133.018753,34.5958328,34462,0.08379888268156424
51337012,24.0,25.0,133.03125,34.5958328,34462,0.96
51337013,186.0,500.0,133.043747,34.5958328,34462,0.372
51337016,532.0,493.0,133.081253,34.5958328,34462,1.079107505070994
51337021,15.0,26.0,133.018753,34.6041679,34462,0.5769230769230769
51337022,82.0,145.0,133.03125,34.6041679,34462,0.5655172413793104
51337026,145.0,471.0,133.081253,34.6041679,34462,0.3078556263269639
51337032,42.0,27.0,133.03125,34.6124992,34462,1.5555555555555556
51337033,12.0,21.0,133.043747,34.6124992,34462,0.5714285714285714
51337040,164.0,160.0,133.006256,34.6208344,34462,1.025
51337041,63.0,118.0,133.018753,34.6208344,34462,0.5338983050847458
51337042,36.0,27.0,133.03125,34.6208344,34462,1.3333333333333333
51337044,26.0,60.0,133.056244,34.6208344,34462,0.43333333333333335
51337045,67.0,35.0,133.068756,34.6208344,34462,1.9142857142857144
51337047,20.0,370.0,133.09375,34.6208344,34462,0.05405405405405406
51337053,51.0,49.0,133.043747,34.6291656,34462,1.0408163265306123
51337054,12.0,17.0,133.056244,34.6291656,34462,0.7058823529411765
51337055,169.0,211.0,133.068756,34.6291656,34462,0.8009478672985783
51337057,22.0,169.0,133.09375,34.6291656,34462,0.1301775147928994
51337058,144.0,497.0,133.106247,34.6291656,34462,0.289738430583501
51337060,119.0,63.0,133.006256,34.6375008,34462,1.8888888888888888
51337062,116.0,178.0,133.03125,34.6375008,34462,0.651685393258427
51337065,99.0,172.0,133.068756,34.6375008,34462,0.5755813953488372
51337068,28.0,11.0,133.106247,34.6375008,34462,2.5454545454545454
51337070,57.0,292.0,133.006256,34.6458321,34462,0.1952054794520548
51337071,11.0,28.0,133.018753,34.6458321,34462,0.39285714285714285
51337072,13.0,180.0,133.03125,34.6458321,34462,0.07222222222222222
51337074,78.0,167.0,133.056244,34.6458321,34462,0.46706586826347307
51337076,12.0,356.0,133.081253,34.6458321,34462,0.033707865168539325
51337077,38.0,85.0,133.09375,34.6458321,34462,0.4470588235294118
51337087,46.0,77.0,133.09375,34.6541672,34462,0.5974025974025974
51337089,41.0,84.0,133.118744,34.6541672,34208,0.4880952380952381
51337092,162.0,12.0,133.03125,34.6624985,34462,13.5
51337097,12.0,94.0,133.09375,34.6624985,34208,0.1276595744680851
51337105,41.0,37.0,133.193756,34.5875015,34208,1.1081081081081081
51337108,20.0,60.0,133.231247,34.5875015,34208,0.3333333333333333
51337109,1219.0,449.0,133.243744,34.5875015,34208,2.714922048997773
51337114,128.0,33.0,133.181244,34.5958328,34208,3.878787878787879
51337117,56.0,57.0,133.21875,34.5958328,34208,0.9824561403508771
51337119,245.0,219.0,133.243744,34.5958328,34208,1.1187214611872147
51337124,105.0,331.0,133.181244,34.6041679,34208,0.31722054380664655
51337134,244.0,665.0,133.181244,34.6124992,34208,0.3669172932330827
51337144,25.0,35.0,133.181244,34.6208344,34208,0.7142857142857143
51337145,196.0,265.0,133.193756,34.6208344,34208,0.7396226415094339
51337155,249.0,419.0,133.193756,34.6291656,34208,0.594272076372315
51337157,14.0,52.0,133.21875,34.6291656,34208,0.2692307692307692
51337165,12.0,78.0,133.193756,34.6375008,34208,0.15384615384615385
51337167,63.0,54.0,133.21875,34.6375008,34208,1.1666666666666667
51337174,90.0,131.0,133.181244,34.6458321,34208,0.6870229007633588
51337184,42.0,45.0,133.181244,34.6541672,34208,0.9333333333333333
51337198,16.0,18.0,133.231247,34.6624985,34545,0.8888888888888888
51337200,1141.0,238.0,133.256256,34.5875015,34207,4.794117647058823
51337201,170.0,558.0,133.268753,34.5875015,34207,0.3046594982078853
51337202,105.0,300.0,133.28125,34.5875015,34207,0.35
51337204,308.0,381.0,133.306244,34.5875015,34207,0.8083989501312336
51337206,23.0,24.0,133.331253,34.5875015,34207,0.9583333333333334
51337208,378.0,657.0,133.356247,34.5875015,34207,0.5753424657534246
51337209,180.0,120.0,133.368744,34.5875015,34207,1.5
51337210,212.0,390.0,133.256256,34.5958328,34207,0.5435897435897435
51337211,480.0,653.0,133.268753,34.5958328,34207,0.7350689127105666
51337212,92.0,10.0,133.28125,34.5958328,34207,9.2
51337214,29.0,121.0,133.306244,34.5958328,34207,0.2396694214876033
51337218,138.0,244.0,133.356247,34.5958328,34207,0.5655737704918032
51337220,130.0,193.0,133.256256,34.6041679,34207,0.6735751295336787
51337221,188.0,121.0,133.268753,34.6041679,34207,1.5537190082644627
51337224,81.0,92.0,133.306244,34.6041679,34207,0.8804347826086957
51337230,80.0,109.0,133.256256,34.6124992,34207,0.7339449541284404
51337238,42.0,18.0,133.356247,34.6124992,34207,2.3333333333333335
51337239,22.0,105.0,133.368744,34.6124992,34207,0.20952380952380953
51337300,61.0,99.0,133.381256,34.5875015,34207,0.6161616161616161
51337301,128.0,14.0,133.393753,34.5875015,34207,9.142857142857142
51337310,63.0,73.0,133.381256,34.5958328,34207,0.863013698630137
51337321,83.0,96.0,133.393753,34.6041679,34207,0.8645833333333334
51337380,35.0,163.0,133.381256,34.6541672,34207,0.2147239263803681
51337381,143.0,34.0,133.393753,34.6541672,34207,4.205882352941177
51337391,36.0,76.0,133.393753,34.6624985,34207,0.47368421052631576
52320113,32.0,21.0,132.168747,34.6791649,34369,1.5238095238095237
52320114,21.0,11.0,132.181244,34.6791649,34369,1.9090909090909092
52320143,22.0,26.0,132.168747,34.7041664,34369,0.8461538461538461
52320153,51.0,329.0,132.168747,34.7125015,34369,0.15501519756838905
52320154,28.0,18.0,132.181244,34.7125015,34369,1.5555555555555556
52320178,87.0,196.0,132.231247,34.7291679,34369,0.44387755102040816
52320179,29.0,46.0,132.243744,34.7291679,34369,0.6304347826086957
52320188,88.0,189.0,132.231247,34.7374992,34369,0.4656084656084656
52320204,28.0,40.0,132.306244,34.6708336,34368,0.7
52320262,73.0,85.0,132.28125,34.7208328,34369,0.8588235294117647
52320265,44.0,39.0,132.318756,34.7208328,34369,1.1282051282051282
52320267,114.0,20.0,132.34375,34.7208328,34369,5.7
52320270,106.0,47.0,132.256256,34.7291679,34369,2.25531914893617
52320272,347.0,68.0,132.28125,34.7291679,34369,5.102941176470588
52320275,54.0,119.0,132.318756,34.7291679,34369,0.453781512605042
52320276,80.0,70.0,132.331253,34.7291679,34369,1.1428571428571428
52320277,196.0,490.0,132.34375,34.7291679,34369,0.4
52320298,195.0,196.0,132.356247,34.7458344,34369,0.9948979591836735
52320302,310.0,355.0,132.40625,34.6708336,34369,0.8732394366197183
52320305,30.0,290.0,132.443756,34.6708336,34369,0.10344827586206896
52320309,35.0,173.0,132.493744,34.6708336,34369,0.2023121387283237
52320312,56.0,333.0,132.40625,34.6791649,34369,0.16816816816816818
52320338,131.0,21.0,132.481247,34.6958351,34369,6.238095238095238
52320344,14.0,23.0,132.431244,34.7041664,34369,0.6086956521739131
52320348,25.0,18.0,132.481247,34.7041664,34369,1.3888888888888888
52320355,79.0,86.0,132.443756,34.7125015,34369,0.9186046511627907
52320356,24.0,15.0,132.456253,34.7125015,34369,1.6
52320358,122.0,123.0,132.481247,34.7125015,34369,0.991869918699187
52320359,191.0,46.0,132.493744,34.7125015,34369,4.1521739130434785
52320399,26.0,15.0,132.493744,34.7458344,34369,1.7333333333333334
52320401,24.0,57.0,132.518753,34.6708336,34369,0.42105263157894735
52320402,1304.0,828.0,132.53125,34.6708336,34369,1.5748792270531402
52320403,1817.0,690.0,132.543747,34.6708336,34369,2.6333333333333333
52320411,219.0,73.0,132.518753,34.6791649,34369,3.0
52320412,810.0,1095.0,132.53125,34.6791649,34369,0.7397260273972602
52320413,745.0,930.0,132.543747,34.6791649,34369,0.8010752688172043
52320414,1618.0,1443.0,132.556244,34.6791649,34369,1.1212751212751213
52320415,774.0,64.0,132.568756,34.6791649,34369,12.09375
52320421,951.0,874.0,132.518753,34.6875,34369,1.0881006864988558
52320422,530.0,853.0,132.53125,34.6875,34369,0.6213364595545134
52320423,63.0,30.0,132.543747,34.6875,34369,2.1
52320424,384.0,348.0,132.556244,34.6875,34369,1.103448275862069
52320425,277.0,88.0,132.568756,34.6875,34369,3.147727272727273
52320426,18.0,13.0,132.581253,34.6875,34369,1.3846153846153846
52320431,101.0,14.0,132.518753,34.6958351,34369,7.214285714285714
52320434,187.0,154.0,132.556244,34.6958351,34369,1.2142857142857142
52320437,40.0,22.0,132.59375,34.6958351,34214,1.8181818181818181
52320438,69.0,145.0,132.606247,34.6958351,34214,0.47586206896551725
52320440,264.0,29.0,132.506256,34.7041664,34369,9.10344827586207
52320448,48.0,32.0,132.606247,34.7041664,34214,1.5
52320450,51.0,11.0,132.506256,34.7125015,34369,4.636363636363637
52320458,93.0,371.0,132.606247,34.7125015,34214,0.25067385444743934
52320459,133.0,160.0,132.618744,34.7125015,34214,0.83125
52320460,33.0,41.0,132.506256,34.7208328,34369,0.8048780487804879
52320468,11.0,172.0,132.606247,34.7208328,34214,0.06395348837209303
52320469,50.0,128.0,132.618744,34.7208328,34214,0.390625
52320471,30.0,150.0,132.518753,34.7291679,34369,0.2
52320479,11.0,85.0,132.618744,34.7291679,34214,0.12941176470588237
52320480,13.0,11.0,132.506256,34.7374992,34369,1.1818181818181819
52320481,13.0,21.0,132.518753,34.7374992,34369,0.6190476190476191
52320483,12.0,171.0,132.543747,34.7374992,34369,0.07017543859649122
52320504,80.0,62.0,132.681244,34.6708336,34214,1.2903225806451613
52320505,504.0,1162.0,132.693756,34.6708336,34214,0.43373493975903615
52320506,1834.0,1321.0,132.706253,34.6708336,34214,1.388342165026495
52320507,768.0,722.0,132.71875,34.6708336,34214,1.0637119113573408
52320509,28.0,31.0,132.743744,34.6708336,34214,0.9032258064516129
52320510,128.0,154.0,132.631256,34.6791649,34214,0.8311688311688312
52320511,146.0,209.0,132.643753,34.6791649,34214,0.6985645933014354
52320513,12.0,34.0,132.668747,34.6791649,34214,0.35294117647058826
52320514,206.0,181.0,132.681244,34.6791649,34214,1.138121546961326
52320516,17.0,16.0,132.706253,34.6791649,34214,1.0625
52320518,59.0,38.0,132.731247,34.6791649,34214,1.5526315789473684
52320519,50.0,32.0,132.743744,34.6791649,34214,1.5625
52320523,254.0,351.0,132.668747,34.6875,34214,0.7236467236467237
52320524,15.0,32.0,132.681244,34.6875,34214,0.46875
52320532,18.0,24.0,132.65625,34.6958351,34214,0.75
52320542,305.0,31.0,132.65625,34.7041664,34214,9.838709677419354
52320548,51.0,98.0,132.731247,34.7041664,34214,0.5204081632653061
52320549,161.0,207.0,132.743744,34.7041664,34214,0.7777777777777778
52320550,46.0,18.0,132.631256,34.7125015,34214,2.5555555555555554
52320552,21.0,35.0,132.65625,34.7125015,34214,0.6
52320558,11.0,33.0,132.731247,34.7125015,34214,0.3333333333333333
52320560,194.0,227.0,132.631256,34.7208328,34214,0.8546255506607929
52320561,299.0,685.0,132.643753,34.7208328,34214,0.4364963503649635
52320562,427.0,504.0,132.65625,34.7208328,34214,0.8472222222222222
52320563,301.0,120.0,132.668747,34.7208328,34214,2.5083333333333333
52320564,285.0,65.0,132.681244,34.7208328,34214,4.384615384615385
52320569,33.0,11.0,132.743744,34.7208328,34214,3.0
52320570,202.0,151.0,132.631256,34.7291679,34214,1.3377483443708609
52320571,30.0,30.0,132.643753,34.7291679,34214,1.0
52320575,131.0,86.0,132.693756,34.7291679,34214,1.5232558139534884
52320576,46.0,15.0,132.706253,34.7291679,34214,3.066666666666667
52320585,54.0,41.0,132.693756,34.7374992,34214,1.3170731707317074
52320586,139.0,165.0,132.706253,34.7374992,34214,0.8424242424242424
52320587,28.0,26.0,132.71875,34.7374992,34214,1.0769230769230769
52320589,256.0,230.0,132.743744,34.7374992,34214,1.1130434782608696
52320598,151.0,10.0,132.731247,34.7458344,34214,15.1
52320605,474.0,22.0,132.818756,34.6708336,34209,21.545454545454547
52320606,418.0,201.0,132.831253,34.6708336,34209,2.0796019900497513
52320608,271.0,499.0,132.856247,34.6708336,34209,0.5430861723446894
52320609,24.0,70.0,132.868744,34.6708336,34209,0.34285714285714286
52320614,18.0,29.0,132.806244,34.6791649,34209,0.6206896551724138
52320620,255.0,358.0,132.756256,34.6875,34214,0.7122905027932961
52320624,39.0,109.0,132.806244,34.6875,34214,0.3577981651376147
52320626,10.0,10.0,132.831253,34.6875,34209,1.0
52320627,108.0,11.0,132.84375,34.6875,34209,9.818181818181818
52320630,1212.0,1106.0,132.756256,34.6958351,34214,1.0958408679927667
52320631,164.0,177.0,132.768753,34.6958351,34214,0.9265536723163842
52320636,94.0,145.0,132.831253,34.6958351,34209,0.6482758620689655
52320640,291.0,411.0,132.756256,34.7041664,34214,0.708029197080292
52320641,200.0,496.0,132.768753,34.7041664,34214,0.4032258064516129
52320649,138.0,131.0,132.868744,34.7041664,34209,1.0534351145038168
52320650,50.0,102.0,132.756256,34.7125015,34214,0.49019607843137253
52320651,609.0,437.0,132.768753,34.7125015,34214,1.3935926773455378
52320652,12.0,14.0,132.78125,34.7125015,34209,0.8571428571428571
52320661,85.0,39.0,132.768753,34.7208328,34214,2.1794871794871793
52320662,128.0,105.0,132.78125,34.7208328,34209,1.2190476190476192
52320672,112.0,100.0,132.78125,34.7291679,34214,1.12
52320673,35.0,99.0,132.793747,34.7291679,34209,0.35353535353535354
52320675,40.0,60.0,132.818756,34.7291679,34209,0.6666666666666666
52320682,55.0,216.0,132.78125,34.7374992,34214,0.25462962962962965
52320683,283.0,165.0,132.793747,34.7374992,34209,1.715151515151515
52320684,78.0,67.0,132.806244,34.7374992,34209,1.164179104477612
52320693,270.0,91.0,132.793747,34.7458344,34209,2.967032967032967
52320694,189.0,227.0,132.806244,34.7458344,34209,0.8325991189427313
52320723,88.0,25.0,132.918747,34.6875,34209,3.52
52320748,25.0,32.0,132.981247,34.7041664,34209,0.78125
52320758,34.0,81.0,132.981247,34.7125015,34209,0.41975308641975306
52320759,71.0,238.0,132.993744,34.7125015,34209,0.29831932773109243
52320761,78.0,16.0,132.893753,34.7208328,34209,4.875
52320769,669.0,359.0,132.993744,34.7208328,34209,1.8635097493036212
52320778,339.0,12.0,132.981247,34.7291679,34209,28.25
52320779,244.0,516.0,132.993744,34.7291679,34209,0.4728682170542636
52320787,42.0,19.0,132.96875,34.7374992,34209,2.210526315789474
52320788,145.0,26.0,132.981247,34.7374992,34209,5.576923076923077
52320791,31.0,162.0,132.893753,34.7458344,34209,0.19135802469135801
52320792,60.0,171.0,132.90625,34.7458344,34209,0.3508771929824561
52320796,77.0,74.0,132.956253,34.7458344,34209,1.0405405405405406
52320797,193.0,401.0,132.96875,34.7458344,34209,0.48129675810473815
52320798,88.0,23.0,132.981247,34.7458344,34209,3.8260869565217392
52321209,14.0,12.0,132.368744,34.7541656,34369,1.1666666666666667
52321235,46.0,92.0,132.318756,34.7791672,34369,0.5
52321306,16.0,16.0,132.456253,34.7541656,34369,1.0
52321309,91.0,60.0,132.493744,34.7541656,34369,1.5166666666666666
52321316,29.0,17.0,132.456253,34.7625008,34369,1.7058823529411764
52321318,109.0,67.0,132.481247,34.7625008,34369,1.626865671641791
52321319,371.0,356.0,132.493744,34.7625008,34369,1.0421348314606742
52321326,110.0,26.0,132.456253,34.7708321,34369,4.230769230769231
52321327,405.0,226.0,132.46875,34.7708321,34369,1.7920353982300885
52321328,139.0,79.0,132.481247,34.7708321,34369,1.759493670886076
52321334,80.0,78.0,132.431244,34.7791672,34369,1.0256410256410255
52321335,102.0,165.0,132.443756,34.7791672,34369,0.6181818181818182
52321336,55.0,21.0,132.456253,34.7791672,34369,2.619047619047619
52321337,32.0,10.0,132.46875,34.7791672,34369,3.2
52321345,168.0,243.0,132.443756,34.7874985,34369,0.691358024691358
52321348,11.0,177.0,132.481247,34.7874985,34369,0.062146892655367235
52321354,57.0,103.0,132.431244,34.7958336,34369,0.5533980582524272
52321410,30.0,46.0,132.506256,34.7625008,34369,0.6521739130434783
52321417,24.0,59.0,132.59375,34.7625008,34214,0.4067796610169492
52321421,44.0,183.0,132.518753,34.7708321,34369,0.24043715846994534
52321428,166.0,40.0,132.606247,34.7708321,34214,4.15
52321430,70.0,128.0,132.506256,34.7791672,34369,0.546875
52321431,55.0,18.0,132.518753,34.7791672,34369,3.0555555555555554
52321438,107.0,272.0,132.606247,34.7791672,34214,0.39338235294117646
52321507,77.0,218.0,132.71875,34.7541656,34214,0.3532110091743119
52321509,53.0,12.0,132.743744,34.7541656,34214,4.416666666666667
52321514,40.0,20.0,132.681244,34.7625008,34214,2.0
52321523,56.0,76.0,132.668747,34.7708321,34214,0.7368421052631579
52321526,33.0,31.0,132.706253,34.7708321,34214,1.064516129032258
52321527,69.0,18.0,132.71875,34.7708321,34214,3.8333333333333335
52321533,69.0,104.0,132.668747,34.7791672,34214,0.6634615384615384
52321535,56.0,135.0,132.693756,34.7791672,34214,0.4148148148148148
52321539,23.0,10.0,132.743744,34.7791672,34214,2.3
52321557,58.0,94.0,132.71875,34.7958336,34214,0.6170212765957447
52321575,31.0,70.0,132.693756,34.8125,34214,0.44285714285714284
52321583,83.0,15.0,132.668747,34.8208351,34214,5.533333333333333
52321596,19.0,39.0,132.706253,34.8291664,34214,0.48717948717948717
52321597,31.0,22.0,132.71875,34.8291664,34214,1.4090909090909092
52321598,19.0,16.0,132.731247,34.8291664,34209,1.1875
52321604,24.0,28.0,132.806244,34.7541656,34209,0.8571428571428571
52321605,14.0,16.0,132.818756,34.7541656,34209,0.875
52321612,81.0,10.0,132.78125,34.7625008,34209,8.1
52321613,43.0,50.0,132.793747,34.7625008,34209,0.86
52321614,34.0,11.0,132.806244,34.7625008,34209,3.090909090909091
52321615,92.0,106.0,132.818756,34.7625008,34209,0.8679245283018868
52321619,14.0,16.0,132.868744,34.7625008,34209,0.875
52321623,37.0,17.0,132.793747,34.7708321,34209,2.176470588235294
52321624,56.0,30.0,132.806244,34.7708321,34209,1.8666666666666667
52321625,257.0,252.0,132.818756,34.7708321,34209,1.0198412698412698
52321626,122.0,22.0,132.831253,34.7708321,34209,5.545454545454546
52321636,282.0,204.0,132.831253,34.7791672,34209,1.3823529411764706
52321637,145.0,13.0,132.84375,34.7791672,34209,11.153846153846153
52321639,2793.0,1882.0,132.868744,34.7791672,34209,1.4840595111583421
52321646,78.0,19.0,132.831253,34.7874985,34209,4.105263157894737
52321647,59.0,32.0,132.84375,34.7874985,34209,1.84375
52321648,1015.0,490.0,132.856247,34.7874985,34209,2.0714285714285716
52321649,1476.0,829.0,132.868744,34.7874985,34209,1.7804583835946923
52321652,103.0,161.0,132.78125,34.7958336,34209,0.639751552795031
52321656,134.0,37.0,132.831253,34.7958336,34209,3.6216216216216215
52321657,366.0,1099.0,132.84375,34.7958336,34209,0.3330300272975432
52321658,904.0,1629.0,132.856247,34.7958336,34209,0.5549416820135052
52321659,501.0,546.0,132.868744,34.7958336,34209,0.9175824175824175
52321661,60.0,75.0,132.768753,34.8041649,34214,0.8
52321666,90.0,31.0,132.831253,34.8041649,34209,2.903225806451613
52321667,1719.0,1744.0,132.84375,34.8041649,34209,0.9856651376146789
52321668,8005.0,6241.0,132.856247,34.8041649,34209,1.2826470116968434
52321669,2849.0,2329.0,132.868744,34.8041649,34209,1.223271790468012
52321676,615.0,833.0,132.831253,34.8125,34209,0.7382953181272509
52321677,1870.0,2232.0,132.84375,34.8125,34209,0.8378136200716846
52321678,1697.0,1735.0,132.856247,34.8125,34209,0.9780979827089337
52321679,1159.0,1794.0,132.868744,34.8125,34209,0.6460423634336678
52321685,101.0,72.0,132.818756,34.8208351,34209,1.4027777777777777
52321686,95.0,418.0,132.831253,34.8208351,34209,0.22727272727272727
52321687,128.0,104.0,132.84375,34.8208351,34209,1.2307692307692308
52321694,68.0,81.0,132.806244,34.8291664,34209,0.8395061728395061
52321697,151.0,130.0,132.84375,34.8291664,34209,1.1615384615384616
52321698,26.0,25.0,132.856247,34.8291664,34209,1.04
52321702,122.0,391.0,132.90625,34.7541656,34209,0.31202046035805625
52321703,111.0,74.0,132.918747,34.7541656,34209,1.5
52321705,52.0,20.0,132.943756,34.7541656,34209,2.6
52321706,63.0,30.0,132.956253,34.7541656,34209,2.1
52321707,70.0,80.0,132.96875,34.7541656,34209,0.875
52321710,11.0,29.0,132.881256,34.7625008,34209,0.3793103448275862
52321713,52.0,10.0,132.918747,34.7625008,34209,5.2
52321715,199.0,166.0,132.943756,34.7625008,34209,1.1987951807228916
52321716,698.0,821.0,132.956253,34.7625008,34209,0.8501827040194885
52321717,138.0,150.0,132.96875,34.7625008,34209,0.92
52321718,10.0,20.0,132.981247,34.7625008,34209,0.5
52321719,118.0,165.0,132.993744,34.7625008,34209,0.7151515151515152
52321720,54.0,214.0,132.881256,34.7708321,34209,0.2523364485981308
52321721,75.0,40.0,132.893753,34.7708321,34209,1.875
52321723,374.0,445.0,132.918747,34.7708321,34209,0.8404494382022472
52321724,164.0,168.0,132.931244,34.7708321,34209,0.9761904761904762
52321725,67.0,36.0,132.943756,34.7708321,34209,1.8611111111111112
52321726,84.0,142.0,132.956253,34.7708321,34209,0.5915492957746479
52321727,359.0,73.0,132.96875,34.7708321,34209,4.917808219178082
52321730,642.0,886.0,132.881256,34.7791672,34209,0.7246049661399548
52321731,306.0,368.0,132.893753,34.7791672,34209,0.8315217391304348
52321732,259.0,737.0,132.90625,34.7791672,34209,0.3514246947082768
52321733,328.0,584.0,132.918747,34.7791672,34209,0.5616438356164384
52321734,145.0,292.0,132.931244,34.7791672,34209,0.4965753424657534
52321739,43.0,24.0,132.993744,34.7791672,34209,1.7916666666666667
52321740,3703.0,461.0,132.881256,34.7874985,34209,8.032537960954446
52321741,451.0,25.0,132.893753,34.7874985,34209,18.04
52321742,109.0,311.0,132.90625,34.7874985,34209,0.3504823151125402
52321743,60.0,34.0,132.918747,34.7874985,34209,1.7647058823529411
52321745,32.0,29.0,132.943756,34.7874985,34209,1.103448275862069
52321746,11.0,81.0,132.956253,34.7874985,34209,0.13580246913580246
52321748,126.0,244.0,132.981247,34.7874985,34209,0.5163934426229508
52321750,629.0,424.0,132.881256,34.7958336,34209,1.4834905660377358
52321751,181.0,28.0,132.893753,34.7958336,34209,6.464285714285714
52321753,207.0,118.0,132.918747,34.7958336,34209,1.7542372881355932
52321754,34.0,81.0,132.931244,34.7958336,34209,0.41975308641975306
52321756,124.0,148.0,132.956253,34.7958336,34209,0.8378378378378378
52321758,24.0,10.0,132.981247,34.7958336,34209,2.4
52321760,2345.0,2359.0,132.881256,34.8041649,34209,0.9940652818991098
52321761,729.0,1423.0,132.893753,34.8041649,34209,0.5122979620520028
52321762,383.0,354.0,132.90625,34.8041649,34209,1.0819209039548023
52321763,260.0,515.0,132.918747,34.8041649,34209,0.5048543689320388
52321764,40.0,212.0,132.931244,34.8041649,34209,0.18867924528301888
52321770,1433.0,2281.0,132.881256,34.8125,34209,0.628233231039018
52321771,269.0,1029.0,132.893753,34.8125,34209,0.26141885325558795
52321773,13.0,161.0,132.918747,34.8125,34209,0.08074534161490683
52321774,272.0,224.0,132.931244,34.8125,34209,1.2142857142857142
52321779,190.0,182.0,132.993744,34.8125,34210,1.043956043956044
52321784,46.0,26.0,132.931244,34.8208351,34210,1.7692307692307692
52321785,40.0,10.0,132.943756,34.8208351,34210,4.0
52321788,499.0,84.0,132.981247,34.8208351,34210,5.940476190476191
52321792,13.0,12.0,132.90625,34.8291664,34209,1.0833333333333333
52321795,110.0,115.0,132.943756,34.8291664,34210,0.9565217391304348
52321796,199.0,80.0,132.956253,34.8291664,34210,2.4875
52321798,784.0,347.0,132.981247,34.8291664,34210,2.2593659942363113
52322507,10.0,14.0,132.71875,34.8375015,34214,0.7142857142857143
52322546,183.0,38.0,132.706253,34.8708344,34209,4.815789473684211
52322547,168.0,146.0,132.71875,34.8708344,34209,1.1506849315068493
52322558,69.0,112.0,132.731247,34.8791656,34209,0.6160714285714286
52322569,27.0,18.0,132.743744,34.8875008,34209,1.5
52322573,33.0,22.0,132.668747,34.8958321,34209,1.5
52322574,33.0,13.0,132.681244,34.8958321,34209,2.5384615384615383
52322587,11.0,114.0,132.71875,34.9041672,34209,0.09649122807017543
52322604,54.0,38.0,132.806244,34.8375015,34209,1.4210526315789473
52322608,148.0,154.0,132.856247,34.8375015,34209,0.961038961038961
52322614,134.0,29.0,132.806244,34.8458328,34209,4.620689655172414
52322623,48.0,16.0,132.793747,34.8541679,34209,3.0
52322633,86.0,71.0,132.793747,34.8624992,34209,1.2112676056338028
52322637,152.0,161.0,132.84375,34.8624992,34209,0.9440993788819876
52322643,49.0,162.0,132.793747,34.8708344,34209,0.30246913580246915
52322644,12.0,153.0,132.806244,34.8708344,34209,0.0784313725490196
52322647,40.0,131.0,132.84375,34.8708344,34209,0.3053435114503817
52322652,211.0,115.0,132.78125,34.8791656,34209,1.8347826086956522
52322653,114.0,23.0,132.793747,34.8791656,34209,4.956521739130435
52322656,27.0,127.0,132.831253,34.8791656,34209,0.2125984251968504
52322657,107.0,248.0,132.84375,34.8791656,34209,0.4314516129032258
52322658,35.0,170.0,132.856247,34.8791656,34209,0.20588235294117646
52322662,85.0,70.0,132.78125,34.8875008,34209,1.2142857142857142
52322667,60.0,159.0,132.84375,34.8875008,34209,0.37735849056603776
52322678,34.0,51.0,132.856247,34.8958321,34209,0.6666666666666666
52322706,49.0,48.0,132.956253,34.8375015,34210,1.0208333333333333
52322707,328.0,240.0,132.96875,34.8375015,34210,1.3666666666666667
52322709,175.0,113.0,132.993744,34.8375015,34210,1.5486725663716814
52322713,10.0,35.0,132.918747,34.8458328,34210,0.2857142857142857
52322718,153.0,453.0,132.981247,34.8458328,34210,0.33774834437086093
52322719,77.0,170.0,132.993744,34.8458328,34210,0.45294117647058824
52322721,62.0,76.0,132.893753,34.8541679,34210,0.8157894736842105
52322727,69.0,20.0,132.96875,34.8541679,34210,3.45
52322729,316.0,548.0,132.993744,34.8541679,34210,0.5766423357664233
52322732,38.0,44.0,132.90625,34.8624992,34210,0.8636363636363636
52322738,88.0,142.0,132.981247,34.8624992,34210,0.6197183098591549
52322759,195.0,270.0,132.993744,34.8791656,34210,0.7222222222222222
52322762,15.0,179.0,132.90625,34.8875008,34210,0.08379888268156424
52322763,202.0,79.0,132.918747,34.8875008,34210,2.5569620253164556
52322781,147.0,353.0,132.893753,34.9041672,34210,0.4164305949008499
52322790,233.0,199.0,132.881256,34.9124985,34210,1.170854271356784
52322792,17.0,74.0,132.90625,34.9124985,34210,0.22972972972972974
52322794,91.0,101.0,132.931244,34.9124985,34210,0.900990099009901
52323538,105.0,146.0,132.731247,34.9458351,34209,0.7191780821917808
52323616,28.0,12.0,132.831253,34.9291649,34209,2.3333333333333335
52323629,177.0,220.0,132.868744,34.9375,34210,0.8045454545454546
52323635,20.0,125.0,132.818756,34.9458351,34209,0.16
52323789,191.0,309.0,132.993744,34.9874992,34210,0.6181229773462783
52324720,316.0,103.0,132.881256,35.0208321,34210,3.0679611650485437
52324730,37.0,39.0,132.881256,35.0291672,34210,0.9487179487179487
52324731,33.0,35.0,132.893753,35.0291672,34210,0.9428571428571428
52324741,28.0,13.0,132.893753,35.0374985,34210,2.1538461538461537
52324742,156.0,199.0,132.90625,35.0374985,34210,0.7839195979899497
52324744,10.0,29.0,132.931244,35.0374985,34210,0.3448275862068966
52324746,28.0,34.0,132.956253,35.0374985,34210,0.8235294117647058
52324752,121.0,202.0,132.90625,35.0458336,34210,0.599009900990099
52324772,53.0,23.0,132.90625,35.0625,34210,2.3043478260869565
52324773,24.0,158.0,132.918747,35.0625,34210,0.1518987341772152
52324782,175.0,252.0,132.90625,35.0708351,34210,0.6944444444444444
52325702,88.0,221.0,132.90625,35.0875015,34210,0.39819004524886875
52330008,14.0,25.0,133.106247,34.6708336,34208,0.56
52330009,71.0,173.0,133.118744,34.6708336,34208,0.41040462427745666
52330015,333.0,468.0,133.068756,34.6791649,34209,0.7115384615384616
52330019,463.0,82.0,133.118744,34.6791649,34208,5.646341463414634
52330025,45.0,167.0,133.068756,34.6875,34209,0.2694610778443114
52330026,38.0,28.0,133.081253,34.6875,34209,1.3571428571428572
52330029,232.0,235.0,133.118744,34.6875,34208,0.9872340425531915
52330031,14.0,161.0,133.018753,34.6958351,34209,0.08695652173913043
52330036,106.0,94.0,133.081253,34.6958351,34209,1.127659574468085
52330039,1000.0,468.0,133.118744,34.6958351,34208,2.1367521367521367
52330042,21.0,16.0,133.03125,34.7041664,34209,1.3125
52330043,175.0,218.0,133.043747,34.7041664,34209,0.8027522935779816
52330045,65.0,43.0,133.068756,34.7041664,34209,1.5116279069767442
52330046,407.0,591.0,133.081253,34.7041664,34209,0.688663282571912
52330048,367.0,84.0,133.106247,34.7041664,34208,4.369047619047619
52330050,29.0,172.0,133.006256,34.7125015,34209,0.1686046511627907
52330054,96.0,242.0,133.056244,34.7125015,34209,0.39669421487603307
52330058,16.0,144.0,133.106247,34.7125015,34208,0.1111111111111111
52330069,20.0,136.0,133.118744,34.7208328,34208,0.14705882352941177
52330071,54.0,70.0,133.018753,34.7291679,34209,0.7714285714285715
52330077,39.0,30.0,133.09375,34.7291679,34209,1.3
52330084,28.0,23.0,133.056244,34.7374992,34209,1.2173913043478262
52330092,37.0,23.0,133.03125,34.7458344,34209,1.608695652173913
52330100,15.0,146.0,133.131256,34.6708336,34208,0.10273972602739725
52330106,27.0,70.0,133.206253,34.6708336,34545,0.38571428571428573
52330111,22.0,305.0,133.143753,34.6791649,34208,0.07213114754098361
52330115,59.0,61.0,133.193756,34.6791649,34545,0.9672131147540983
52330116,81.0,434.0,133.206253,34.6791649,34545,0.18663594470046083
52330117,78.0,32.0,133.21875,34.6791649,34545,2.4375
52330120,26.0,19.0,133.131256,34.6875,34208,1.368421052631579
52330124,171.0,119.0,133.181244,34.6875,34208,1.4369747899159664
52330125,21.0,11.0,133.193756,34.6875,34208,1.9090909090909092
52330128,57.0,118.0,133.231247,34.6875,34545,0.4830508474576271
52330130,362.0,183.0,133.131256,34.6958351,34208,1.9781420765027322
52330137,172.0,13.0,133.21875,34.6958351,34545,13.23076923076923
52330139,363.0,806.0,133.243744,34.6958351,34545,0.45037220843672454
52330140,86.0,19.0,133.131256,34.7041664,34208,4.526315789473684
52330146,47.0,61.0,133.206253,34.7041664,34545,0.7704918032786885
52330149,363.0,388.0,133.243744,34.7041664,34545,0.9355670103092784
52330172,127.0,56.0,133.15625,34.7291679,34208,2.267857142857143
52330181,153.0,359.0,133.143753,34.7374992,34208,0.42618384401114207
52330191,131.0,126.0,133.143753,34.7458344,34208,1.0396825396825398
52330203,64.0,19.0,133.293747,34.6708336,34545,3.3684210526315788
52330213,151.0,159.0,133.293747,34.6791649,34545,0.949685534591195
52330214,38.0,10.0,133.306244,34.6791649,34545,3.8
52330215,55.0,10.0,133.318756,34.6791649,34545,5.5
52330223,90.0,104.0,133.293747,34.6875,34545,0.8653846153846154
52330230,154.0,20.0,133.256256,34.6958351,34545,7.7
52330235,36.0,53.0,133.318756,34.6958351,34545,0.6792452830188679
52330240,496.0,89.0,133.256256,34.7041664,34545,5.573033707865169
52330282,108.0,258.0,133.28125,34.7374992,34545,0.4186046511627907
52330283,211.0,105.0,133.293747,34.7374992,34545,2.0095238095238095
52330284,119.0,164.0,133.306244,34.7374992,34545,0.725609756097561
52330285,47.0,46.0,133.318756,34.7374992,34545,1.0217391304347827
52330291,12.0,10.0,133.268753,34.7458344,34545,1.2
52330292,35.0,74.0,133.28125,34.7458344,34545,0.47297297297297297
52330295,82.0,228.0,133.318756,34.7458344,34545,0.35964912280701755
52331044,85.0,165.0,133.056244,34.7874985,34210,0.5151515151515151
52331045,45.0,14.0,133.068756,34.7874985,34210,3.2142857142857144
52331059,93.0,140.0,133.118744,34.7958336,34210,0.6642857142857143
52331069,44.0,38.0,133.118744,34.8041649,34210,1.1578947368421053
52331071,28.0,442.0,133.018753,34.8125,34210,0.06334841628959276
52331080,88.0,47.0,133.006256,34.8208351,34210,1.872340425531915
52331081,227.0,23.0,133.018753,34.8208351,34210,9.869565217391305
52331083,147.0,68.0,133.043747,34.8208351,34210,2.161764705882353
52331085,15.0,32.0,133.068756,34.8208351,34210,0.46875
52331090,260.0,407.0,133.006256,34.8291664,34210,0.6388206388206388
52331098,87.0,146.0,133.106247,34.8291664,34210,0.5958904109589042
52331125,15.0,16.0,133.193756,34.7708321,34545,0.9375
52331133,13.0,11.0,133.168747,34.7791672,34545,1.1818181818181819
52331134,14.0,21.0,133.181244,34.7791672,34545,0.6666666666666666
52331136,193.0,284.0,133.206253,34.7791672,34545,0.6795774647887324
52331143,17.0,10.0,133.168747,34.7874985,34545,1.7
52331157,15.0,45.0,133.21875,34.7958336,34545,0.3333333333333333
52331163,199.0,12.0,133.168747,34.8041649,34545,16.583333333333332
52331193,22.0,75.0,133.168747,34.8291664,34545,0.29333333333333333
52331197,21.0,164.0,133.21875,34.8291664,34545,0.12804878048780488
52331202,20.0,28.0,133.28125,34.7541656,34545,0.7142857142857143
52331212,56.0,183.0,133.28125,34.7625008,34545,0.30601092896174864
52331216,18.0,214.0,133.331253,34.7625008,34545,0.08411214953271028
52331222,91.0,69.0,133.28125,34.7708321,34545,1.318840579710145
52331224,49.0,208.0,133.306244,34.7708321,34545,0.23557692307692307
52331227,114.0,151.0,133.34375,34.7708321,34545,0.7549668874172185
52331231,121.0,64.0,133.268753,34.7791672,34545,1.890625
52331232,488.0,336.0,133.28125,34.7791672,34545,1.4523809523809523
52331233,24.0,35.0,133.293747,34.7791672,34545,0.6857142857142857
52331234,27.0,29.0,133.306244,34.7791672,34545,0.9310344827586207
52331235,21.0,20.0,133.318756,34.7791672,34545,1.05
52331237,52.0,74.0,133.34375,34.7791672,34545,0.7027027027027027
52331241,372.0,409.0,133.268753,34.7874985,34545,0.9095354523227384
52331242,47.0,280.0,133.28125,34.7874985,34545,0.16785714285714284
52331244,10.0,11.0,133.306244,34.7874985,34545,0.9090909090909091
52331246,30.0,143.0,133.331253,34.7874985,34545,0.2097902097902098
52331250,202.0,401.0,133.256256,34.7958336,34545,0.5037406483790524
52331253,129.0,10.0,133.293747,34.7958336,34545,12.9
52331257,74.0,61.0,133.34375,34.7958336,34545,1.2131147540983607
52331281,167.0,240.0,133.268753,34.8208351,34545,0.6958333333333333
52331291,156.0,180.0,133.268753,34.8291664,34545,0.8666666666666667
52332000,75.0,223.0,133.006256,34.8375015,34210,0.336322869955157
52332001,279.0,373.0,133.018753,34.8375015,34210,0.7479892761394102
52332002,516.0,167.0,133.03125,34.8375015,34210,3.089820359281437
52332003,67.0,28.0,133.043747,34.8375015,34210,2.392857142857143
52332006,50.0,35.0,133.081253,34.8375015,34210,1.4285714285714286
52332010,84.0,24.0,133.006256,34.8458328,34210,3.5
52332011,1874.0,1649.0,133.018753,34.8458328,34210,1.1364463311097635
52332012,331.0,333.0,133.03125,34.8458328,34210,0.993993993993994
52332013,36.0,10.0,133.043747,34.8458328,34210,3.6
52332016,166.0,332.0,133.081253,34.8458328,34210,0.5
52332020,3585.0,3015.0,133.006256,34.8541679,34210,1.1890547263681592
52332021,4189.0,3409.0,133.018753,34.8541679,34210,1.2288061014960399
52332022,288.0,193.0,133.03125,34.8541679,34210,1.4922279792746114
52332023,181.0,447.0,133.043747,34.8541679,34210,0.40492170022371365
52332027,48.0,36.0,133.09375,34.8541679,34210,1.3333333333333333
52332030,2030.0,1300.0,133.006256,34.8624992,34210,1.5615384615384615
52332031,1864.0,2154.0,133.018753,34.8624992,34210,0.8653667595171773
52332032,84.0,191.0,133.03125,34.8624992,34210,0.4397905759162304
52332033,54.0,27.0,133.043747,34.8624992,34210,2.0
52332034,95.0,179.0,133.056244,34.8624992,34210,0.5307262569832403
52332038,22.0,25.0,133.106247,34.8624992,34210,0.88
52332040,269.0,725.0,133.006256,34.8708344,34210,0.37103448275862067
52332042,38.0,35.0,133.03125,34.8708344,34210,1.0857142857142856
52332044,46.0,76.0,133.056244,34.8708344,34210,0.6052631578947368
52332050,222.0,335.0,133.006256,34.8791656,34210,0.6626865671641791
52332055,175.0,159.0,133.068756,34.8791656,34210,1.10062893081761
52332060,82.0,252.0,133.006256,34.8875008,34210,0.3253968253968254
52332065,19.0,212.0,133.068756,34.8875008,34210,0.08962264150943396
52332066,26.0,306.0,133.081253,34.8875008,34210,0.08496732026143791
52332070,11.0,19.0,133.006256,34.8958321,34210,0.5789473684210527
52332081,31.0,25.0,133.018753,34.9041672,34210,1.24
52332085,54.0,54.0,133.068756,34.9041672,34210,1.0
52332087,65.0,60.0,133.09375,34.9041672,34210,1.0833333333333333
52332098,45.0,107.0,133.106247,34.9124985,34210,0.4205607476635514
52332103,32.0,166.0,133.168747,34.8375015,34545,0.1927710843373494
52332106,55.0,11.0,133.206253,34.8375015,34545,5.0
52332107,37.0,121.0,133.21875,34.8375015,34545,0.30578512396694213
52332117,114.0,121.0,133.21875,34.8458328,34545,0.9421487603305785
52332118,389.0,283.0,133.231247,34.8458328,34210,1.3745583038869258
52332128,30.0,115.0,133.231247,34.8541679,34210,0.2608695652173913
52332129,192.0,154.0,133.243744,34.8541679,34210,1.2467532467532467
52332140,14.0,18.0,133.131256,34.8708344,34210,0.7777777777777778
52332178,14.0,25.0,133.231247,34.8958321,34210,0.56
52332179,56.0,260.0,133.243744,34.8958321,34210,0.2153846153846154
52332198,152.0,321.0,133.231247,34.9124985,34210,0.4735202492211838
52332201,12.0,10.0,133.268753,34.8375015,34210,1.2
52332211,73.0,144.0,133.268753,34.8458328,34210,0.5069444444444444
52332230,30.0,33.0,133.256256,34.8624992,34210,0.9090909090909091
52332240,24.0,26.0,133.256256,34.8708344,34210,0.9230769230769231
52332251,65.0,48.0,133.268753,34.8791656,34210,1.3541666666666667
52332261,250.0,198.0,133.268753,34.8875008,34210,1.2626262626262625
52332262,705.0,145.0,133.28125,34.8875008,34210,4.862068965517241
52332270,50.0,83.0,133.256256,34.8958321,34210,0.6024096385542169
52332271,978.0,906.0,133.268753,34.8958321,34210,1.0794701986754967
52332272,1372.0,1244.0,133.28125,34.8958321,34210,1.1028938906752412
52332281,699.0,1490.0,133.268753,34.9041672,34210,0.4691275167785235
52332282,71.0,54.0,133.28125,34.9041672,34210,1.3148148148148149
52332283,144.0,27.0,133.293747,34.9041672,34210,5.333333333333333
52332290,111.0,354.0,133.256256,34.9124985,34210,0.3135593220338983
52333009,47.0,62.0,133.118744,34.9208336,34210,0.7580645161290323
52333018,19.0,105.0,133.106247,34.9291649,34210,0.18095238095238095
52333019,286.0,180.0,133.118744,34.9291649,34210,1.5888888888888888
52333028,33.0,221.0,133.106247,34.9375,34210,0.1493212669683258
52333029,638.0,765.0,133.118744,34.9375,34210,0.8339869281045752
52333039,173.0,231.0,133.118744,34.9458351,34210,0.7489177489177489
52333049,229.0,305.0,133.118744,34.9541664,34210,0.7508196721311475
52333080,14.0,12.0,133.006256,34.9874992,34210,1.1666666666666667
52333081,77.0,105.0,133.018753,34.9874992,34210,0.7333333333333333
52333091,68.0,219.0,133.018753,34.9958344,34210,0.3105022831050228
52333108,29.0,17.0,133.231247,34.9208336,34210,1.7058823529411764
52333118,219.0,341.0,133.231247,34.9291649,34210,0.6422287390029325
52333127,20.0,34.0,133.21875,34.9375,34210,0.5882352941176471
52333128,146.0,179.0,133.231247,34.9375,34210,0.8156424581005587
52333135,12.0,96.0,133.193756,34.9458351,34210,0.125
52333137,441.0,500.0,133.21875,34.9458351,34210,0.882
52333140,84.0,202.0,133.131256,34.9541664,34210,0.4158415841584158
52333157,16.0,13.0,133.21875,34.9625015,34210,1.2307692307692308
52333158,78.0,106.0,133.231247,34.9625015,34210,0.7358490566037735
52333177,38.0,25.0,133.21875,34.9791679,34210,1.52
52333178,19.0,85.0,133.231247,34.9791679,34210,0.2235294117647059
52333179,15.0,179.0,133.243744,34.9791679,34210,0.08379888268156424
52333201,67.0,170.0,133.268753,34.9208336,34210,0.3941176470588235
52334059,99.0,103.0,133.118744,35.0458336,34210,0.9611650485436893
52334102,27.0,13.0,133.15625,35.0041656,34210,2.076923076923077
52334106,173.0,178.0,133.206253,35.0041656,34210,0.9719101123595506
52334112,107.0,153.0,133.15625,35.0125008,34210,0.6993464052287581
52334132,13.0,17.0,133.15625,35.0291672,34210,0.7647058823529411
52334133,52.0,75.0,133.168747,35.0291672,34210,0.6933333333333334
52334155,21.0,167.0,133.193756,35.0458336,34210,0.12574850299401197
52334164,60.0,37.0,133.181244,35.0541649,34210,1.6216216216216217
52334165,14.0,19.0,133.193756,35.0541649,34210,0.7368421052631579
