mesh1kmid,hol_day,hol_night,wd_day,wd_night,x,y,volume,lon_center,lat_center,citycode,signature,in_window,in_city
51320461,28.11111111111111,23.833333333333332,15.714285714285714,11.666666666666666,0.42968427524324515,0.8390637817849423,79.32539682539682,132.518753,34.0541649,34202,leisure,False,False
51320472,15.6,11.333333333333334,11.5,10.0,0.2016338611696504,0.4399121679178731,48.43333333333334,132.53125,34.0625,34202,mixed,False,False
51320482,14.2,13.0,21.75,12.0,0.8579809951275721,-0.6151244712314087,60.95,132.53125,34.0708351,34202,office,False,False
51320483,112.75,164.5,26.11111111111111,163.41666666666666,-2.645819374348305,2.1103916781326935,466.77777777777777,132.543747,34.0708351,34202,leisure,False,False
51320493,22.857142857142858,23.2,10.333333333333334,27.0,-1.3856536924977494,1.145339363164039,83.39047619047619,132.543747,34.0791664,34202,leisure,False,False
51321306,42.18181818181818,24.428571428571427,18.8,14.0,0.42530583473267103,1.1658886196999998,99.4103896103896,132.456253,34.0875015,34202,leisure,False,False
51321307,63.2,131.88888888888889,38.0,120.8,-1.6685491309941312,0.7339251398461552,353.8888888888889,132.46875,34.0875015,34202,leisure,False,False
51321308,45.25,21.0,42.3,21.333333333333332,0.9875482589537434,0.09726012885061804,129.88333333333333,132.481247,34.0875015,34202,office,False,False
51321309,14.0,13.5,10.0,14.5,-0.5360529002402097,0.48542682717024166,52.0,132.493744,34.0875015,34202,mixed,False,False
51321319,164.58333333333334,262.0,132.83333333333334,239.58333333333334,-0.850910326728628,0.30920102396135574,799.0,132.493744,34.0958328,34202,residential,False,False
51321347,25.333333333333332,19.8,23.833333333333332,33.5,-0.49118035440053925,0.08805617666519605,102.46666666666665,132.46875,34.1208344,34202,mixed,False,False
51321349,35.5,17.4,21.555555555555557,16.0,0.42998784074481544,0.7197592787598667,90.45555555555555,132.493744,34.1208344,34202,leisure,False,False
51321359,193.66666666666666,215.75,207.58333333333334,221.33333333333334,-0.09253012510608828,-0.1001149528363079,838.3333333333334,132.493744,34.1291656,34202,mixed,False,False
51321369,20.0,14.2,20.666666666666668,11.0,0.9098021910284219,-0.0473057147783568,65.86666666666667,132.493744,34.1375008,34202,office,False,False
51321379,67.25,34.55555555555556,51.333333333333336,36.54545454545455,0.49020396743211375,0.38963832258287884,189.68434343434342,132.493744,34.1458321,34202,mixed,False,False
51321385,31.666666666666668,20.857142857142858,18.6,15.0,0.3103401206121505,0.7676623913891226,86.12380952380953,132.443756,34.1541672,34215,leisure,False,False
51321388,22.0,32.0,15.0,36.666666666666664,-1.2895066171949847,0.5525410230287786,105.66666666666666,132.481247,34.1541672,34215,residential,False,False
51321389,267.4166666666667,135.16666666666666,229.91666666666666,113.75,1.0152445055460582,0.21797833292853472,746.2499999999999,132.493744,34.1541672,34202,office,False,False
51321395,30.25,27.2,14.0,21.0,-0.5849625007211563,1.1115083152169902,92.45,132.443756,34.1624985,34215,leisure,False,False
51321397,79.75,153.0,15.25,148.0,-3.2787160280660634,2.386675276201983,396.0,132.46875,34.1624985,34215,leisure,False,False
51321398,65.5,65.4,52.25,49.27272727272727,0.08464170936430827,0.3260638694565676,232.4227272727273,132.481247,34.1624985,34215,mixed,False,False
51321399,278.9166666666667,240.16666666666666,274.0833333333333,205.08333333333334,0.4184043503772423,0.025219542851127437,998.2499999999999,132.493744,34.1624985,34202,mixed,False,False
51321403,58.916666666666664,62.25,39.416666666666664,46.5,-0.23842493848979246,0.5798700314700037,207.08333333333331,132.543747,34.0875015,34202,mixed,False,False
51321410,39.90909090909091,21.0,27.272727272727273,15.6,0.8059129478836977,0.5492584390394771,103.78181818181818,132.506256,34.0958328,34202,office,False,False
51321411,49.833333333333336,21.2,56.833333333333336,16.5,1.784271308944563,-0.18962625482606743,144.36666666666667,132.518753,34.0958328,34202,office,False,False
51321412,42.666666666666664,29.857142857142858,32.666666666666664,20.4,0.6792500963099188,0.38529015588479193,125.59047619047618,132.53125,34.0958328,34202,office,False,False
51321413,403.5833333333333,412.4166666666667,454.0833333333333,458.0833333333333,-0.012652988461234214,-0.17009048797490284,1728.1666666666667,132.543747,34.0958328,34202,mixed,False,False
51321420,515.5,284.1666666666667,428.3333333333333,225.91666666666666,0.9229432462435287,0.26723847400802403,1453.9166666666667,132.506256,34.1041679,34202,office,False,False
51321421,110.08333333333333,74.0,289.3333333333333,79.0,1.8728079835462201,-1.3941364811976515,552.4166666666666,132.518753,34.1041679,34202,office,False,False
51321422,48.583333333333336,41.333333333333336,39.0,48.833333333333336,-0.3243921348388433,0.3169873536170919,177.75000000000003,132.53125,34.1041679,34202,mixed,False,False
51321423,32.72727272727273,28.666666666666668,32.27272727272727,26.333333333333332,0.2934253482988004,0.020177881937630274,120.00000000000001,132.543747,34.1041679,34202,mixed,False,False
51321430,20.833333333333332,17.5,24.09090909090909,15.0,0.6835263352047457,-0.20959514687233335,77.42424242424242,132.506256,34.1124992,34202,office,False,False
51321432,55.0,48.8,13.5,57.0,-2.078002512001273,2.0264722113611913,174.3,132.53125,34.1124992,34202,leisure,False,False
51321450,220.41666666666666,126.83333333333333,213.33333333333334,104.45454545454545,1.0302341301573903,0.047123912114025744,665.0378787878789,132.506256,34.1291656,34202,office,False,False
51321460,65.5,59.8,66.41666666666667,58.18181818181818,0.1909769370192506,-0.0200504117318654,249.89848484848483,132.506256,34.1375008,34202,mixed,False,False
51321470,469.4166666666667,672.25,406.0833333333333,676.5,-0.7363141175053778,0.20909324904723278,2224.25,132.506256,34.1458321,34202,residential,False,False
51321472,30.75,19.5,15.0,13.333333333333334,0.16992500144231237,1.0356239097307212,78.58333333333334,132.53125,34.1458321,34202,leisure,False,False
51321480,19.666666666666668,31.0,10.5,12.0,-0.19264507794239588,0.9053631258619248,73.16666666666667,132.506256,34.1541672,34202,leisure,False,False
51321481,187.41666666666666,233.41666666666666,67.58333333333333,240.41666666666666,-1.8307974993155718,1.4715098415605439,728.8333333333333,132.518753,34.1541672,34202,leisure,False,False
51321482,116.91666666666667,173.58333333333334,90.58333333333333,174.41666666666666,-0.9452203712284001,0.3681630685925901,555.5,132.53125,34.1541672,34202,residential,False,False
51321491,250.58333333333334,453.1666666666667,245.08333333333334,459.9166666666667,-0.9081001013046317,0.0320180836869389,1408.75,132.518753,34.1624985,34202,residential,False,False
51321492,94.33333333333333,61.75,81.66666666666667,46.833333333333336,0.8022116187816444,0.20802030382931158,284.5833333333333,132.53125,34.1624985,34202,office,False,False
51321599,184.58333333333334,47.5,46.916666666666664,23.6,0.9913136568845944,1.9760998713621512,302.6,132.743744,34.1624985,34202,office,False,False
51321692,24.0,23.5,16.0,19.0,-0.24792751344358557,0.5849625007211562,82.5,132.78125,34.1624985,34202,leisure,False,False
51321694,16.285714285714285,14.5,13.666666666666666,13.5,0.017702001733459045,0.25294558821021,57.95238095238095,132.806244,34.1624985,34202,mixed,False,False
51321697,24.6,17.333333333333332,15.0,13.0,0.20645087746742624,0.7136958148433591,69.93333333333334,132.84375,34.1624985,34202,leisure,False,False
51321698,17.0,13.5,10.0,24.0,-1.2630344058337937,0.765534746362977,64.5,132.856247,34.1624985,34202,leisure,False,False
51322146,539.6666666666666,745.1666666666666,472.25,717.4166666666666,-0.6032604650437191,0.19251778319303994,2474.4999999999995,132.206253,34.2041664,34211,residential,False,False
51322157,3340.0,4310.25,2872.1666666666665,4279.0,-0.5751342103725376,0.21770863411046296,14801.416666666666,132.21875,34.2125015,34211,mixed,False,False
51322158,3706.9166666666665,4436.0,3947.4166666666665,4554.75,-0.20646306002521414,-0.0906891268655389,16645.083333333332,132.231247,34.2125015,34211,mixed,False,False
51322159,56.0,19.428571428571427,168.16666666666666,50.888888888888886,1.7244691717305696,-1.5863930363275969,294.484126984127,132.243744,34.2125015,34211,office,False,False
51322166,176.91666666666666,215.75,198.66666666666666,209.16666666666666,-0.0743031283759728,-0.16727986455678395,800.5,132.206253,34.2208328,34211,mixed,False,False
51322167,3035.5833333333335,2749.1666666666665,3573.25,2970.1666666666665,0.2666929665570404,-0.2352630757952165,12328.166666666666,132.21875,34.2208328,34211,mixed,False,False
51322168,1657.75,1540.5833333333333,2982.5,1735.3333333333333,0.7813093268996344,-0.8472956829293526,7916.166666666666,132.231247,34.2208328,34211,office,False,False
51322169,130.41666666666666,55.2,427.75,49.666666666666664,3.106418024748408,-1.713639603390589,663.0333333333334,132.243744,34.2208328,34211,office,False,False
51322176,356.5833333333333,291.3333333333333,300.0833333333333,276.25,0.11938872919033028,0.2488760794332087,1224.2499999999998,132.206253,34.2291679,34211,mixed,False,False
51322177,1076.5,1169.0833333333333,1888.5833333333333,1258.9166666666667,0.5851216560205428,-0.8109561242857849,5393.083333333333,132.21875,34.2291679,34211,office,False,False
51322178,201.25,142.66666666666666,1263.9166666666667,273.8333333333333,2.2065313664244393,-2.6508406576513783,1881.6666666666667,132.231247,34.2291679,34211,office,False,False
51322179,16.0,15.0,18.0,22.5,-0.3219280948873623,-0.16992500144231246,71.5,132.243744,34.2291679,34211,mixed,False,False
51322182,25.5,20.0,20.77777777777778,39.5,-0.9268112897317785,0.2954558835261713,105.77777777777777,132.15625,34.2374992,34211,residential,False,False
51322183,32.833333333333336,32.4,29.75,15.25,0.9640804257450571,0.14227155542727668,110.23333333333335,132.168747,34.2374992,34211,office,False,False
51322185,29.833333333333332,14.0,23.5,11.0,1.09515723304034,0.3442644248654628,78.33333333333333,132.193756,34.2374992,34211,office,False,False
51322186,320.6666666666667,366.0,344.3333333333333,383.0,-0.15353854378105392,-0.10273145509501747,1414.0,132.206253,34.2374992,34211,mixed,False,False
51322187,3976.5833333333335,3184.0,3410.4166666666665,3170.75,0.10512387923865282,0.2215813935139859,13741.75,132.21875,34.2374992,34211,mixed,False,False
51322188,369.1666666666667,51.63636363636363,159.75,30.88888888888889,2.3706560496657993,1.2084563617742299,611.4419191919192,132.231247,34.2374992,34211,office,False,False
51322192,77.58333333333333,130.83333333333334,20.2,130.5,-2.691622608705452,1.941391468973205,359.1166666666667,132.15625,34.2458344,34211,leisure,False,False
51322197,1973.5833333333333,1836.25,1832.8333333333333,1897.75,-0.05021434954965973,0.10674183545273046,7540.416666666666,132.21875,34.2458344,34211,mixed,False,False
51322198,394.5833333333333,109.0,1230.6666666666667,155.16666666666666,2.987549480086981,-1.6410381272900272,1889.4166666666667,132.231247,34.2458344,34211,office,False,False
51322234,28.09090909090909,13.0,15.75,21.5,-0.4489848312021815,0.8347514857671609,78.3409090909091,132.306244,34.1958351,34211,leisure,False,False
51322235,170.33333333333334,322.0,133.08333333333334,305.1666666666667,-1.1972674783861046,0.3560308835263888,930.5833333333334,132.318756,34.1958351,34211,residential,False,False
51322305,72.33333333333333,94.0909090909091,71.88888888888889,143.5,-0.9972100261254926,0.008891831173127774,381.8131313131313,132.443756,34.1708336,34215,residential,False,False
51322306,1159.1666666666667,1485.9166666666667,1176.25,1605.75,-0.44905257349076655,-0.021106708907453666,5427.083333333334,132.456253,34.1708336,34215,mixed,False,False
51322307,765.1666666666666,983.0833333333334,611.0833333333334,1006.25,-0.7195477445700154,0.32440489267188355,3365.5833333333335,132.46875,34.1708336,34215,residential,False,False
51322308,252.5,303.4166666666667,282.5,266.0833333333333,0.08637272045361265,-0.16196747966339306,1104.5,132.481247,34.1708336,34215,mixed,False,False
51322309,310.75,216.08333333333334,173.33333333333334,186.25,-0.1036913030422255,0.8422052687451866,886.4166666666667,132.493744,34.1708336,34202,leisure,False,False
51322314,30.833333333333332,42.333333333333336,41.125,68.5,-0.7360883092252852,-0.4155248139400856,182.79166666666669,132.431244,34.1791649,34215,residential,False,False
51322315,27.0,25.0,27.333333333333332,31.5,-0.20469041960298903,-0.017702001733458983,110.83333333333333,132.443756,34.1791649,34215,mixed,False,False
51322316,496.4166666666667,553.5,612.8333333333334,600.5833333333334,0.02913033119526634,-0.3039432174597296,2263.3333333333335,132.456253,34.1791649,34215,mixed,False,False
51322317,613.1666666666666,727.8333333333334,673.0833333333334,761.9166666666666,-0.17884808046392828,-0.13450586310148574,2776.0,132.46875,34.1791649,34215,mixed,False,False
51322318,223.75,261.25,247.83333333333334,252.41666666666666,-0.02643693074295368,-0.1474825591796438,985.25,132.481247,34.1791649,34215,mixed,False,False
51322319,91.5,99.91666666666667,58.666666666666664,173.5,-1.56432273466212,0.6412307203679015,423.5833333333333,132.493744,34.1791649,34202,leisure,False,False
51322324,79.83333333333333,101.08333333333333,97.5,112.75,-0.20965330950577027,-0.28841096873458666,391.16666666666663,132.431244,34.1875,34215,mixed,False,False
51322325,248.58333333333334,327.1666666666667,256.5,404.1666666666667,-0.6559915156336422,-0.04522925399299759,1236.4166666666667,132.443756,34.1875,34215,residential,False,False
51322326,283.25,369.5,210.83333333333334,363.5,-0.785852385059078,0.42597297695999936,1227.0833333333335,132.456253,34.1875,34215,residential,False,False
51322327,161.08333333333334,88.0,234.66666666666666,135.91666666666666,0.7878905519254129,-0.5428056964260614,619.6666666666666,132.46875,34.1875,34215,office,False,False
51322333,161.91666666666666,106.72727272727273,166.5,81.91666666666667,1.0232932614518375,-0.04027068220707392,517.0606060606061,132.418747,34.1958351,34215,office,False,False
51322334,29.5,49.22222222222222,32.0,44.22222222222222,-0.46669961910133645,-0.11735695063815874,154.94444444444446,132.431244,34.1958351,34215,mixed,False,False
51322335,572.75,804.75,634.75,709.5833333333334,-0.16078363419724295,-0.14828293634283057,2721.8333333333335,132.443756,34.1958351,34215,mixed,False,False
51322337,330.75,396.5833333333333,241.08333333333334,402.0,-0.7376635839704851,0.45620923907023325,1370.4166666666667,132.46875,34.1958351,34215,residential,False,False
51322338,17.875,22.5,46.833333333333336,14.0,1.742108897442166,-1.3895924827213806,101.20833333333334,132.481247,34.1958351,34215,office,False,False
51322342,384.8333333333333,444.0,363.8333333333333,423.4166666666667,-0.21880033380692182,0.08095604278332424,1616.0833333333333,132.40625,34.2041664,34215,mixed,False,False
51322343,270.1666666666667,320.3333333333333,242.41666666666666,368.1666666666667,-0.6028701222549685,0.15636079441723535,1201.0833333333333,132.418747,34.2041664,34215,residential,False,False
51322344,28.0,39.6,55.0,37.2,0.5641289973039904,-0.9740047914670557,159.8,132.431244,34.2041664,34215,mixed,False,False
51322345,330.25,350.0,460.0,322.25,0.5134535025827244,-0.4780752996975475,1462.5,132.443756,34.2041664,34215,mixed,False,False
51322347,1660.6666666666667,815.3333333333334,1288.5,976.75,0.39963128167594664,0.3660699836600607,4741.25,132.46875,34.2041664,34215,mixed,False,False
51322348,137.5,141.91666666666666,275.25,159.0,0.7917157982800136,-1.001310945152347,713.6666666666666,132.481247,34.2041664,34215,office,False,False
51322349,16.166666666666668,19.333333333333332,27.2,18.0,0.5956097449206647,-0.7505844048970053,80.7,132.493744,34.2041664,34215,office,False,False
51322351,37.083333333333336,39.142857142857146,23.636363636363637,18.0,0.3930111929488449,0.6497628307414467,117.86255411255411,132.393753,34.2125015,34215,leisure,False,False
51322352,112.58333333333333,120.41666666666667,30.666666666666668,108.18181818181819,-1.818714784222152,1.8762500032686715,371.8484848484849,132.40625,34.2125015,34215,leisure,False,False
51322354,160.66666666666666,299.6666666666667,99.58333333333333,293.75,-1.5606126393054074,0.6900944333618508,853.6666666666667,132.431244,34.2125015,34215,leisure,False,False
51322355,207.75,227.33333333333334,180.5,210.33333333333334,-0.22067866737422195,0.20284963988317353,825.9166666666667,132.443756,34.2125015,34215,mixed,False,False
51322357,303.4166666666667,187.08333333333334,248.66666666666666,193.5,0.3618795633896712,0.2870872051892774,932.6666666666666,132.46875,34.2125015,34215,mixed,False,False
51322358,85.41666666666667,26.6,42.333333333333336,20.666666666666668,1.0344883763852906,1.0127235076206424,175.01666666666668,132.481247,34.2125015,34215,office,False,False
51322361,58.25,43.5,34.5,35.333333333333336,-0.03443349706387402,0.7556616878761111,171.58333333333334,132.393753,34.2208328,34215,leisure,False,False
51322364,255.25,322.4166666666667,121.08333333333333,338.0,-1.4810229493704994,1.0759106639661167,1036.75,132.431244,34.2208328,34215,leisure,False,False
51322365,1190.5833333333333,1332.0833333333333,978.6666666666666,1331.8333333333333,-0.4445240862571237,0.2827791362471106,4833.166666666666,132.443756,34.2208328,34215,mixed,False,False
51322366,74.08333333333333,29.875,79.58333333333333,19.125,2.057006579509303,-0.10331731409334105,202.66666666666666,132.456253,34.2208328,34215,office,False,False
51322367,144.0,188.0,126.83333333333333,194.41666666666666,-0.6162179484806537,0.18313485865992318,653.25,132.46875,34.2208328,34215,residential,False,False
51322368,84.0,80.91666666666667,84.75,87.91666666666667,-0.05292331973704747,-0.01282404035758362,337.58333333333337,132.481247,34.2208328,34215,mixed,False,False
51322369,203.66666666666666,268.0,186.33333333333334,293.4166666666667,-0.6550650390199411,0.12832409697553937,951.4166666666666,132.493744,34.2208328,34215,residential,False,False
51322371,25.0,20.571428571428573,13.333333333333334,12.0,0.15200309344505006,0.9068905956085185,70.90476190476191,132.393753,34.2291679,34215,leisure,False,False
51322374,169.08333333333334,239.0,64.0,246.0,-1.9425145053392396,1.4015906490355028,718.0833333333334,132.431244,34.2291679,34215,leisure,False,False
51322375,71.0,76.41666666666667,49.666666666666664,76.58333333333333,-0.6247525308268729,0.5155410997636767,273.6666666666667,132.443756,34.2291679,34215,residential,False,False
51322376,269.5833333333333,168.16666666666666,412.5833333333333,74.45454545454545,2.470253710237293,-0.6139542370822909,924.7878787878786,132.456253,34.2291679,34215,office,False,False
51322378,905.5833333333334,1141.5833333333333,654.8333333333334,1160.4166666666667,-0.8254432546560696,0.467719644596331,3862.416666666667,132.481247,34.2291679,34215,residential,False,False
51322379,178.25,216.16666666666666,70.66666666666667,172.58333333333334,-1.2881913836573127,1.3348003126018448,637.6666666666666,132.493744,34.2291679,34215,leisure,False,False
51322381,39.0,31.5,17.0,15.333333333333334,0.14886338591448275,1.197939377611909,102.83333333333334,132.393753,34.2374992,34215,leisure,False,False
51322384,534.1666666666666,605.9166666666666,419.5,585.1666666666666,-0.48017677971977557,0.34861914034512387,2144.75,132.431244,34.2374992,34215,mixed,False,False
51322385,51.666666666666664,78.91666666666667,37.5,89.5,-1.2549970867683755,0.46234321405720047,257.5833333333333,132.443756,34.2374992,34215,residential,False,False
51322387,84.0,63.333333333333336,189.66666666666666,93.16666666666667,1.0255803694633916,-1.1750049188066654,430.16666666666663,132.46875,34.2374992,34215,office,False,False
51322388,1120.5833333333333,1345.4166666666667,1233.3333333333333,1437.8333333333333,-0.22133368523606045,-0.13831282968054331,5137.166666666667,132.481247,34.2374992,34215,mixed,False,False
51322389,45.0,16.833333333333332,145.0909090909091,35.2,2.0433097938351135,-1.6889602212553738,242.12424242424245,132.493744,34.2374992,34215,office,False,False
51322390,26.875,31.0,11.5,24.25,-1.0763508861301148,1.2246308935324475,93.625,132.381256,34.2458344,34215,leisure,False,False
51322392,19.333333333333332,24.4,14.5,30.0,-1.0489096004809464,0.41503749927884376,88.23333333333332,132.40625,34.2458344,34215,residential,False,False
51322394,30.9,18.0,22.555555555555557,10.5,1.1030934929641036,0.45412401727414814,81.95555555555555,132.431244,34.2458344,34215,office,False,False
51322395,74.5,54.583333333333336,113.83333333333333,64.83333333333333,0.8121154233038986,-0.6116107471067728,307.75,132.443756,34.2458344,34215,office,False,False
51322396,156.83333333333334,27.25,205.91666666666666,32.72727272727273,2.653495316915251,-0.39282838260024755,422.72727272727275,132.456253,34.2458344,34215,office,False,False
51322397,307.9166666666667,284.3333333333333,678.75,526.0,0.36781749339942155,-1.1403403343793668,1797.0,132.46875,34.2458344,34215,mixed,False,False
51322398,1174.8333333333333,1304.75,1226.4166666666667,1001.4166666666666,0.29240683643707743,-0.06199310339195107,4707.416666666667,132.481247,34.2458344,34215,mixed,False,False
51322399,198.0,136.0,223.5,121.16666666666667,0.8832819679848795,-0.17477440110370804,678.6666666666667,132.493744,34.2458344,34215,office,False,False
51322402,32.77777777777778,33.375,24.25,33.5,-0.4661763482706448,0.4347333006197637,123.90277777777777,132.53125,34.1708336,34202,mixed,False,False
51322403,409.8333333333333,824.5833333333334,288.1666666666667,809.75,-1.490573099874061,0.5081338659538004,2332.3333333333335,132.543747,34.1708336,34202,residential,False,False
51322404,74.9090909090909,33.55555555555556,17.75,15.5,0.19555080911780698,2.077321789041239,141.71464646464648,132.556244,34.1708336,34202,leisure,False,False
51322410,58.666666666666664,23.0,54.75,49.90909090909091,0.1335563392332721,0.09968205831496758,186.32575757575756,132.506256,34.1791649,34202,mixed,False,False
51322412,83.83333333333333,140.5,67.9,153.0,-1.1720481733352823,0.30411241972700126,445.23333333333335,132.53125,34.1791649,34202,residential,False,False
51322413,200.58333333333334,372.0833333333333,210.0,348.25,-0.7297340249351304,-0.06618759191278187,1130.9166666666667,132.543747,34.1791649,34202,residential,False,False
51322414,786.25,1063.9166666666667,821.0833333333334,1007.0,-0.29446312689204734,-0.06254053934808582,3678.25,132.556244,34.1791649,34202,mixed,False,False
51322420,186.16666666666666,242.33333333333334,85.66666666666667,259.5833333333333,-1.599391898717486,1.1197889212894367,773.75,132.506256,34.1875,34202,leisure,False,False
51322421,231.91666666666666,277.5833333333333,132.08333333333334,306.75,-1.2156149093572914,0.8121580683048377,948.3333333333333,132.518753,34.1875,34202,leisure,False,False
51322422,974.0833333333334,1033.6666666666667,686.6666666666666,1006.5,-0.5516653355719153,0.5044352693201417,3700.916666666667,132.53125,34.1875,34202,mixed,False,False
51322423,665.3333333333334,677.5,605.0,651.1666666666666,-0.10609170730055989,0.13714217245414762,2599.0,132.543747,34.1875,34202,mixed,False,False
51322424,79.83333333333333,187.66666666666666,127.5,218.75,-0.7787857698608333,-0.6754340918438339,613.75,132.556244,34.1875,34202,residential,False,False
51322430,20.333333333333332,16.666666666666668,49.54545454545455,17.0,1.543217959776652,-1.2849059641852614,103.54545454545455,132.506256,34.1958351,34202,office,False,False
51322431,94.41666666666667,48.8,129.08333333333334,48.0,1.4271964273472562,-0.45118928296905275,320.3,132.518753,34.1958351,34202,office,False,False
51322432,1031.8333333333333,1084.5833333333333,949.0,1122.3333333333333,-0.24202122808538032,0.12072996620089695,4187.749999999999,132.53125,34.1958351,34202,mixed,False,False
51322433,610.4166666666666,339.5833333333333,769.5,313.6666666666667,1.2946891043208295,-0.334126972852394,2033.1666666666667,132.543747,34.1958351,34202,office,False,False
51322434,337.4166666666667,435.9166666666667,309.8333333333333,413.6666666666667,-0.4169763452108753,0.12303887275697613,1496.8333333333335,132.556244,34.1958351,34202,mixed,False,False
51322435,34.27272727272727,28.2,35.5,28.833333333333332,0.30008139258911376,-0.05075802487331503,126.8060606060606,132.568756,34.1958351,34202,mixed,False,False
51322442,14.5,28.25,14.5,21.0,-0.5343364276511882,0.0,78.25,132.53125,34.2041664,34202,mixed,False,False
51322443,497.5833333333333,453.5,585.4166666666666,478.5,0.290944894788469,-0.2345256566197565,2014.9999999999998,132.543747,34.2041664,34202,mixed,False,False
51322444,11.0,19.0,10.0,18.0,-0.84799690655495,0.13750352374993502,58.0,132.556244,34.2041664,34202,residential,False,False
51322445,390.9166666666667,463.5833333333333,368.1666666666667,487.75,-0.4057828599749077,0.08650208214070645,1710.4166666666667,132.568756,34.2041664,34202,mixed,False,False
51322446,142.75,102.5,148.08333333333334,109.91666666666667,0.4299991167771334,-0.05291852994467925,503.25,132.581253,34.2041664,34202,mixed,False,False
51322452,11.666666666666666,12.0,10.0,11.0,-0.13750352374993496,0.22239242133644774,44.666666666666664,132.53125,34.2125015,34202,mixed,False,False
51322453,1562.6666666666667,1663.3333333333333,1414.1666666666667,1719.75,-0.28224669659308005,0.14405790999222218,6359.916666666667,132.543747,34.2125015,34202,mixed,False,False
51322454,80.6,140.63636363636363,72.0,153.54545454545453,-1.092596992721776,0.16278293219829268,446.78181818181815,132.556244,34.2125015,34202,residential,False,False
51322456,230.83333333333334,300.4166666666667,185.16666666666666,315.6666666666667,-0.7695775140792932,0.31802715954745875,1032.0833333333335,132.581253,34.2125015,34202,residential,False,False
51322457,18.11111111111111,16.0,15.363636363636363,11.0,0.4820161990075898,0.23735533514387824,60.474747474747474,132.59375,34.2125015,34202,mixed,False,False
51322459,605.5833333333334,740.4166666666666,494.5833333333333,757.5,-0.6150322645522006,0.2921118764550133,2598.083333333333,132.618744,34.2125015,34202,residential,False,False
51322462,88.0,46.416666666666664,171.33333333333334,87.91666666666667,0.9625972655993306,-0.9612304298354248,393.6666666666667,132.53125,34.2208328,34202,office,False,False
51322463,1213.3333333333333,662.1666666666666,3881.1666666666665,928.75,2.063128176497772,-1.677514437558828,6685.416666666666,132.543747,34.2208328,34202,office,False,False
51322464,1438.9166666666667,1629.8333333333333,1156.1666666666667,1614.6666666666667,-0.4818869804502365,0.31563365848281477,5839.583333333333,132.556244,34.2208328,34202,mixed,False,False
51322467,48.333333333333336,27.5,65.5,26.0,1.3329832833963582,-0.4384764122436719,167.33333333333334,132.59375,34.2208328,34202,office,False,False
51322468,148.83333333333334,37.9,581.1666666666666,93.63636363636364,2.633811144622265,-1.9652542836554814,861.5363636363636,132.606247,34.2208328,34202,office,False,False
51322469,245.91666666666666,206.41666666666666,276.3333333333333,188.0,0.5556769390969568,-0.16824008606374324,916.6666666666666,132.618744,34.2208328,34202,mixed,False,False
51322472,39.083333333333336,39.81818181818182,103.08333333333333,53.1,0.9570273283384222,-1.399185672460993,235.0848484848485,132.53125,34.2291679,34202,office,False,False
51322473,1012.5833333333334,682.0833333333334,2106.8333333333335,790.5,1.4142388227361462,-1.0570355469887494,4592.0,132.543747,34.2291679,34202,office,False,False
51322474,2268.25,2189.8333333333335,4725.666666666667,2396.3333333333335,0.9796892668382313,-1.0589382110835914,11580.083333333334,132.556244,34.2291679,34202,office,False,False
51322475,278.3333333333333,310.5833333333333,199.16666666666666,341.4166666666667,-0.7775572746121903,0.48283748449330366,1129.5,132.568756,34.2291679,34202,residential,False,False
51322477,1065.5833333333333,1532.25,1315.75,1543.1666666666667,-0.23000849092008366,-0.3042419721600276,5456.75,132.59375,34.2291679,34202,mixed,False,False
51322478,1916.5,1223.0,4838.0,1446.3333333333333,1.7420106838843388,-1.335936771179407,9423.833333333332,132.606247,34.2291679,34202,office,False,False
51322479,5466.833333333333,4789.583333333333,8882.833333333334,5418.916666666667,0.7130154613158383,-0.7003145295738233,24558.166666666664,132.618744,34.2291679,34202,office,False,False
51322481,20.666666666666668,22.2,22.428571428571427,15.75,0.5099859033341064,-0.11803201716830367,81.0452380952381,132.518753,34.2374992,34202,mixed,False,False
51322482,28.5,21.333333333333332,48.416666666666664,20.5,1.239879848065289,-0.7645418385186309,118.74999999999999,132.53125,34.2374992,34202,office,False,False
51322483,75.08333333333333,48.833333333333336,183.91666666666666,49.25,1.9008565941020816,-1.2924876184660754,357.0833333333333,132.543747,34.2374992,34202,office,False,False
51322484,3116.5833333333335,971.0,2823.5833333333335,1172.6666666666667,1.267734228586819,0.14243807835415365,8083.833333333334,132.556244,34.2374992,34202,office,False,False
51322485,3812.75,4366.0,5282.75,4566.666666666667,0.210147650288729,-0.47045720022595067,18028.166666666668,132.568756,34.2374992,34202,mixed,False,False
51322486,72.25,73.0,65.45454545454545,57.0,0.1995314635276358,0.1425042048083014,267.70454545454544,132.581253,34.2374992,34202,mixed,False,False
51322487,3546.6666666666665,5045.666666666667,2980.4166666666665,5151.583333333333,-0.7895018754543425,0.25094970931357413,16724.333333333332,132.59375,34.2374992,34202,residential,False,False
51322488,5055.416666666667,5741.916666666667,5119.083333333333,5746.916666666667,-0.16690263739350042,-0.018055488357028214,21663.333333333336,132.606247,34.2374992,34202,mixed,False,False
51322489,11419.833333333334,12473.166666666666,10999.083333333334,12841.833333333334,-0.2234678858845403,0.054158301299554075,47733.916666666664,132.618744,34.2374992,34202,mixed,False,False
51322491,51.22222222222222,55.81818181818182,56.18181818181818,90.25,-0.6838236176200937,-0.13333347028005166,253.47222222222223,132.518753,34.2458344,34202,residential,False,False
51322492,1795.5833333333333,2052.3333333333335,2293.5,2179.4166666666665,0.07360886632727391,-0.35309829713694885,8320.833333333332,132.53125,34.2458344,34202,mixed,False,False
51322493,4612.583333333333,4164.083333333333,5104.666666666667,4208.25,0.2785963430591599,-0.14624178069967403,18089.583333333332,132.543747,34.2458344,34202,mixed,False,False
51322494,20204.083333333332,12663.666666666666,25239.333333333332,13411.5,0.9122032002657111,-0.32102690636415065,71518.58333333333,132.556244,34.2458344,34202,office,False,False
51322495,14444.916666666666,13434.166666666666,18735.75,13166.583333333334,0.5089127089574745,-0.3752318495578793,59781.416666666664,132.568756,34.2458344,34202,mixed,False,False
51322496,1266.25,1933.25,1054.6666666666667,1867.6666666666667,-0.8244498927573983,0.2637751699368649,6121.833333333334,132.581253,34.2458344,34202,residential,False,False
51322497,1858.1666666666667,1778.5833333333333,1978.4166666666667,1887.9166666666667,0.06755121349062453,-0.09046638968868759,7503.083333333333,132.59375,34.2458344,34202,mixed,False,False
51322498,487.1666666666667,562.9166666666666,303.0833333333333,627.0833333333334,-1.04894265607881,0.684700903350436,1980.25,132.606247,34.2458344,34202,leisure,False,False
51322499,2309.3333333333335,3546.3333333333335,1855.0,3541.3333333333335,-0.9328734591176031,0.3160572424974032,11252.000000000002,132.618744,34.2458344,34202,residential,False,False
51322502,28.5,23.666666666666668,61.5,89.0,-0.5332189256271578,-1.1096244911744981,202.66666666666666,132.65625,34.1708336,34202,mixed,False,False
51322503,97.08333333333333,75.41666666666667,26.8,28.3,-0.07856905237410995,1.8569906432500762,227.60000000000002,132.668747,34.1708336,34202,leisure,False,False
51322508,76.75,32.583333333333336,28.727272727272727,15.333333333333334,0.9057496742039488,1.4177457158303737,153.3939393939394,132.731247,34.1708336,34202,office,False,False
51322509,56.833333333333336,27.0,16.727272727272727,17.0,-0.023332503830623887,1.7645350908833008,117.56060606060606,132.743744,34.1708336,34202,leisure,False,False
51322512,63.55555555555556,141.88888888888889,51.5,180.5,-1.8093544997039526,0.3034458081528586,437.44444444444446,132.65625,34.1791649,34202,residential,False,False
51322513,19.0,12.0,68.5,10.0,2.776103988073164,-1.8501045695169414,109.5,132.668747,34.1791649,34202,office,False,False
51322514,34.166666666666664,13.25,14.666666666666666,10.0,0.5525410230287786,1.2200484808681489,72.08333333333333,132.681244,34.1791649,34202,leisure,False,False
51322516,133.25,48.81818181818182,43.666666666666664,23.833333333333332,0.8735516647590608,1.609531221942882,249.5681818181818,132.706253,34.1791649,34202,office,False,False
51322517,28.6,14.833333333333334,15.5,10.0,0.632268215499513,0.8837469315041518,68.93333333333334,132.71875,34.1791649,34202,office,False,False
51322523,147.08333333333334,297.09090909090907,94.58333333333333,300.54545454545456,-1.6679253091978954,0.6369758859802654,839.3030303030303,132.668747,34.1875,34202,leisure,False,False
51322524,360.0833333333333,403.5,273.9166666666667,356.0833333333333,-0.37847786060080124,0.3945937745094234,1393.5833333333333,132.681244,34.1875,34202,mixed,False,False
51322525,401.8333333333333,518.75,302.0833333333333,475.1666666666667,-0.6534870441482936,0.41165065581286703,1697.8333333333333,132.693756,34.1875,34202,residential,False,False
51322529,11.833333333333334,13.333333333333334,18.333333333333332,17.0,0.10893437155316393,-0.6316125940199774,60.5,132.743744,34.1875,34202,mixed,False,False
51322532,30.5,15.0,22.166666666666668,22.333333333333332,-0.010806754956582702,0.4604174027828527,90.0,132.65625,34.1958351,34202,mixed,False,False
51322533,63.583333333333336,33.44444444444444,24.333333333333332,24.0,0.019899557437704798,1.3857146879545135,145.3611111111111,132.668747,34.1958351,34202,leisure,False,False
51322534,157.5,75.75,99.25,54.583333333333336,0.8626066014393013,0.666212821244321,387.08333333333337,132.681244,34.1958351,34202,office,False,False
51322537,59.18181818181818,56.1,52.333333333333336,49.25,0.08760642871409477,0.17742386635786722,216.86515151515152,132.71875,34.1958351,34202,mixed,False,False
51322538,39.5,32.0,50.083333333333336,31.75,0.6575739932178636,-0.3424779318129264,153.33333333333334,132.731247,34.1958351,34202,office,False,False
51322539,70.33333333333333,47.63636363636363,29.583333333333332,25.916666666666668,0.19090444426144176,1.2494239743151407,173.46969696969697,132.743744,34.1958351,34202,leisure,False,False
51322540,453.6666666666667,615.9166666666666,312.8333333333333,640.4166666666666,-1.0336166097472594,0.5362384166731204,2022.8333333333335,132.631256,34.2041664,34202,residential,False,False
51322541,184.33333333333334,259.9166666666667,177.25,253.58333333333334,-0.5166743005539236,0.056531352274034954,875.0833333333335,132.643753,34.2041664,34202,mixed,False,False
51322542,138.66666666666666,323.0833333333333,75.08333333333333,312.4166666666667,-2.056906814474552,0.8850564223275535,849.25,132.65625,34.2041664,34202,leisure,False,False
51322544,16.88888888888889,18.333333333333332,15.428571428571429,15.5,-0.006663730281010743,0.13046993189540856,66.15079365079364,132.681244,34.2041664,34202,mixed,False,False
51322550,394.75,528.0833333333334,360.1666666666667,555.25,-0.6244728214086295,0.13227459972188577,1838.25,132.631256,34.2125015,34202,residential,False,False
51322552,172.83333333333334,235.08333333333334,117.75,286.9166666666667,-1.2849047152359763,0.5536544284792863,812.5833333333334,132.65625,34.2125015,34202,residential,False,False
51322553,54.25,42.63636363636363,70.33333333333333,29.0,1.2781556928584568,-0.37458545554154954,196.21969696969694,132.668747,34.2125015,34202,office,False,False
51322554,159.0,393.1666666666667,299.25,247.41666666666666,0.27440855967800276,-0.9123244816591467,1098.8333333333333,132.681244,34.2125015,34202,mixed,False,False
51322560,835.1666666666666,1037.8333333333333,541.4166666666666,1145.9166666666667,-1.081690927800826,0.6253248325831627,3560.333333333333,132.631256,34.2208328,34202,leisure,False,False
51322561,342.0833333333333,514.5,264.3333333333333,533.5833333333334,-1.0133552389214657,0.37198945096118863,1654.5,132.643753,34.2208328,34202,residential,False,False
51322562,1372.8333333333333,1445.25,1404.3333333333333,1407.75,-0.0035057357109323202,-0.03272892718020831,5630.166666666666,132.65625,34.2208328,34202,mixed,False,False
51322563,298.0,212.0,343.75,232.66666666666666,0.5630951778108882,-0.20604738283722263,1086.4166666666665,132.668747,34.2208328,34202,mixed,False,False
51322564,155.25,184.08333333333334,198.16666666666666,184.08333333333334,0.10635529639038091,-0.35212104080401807,721.5833333333334,132.681244,34.2208328,34202,mixed,False,False
51322565,214.0,327.5,176.41666666666666,333.0,-0.9165353137848291,0.27862393311471373,1050.9166666666665,132.693756,34.2208328,34202,residential,False,False
51322570,9050.75,9778.916666666666,6792.25,9852.0,-0.5365270671905421,0.41414778695813087,35473.916666666664,132.631256,34.2291679,34202,mixed,False,False
51322571,1967.25,2433.4166666666665,1817.25,2377.5,-0.3876884355754232,0.11442340281363766,8595.416666666666,132.643753,34.2291679,34202,mixed,False,False
51322572,297.75,487.5,332.8333333333333,457.6666666666667,-0.4594972927031282,-0.16069841885870229,1575.75,132.65625,34.2291679,34202,mixed,False,False
51322574,141.83333333333334,142.41666666666666,216.75,174.16666666666666,0.31556345697474625,-0.6118353622570284,675.1666666666666,132.681244,34.2291679,34202,mixed,False,False
51322575,1261.1666666666667,1538.75,1310.0,1522.1666666666667,-0.21655952080359792,-0.054807867353714436,5632.083333333334,132.693756,34.2291679,34202,mixed,False,False
51322580,3153.3333333333335,4692.083333333333,2287.5,4528.5,-0.9852615141760143,0.4631059394468342,14661.416666666668,132.631256,34.2374992,34202,residential,False,False
51322581,19.142857142857142,38.0,10.666666666666666,17.0,-0.6724253419714956,0.8436967691213245,84.80952380952381,132.643753,34.2374992,34202,leisure,False,False
51322582,13.5,20.8,15.0,26.0,-0.7935491225325738,-0.15200309344504995,75.3,132.65625,34.2374992,34202,residential,False,False
51322584,344.5833333333333,546.0833333333334,353.25,547.5833333333334,-0.6323889757311391,-0.035836636996458573,1791.5,132.681244,34.2374992,34202,residential,False,False
51322585,1700.0,2372.3333333333335,1671.0,2434.5,-0.5429137672079398,0.02482301296387616,8177.833333333334,132.693756,34.2374992,34202,mixed,False,False
51322586,650.5833333333334,879.1666666666666,1021.1666666666666,971.5,0.07193244967082825,-0.6504125816411939,3522.4166666666665,132.706253,34.2374992,34202,mixed,False,False
51322587,46.583333333333336,38.333333333333336,51.0,35.166666666666664,0.5362886539854668,-0.13068336984946155,171.08333333333334,132.71875,34.2374992,34202,mixed,False,False
51322590,1767.8333333333333,2564.0833333333335,1275.0833333333333,2470.6666666666665,-0.9543088428477294,0.47139072985862684,8077.666666666666,132.631256,34.2458344,34202,residential,False,False
51322595,49.36363636363637,266.8333333333333,65.91666666666667,245.58333333333334,-1.8974974606512083,-0.4171946145845714,627.6969696969697,132.693756,34.2458344,34202,residential,False,False
51322596,79.36363636363636,110.0,72.83333333333333,170.5,-1.2271009602447305,0.12387925621270077,432.6969696969697,132.706253,34.2458344,34202,residential,False,False
51322597,182.08333333333334,205.16666666666666,241.0,223.58333333333334,0.10822049769059659,-0.4044342725631569,851.8333333333334,132.71875,34.2458344,34202,mixed,False,False
51322598,62.666666666666664,44.5,18.9,33.75,-0.8365012677171207,1.729312021622771,159.81666666666666,132.731247,34.2458344,34202,leisure,False,False
51322601,14.333333333333334,14.0,10.0,15.0,-0.5849625007211563,0.5193741590935794,53.333333333333336,132.768753,34.1708336,34202,residential,False,False
51322602,21.22222222222222,29.0,20.833333333333332,32.0,-0.6191782160590692,0.026682042652505383,103.05555555555554,132.78125,34.1708336,34202,residential,False,False
51322603,284.3333333333333,354.0,158.91666666666666,322.5,-1.0210287227190165,0.8393128030055339,1119.75,132.793747,34.1708336,34202,leisure,False,False
51322604,86.75,72.0,62.583333333333336,63.083333333333336,-0.011480392471459952,0.4710852557851452,284.4166666666667,132.806244,34.1708336,34202,mixed,False,False
51322608,12.333333333333334,14.0,17.0,17.0,0.0,-0.4629719763425456,60.333333333333336,132.856247,34.1708336,34202,mixed,False,False
51322610,179.33333333333334,232.75,111.16666666666667,222.33333333333334,-1.0,0.6899194113720392,745.5833333333334,132.756256,34.1791649,34202,leisure,False,False
51322611,19.0,14.0,17.0,13.5,0.3325753390868709,0.16046467219324612,63.5,132.768753,34.1791649,34202,mixed,False,False
51322612,23.90909090909091,24.0,15.25,21.5,-0.49552741713921156,0.6487500330921189,84.6590909090909,132.78125,34.1791649,34202,leisure,False,False
51322613,260.4166666666667,289.25,164.41666666666666,281.0833333333333,-0.7736413622945678,0.6634652337132533,995.1666666666667,132.793747,34.1791649,34202,leisure,False,False
51322614,29.583333333333332,26.1,13.25,19.0,-0.5200070588803865,1.158792259107689,87.93333333333334,132.806244,34.1791649,34202,leisure,False,False
51322616,73.33333333333333,58.333333333333336,70.66666666666667,107.0,-0.5985090325591038,0.0534392589614601,309.3333333333333,132.831253,34.1791649,34202,residential,False,False
51322618,144.08333333333334,200.16666666666666,280.0,196.75,0.50906319143748,-0.9585233640238408,821.0,132.856247,34.1791649,34202,mixed,False,False
51322619,123.75,54.57142857142857,40.18181818181818,21.333333333333332,0.9134334414752905,1.6228137742128377,239.83658008658006,132.868744,34.1791649,34202,office,False,False
51322620,24.09090909090909,26.857142857142858,19.0,23.571428571428573,-0.31103977874462624,0.3424894173696786,93.51948051948052,132.756256,34.1875,34202,mixed,False,False
51322622,19.181818181818183,18.0,17.333333333333332,10.0,0.7935491225325735,0.14619035264995223,64.51515151515152,132.78125,34.1875,34202,office,False,False
51322623,61.083333333333336,25.285714285714285,37.45454545454545,38.8,-0.05091583875384413,0.7056379788667347,162.62359307359307,132.793747,34.1875,34202,leisure,False,False
51322626,88.33333333333333,145.08333333333334,26.90909090909091,127.25,-2.2415000990840426,1.7148643017377525,387.5757575757576,132.831253,34.1875,34202,leisure,False,False
51322627,26.555555555555557,16.4,14.0,13.5,0.05246741989413548,0.9235868844808321,70.45555555555555,132.84375,34.1875,34202,leisure,False,False
51322628,106.0,68.33333333333333,121.5,80.08333333333333,0.6013823835531869,-0.19689204904258167,375.91666666666663,132.856247,34.1875,34202,office,False,False
51322637,35.09090909090909,11.5,117.5,10.0,3.554588851677637,-1.7434915279342162,174.0909090909091,132.84375,34.1958351,34202,office,False,False
51322649,14.5,20.0,13.5,11.0,0.2954558835261713,0.10309349296410372,59.0,132.868744,34.2041664,34431,mixed,False,False
51322659,14.4,17.0,30.6,11.0,1.4760281291679922,-1.0874628412503393,73.0,132.868744,34.2125015,34431,office,False,False
51322668,16.0,11.0,16.0,12.0,0.41503749927884376,0.0,55.0,132.856247,34.2208328,34431,mixed,False,False
51322677,97.66666666666667,101.33333333333333,95.75,102.58333333333333,-0.09945196383834397,0.028593771776134803,397.3333333333333,132.84375,34.2291679,34431,mixed,False,False
51322678,158.5,126.83333333333333,160.0,120.91666666666667,0.40405879154177393,-0.013589064747955126,566.25,132.856247,34.2291679,34431,mixed,False,False
51322679,212.33333333333334,244.75,140.33333333333334,207.41666666666666,-0.5636740919146395,0.5974731391899042,804.8333333333334,132.868744,34.2291679,34431,leisure,False,False
51322687,73.0,48.75,72.41666666666667,24.333333333333332,1.573387807934383,0.011574692786773004,218.5,132.84375,34.2374992,34431,office,False,False
51322688,106.33333333333333,60.75,222.5,75.75,1.554487542380809,-1.065211412810047,465.3333333333333,132.856247,34.2374992,34431,office,False,False
51322689,15.333333333333334,11.5,27.333333333333332,14.0,0.9652345818393233,-0.8339900485610707,68.16666666666666,132.868744,34.2374992,34431,office,False,False
51322699,37.583333333333336,83.72727272727273,36.90909090909091,81.33333333333333,-1.1398705382938512,0.026116823986346138,239.5530303030303,132.868744,34.2458344,34431,residential,False,False
51322740,144.0,158.1818181818182,158.33333333333334,150.91666666666666,0.06921287226814245,-0.13689620105484182,611.4318181818182,132.881256,34.2041664,34431,mixed,False,False
51322750,50.333333333333336,45.1,92.83333333333333,42.81818181818182,1.1164193856433897,-0.8831287780149526,231.0848484848485,132.881256,34.2125015,34431,office,False,False
51322751,99.41666666666667,109.08333333333333,79.25,103.8,-0.3893236033311112,0.32707679683466456,391.55,132.893753,34.2125015,34431,mixed,False,False
51322752,21.75,33.0,34.25,23.4,0.5495954582644846,-0.6550885871117984,112.4,132.90625,34.2125015,34431,mixed,False,False
51322753,95.33333333333333,139.0,42.75,61.083333333333336,-0.514854372526758,1.1570563211713354,338.1666666666667,132.918747,34.2125015,34431,leisure,False,False
51322763,34.3,39.166666666666664,39.0,29.428571428571427,0.40625661373663413,-0.18526554757679858,141.89523809523808,132.918747,34.2208328,34431,mixed,False,False
51322770,59.45454545454545,85.27272727272727,50.5,94.3,-0.9009743830359396,0.23550372410899056,289.5272727272727,132.881256,34.2291679,34431,residential,False,False
51322771,24.6,28.75,24.833333333333332,40.333333333333336,-0.6996947168124331,-0.013619609289127779,118.51666666666668,132.893753,34.2291679,34431,residential,False,False
51322773,74.25,59.583333333333336,85.08333333333333,54.0,0.6559171479931768,-0.1964855293558794,272.91666666666663,132.918747,34.2291679,34431,office,False,False
51322780,193.41666666666666,167.41666666666666,193.25,185.33333333333334,0.060346031922496005,0.0012437026984787253,739.4166666666666,132.881256,34.2374992,34431,mixed,False,False
51322781,70.66666666666667,83.36363636363636,71.25,85.375,-0.2609236592379865,-0.01186015521006101,310.65530303030306,132.893753,34.2374992,34431,mixed,False,False
51322782,41.5,55.2,37.333333333333336,45.09090909090909,-0.27237227041312995,0.15264701001047676,179.12424242424242,132.90625,34.2374992,34431,mixed,False,False
51322783,232.08333333333334,379.25,418.8333333333333,484.1666666666667,-0.20912749241123585,-0.851733343653261,1514.3333333333333,132.918747,34.2374992,34431,mixed,False,False
51322790,769.0,685.5,970.0833333333334,716.9166666666666,0.4363032529146076,-0.3351250866618905,3141.5,132.881256,34.2458344,34431,mixed,False,False
51322791,874.5,916.1666666666666,736.0,1000.9166666666666,-0.4435441932970906,0.2487526178646397,3527.583333333333,132.893753,34.2458344,34431,mixed,False,False
51322792,189.16666666666666,94.0,259.6666666666667,114.41666666666667,1.1823636079145685,-0.4570029358833919,657.25,132.90625,34.2458344,34431,office,False,False
51322793,19.0,15.5,11.0,11.0,0.0,0.7884958948062882,56.5,132.918747,34.2458344,34431,leisure,False,False
51323107,805.8333333333334,823.6666666666666,1522.5,953.0833333333334,0.6757679605829782,-0.9178888391506472,4105.083333333334,132.21875,34.2541656,34211,office,False,False
51323108,2013.5,1950.9166666666667,2640.5833333333335,2088.75,0.33821684339732716,-0.3911511994001234,8693.75,132.231247,34.2541656,34211,mixed,False,False
51323117,262.6666666666667,327.0833333333333,193.5,327.4166666666667,-0.7587941955931202,0.4408995625908099,1110.6666666666667,132.21875,34.2625008,34211,residential,False,False
51323118,669.5833333333334,889.3333333333334,417.5833333333333,906.0833333333334,-1.1175796104547975,0.6811994861328786,2882.5833333333335,132.231247,34.2625008,34211,leisure,False,False
51323119,356.5,271.5833333333333,282.5833333333333,279.25,0.017119097820959637,0.33522569813961345,1189.9166666666665,132.243744,34.2625008,34213,mixed,False,False
51323127,21.333333333333332,20.0,40.0,60.0,-0.5849625007211563,-0.9068905956085186,141.33333333333331,132.21875,34.2708321,34211,residential,False,False
51323128,17.0,15.0,14.5,15.0,-0.0489096004809464,0.22948184612276717,61.5,132.231247,34.2708321,34211,mixed,False,False
51323129,499.4166666666667,505.6666666666667,286.6666666666667,493.25,-0.7829448918552544,0.8008698089809698,1785.0000000000002,132.243744,34.2708321,34213,leisure,False,False
51323139,21.333333333333332,13.25,18.25,12.0,0.604862058158861,0.2252129403988265,64.83333333333333,132.243744,34.2791672,34213,office,False,False
51323141,134.5,55.72727272727273,54.09090909090909,41.09090909090909,0.39656689578011817,1.3141481229986156,285.40909090909093,132.143753,34.2874985,34211,leisure,False,False
51323147,191.75,288.75,189.33333333333334,299.3333333333333,-0.6608245152364647,0.018298148719407534,969.1666666666666,132.21875,34.2874985,34211,residential,False,False
51323152,66.41666666666667,58.083333333333336,33.25,44.166666666666664,-0.40960361322821565,0.998190977768126,201.91666666666666,132.15625,34.2958336,34211,leisure,False,False
51323154,18.75,14.0,12.0,15.0,-0.3219280948873623,0.6438561897747247,59.75,132.181244,34.2958336,34213,leisure,False,False
51323157,158.58333333333334,120.58333333333333,65.0,104.75,-0.6884386206708971,1.2867295325244112,448.9166666666667,132.21875,34.2958336,34213,leisure,False,False
51323158,46.142857142857146,66.28571428571429,22.8,49.875,-1.1292830169449664,1.0170735133589415,185.10357142857146,132.231247,34.2958336,34213,leisure,False,False
51323167,27.0,11.0,47.6,15.0,1.6659990728120626,-0.8180021662571126,100.6,132.21875,34.3041649,34213,office,False,False
51323173,120.25,24.0,50.5,16.0,1.6582114827517946,1.2516816010182472,210.75,132.168747,34.3125,34213,office,False,False
51323184,304.3333333333333,52.44444444444444,100.41666666666667,48.0,1.0648924296750115,1.5996536188668977,505.19444444444446,132.181244,34.3208351,34213,office,False,False
51323185,228.83333333333334,26.714285714285715,95.58333333333333,18.5,2.369233809665719,1.259466234131276,369.6309523809524,132.193756,34.3208351,34213,office,False,False
51323186,50.5,48.0,30.0,25.0,0.2630344058337938,0.7513208871432763,153.5,132.206253,34.3208351,34213,leisure,False,False
51323187,21.77777777777778,13.333333333333334,21.4,12.0,0.8345763907926284,0.025245951159111307,68.5111111111111,132.21875,34.3208351,34213,office,False,False
51323195,63.75,97.5,42.333333333333336,128.75,-1.6047064360195709,0.5906312508078483,332.33333333333337,132.193756,34.3291664,34213,leisure,False,False
51323196,31.666666666666668,37.5,43.5,44.5,-0.03278993511766953,-0.45805038823893657,157.16666666666669,132.206253,34.3291664,34213,mixed,False,False
51323220,802.0,759.0833333333334,585.5,542.0833333333334,0.11115451961721347,0.4539330659537052,2688.666666666667,132.256256,34.2708321,34213,mixed,False,False
51323221,43.166666666666664,13.25,120.83333333333333,26.666666666666668,2.1799090900149345,-1.4850288972157428,203.91666666666666,132.268753,34.2708321,34213,office,False,False
51323230,621.8333333333334,529.3333333333334,477.5,509.0,-0.09216492315258429,0.3810272211725129,2137.666666666667,132.256256,34.2791672,34213,mixed,False,False
51323231,1508.75,1694.3333333333333,1053.5833333333333,1646.5,-0.6440980830822424,0.5180493421292787,5903.166666666666,132.268753,34.2791672,34213,residential,False,False
51323233,19.875,29.8,31.166666666666668,22.444444444444443,0.47364547785699823,-0.6490490038821252,103.28611111111111,132.293747,34.2791672,34213,mixed,False,False
51323235,292.25,21.11111111111111,106.16666666666667,17.5,2.600904044590178,1.460872152996512,437.02777777777777,132.318756,34.2791672,34213,office,False,False
51323236,107.91666666666667,16.75,42.5,17.0,1.3219280948873624,1.3443829457150585,184.16666666666669,132.331253,34.2791672,34213,office,False,False
51323240,43.166666666666664,37.75,33.75,34.1,-0.014884237085979211,0.3550301899145668,148.76666666666665,132.256256,34.2874985,34213,mixed,False,False
51323241,2595.3333333333335,3156.5833333333335,2414.75,2941.0833333333335,-0.28447382844045593,0.10404600994643873,11107.750000000002,132.268753,34.2874985,34213,mixed,False,False
51323242,897.75,1038.25,1051.6666666666667,1031.3333333333333,0.02816680842087589,-0.2282918514840972,4019.0,132.28125,34.2874985,34213,mixed,False,False
51323243,16.0,13.0,10.5,13.666666666666666,-0.3802720811181672,0.6076825772212396,53.166666666666664,132.293747,34.2874985,34213,leisure,False,False
51323247,42.81818181818182,44.0,23.22222222222222,19.0,0.28950661719498477,0.8827175003369157,129.04040404040404,132.34375,34.2874985,34213,leisure,False,False
51323248,13.75,12.0,16.0,18.0,-0.16992500144231246,-0.2186402864753404,59.75,132.356247,34.2874985,34215,mixed,False,False
51323251,1236.25,1367.0,1151.75,1390.75,-0.27203550764940176,0.10214292304226213,5145.75,132.268753,34.2958336,34213,mixed,False,False
51323252,2031.4166666666667,2361.9166666666665,1481.1666666666667,2158.6666666666665,-0.543406497469582,0.45575219570028414,8033.166666666666,132.28125,34.2958336,34213,mixed,False,False
51323253,116.08333333333333,63.25,77.25,51.416666666666664,0.587298849476113,0.5875540139757222,308.0,132.293747,34.2958336,34213,office,False,False
51323254,87.91666666666667,26.444444444444443,48.916666666666664,21.0,1.2199367696101355,0.8458105904844955,184.27777777777777,132.306244,34.2958336,34213,office,False,False
51323255,7217.75,1955.9166666666667,3129.5,1184.3333333333333,1.4018569883338134,1.2056169974318172,13487.499999999998,132.318756,34.2958336,34213,office,False,False
51323256,150.41666666666666,20.142857142857142,62.0,15.2,2.0281968918306523,1.2786243106665018,247.7595238095238,132.331253,34.2958336,34213,office,False,False
51323257,144.72727272727272,74.4,62.1,25.166666666666668,1.3030791247291962,1.2206716385732326,306.3939393939394,132.34375,34.2958336,34213,office,False,False
51323261,18.7,28.166666666666668,15.375,37.0,-1.26693886028971,0.2824518596610345,99.24166666666667,132.268753,34.3041649,34213,residential,False,False
51323262,2868.5833333333335,4321.666666666667,1657.9166666666667,4248.833333333333,-1.357695259752141,0.7909669361883789,13097.0,132.28125,34.3041649,34213,leisure,True,False
51323263,2937.5,3338.6666666666665,2024.1666666666667,2982.75,-0.5593149787242965,0.5372607675376533,11283.083333333334,132.293747,34.3041649,34213,mixed,True,False
51323264,476.4166666666667,241.08333333333334,237.58333333333334,178.5,0.41250955918769694,1.003790250995801,1133.5833333333333,132.306244,34.3041649,34213,leisure,True,False
51323265,2904.25,962.8333333333334,1574.6666666666667,645.1666666666666,1.2873026571048463,0.8831191829272715,6086.916666666667,132.318756,34.3041649,34213,office,True,False
51323266,211.58333333333334,267.6666666666667,186.33333333333334,218.16666666666666,-0.22754490910205047,0.18334020680431548,883.75,132.331253,34.3041649,34213,mixed,True,False
51323272,618.6666666666666,676.1666666666666,636.5833333333334,723.1666666666666,-0.18397879468241954,-0.04118708100675068,2654.583333333333,132.28125,34.3125,34213,mixed,True,False
51323273,2260.5,2816.3333333333335,2057.8333333333335,2781.1666666666665,-0.43456406233352474,0.13551577648933044,9915.833333333334,132.293747,34.3125,34213,mixed,True,False
51323274,4385.5,2323.8333333333335,2649.4166666666665,1999.9166666666667,0.4057348638832262,0.7270665863798961,11358.666666666666,132.306244,34.3125,34213,leisure,True,False
51323276,25.583333333333332,11.5,17.333333333333332,13.0,0.41503749927884376,0.5616551272290873,67.41666666666666,132.331253,34.3125,34213,mixed,True,False
51323282,146.33333333333334,48.916666666666664,91.0,42.5,1.0984037040609944,0.6853199886155058,328.75000000000006,132.28125,34.3208351,34213,office,True,False
51323283,835.5833333333334,1146.75,653.5,1041.5,-0.6724036982452135,0.35459648046623193,3677.3333333333335,132.293747,34.3208351,34213,residential,True,False
51323284,3807.4166666666665,4526.416666666667,2982.0833333333335,4367.666666666667,-0.5505421824604474,0.3524918868175393,15683.583333333332,132.306244,34.3208351,34213,mixed,True,False
51323285,2925.0833333333335,2298.3333333333335,1964.5833333333333,2306.6666666666665,-0.23158617207426574,0.5742543614667881,9494.666666666668,132.318756,34.3208351,34213,mixed,True,False
51323292,362.0833333333333,134.66666666666666,281.0833333333333,111.33333333333333,1.3361123105440742,0.365323858683636,889.1666666666666,132.28125,34.3291664,34213,office,True,False
51323293,285.75,175.58333333333334,268.0833333333333,169.91666666666666,0.6578541606361419,0.09207196828289609,899.3333333333334,132.293747,34.3291664,34213,office,True,False
51323294,3210.4166666666665,4176.75,2763.1666666666665,4206.0,-0.6061262658701683,0.21643796670674278,14356.333333333332,132.306244,34.3291664,34213,residential,True,False
51323295,1588.3333333333333,2092.3333333333335,1395.25,1940.3333333333333,-0.475780870476414,0.18699006702580198,7016.25,132.318756,34.3291664,34213,mixed,True,False
51323300,138.0,132.41666666666666,119.08333333333333,136.58333333333334,-0.19780993800364258,0.21269675640350896,526.0833333333334,132.381256,34.2541656,34215,mixed,False,False
51323301,39.2,37.2,15.5,15.333333333333334,0.015596855051018587,1.3385854388409708,107.23333333333333,132.393753,34.2541656,34215,leisure,False,False
51323302,521.1666666666666,647.8333333333334,556.25,646.25,-0.2163589444611745,-0.09398861753723839,2371.5,132.40625,34.2541656,34215,mixed,False,False
51323303,28.77777777777778,31.5,18.2,45.166666666666664,-1.3113199953213814,0.6610167409329077,123.64444444444445,132.418747,34.2541656,34215,leisure,False,False
51323304,16.714285714285715,14.5,14.75,13.75,0.10128333583718169,0.18036674816395923,59.714285714285715,132.431244,34.2541656,34215,mixed,False,False
51323305,23.8,18.833333333333332,74.41666666666667,24.6,1.596967453948189,-1.6446641959794857,141.65,132.443756,34.2541656,34215,office,False,False
51323306,304.25,362.5833333333333,294.1666666666667,297.3333333333333,-0.015447431761761938,0.04862348527634172,1258.3333333333333,132.456253,34.2541656,34215,mixed,False,False
51323307,48.81818181818182,78.5,45.63636363636363,65.16666666666667,-0.5139503612727216,0.09723472403464083,238.12121212121212,132.46875,34.2541656,34215,mixed,False,False
51323308,14.5,22.0,19.0,12.0,0.6629650127224292,-0.3899465183160133,67.5,132.481247,34.2541656,34215,office,False,False
51323309,469.1666666666667,948.25,300.5833333333333,947.8333333333334,-1.6568683811646618,0.6423354991800219,2665.8333333333335,132.493744,34.2541656,34215,leisure,False,False
51323310,61.75,58.083333333333336,15.333333333333334,40.54545454545455,-1.4028688259471507,2.009767776248821,175.71212121212122,132.381256,34.2625008,34215,leisure,False,False
51323311,56.416666666666664,78.0,31.0,52.333333333333336,-0.7554619377835957,0.8638532124669653,217.75,132.393753,34.2625008,34215,leisure,False,False
51323312,338.6666666666667,390.9166666666667,215.0,424.5833333333333,-0.9817110807425595,0.6555293364615494,1369.1666666666667,132.40625,34.2625008,34215,leisure,False,False
51323313,49.5,29.7,31.454545454545453,27.857142857142858,0.17522121730742057,0.6541600110801823,138.51168831168832,132.418747,34.2625008,34215,leisure,False,False
51323315,93.0,47.833333333333336,113.0,75.3,0.5856010026306219,-0.2810201513071564,329.1333333333333,132.443756,34.2625008,34215,office,False,False
51323316,186.08333333333334,318.0,164.5,347.5,-1.0789253938756285,0.177861261366076,1016.0833333333334,132.456253,34.2625008,34215,residential,False,False
51323319,31.0,33.857142857142854,42.5,34.0,0.32192809488736235,-0.45519462575082664,141.35714285714286,132.493744,34.2625008,34215,mixed,False,False
51323326,10.0,15.666666666666666,11.0,22.0,-1.0,-0.13750352374993496,58.666666666666664,132.456253,34.2708321,34215,residential,False,False
51323329,50.333333333333336,33.166666666666664,280.25,24.333333333333332,3.5257085046465657,-2.477128324201504,388.0833333333333,132.493744,34.2708321,34215,office,False,False
51323336,30.75,53.0,11.0,10.0,0.13750352374993502,1.4830828867019425,104.75,132.456253,34.2791672,34215,leisure,False,False
51323337,21.333333333333332,22.75,16.875,14.0,0.26946067499322673,0.3382219022280129,74.95833333333333,132.46875,34.2791672,34215,mixed,False,False
51323338,615.9166666666666,1096.75,529.1666666666666,1230.75,-1.2177436484091346,0.21901298188288676,3472.583333333333,132.481247,34.2791672,34215,residential,False,False
51323339,12.75,14.0,55.166666666666664,18.6,1.5684941898653924,-2.1132995641145658,100.51666666666667,132.493744,34.2791672,34215,office,False,False
51323344,13.857142857142858,22.333333333333332,15.0,67.0,-2.159198594849254,-0.11433267547899488,118.19047619047619,132.431244,34.2874985,34215,residential,False,False
51323345,61.416666666666664,178.33333333333334,29.727272727272727,192.66666666666666,-2.6962479749187374,1.0468431015131283,462.1439393939394,132.443756,34.2874985,34215,leisure,False,False
51323346,49.166666666666664,21.88888888888889,29.416666666666668,23.333333333333332,0.33424135632621405,0.7410467709780231,123.80555555555554,132.456253,34.2874985,34215,leisure,False,False
51323347,33.90909090909091,32.8,23.77777777777778,25.857142857142858,-0.1209489800667667,0.5120582166591058,116.34401154401154,132.46875,34.2874985,34215,mixed,False,False
51323348,245.16666666666666,288.75,276.6666666666667,313.5833333333333,-0.18070004783359403,-0.1743859949794572,1124.1666666666665,132.481247,34.2874985,34215,mixed,False,False
51323349,27.5,33.25,18.875,43.25,-1.1962234883116458,0.5429549741995806,122.875,132.493744,34.2874985,34215,residential,False,False
51323353,13.0,12.0,11.333333333333334,16.0,-0.4974996594708167,0.19793937761190883,52.333333333333336,132.418747,34.2958336,34103,mixed,False,True
51323358,17.75,35.75,21.2,34.0,-0.6814704815745025,-0.25624524017115474,108.7,132.481247,34.2958336,34215,residential,False,False
51323363,11.0,15.0,14.0,16.333333333333332,-0.22239242133644782,-0.34792330342030686,56.33333333333333,132.418747,34.3041649,34103,mixed,True,True
51323365,56.5,28.88888888888889,48.083333333333336,16.142857142857142,1.5746409675667428,0.23271395449086124,149.61507936507937,132.443756,34.3041649,34103,office,True,True
51323372,15.75,14.5,23.5,10.0,1.232660756790275,-0.5773089281777208,63.75,132.40625,34.3125,34103,office,True,True
51323374,130.66666666666666,85.0,94.83333333333333,72.5,0.3874132515704913,0.46242500180862633,383.0,132.431244,34.3125,34103,mixed,True,True
51323375,84.41666666666667,39.0,67.83333333333333,26.272727272727273,1.3684284196817091,0.3155334745348912,217.52272727272725,132.443756,34.3125,34103,office,True,True
51323377,11.666666666666666,12.5,14.2,12.0,0.24285652389616355,-0.2834985083935095,50.36666666666667,132.46875,34.3125,34103,mixed,True,True
51323379,164.0,57.0,187.5,74.5,1.3315782649210814,-0.19319478076515947,483.0,132.493744,34.3125,34309,office,True,False
51323384,15.9,17.0,14.0,23.0,-0.7162070339994087,0.18359993833938887,69.9,132.431244,34.3208351,34103,residential,True,True
51323385,51.666666666666664,27.0,74.16666666666667,27.083333333333332,1.4533656179379435,-0.5215371205795227,179.91666666666666,132.443756,34.3208351,34103,office,True,True
51323387,18.9,17.666666666666668,16.6,15.333333333333334,0.11451188112370568,0.18720299287414754,68.5,132.46875,34.3208351,34103,mixed,True,True
51323389,214.58333333333334,65.5,137.33333333333334,75.25,0.8679183497023601,0.6438561897747247,492.6666666666667,132.493744,34.3208351,34309,office,True,False
51323401,50.75,44.0,63.5,39.416666666666664,0.6879508141539269,-0.3233487695869896,197.66666666666666,132.518753,34.2541656,34202,office,False,False
51323402,1355.0833333333333,2030.6666666666667,1042.75,1943.8333333333333,-0.8985112135676916,0.3779882632560298,6372.333333333333,132.53125,34.2541656,34202,residential,False,False
51323403,295.4166666666667,388.0833333333333,175.5,404.1666666666667,-1.2034793109361355,0.7512801911011617,1263.1666666666667,132.543747,34.2541656,34202,leisure,False,False
51323404,2535.9166666666665,2499.0,2197.1666666666665,2539.8333333333335,-0.20908951893133607,0.2068630275957404,9771.916666666666,132.556244,34.2541656,34202,mixed,False,False
51323405,9923.75,11525.666666666666,8804.666666666666,11833.0,-0.4264755923988841,0.1726170046699565,42087.08333333333,132.568756,34.2541656,34202,mixed,False,False
51323406,4930.333333333333,6577.5,4626.916666666667,6618.5,-0.5164531699452877,0.09163407320931055,22753.25,132.581253,34.2541656,34202,mixed,False,False
51323407,1124.1666666666667,1331.8333333333333,899.0833333333334,1359.6666666666667,-0.5967262602900222,0.32232919633312906,4714.75,132.59375,34.2541656,34202,residential,False,False
51323408,20.0,15.0,17.0,29.5,-0.7951802081115018,0.23446525363702297,81.5,132.606247,34.2541656,34202,residential,False,False
51323409,113.08333333333333,42.25,349.5,55.36363636363637,2.658281846106401,-1.6279061406777384,560.1969696969697,132.618744,34.2541656,34202,office,False,False
51323411,859.6666666666666,831.8333333333334,799.3333333333334,901.5833333333334,-0.17366359318230387,0.10498011437499039,3392.416666666667,132.518753,34.2625008,34202,mixed,False,False
51323412,1702.75,2669.4166666666665,1289.8333333333333,2538.9166666666665,-0.9770283841533202,0.4006819732782634,8200.916666666666,132.53125,34.2625008,34202,residential,False,False
51323413,51.5,40.27272727272727,35.5,52.833333333333336,-0.5736294099135691,0.5367534076785364,180.10606060606062,132.543747,34.2625008,34202,mixed,False,False
51323414,129.58333333333334,80.4,134.66666666666666,50.75,1.4079130648454623,-0.05551261773382965,395.4,132.556244,34.2625008,34202,office,False,False
51323415,1263.6666666666667,2184.1666666666665,948.6666666666666,2165.8333333333335,-1.1909490668330807,0.4136427946441618,6562.333333333334,132.568756,34.2625008,34202,residential,False,False
51323416,260.9166666666667,385.75,273.3333333333333,408.25,-0.5787914767774051,-0.0670723063667759,1328.25,132.581253,34.2625008,34202,mixed,False,False
51323417,57.25,153.72727272727272,17.5,153.72727272727272,-3.1349463088277196,1.7099207711519775,382.20454545454544,132.59375,34.2625008,34202,leisure,False,False
51323419,58.333333333333336,29.22222222222222,53.666666666666664,21.285714285714285,1.3341407789889033,0.12029423371771204,162.5079365079365,132.618744,34.2625008,34202,office,False,False
51323421,226.41666666666666,87.25,209.75,80.08333333333333,1.389096880387229,0.1103093490609955,603.5,132.518753,34.2708321,34202,office,False,False
51323422,468.8333333333333,883.5,295.0833333333333,764.0,-1.3724502003659889,0.6679527089237837,2411.4166666666665,132.53125,34.2708321,34202,leisure,False,False
51323424,206.83333333333334,135.33333333333334,172.58333333333334,143.75,0.26373119166761816,0.2611755619098448,658.5000000000001,132.556244,34.2708321,34202,mixed,False,False
51323426,172.25,250.58333333333334,92.75,266.25,-1.5213623384923973,0.8930847960834881,781.8333333333334,132.581253,34.2708321,34202,leisure,False,False
51323427,23.444444444444443,23.5,13.4,15.0,-0.1627295000381085,0.8070130916944627,75.34444444444443,132.59375,34.2708321,34202,leisure,False,False
51323431,817.9166666666666,1005.0,628.5833333333334,1001.4166666666666,-0.6718664464327191,0.37984984176699005,3452.9166666666665,132.518753,34.2791672,34202,residential,False,False
51323432,81.27272727272727,190.1818181818182,55.5,165.0909090909091,-1.5727010023035117,0.5502835361959144,492.04545454545456,132.53125,34.2791672,34202,residential,False,False
51323433,865.4166666666666,1213.3333333333333,444.25,1227.4166666666667,-1.4661813972117737,0.9620231289821756,3750.416666666667,132.543747,34.2791672,34202,leisure,False,False
51323434,1890.4166666666667,2239.1666666666665,1471.0833333333333,2385.75,-0.6975638984861526,0.36182527974243356,7986.416666666666,132.556244,34.2791672,34202,residential,False,False
51323435,1239.5833333333333,1800.5833333333333,765.3333333333334,1704.5833333333333,-1.1552589900997208,0.6956951212943425,5510.083333333333,132.568756,34.2791672,34202,leisure,False,False
51323440,440.6666666666667,54.63636363636363,143.08333333333334,46.6,1.61845377351406,1.6228321375055574,684.9863636363636,132.506256,34.2874985,34202,office,False,False
51323441,2446.3333333333335,3236.8333333333335,1581.0,3148.3333333333335,-0.9937509281962051,0.6297836288028134,10412.500000000002,132.518753,34.2874985,34202,leisure,False,False
51323442,28.636363636363637,26.11111111111111,23.75,51.2,-1.1082162967816898,0.2699207914190338,129.69747474747476,132.53125,34.2874985,34202,residential,False,False
51323443,455.9166666666667,831.5,418.75,869.9166666666666,-1.0547880147047533,0.12268095942892655,2576.083333333333,132.543747,34.2874985,34202,residential,False,False
51323444,2403.5833333333335,3620.3333333333335,1760.1666666666667,3639.3333333333335,-1.0479621551203198,0.4494747819968801,11423.416666666668,132.556244,34.2874985,34202,residential,False,False
51323445,2491.5,3493.9166666666665,2307.6666666666665,3393.75,-0.5564454454835275,0.11057972658797363,11686.833333333332,132.568756,34.2874985,34202,mixed,False,False
51323446,434.0833333333333,503.3333333333333,285.1666666666667,425.75,-0.5782011759102851,0.6061666772612888,1648.3333333333333,132.581253,34.2874985,34202,leisure,False,False
51323447,205.75,197.25,167.58333333333334,208.91666666666666,-0.3180489145285871,0.29601375483742987,779.5,132.59375,34.2874985,34202,mixed,False,False
51323450,705.75,295.1666666666667,997.3333333333334,291.3333333333333,1.7754049903870386,-0.4989185457167875,2289.5833333333335,132.506256,34.2958336,34202,office,False,False
51323451,98.33333333333333,89.75,92.16666666666667,115.83333333333333,-0.32973349737616253,0.09343547401449655,396.0833333333333,132.518753,34.2958336,34202,mixed,False,False
51323452,20.6,23.571428571428573,17.0,32.75,-0.9459601602871109,0.2771095910455168,93.92142857142856,132.53125,34.2958336,34202,residential,False,False
51323453,281.0833333333333,56.8,114.0,52.666666666666664,1.114071766708795,1.3019640881322287,504.55,132.543747,34.2958336,34202,office,False,False
51323454,4622.75,3872.0,3722.8333333333335,3761.8333333333335,-0.015034902240792564,0.3123503132577046,15979.416666666668,132.556244,34.2958336,34202,mixed,False,False
51323455,1766.8333333333333,2798.8333333333335,1481.5,2816.9166666666665,-0.927058258547821,0.25410732954166604,8864.083333333332,132.568756,34.2958336,34202,residential,False,False
51323456,166.16666666666666,168.75,99.91666666666667,172.91666666666666,-0.7912796777074258,0.7338337509839721,607.75,132.581253,34.2958336,34202,leisure,False,False
51323457,629.4166666666666,135.41666666666666,548.5833333333334,154.33333333333334,1.8296610991582507,0.19830458912713367,1467.7500000000002,132.59375,34.2958336,34202,office,False,False
51323458,119.66666666666667,28.75,516.25,88.83333333333333,2.538896844268788,-2.1090485332049127,753.5,132.606247,34.2958336,34202,office,False,False
51323459,19.5,14.0,20.375,18.8,0.11606739744080243,-0.06332593536882918,72.675,132.618744,34.2958336,34202,mixed,False,False
51323460,1173.9166666666667,825.3333333333334,747.8333333333334,769.8333333333334,-0.04182936217269166,0.6505413155689541,3516.916666666667,132.506256,34.3041649,34309,leisure,True,False
51323461,43.8,73.57142857142857,32.44444444444444,113.0,-1.800279404977483,0.43295940727610627,262.815873015873,132.518753,34.3041649,34309,residential,True,False
51323463,1017.5833333333334,1937.25,640.25,1890.75,-1.5622513659822275,0.6684396935598833,5485.833333333334,132.543747,34.3041649,34202,leisure,True,False
51323464,3326.5833333333335,4222.916666666667,2143.5833333333335,4226.75,-0.9795242796205885,0.6340166706879954,13919.833333333336,132.556244,34.3041649,34202,leisure,True,False
51323465,16.285714285714285,34.666666666666664,16.666666666666668,30.8,-0.8859647567539705,-0.03335859694643119,98.41904761904762,132.568756,34.3041649,34202,residential,True,False
51323466,39.27272727272727,36.666666666666664,43.5,27.666666666666668,0.6528665652229597,-0.14748761232255694,147.1060606060606,132.581253,34.3041649,34202,office,True,False
51323467,74.16666666666667,20.5,23.9,15.0,0.6720481174848676,1.633760312039218,133.56666666666666,132.59375,34.3041649,34202,office,True,False
51323468,412.0,142.66666666666666,1970.3333333333333,396.9166666666667,2.311531671886869,-2.2577234773465165,2921.9166666666665,132.606247,34.3041649,34202,office,True,False
51323469,553.4166666666666,167.91666666666666,1889.8333333333333,406.75,2.2160447560412404,-1.7718210092104083,3017.916666666666,132.618744,34.3041649,34202,office,True,False
51323470,55.833333333333336,25.428571428571427,42.25,26.571428571428573,0.6690755472317569,0.40217534834179436,150.08333333333331,132.506256,34.3125,34309,office,True,False
51323474,3021.6666666666665,4335.0,2470.5,4383.416666666667,-0.8272527653000185,0.29054146346285314,14210.583333333334,132.556244,34.3125,34202,residential,True,False
51323475,184.41666666666666,341.25,210.66666666666666,347.8333333333333,-0.7234341369827322,-0.1919930123760914,1084.1666666666665,132.568756,34.3125,34202,residential,True,False
51323479,221.66666666666666,35.916666666666664,112.66666666666667,16.0,2.8159169355610283,0.9763310941063674,386.25000000000006,132.618744,34.3125,34202,office,True,False
51323480,158.16666666666666,148.5,84.0,149.5,-0.8316842514193449,0.9129843535211929,540.1666666666666,132.506256,34.3208351,34309,leisure,True,False
51323482,17.0,12.0,13.833333333333334,30.5,-1.1406604069371178,0.29738591062457076,73.33333333333334,132.53125,34.3208351,34309,residential,True,False
51323484,809.0,1189.0,493.1666666666667,1183.3333333333333,-1.2627093280854853,0.7140644119572124,3674.5,132.556244,34.3208351,34202,leisure,True,False
51323485,2258.9166666666665,3682.0833333333335,1523.9166666666667,3587.0833333333335,-1.235027248507127,0.5678470363305136,11052.0,132.568756,34.3208351,34307,residential,True,False
51323486,784.5,1160.6666666666667,535.3333333333334,1113.1666666666667,-1.056160221365384,0.5513359601719392,3593.666666666667,132.581253,34.3208351,34307,residential,True,False
51323487,29.0,17.0,12.0,24.5,-1.029747343394052,1.2730184944064158,82.5,132.59375,34.3208351,34307,leisure,True,False
51323490,1202.9166666666667,1598.0,897.5833333333334,1527.75,-0.7672906882238404,0.4224189089389844,5226.25,132.506256,34.3291664,34309,residential,True,False
51323491,158.5,246.66666666666666,68.16666666666667,233.66666666666666,-1.7773136010688741,1.2173444979188144,707.0,132.518753,34.3291664,34309,leisure,True,False
51323492,20.0,19.0,15.333333333333334,14.0,0.13124453327825272,0.3833286395515057,68.33333333333334,132.53125,34.3291664,34309,mixed,True,False
51323493,236.5,146.75,204.0,167.08333333333334,0.28800132135036904,0.21327103136789974,754.3333333333334,132.543747,34.3291664,34107,mixed,True,True
51323494,903.1666666666666,1375.8333333333333,762.5833333333334,1361.5833333333333,-0.836318377068421,0.24409724075339984,4403.166666666666,132.556244,34.3291664,34307,residential,True,False
51323495,3837.9166666666665,5237.583333333333,3107.25,5336.833333333333,-0.7803456363385436,0.304685065353808,17519.583333333332,132.568756,34.3291664,34307,residential,True,False
51323496,978.6666666666666,1200.5833333333333,719.6666666666666,1252.25,-0.7991218689565526,0.4434887248207076,4151.166666666666,132.581253,34.3291664,34307,residential,True,False
51323497,124.58333333333333,152.83333333333334,32.45454545454545,111.25,-1.7773128804619578,1.9406186229725089,421.1212121212121,132.59375,34.3291664,34307,leisure,True,False
51323500,1113.0,1204.5,821.5833333333334,1166.4166666666667,-0.5056044187649926,0.4379747721735833,4305.5,132.631256,34.2541656,34202,mixed,False,False
51323506,210.33333333333334,428.5833333333333,195.25,442.4166666666667,-1.1800831872605957,0.10735495611941348,1276.5833333333335,132.706253,34.2541656,34202,residential,False,False
51323507,1189.0,1676.5,1167.5833333333333,1624.75,-0.4766922256313668,0.026223192732122418,5657.833333333333,132.71875,34.2541656,34202,mixed,False,False
51323508,43.0,52.6,12.8,29.333333333333332,-1.1963972128035034,1.7481928495894603,137.73333333333332,132.731247,34.2541656,34202,leisure,False,False
51323510,798.5833333333334,1002.1666666666666,785.5,1011.75,-0.3651696683752274,0.023831687300151134,3598.0,132.631256,34.2625008,34202,mixed,False,False
51323514,106.5,62.72727272727273,30.09090909090909,25.0,0.2673995983951957,1.823453832055918,224.3181818181818,132.681244,34.2625008,34202,leisure,False,False
51323515,31.8,42.18181818181818,18.0,27.5,-0.6114347120823472,0.8210298589546806,119.48181818181817,132.693756,34.2625008,34202,leisure,False,False
51323517,60.916666666666664,58.714285714285715,80.41666666666667,46.666666666666664,0.7851021152104763,-0.4006575362030055,246.71428571428572,132.71875,34.2625008,34202,office,False,False
51323518,80.16666666666667,47.72727272727273,86.0,54.72727272727273,0.6520766965796931,-0.10133417165321203,268.6212121212121,132.731247,34.2625008,34202,office,False,False
51323519,137.58333333333334,29.857142857142858,51.18181818181818,21.0,1.2852420706641718,1.4266024107491697,239.6222943722944,132.743744,34.2625008,34202,office,False,False
51323520,467.6666666666667,590.5833333333334,310.75,627.3333333333334,-1.0134778309548957,0.5897262118462581,1996.3333333333335,132.631256,34.2708321,34202,leisure,False,False
51323527,134.08333333333334,207.5,85.5,189.75,-1.1501035605295684,0.6491335951163923,616.8333333333334,132.71875,34.2708321,34202,leisure,False,False
51323528,178.33333333333334,242.75,95.41666666666667,215.66666666666666,-1.176490019008201,0.902263198304203,732.1666666666666,132.731247,34.2708321,34202,leisure,False,False
51323529,16.0,24.5,19.5,20.4,-0.06509502822188483,-0.28540221886224837,80.4,132.743744,34.2708321,34202,mixed,False,False
51323530,53.083333333333336,39.7,48.166666666666664,24.875,0.9533385612358737,0.14022387975562173,165.825,132.631256,34.2791672,34202,office,False,False
51323531,21.0,21.666666666666668,16.2,18.0,-0.1520030934450501,0.3743955147814979,76.86666666666667,132.643753,34.2791672,34202,mixed,False,False
51323537,38.333333333333336,25.5,39.166666666666664,33.833333333333336,0.21118102937982325,-0.03102689562062438,136.83333333333334,132.71875,34.2791672,34202,mixed,False,False
51323538,261.75,313.6666666666667,164.08333333333334,256.9166666666667,-0.6468717782056216,0.6737608317504109,996.4166666666667,132.731247,34.2791672,34202,leisure,False,False
51323539,1091.4166666666667,1145.5,1088.75,1179.9166666666667,-0.11601225192216397,0.0035292610910051406,4505.583333333334,132.743744,34.2791672,34202,mixed,False,False
51323540,178.0,202.33333333333334,199.75,142.83333333333334,0.48386279953663297,-0.16631826196157906,722.9166666666667,132.631256,34.2874985,34202,mixed,False,False
51323541,520.3333333333334,850.8333333333334,208.16666666666666,812.9166666666666,-1.9653683958884314,1.3216970603699516,2392.25,132.643753,34.2874985,34202,leisure,False,False
51323548,613.0,643.25,491.4166666666667,581.75,-0.2434525173045892,0.3189402855900221,2329.416666666667,132.731247,34.2874985,34202,mixed,False,False
51323549,985.0833333333334,1339.1666666666667,915.5833333333334,1208.8333333333333,-0.400852241796643,0.1055545735472677,4448.666666666667,132.743744,34.2874985,34202,mixed,False,False
51323550,492.25,474.25,452.75,456.5833333333333,-0.012163556634655385,0.12067656495138566,1875.8333333333333,132.631256,34.2958336,34202,mixed,False,False
51323551,1126.6666666666667,1771.5,725.5833333333334,1783.0,-1.2970934803431267,0.6348475231665223,5406.75,132.643753,34.2958336,34202,leisure,False,False
51323555,23.75,52.5,21.0,17.5,0.2630344058337938,0.17753818555218753,114.75,132.693756,34.2958336,34202,mixed,False,False
51323556,44.3,62.44444444444444,28.666666666666668,61.375,-1.0982769603337512,0.6279325396867141,196.7861111111111,132.706253,34.2958336,34202,leisure,False,False
51323557,19.875,14.0,16.428571428571427,17.666666666666668,-0.10482282495527205,0.2747478263975843,67.9702380952381,132.71875,34.2958336,34202,mixed,False,False
51323558,71.41666666666667,86.0909090909091,85.66666666666667,109.58333333333333,-0.3552225349857865,-0.2624731550813782,352.75757575757575,132.731247,34.2958336,34202,mixed,False,False
51323560,418.5,386.6666666666667,460.8333333333333,454.8333333333333,0.018907085847928738,-0.13901745185056946,1720.8333333333333,132.631256,34.3041649,34202,mixed,False,False
51323561,916.5,1245.3333333333333,640.25,1341.0,-1.0666019843070056,0.5174995329424174,4143.083333333333,132.643753,34.3041649,34202,residential,False,False
51323562,449.9166666666667,441.1666666666667,558.4166666666666,413.4166666666667,0.43374544989023545,-0.3116841903336569,1862.9166666666667,132.65625,34.3041649,34212,mixed,False,False
51323566,98.16666666666667,75.54545454545455,81.0,83.0,-0.03518942846229998,0.27731132022467975,337.71212121212125,132.706253,34.3041649,34202,mixed,False,False
51323567,107.33333333333333,106.54545454545455,70.16666666666667,102.33333333333333,-0.5444184223037831,0.6132404550482207,386.3787878787879,132.71875,34.3041649,34202,leisure,False,False
51323568,32.25,30.857142857142858,30.2,36.0,-0.2534483570045958,0.09475061098553765,129.30714285714285,132.731247,34.3041649,34202,mixed,False,False
51323569,48.083333333333336,16.75,83.75,19.75,2.084236537168032,-0.8005522774208085,168.33333333333334,132.743744,34.3041649,34202,office,False,False
51323570,27.833333333333332,20.666666666666668,35.916666666666664,36.5,-0.023243000512075316,-0.3678397666150458,120.91666666666666,132.631256,34.3125,34202,mixed,False,False
51323571,50.666666666666664,103.33333333333333,41.166666666666664,97.58333333333333,-1.2451581289165374,0.29956028185890793,292.75,132.643753,34.3125,34212,residential,False,False
51323572,189.25,293.0,146.91666666666666,252.83333333333334,-0.783188610926852,0.36529523138670633,882.0,132.65625,34.3125,34212,residential,False,False
51323573,41.0,39.0,10.75,12.0,-0.15869774601905817,1.9312872499159859,102.75,132.668747,34.3125,34212,leisure,False,False
51323574,479.4166666666667,159.83333333333334,1090.5,240.58333333333334,2.180381163125925,-1.185637800477668,1970.3333333333333,132.681244,34.3125,34212,office,False,False
51323575,559.5833333333334,510.5,812.9166666666666,610.3333333333334,0.41351008169905135,-0.5387544731815839,2493.3333333333335,132.693756,34.3125,34212,mixed,False,False
51323577,25.333333333333332,18.5,25.583333333333332,25.5,0.0047070026775276,-0.0141673319265939,94.91666666666666,132.71875,34.3125,34202,mixed,False,False
51323578,147.22222222222223,140.66666666666666,152.1,146.55555555555554,0.053572495027901935,-0.047024699941522724,586.5444444444445,132.731247,34.3125,34202,mixed,False,False
51323579,106.75,86.33333333333333,24.25,107.91666666666667,-2.1538610396656326,2.138179417433363,325.25,132.743744,34.3125,34202,leisure,False,False
51323580,17.0,23.5,28.833333333333332,23.0,0.3261037708585556,-0.762202885665229,92.33333333333333,132.631256,34.3208351,34212,mixed,False,False
51323581,177.16666666666666,130.75,167.83333333333334,131.0,0.35746246574817836,0.07807791352431998,606.75,132.643753,34.3208351,34212,mixed,False,False
51323582,515.75,617.25,410.1666666666667,575.0833333333334,-0.4875607751828311,0.33046166414948086,2118.25,132.65625,34.3208351,34212,mixed,False,False
51323583,1778.9166666666667,913.5,1632.8333333333333,838.5,0.9614948506534198,0.12362138959764755,5163.75,132.668747,34.3208351,34212,office,False,False
51323584,405.6666666666667,382.75,394.6666666666667,401.3333333333333,-0.0241663111307521,0.039660087084778715,1584.4166666666667,132.681244,34.3208351,34212,mixed,False,False
51323585,89.91666666666667,120.58333333333333,55.916666666666664,115.08333333333333,-1.0413286480578672,0.6853101932878335,381.5,132.693756,34.3208351,34212,leisure,False,False
51323586,266.1666666666667,99.25,109.75,88.0,0.3186455108980608,1.2781089671547183,563.1666666666667,132.706253,34.3208351,34212,leisure,False,False
51323590,15.428571428571429,17.285714285714285,15.5,20.5,-0.4033556942312085,-0.006663730281010743,68.71428571428572,132.631256,34.3291664,34212,mixed,False,False
51323591,316.75,407.9166666666667,226.0,404.0,-0.8380325203366069,0.4870218467256218,1354.6666666666667,132.643753,34.3291664,34212,residential,False,False
51323592,1352.5,1841.8333333333333,1067.75,1882.0833333333333,-0.8177566099615804,0.34105469607203576,6144.166666666666,132.65625,34.3291664,34212,residential,False,False
51323593,1269.6666666666667,1526.25,1134.25,1486.4166666666667,-0.39009992366670987,0.16271112749143954,5416.583333333334,132.668747,34.3291664,34212,mixed,False,False
51323594,738.25,529.25,627.8333333333334,505.6666666666667,0.3121949477003592,0.23372782390771776,2401.0,132.681244,34.3291664,34212,mixed,False,False
51323595,351.8333333333333,340.4166666666667,206.5,308.1666666666667,-0.5775690372635945,0.7687503912065544,1206.9166666666667,132.693756,34.3291664,34212,leisure,False,False
51323596,267.5833333333333,214.83333333333334,221.66666666666666,209.25,0.08316421711705195,0.2715964193372178,913.3333333333334,132.706253,34.3291664,34212,mixed,False,False
51323597,130.33333333333334,160.0,92.58333333333333,164.25,-0.8270689596543938,0.4933816959182605,547.1666666666666,132.71875,34.3291664,34212,residential,False,False
51323600,46.75,32.666666666666664,27.0,22.166666666666668,0.2845675673834352,0.7920069577241681,128.58333333333334,132.756256,34.2541656,34202,leisure,False,False
51323601,151.5,107.91666666666667,75.0,49.916666666666664,0.5873689984282514,1.01435529297707,384.3333333333333,132.768753,34.2541656,34202,office,False,False
51323609,148.08333333333334,86.33333333333333,569.75,149.75,1.9277730164765114,-1.943919743957775,953.9166666666667,132.868744,34.2541656,34431,office,False,False
51323610,30.4,24.333333333333332,14.833333333333334,19.0,-0.3571565831983439,1.0352284883109815,88.56666666666666,132.756256,34.2625008,34202,leisure,False,False
51323611,24.4,21.833333333333332,24.75,30.75,-0.3131578852596302,-0.020547377404085822,101.73333333333333,132.768753,34.2625008,34202,mixed,False,False
51323619,95.83333333333333,21.0,198.5,25.0,2.9891390073682333,-1.0505395520323764,340.3333333333333,132.868744,34.2625008,34431,office,False,False
51323620,33.09090909090909,23.166666666666668,108.5,31.0,1.8073549220576042,-1.7131882108830803,195.75757575757575,132.756256,34.2708321,34202,office,False,False
51323621,19.0,17.0,10.0,10.0,0.0,0.925999418556223,56.0,132.768753,34.2708321,34202,leisure,False,False
51323630,323.0833333333333,416.5,239.25,405.1666666666667,-0.759996562821547,0.4333874045439987,1384.0,132.756256,34.2791672,34202,residential,False,False
51323631,82.0,132.66666666666666,67.0,134.41666666666666,-1.0044790319767138,0.2914628141603112,416.08333333333326,132.768753,34.2791672,34202,residential,False,False
51323632,151.08333333333334,73.83333333333333,89.5,74.25,0.2694966564634907,0.7553849317587455,388.6666666666667,132.78125,34.2791672,34202,leisure,False,False
51323633,18.0,24.0,10.5,10.0,0.070389327891398,0.777607578663552,62.5,132.793747,34.2791672,34212,leisure,False,False
51323640,39.6,53.0,41.333333333333336,48.125,-0.21948082591654464,-0.06180528447347183,182.05833333333334,132.756256,34.2874985,34202,mixed,False,False
51323641,70.875,60.6,51.375,70.71428571428571,-0.4609352092276849,0.4642103412605459,253.56428571428572,132.768753,34.2874985,34202,mixed,False,False
51323642,110.16666666666667,180.83333333333334,49.25,149.58333333333334,-1.6027538085328812,1.1614921413301593,489.83333333333337,132.78125,34.2874985,34212,leisure,False,False
51323643,100.33333333333333,130.0,248.0,127.0,0.9655116236147094,-1.3055391343483294,605.3333333333333,132.793747,34.2874985,34212,office,False,False
51323653,70.33333333333333,50.27272727272727,97.75,54.09090909090909,0.8537105577493437,-0.4748881093213235,272.4469696969697,132.793747,34.2958336,34212,office,False,False
51323663,499.0,465.25,229.5,440.0,-0.9390093701108516,1.1205456619234526,1633.75,132.793747,34.3041649,34212,leisure,False,False
51323664,27.555555555555557,22.77777777777778,28.5,18.285714285714285,0.6402449362223458,-0.04861870522017874,97.11904761904762,132.806244,34.3041649,34212,office,False,False
51323668,89.83333333333333,13.8,45.833333333333336,11.0,2.0588936890535687,0.9708536543404833,160.46666666666667,132.856247,34.3041649,34203,office,False,False
51323669,190.83333333333334,30.0,86.25,22.428571428571427,1.9431867248315087,1.1457168305976186,329.51190476190476,132.868744,34.3041649,34203,office,False,False
51323670,10.5,25.0,12.0,10.333333333333334,0.215728691055437,-0.19264507794239588,57.833333333333336,132.756256,34.3125,34202,mixed,False,False
51323671,28.0,17.625,88.66666666666667,57.166666666666664,0.6332176693283774,-1.6629650127224294,191.45833333333334,132.768753,34.3125,34212,office,False,False
51323672,92.33333333333333,90.58333333333333,83.08333333333333,121.16666666666667,-0.5443618595213987,0.1522924716509924,387.16666666666663,132.78125,34.3125,34212,mixed,False,False
51323673,663.0833333333334,723.0833333333334,501.9166666666667,743.75,-0.5673699102208317,0.40174234007395093,2631.8333333333335,132.793747,34.3125,34212,mixed,False,False
51323674,505.5833333333333,313.25,730.5,278.9166666666667,1.3890501278381249,-0.530935367491738,1828.25,132.806244,34.3125,34212,office,False,False
51323675,105.83333333333333,50.0,204.75,57.45454545454545,1.833370512101203,-0.9520693607026366,418.03787878787875,132.818756,34.3125,34212,office,False,False
51323676,157.75,92.33333333333333,154.58333333333334,77.45454545454545,0.9969629691984686,0.029255224195539366,482.1212121212121,132.831253,34.3125,34212,office,False,False
51323677,34.583333333333336,120.58333333333333,28.333333333333332,115.25,-2.0241945050127925,0.2875765900965855,298.75,132.84375,34.3125,34212,residential,False,False
51323678,44.0,59.833333333333336,47.75,81.25,-0.7668670798800681,-0.11799720939845147,232.83333333333334,132.856247,34.3125,34203,residential,False,False
51323679,519.0,825.0833333333334,301.0833333333333,831.6666666666666,-1.4658425607921794,0.7855716896465937,2476.8333333333335,132.868744,34.3125,34203,leisure,False,False
51323681,21.5,15.0,68.0,16.0,2.0874628412503395,-1.6611980865482416,120.5,132.768753,34.3208351,34212,office,False,False
51323683,84.81818181818181,105.66666666666667,66.0,104.33333333333333,-0.6606622268530087,0.36190753285600785,360.8181818181818,132.793747,34.3208351,34212,residential,False,False
51323684,273.3333333333333,455.5833333333333,332.3333333333333,448.25,-0.4316725791913351,-0.2819695948927499,1509.4999999999998,132.806244,34.3208351,34212,mixed,False,False
51323685,928.9166666666666,1108.9166666666667,1259.0833333333333,1153.8333333333333,0.1259389245893654,-0.4387526890097712,4450.75,132.818756,34.3208351,34212,mixed,False,False
51323686,325.1666666666667,298.0833333333333,279.5,260.9166666666667,0.09925918042567636,0.21833108904468013,1163.6666666666667,132.831253,34.3208351,34212,mixed,False,False
51323687,188.75,239.16666666666666,81.08333333333333,206.5,-1.34866447735949,1.218999340152486,715.5,132.84375,34.3208351,34212,leisure,False,False
51323688,339.0833333333333,408.1666666666667,182.75,341.0833333333333,-0.9002528547694912,0.8917684684001168,1271.0833333333333,132.856247,34.3208351,34203,leisure,False,False
51323689,788.4166666666666,1030.5833333333333,499.25,996.5,-0.9971073773950853,0.6591958467628848,3314.75,132.868744,34.3208351,34203,leisure,False,False
51323694,40.5,98.66666666666667,21.5,78.71428571428571,-1.8722888318114554,0.9135852481825268,239.3809523809524,132.806244,34.3291664,34212,leisure,False,False
51323695,263.6666666666667,399.75,193.66666666666666,419.25,-1.1142351208809735,0.445139531068263,1276.3333333333333,132.818756,34.3291664,34212,residential,False,False
51323696,13.6,11.666666666666666,13.0,18.0,-0.46948528330122025,0.06509502822188498,56.266666666666666,132.831253,34.3291664,34212,mixed,False,False
51323699,11.166666666666666,16.0,14.5,11.333333333333334,0.3554806545983888,-0.376854305390956,53.0,132.868744,34.3291664,34203,mixed,False,False
51323700,676.1666666666666,1028.0,498.9166666666667,1224.0833333333333,-1.2948310078691054,0.4385800323034707,3427.1666666666665,132.881256,34.2541656,34431,residential,False,False
51323701,81.25,121.44444444444444,81.91666666666667,97.25,-0.24754123936676736,-0.011789197703607686,381.86111111111114,132.893753,34.2541656,34431,mixed,False,False
51323702,390.6666666666667,272.5833333333333,1076.5,364.5833333333333,1.5620278032813364,-1.462338250466142,2104.3333333333335,132.90625,34.2541656,34431,office,False,False
51323703,53.8,44.75,28.3,37.3,-0.39837357742335533,0.9268041197247416,164.14999999999998,132.918747,34.2541656,34431,leisure,False,False
51323710,22.25,15.0,34.833333333333336,14.0,1.3150417093021225,-0.6466632003933289,86.08333333333334,132.881256,34.2625008,34431,office,False,False
51323712,313.8333333333333,408.5833333333333,367.0833333333333,751.9166666666666,-1.034465166611479,-0.22610901919354778,1841.4166666666665,132.90625,34.2625008,34431,residential,False,False
51323713,30.916666666666668,36.18181818181818,35.57142857142857,32.42857142857143,0.13345344477716578,-0.20233413411082965,135.09848484848484,132.918747,34.2625008,34431,mixed,False,False
51323722,39.333333333333336,63.0,35.0,47.5,-0.4405725913859815,0.16839753169571864,184.83333333333334,132.90625,34.2708321,34431,mixed,False,False
51323723,603.5,707.8333333333334,478.4166666666667,742.5,-0.634123376138014,0.33508612120490744,2532.25,132.918747,34.2708321,34431,residential,False,False
51323724,13.0,14.0,15.0,12.0,0.32192809488736235,-0.20645087746742632,54.0,132.931244,34.2708321,34431,mixed,False,False
51323733,277.75,343.6666666666667,241.0,299.25,-0.31231810071354044,0.20475376515913024,1161.6666666666667,132.918747,34.2791672,34431,mixed,False,False
51323734,430.25,444.5833333333333,398.3333333333333,421.8333333333333,-0.08269688924257315,0.1111989798932489,1694.9999999999998,132.931244,34.2791672,34431,mixed,False,False
51323735,29.6,32.625,13.5,13.666666666666666,-0.017702001733458983,1.1326377685781188,89.39166666666667,132.943756,34.2791672,34431,leisure,False,False
51323744,21.125,17.666666666666668,18.0,13.166666666666666,0.45110675398636557,0.23095443483987202,69.95833333333333,132.931244,34.2874985,34431,mixed,False,False
51323752,125.5,156.33333333333334,364.6666666666667,175.08333333333334,1.0585365761195105,-1.5388909681206284,821.5833333333334,132.90625,34.2958336,34431,office,False,False
51323754,20.625,16.571428571428573,19.3,20.0,-0.051399152506644154,0.09579327186509774,76.49642857142857,132.931244,34.2958336,34431,mixed,False,False
51323763,19.0,18.333333333333332,13.0,10.0,0.37851162325372983,0.5474877953024933,60.33333333333333,132.918747,34.3041649,34431,mixed,False,False
51323769,541.1666666666666,279.4166666666667,222.83333333333334,154.58333333333334,0.5275802785851871,1.2801079191927351,1198.0,132.993744,34.3041649,34203,leisure,False,False
51323770,37.27272727272727,30.2,41.416666666666664,27.166666666666668,0.6083738873312085,-0.1520910599729811,136.05606060606058,132.881256,34.3125,34203,office,False,False
51323779,137.66666666666666,22.444444444444443,47.666666666666664,16.6,1.5217974995976706,1.5301266346410558,224.3777777777778,132.993744,34.3125,34203,office,False,False
51323780,113.75,157.58333333333334,229.25,148.58333333333334,0.6256494366912156,-1.0110551885089958,649.1666666666667,132.881256,34.3208351,34203,office,False,False
51323781,15.25,15.0,15.666666666666666,17.5,-0.15965666598848538,-0.038889013393594844,63.416666666666664,132.893753,34.3208351,34203,mixed,False,False
51323783,48.75,19.375,39.666666666666664,18.75,1.0810365720909063,0.29747505116282347,126.54166666666666,132.918747,34.3208351,34203,office,False,False
51323790,129.75,84.81818181818181,111.16666666666667,66.25,0.7467319010128673,0.22301027789445182,391.9848484848485,132.881256,34.3291664,34203,office,False,False
51323791,381.5,552.4166666666666,295.0833333333333,541.3333333333334,-0.8753947887942601,0.37056061916477057,1770.3333333333335,132.893753,34.3291664,34203,residential,False,False
51323792,215.41666666666666,235.91666666666666,540.75,391.0833333333333,0.46748570565487174,-1.327831885480838,1383.1666666666667,132.90625,34.3291664,34203,mixed,False,False
51323793,529.5,412.5,578.5,432.4166666666667,0.41989482928989735,-0.1276862751151535,1952.9166666666667,132.918747,34.3291664,34203,mixed,False,False
51323794,291.3333333333333,372.0,156.58333333333334,368.0833333333333,-1.2331017656200973,0.8957401180805427,1188.0,132.931244,34.3291664,34203,leisure,False,False
51323795,39.5,31.90909090909091,31.083333333333332,25.454545454545453,0.2882179212264124,0.3457114286430213,127.94696969696969,132.943756,34.3291664,34203,mixed,False,False
51323798,53.5,41.9,79.58333333333333,45.44444444444444,0.8083623907025184,-0.5729274358008077,220.42777777777778,132.981247,34.3291664,34203,office,False,False
51323799,34.5,19.0,29.545454545454547,36.142857142857146,-0.2907743633581864,0.22366016749964931,119.1883116883117,132.993744,34.3291664,34203,mixed,False,False
51324019,54.36363636363637,95.0,26.5,93.18181818181819,-1.814056121192312,1.0366496009976087,269.04545454545456,132.118744,34.3458328,34213,leisure,False,False
51324068,92.0,53.0,34.25,25.5,0.425606740989031,1.425529873096486,204.75,132.106247,34.3875008,34213,leisure,False,False
51324069,121.83333333333333,130.75,88.91666666666667,122.66666666666667,-0.464217495232588,0.4543831351280123,464.1666666666667,132.118744,34.3875008,34213,mixed,False,False
51324100,38.333333333333336,54.54545454545455,22.125,20.166666666666668,0.13370481352955904,0.7929220001402216,135.17045454545456,132.131256,34.3375015,34213,leisure,False,False
51324106,59.5,24.25,163.08333333333334,29.285714285714285,2.477340362457806,-1.4546477765977042,276.1190476190476,132.206253,34.3375015,34213,office,False,False
51324107,26.333333333333332,26.166666666666668,12.666666666666666,18.0,-0.506959988719883,1.0558532347335174,83.16666666666667,132.21875,34.3375015,34213,leisure,False,False
51324110,49.25,42.2,139.0,50.111111111111114,1.4718824509104387,-1.4968892532671312,280.56111111111113,132.131256,34.3458328,34213,office,False,False
51324111,22.666666666666668,34.125,20.555555555555557,33.0,-0.6829376602844536,0.14104388145518354,110.34722222222223,132.143753,34.3458328,34213,residential,False,False
51324116,85.66666666666667,90.54545454545455,26.25,79.83333333333333,-1.6046738273489012,1.7064165308065995,282.29545454545456,132.206253,34.3458328,34213,leisure,False,False
51324117,76.33333333333333,91.66666666666667,75.08333333333333,87.41666666666667,-0.21941566676372926,0.02382049228340531,330.5,132.21875,34.3458328,34213,mixed,False,False
51324118,20.333333333333332,23.142857142857142,13.0,19.666666666666668,-0.5972408304995929,0.645335118700638,76.14285714285714,132.231247,34.3458328,34213,leisure,False,False
51324121,77.5,70.08333333333333,99.55555555555556,78.83333333333333,0.33669604799705294,-0.36130551534105426,325.97222222222223,132.143753,34.3541679,34213,mixed,False,False
51324122,89.36363636363636,22.666666666666668,89.25,24.625,1.8577284445727233,0.0018357236741836861,225.90530303030303,132.15625,34.3541679,34213,office,False,False
51324126,269.5,156.41666666666666,140.41666666666666,151.08333333333334,-0.1056303336749374,0.940571087404441,717.4166666666666,132.206253,34.3541679,34213,leisure,False,False
51324127,499.5,620.25,247.83333333333334,625.0833333333334,-1.334678294734156,1.0111144364611557,1992.6666666666667,132.21875,34.3541679,34213,leisure,False,False
51324128,163.25,137.41666666666666,316.6666666666667,172.08333333333334,0.8798576369115025,-0.9558820209507235,789.4166666666666,132.231247,34.3541679,34213,office,False,False
51324129,439.0833333333333,437.75,377.8333333333333,347.5833333333333,0.12039107885156028,0.2167447886326915,1602.25,132.243744,34.3541679,34213,mixed,False,False
51324133,169.91666666666666,229.75,88.58333333333333,230.33333333333334,-1.378616018857154,0.9397201784854918,718.5833333333334,132.168747,34.3624992,34213,leisure,False,False
51324134,561.3333333333334,589.0,460.5833333333333,584.8333333333334,-0.34456333518800586,0.2853955258522351,2195.75,132.181244,34.3624992,34213,mixed,False,False
51324135,330.5833333333333,320.75,362.0,311.4166666666667,0.21714353942361694,-0.13097570565908095,1324.75,132.193756,34.3624992,34213,mixed,False,False
51324136,240.83333333333334,137.25,128.0,128.41666666666666,-0.004688645793629053,0.9118912766668851,634.5,132.206253,34.3624992,34213,leisure,False,False
51324137,538.8333333333334,445.6666666666667,387.25,462.4166666666667,-0.2559281581404071,0.4765738626153609,1834.1666666666667,132.21875,34.3624992,34213,mixed,False,False
51324138,424.9166666666667,258.9166666666667,573.4166666666666,329.25,0.800400397420514,-0.4324039057696252,1586.5,132.231247,34.3624992,34213,office,False,False
51324139,101.5,91.58333333333333,64.08333333333333,86.41666666666667,-0.43136039085139943,0.6634586299445061,343.5833333333333,132.243744,34.3624992,34213,leisure,False,False
51324142,140.75,77.0909090909091,35.75,32.63636363636363,0.13146292159263548,1.9771197753018401,286.22727272727275,132.15625,34.3708344,34213,leisure,False,False
51324143,576.9166666666666,669.25,417.4166666666667,588.1666666666666,-0.4947368185218223,0.4668747365588132,2251.75,132.168747,34.3708344,34213,mixed,False,False
51324144,407.25,471.5,425.9166666666667,459.9166666666667,-0.11080129419148625,-0.06465648675353573,1764.5833333333335,132.181244,34.3708344,34213,mixed,False,False
51324145,161.91666666666666,35.75,58.333333333333336,23.1,1.3364276645824773,1.4728590737530156,279.1,132.193756,34.3708344,34213,office,False,False
51324146,268.3333333333333,29.444444444444443,132.25,18.75,2.818305221618145,1.0207585601667972,448.77777777777777,132.206253,34.3708344,34213,office,False,False
51324147,12.75,13.0,13.0,10.5,0.30812229536233193,-0.028014376169596632,49.25,132.21875,34.3708344,34213,mixed,False,False
51324148,129.75,141.91666666666666,89.08333333333333,140.5,-0.6573426832215916,0.5425070913585464,501.25,132.231247,34.3708344,34213,residential,False,False
51324150,30.75,19.75,19.88888888888889,21.0,-0.07842664695681623,0.6286237295172957,91.38888888888889,132.131256,34.3791656,34213,leisure,False,False
51324151,124.16666666666667,64.33333333333333,96.5,58.63636363636363,0.7187333055947612,0.3636770773602873,343.6363636363636,132.143753,34.3791656,34213,office,False,False
51324152,63.27272727272727,38.5,47.5,46.0,0.04629365227393486,0.41365626888048324,195.27272727272728,132.15625,34.3791656,34213,mixed,False,False
51324154,97.83333333333333,125.0,26.125,124.08333333333333,-2.247806405780061,1.9048950603080133,373.04166666666663,132.181244,34.3791656,34213,leisure,False,False
51324158,81.83333333333333,109.58333333333333,60.583333333333336,125.41666666666667,-1.04973621772747,0.4337676603950986,377.41666666666663,132.231247,34.3791656,34213,residential,False,False
51324159,106.08333333333333,176.75,109.83333333333333,175.83333333333334,-0.678892628586496,-0.05011795110669376,568.5,132.243744,34.3791656,34213,residential,False,False
51324161,14.0,28.0,19.0,32.0,-0.7520724865564145,-0.4405725913859815,93.0,132.143753,34.3875008,34213,residential,False,False
51324169,293.5833333333333,324.75,194.25,276.1666666666667,-0.5076245980925855,0.5958554703660974,1088.75,132.243744,34.3875008,34213,leisure,False,False
51324172,64.77777777777777,21.5,19.333333333333332,17.0,0.18555565315607647,1.7444085773517681,122.6111111111111,132.15625,34.3958321,34213,leisure,False,False
51324179,20.2,10.5,17.75,15.0,0.24285652389616355,0.18653626835975037,63.45,132.243744,34.3958321,34213,mixed,False,False
51324189,15.625,16.0,16.875,12.0,0.4918530963296747,-0.11103131238874384,60.5,132.243744,34.4041672,34213,mixed,False,False
51324198,13.833333333333334,14.0,13.333333333333334,15.333333333333334,-0.20163386116965057,0.05311133645956253,56.5,132.231247,34.4124985,34213,mixed,False,False
51324203,960.5833333333334,721.9166666666666,1225.75,726.5,0.754630058652844,-0.35168207929722467,3634.75,132.293747,34.3375015,34213,office,True,False
51324204,836.1666666666666,937.4166666666666,1194.9166666666667,970.8333333333334,0.29961445930346997,-0.5150475709681781,3939.333333333333,132.306244,34.3375015,34213,mixed,True,False
51324205,2143.1666666666665,2543.9166666666665,1218.8333333333333,2305.75,-0.9197352365451889,0.8142431864810531,8211.666666666666,132.318756,34.3375015,34213,leisure,True,False
51324206,112.75,41.36363636363637,200.66666666666666,46.90909090909091,2.096861539252589,-0.8316735527831648,401.68939393939394,132.331253,34.3375015,34213,office,True,False
51324207,184.08333333333334,107.5,470.5833333333333,125.33333333333333,1.9086800643036521,-1.3540912126260147,887.5,132.34375,34.3375015,34213,office,True,False
51324210,17.5,14.0,17.0,11.0,0.6280312226130421,0.0418201756946269,59.5,132.256256,34.3458328,34213,office,False,False
51324212,492.0,818.1666666666666,243.08333333333334,764.8333333333334,-1.6536944205140949,1.0172073351622184,2318.0833333333335,132.28125,34.3458328,34213,leisure,True,False
51324213,3325.5,5019.916666666667,1999.3333333333333,4887.333333333333,-1.2895284833338168,0.7340522494408793,15232.083333333332,132.293747,34.3458328,34213,leisure,True,False
51324214,4688.833333333333,4429.416666666667,3929.8333333333335,4192.0,-0.09317058868466421,0.2547608705424071,17240.083333333336,132.306244,34.3458328,34213,mixed,True,False
51324215,5863.0,5627.666666666667,6658.416666666667,5928.916666666667,0.16741063425970887,-0.18354009673041438,24078.000000000004,132.318756,34.3458328,34213,mixed,True,False
51324216,12468.416666666666,3540.5,9959.833333333334,3376.75,1.5604862282248688,0.3240847668102399,29345.5,132.331253,34.3458328,34213,office,True,False
51324217,1074.5833333333333,799.25,1194.5833333333333,840.1666666666666,0.5077600451185218,-0.1527301314513096,3908.583333333333,132.34375,34.3458328,34213,mixed,True,False
51324218,84.33333333333333,22.4,129.83333333333334,31.125,2.0605150852724323,-0.6224859433673592,267.69166666666666,132.356247,34.3458328,34213,office,True,False
51324219,49.714285714285715,39.9,34.125,23.5,0.538168289242215,0.5428314328712718,147.23928571428573,132.368744,34.3458328,34108,mixed,True,True
51324220,105.33333333333333,131.45454545454547,76.0,124.83333333333333,-0.7159318942940095,0.4708907340123611,437.6212121212121,132.256256,34.3541679,34213,residential,False,False
51324221,221.58333333333334,115.58333333333333,191.58333333333334,124.16666666666667,0.6256941353686561,0.2098773111394876,652.9166666666667,132.268753,34.3541679,34213,office,False,False
51324222,18.181818181818183,20.666666666666668,15.88888888888889,17.666666666666668,-0.1530116185059661,0.19447823580135046,72.40404040404042,132.28125,34.3541679,34213,mixed,True,False
51324223,1167.1666666666667,1574.8333333333333,928.4166666666666,1489.1666666666667,-0.6816609016752609,0.330166259886207,5159.583333333333,132.293747,34.3541679,34213,residential,True,False
51324224,5474.166666666667,7533.5,3808.6666666666665,7342.5,-0.9469853313494213,0.5233533305136884,24158.833333333332,132.306244,34.3541679,34213,residential,True,False
51324225,4574.0,5220.166666666667,3325.0833333333335,5005.333333333333,-0.5900756515164527,0.4600658678184071,18124.583333333332,132.318756,34.3541679,34213,residential,True,False
51324226,7745.333333333333,8074.833333333333,6744.25,8257.0,-0.2919596892411698,0.19966931316052622,30821.416666666664,132.331253,34.3541679,34213,mixed,True,False
51324227,5149.083333333333,6206.25,4690.333333333333,6215.583333333333,-0.40619933869767394,0.1346251630022028,22261.25,132.34375,34.3541679,34213,mixed,True,False
51324228,1428.1666666666667,1589.0,1099.5,1496.5,-0.44474467464313294,0.37731674712284236,5613.166666666667,132.356247,34.3541679,34108,mixed,True,True
51324229,635.3333333333334,284.1666666666667,2466.0,394.3333333333333,2.644685226784207,-1.9565871812140532,3779.8333333333335,132.368744,34.3541679,34108,office,True,True
51324231,20.9,84.77777777777777,27.125,99.22222222222223,-1.8710401312344314,-0.3761201952509591,232.025,132.268753,34.3624992,34213,residential,False,False
51324232,38.5,68.0,51.0,39.0,0.38702312310924725,-0.40563880127659424,196.5,132.28125,34.3624992,34213,mixed,True,False
51324234,640.25,933.3333333333334,564.0833333333334,849.4166666666666,-0.5905641054892865,0.1827270367841791,2987.0833333333335,132.306244,34.3624992,34213,residential,True,False
51324235,880.8333333333334,876.5833333333334,588.0,636.3333333333334,-0.11396654184641722,0.5830529107125247,2981.7500000000005,132.318756,34.3624992,34213,mixed,True,False
51324236,2093.6666666666665,2672.9166666666665,1879.5833333333333,2691.0833333333335,-0.5177741866096546,0.1556188883934246,9337.25,132.331253,34.3624992,34213,mixed,True,False
51324237,7739.333333333333,10230.333333333334,5976.666666666667,10274.416666666666,-0.7816434992688339,0.3728682155065777,34220.75,132.34375,34.3624992,34213,residential,True,False
51324238,10387.166666666666,11892.0,8021.416666666667,11774.833333333334,-0.5537776799473275,0.3728732209488069,42075.416666666664,132.356247,34.3624992,34108,mixed,True,True
51324239,6409.416666666667,8126.166666666667,4941.25,7975.75,-0.6907441391028517,0.3753170103244673,27452.583333333336,132.368744,34.3624992,34108,residential,True,True
51324243,205.25,260.1666666666667,157.33333333333334,248.58333333333334,-0.6599052129733712,0.38355786313711954,871.3333333333335,132.293747,34.3708344,34213,residential,True,False
51324244,317.6666666666667,375.6666666666667,231.58333333333334,357.75,-0.6274203382472621,0.45598228470938007,1282.6666666666667,132.306244,34.3708344,34213,residential,True,False
51324245,431.1666666666667,368.5833333333333,289.0,241.5,0.2590463036649055,0.5771761554629061,1330.25,132.318756,34.3708344,34213,mixed,True,False
51324246,859.5833333333334,1305.25,484.0833333333333,1190.9166666666667,-1.2987451362956366,0.8283820862532703,3839.8333333333335,132.331253,34.3708344,34213,leisure,True,False
51324247,4688.916666666667,5488.916666666667,5102.5,5629.5,-0.14180251368805066,-0.1219496381342308,20909.833333333336,132.34375,34.3708344,34108,mixed,True,True
51324248,11015.416666666666,13857.583333333334,7976.5,13658.333333333334,-0.7759536968301262,0.46569631535473055,46507.833333333336,132.356247,34.3708344,34108,residential,True,True
51324249,10673.0,14057.166666666666,7956.0,14138.0,-0.8294628657258372,0.4238505690851529,46824.166666666664,132.368744,34.3708344,34108,residential,True,True
51324253,241.75,533.75,133.5,439.5,-1.71902342345585,0.8566761477892874,1348.5,132.293747,34.3791656,34213,leisure,True,False
51324254,122.0,169.91666666666666,102.33333333333333,197.66666666666666,-0.9497934491758242,0.2536049929138632,591.9166666666666,132.306244,34.3791656,34213,residential,True,False
51324256,406.0,351.5833333333333,317.6666666666667,323.3333333333333,-0.025508533164548035,0.3539660139963903,1398.5833333333333,132.331253,34.3791656,34108,mixed,True,True
51324257,3366.3333333333335,3903.1666666666665,2673.3333333333335,3738.5,-0.48381979708350986,0.33253830301927145,13681.333333333334,132.34375,34.3791656,34108,mixed,True,True
51324258,7464.166666666667,7303.0,5929.833333333333,7344.75,-0.30872182900130085,0.3319896440693771,28041.75,132.356247,34.3791656,34108,mixed,True,True
51324259,5310.75,7325.25,4246.0,7289.416666666667,-0.7796989966999286,0.3228112458829234,24171.416666666668,132.368744,34.3791656,34108,residential,True,True
51324260,115.41666666666667,240.58333333333334,50.5,238.75,-2.2411454401713162,1.1924962774635997,645.25,132.256256,34.3875008,34213,leisure,False,False
51324266,157.83333333333334,174.66666666666666,106.75,164.16666666666666,-0.6209251540020921,0.5641658551267386,603.4166666666666,132.331253,34.3875008,34108,residential,True,True
51324267,2461.4166666666665,3236.75,1837.5,3171.4166666666665,-0.7873831839240477,0.42174464679547574,10707.083333333332,132.34375,34.3875008,34108,residential,True,True
51324268,6071.75,5277.083333333333,5252.5,5372.75,-0.032656452512544454,0.20910813313283078,21974.083333333332,132.356247,34.3875008,34108,mixed,True,True
51324269,1820.5,1526.0,1578.5,1489.4166666666667,0.0838068540490069,0.20578048013153,6414.416666666667,132.368744,34.3875008,34108,mixed,True,True
51324270,39.0,32.9,41.583333333333336,31.25,0.4121492199540173,-0.09253128575385611,144.73333333333335,132.256256,34.3958321,34213,mixed,False,False
51324273,94.25,100.54545454545455,55.25,83.54545454545455,-0.5965868732603058,0.7705181538772327,333.5909090909091,132.293747,34.3958321,34108,leisure,True,True
51324277,900.75,936.3333333333334,536.9166666666666,837.5833333333334,-0.6415345461361802,0.7464285577265155,3211.5833333333335,132.34375,34.3958321,34108,leisure,True,True
51324278,3551.8333333333335,4636.666666666667,2926.1666666666665,4596.666666666667,-0.6515761071310098,0.27955194218864704,15711.333333333336,132.356247,34.3958321,34108,residential,True,True
51324279,2972.3333333333335,2608.1666666666665,2320.4166666666665,2661.25,-0.19772015787643848,0.35721202967453763,10562.166666666666,132.368744,34.3958321,34108,mixed,True,True
51324280,109.66666666666667,121.41666666666667,90.33333333333333,114.16666666666667,-0.33781113649401767,0.27979473238137015,435.58333333333337,132.256256,34.4041672,34213,mixed,False,False
51324282,211.41666666666666,25.5,103.25,17.571428571428573,2.554838388137809,1.0339473319233374,357.73809523809524,132.28125,34.4041672,34213,office,True,False
51324284,56.2,32.0,38.111111111111114,24.0,0.6671772640093439,0.5603584606030636,150.31111111111113,132.306244,34.4041672,34213,office,True,False
51324287,1743.0,2471.25,1286.75,2354.3333333333335,-0.8715868132362709,0.4378407869191506,7855.333333333334,132.34375,34.4041672,34108,residential,True,True
51324288,890.75,1071.9166666666667,759.1666666666666,1034.1666666666667,-0.445980156328306,0.2306039301650426,3756.0,132.356247,34.4041672,34108,mixed,True,True
51324289,1490.0,1517.75,1201.5,1499.4166666666667,-0.3195646950609481,0.3104756822196577,5708.666666666667,132.368744,34.4041672,34108,mixed,True,True
51324290,19.0,16.0,38.45454545454545,19.0,1.0171547210390668,-1.017154721039067,92.45454545454545,132.256256,34.4124985,34213,office,False,False
51324292,179.66666666666666,64.66666666666667,177.41666666666666,54.27272727272727,1.7088422311036298,0.01818122830021155,476.0227272727273,132.28125,34.4124985,34108,office,True,True
51324293,48.166666666666664,13.333333333333334,43.166666666666664,14.0,1.6244908649077934,0.15811739481412493,118.66666666666666,132.293747,34.4124985,34108,office,True,True
51324297,410.1666666666667,672.6666666666666,365.4166666666667,676.9166666666666,-0.8894358017104462,0.1666678151260643,2125.1666666666665,132.34375,34.4124985,34108,residential,True,True
51324298,994.0,1442.0,1066.0,1540.3333333333333,-0.5310351506862022,-0.10088968119688971,5042.333333333333,132.356247,34.4124985,34108,mixed,True,True
51324299,345.0833333333333,261.5833333333333,284.0,218.58333333333334,0.37770752796085394,0.28105386714404,1109.25,132.368744,34.4124985,34108,mixed,True,True
51324305,16.285714285714285,31.0,10.75,14.0,-0.3810901673555061,0.5992703374050395,72.03571428571428,132.443756,34.3375015,34103,leisure,True,True
51324306,72.33333333333333,24.9,86.75,21.666666666666668,2.0013865402709627,-0.26220312085493797,205.65,132.456253,34.3375015,34103,office,True,True
51324307,22.5,32.0,18.3,16.0,0.19377174339668016,0.29808135293299465,88.8,132.46875,34.3375015,34103,mixed,True,True
51324308,48.63636363636363,30.666666666666668,82.41666666666667,19.625,2.070243461146328,-0.7609007473867426,181.34469696969697,132.481247,34.3375015,34103,office,True,True
51324309,512.0,601.5,416.9166666666667,661.5833333333334,-0.6661638439672987,0.29638476372845335,2192.0,132.493744,34.3375015,34309,residential,True,False
51324315,98.66666666666667,16.0,300.9166666666667,18.4,4.031586343057834,-1.6087293393196902,433.98333333333335,132.443756,34.3458328,34103,office,True,True
51324316,614.1666666666666,558.8333333333334,638.75,602.4166666666666,0.08448970139113572,-0.05662117256370791,2414.1666666666665,132.456253,34.3458328,34103,mixed,True,True
51324317,1350.75,1346.1666666666667,878.9166666666666,856.75,0.036852097866517344,0.6199623922417404,4432.583333333333,132.46875,34.3458328,34103,leisure,True,True
51324318,47.0,23.0,114.16666666666667,26.666666666666668,2.098032082960527,-1.2804088254490955,210.83333333333334,132.481247,34.3458328,34103,office,True,True
51324319,141.83333333333334,64.25,182.41666666666666,86.25,1.0806411867942585,-0.3630409174949832,474.75,132.493744,34.3458328,34309,office,True,False
51324320,12.333333333333334,15.0,17.0,12.0,0.5025003405291834,-0.4629719763425456,56.333333333333336,132.381256,34.3541679,34108,mixed,True,True
51324322,27.6,12.666666666666666,10.5,12.0,-0.19264507794239588,1.3942789391120465,62.766666666666666,132.40625,34.3541679,34104,leisure,True,True
51324323,106.41666666666667,18.5,24.0,14.0,0.777607578663552,2.1486178082604113,162.91666666666669,132.418747,34.3541679,34104,office,True,True
51324324,110.5,18.5,578.4166666666666,20.1,4.846841716607123,-2.3880627535072585,727.5166666666667,132.431244,34.3541679,34101,office,True,True
51324325,705.5833333333334,147.83333333333334,2202.8333333333335,199.58333333333334,3.4642971894265218,-1.6424719563250338,3255.833333333334,132.443756,34.3541679,34103,office,True,True
51324326,6727.75,4336.5,6104.083333333333,4318.583333333333,0.4992165292853921,0.14034943865422222,21486.916666666664,132.456253,34.3541679,34103,mixed,True,True
51324327,3967.5833333333335,3130.1666666666665,4028.6666666666665,3075.9166666666665,0.3892860232622348,-0.022041916220895765,14202.333333333332,132.46875,34.3541679,34103,mixed,True,True
51324328,266.5833333333333,151.91666666666666,682.25,272.5,1.3240442596098518,-1.355713902879623,1373.25,132.481247,34.3541679,34103,office,True,True
51324329,464.0833333333333,216.33333333333334,942.6666666666666,331.9166666666667,1.5059266404452127,-1.0223638275123872,1954.9999999999998,132.493744,34.3541679,34103,office,True,True
51324330,3187.25,1748.4166666666667,5055.25,1981.9166666666667,1.350886137235269,-0.6654702552854366,11972.833333333334,132.381256,34.3624992,34104,office,True,True
51324331,791.8333333333334,221.5,2448.1666666666665,392.0,2.642776217935543,-1.6284330713610635,3853.5,132.393753,34.3624992,34104,office,True,True
51324332,238.25,86.41666666666667,229.83333333333334,107.16666666666667,1.100731814186033,0.05188816311711761,661.6666666666666,132.40625,34.3624992,34104,office,True,True
51324333,2961.8333333333335,230.83333333333334,2218.4166666666665,163.66666666666666,3.7606979313735023,0.416960100058957,5574.749999999999,132.418747,34.3624992,34104,office,True,True
51324334,2642.5833333333335,3668.1666666666665,2851.8333333333335,3525.25,-0.30583590232910235,-0.10994070292845937,12687.833333333334,132.431244,34.3624992,34101,mixed,True,True
51324335,2010.0833333333333,1931.75,3597.8333333333335,2108.75,0.7707402879646309,-0.8398730430859088,9648.416666666668,132.443756,34.3624992,34101,office,True,True
51324336,9812.916666666666,8242.833333333334,7885.75,7742.916666666667,0.026370858568028552,0.3154340347635877,33684.41666666667,132.456253,34.3624992,34103,mixed,True,True
51324337,9872.75,10246.416666666666,12723.083333333334,10692.583333333334,0.2508378871327176,-0.3659244376173229,43534.833333333336,132.46875,34.3624992,34103,mixed,True,True
51324338,2748.6666666666665,2977.0833333333335,4913.333333333333,3432.3333333333335,0.5175124506699977,-0.8379701580943671,14071.416666666666,132.481247,34.3624992,34103,mixed,True,True
51324339,2368.25,2394.5,2723.25,2654.0,0.0371610601511699,-0.20150804637779454,10140.0,132.493744,34.3624992,34103,mixed,True,True
51324340,5441.416666666667,6849.916666666667,5381.166666666667,7105.166666666667,-0.40094950036946136,0.016063313448287767,24777.666666666668,132.381256,34.3708344,34104,mixed,True,True
51324341,13592.0,4083.75,14622.0,4305.666666666667,1.7638321175911094,-0.10538289926027626,36603.41666666667,132.393753,34.3708344,34104,office,True,True
51324342,8342.333333333334,2054.5833333333335,8357.166666666666,2057.9166666666665,2.021829344879664,-0.0025629488389430077,20811.999999999996,132.40625,34.3708344,34104,office,True,True
51324343,1395.3333333333333,283.0833333333333,4066.25,445.0,3.191821676074734,-1.5430891063939414,6189.666666666666,132.418747,34.3708344,34104,office,True,True
51324344,3371.5,3852.5,3783.8333333333335,3925.0833333333335,-0.05287474051968789,-0.16645794596138497,14932.916666666668,132.431244,34.3708344,34101,mixed,True,True
51324345,6368.666666666667,7300.416666666667,5816.916666666667,7321.083333333333,-0.3318025101027641,0.13073672767029496,26807.083333333336,132.443756,34.3708344,34101,mixed,True,True
51324346,6441.666666666667,7106.333333333333,6176.333333333333,7015.666666666667,-0.1838295868906556,0.06068339214656953,26740.0,132.456253,34.3708344,34101,mixed,True,True
51324347,13261.833333333334,15017.416666666666,13363.166666666666,15353.833333333334,-0.20033696931374542,-0.010981694149344067,56996.25,132.46875,34.3708344,34103,mixed,True,True
51324348,4674.0,6512.5,3926.3333333333335,6305.416666666667,-0.6834090498063914,0.25147507585231205,21418.25,132.481247,34.3708344,34103,residential,True,True
51324349,4230.916666666667,5510.583333333333,4057.5833333333335,5419.25,-0.4174724781615019,0.06034954556248553,19218.333333333332,132.493744,34.3708344,34103,mixed,True,True
51324350,5074.25,6861.416666666667,3573.4166666666665,6516.333333333333,-0.8667562601587672,0.5058904558685317,22025.416666666668,132.381256,34.3791656,34104,residential,True,True
51324351,7748.0,6456.916666666667,6110.416666666667,6379.583333333333,-0.06219144086934013,0.34255319379272936,26694.916666666668,132.393753,34.3791656,34104,mixed,True,True
51324352,8127.833333333333,10020.666666666666,6846.333333333333,9754.666666666666,-0.5107610385704807,0.24753928319024018,34749.5,132.40625,34.3791656,34104,mixed,True,True
51324353,6501.916666666667,5366.5,5731.666666666667,5613.916666666667,0.029947061477773523,0.18191035547795245,23214.0,132.418747,34.3791656,34104,mixed,True,True
51324354,8221.583333333334,9407.583333333334,8825.166666666666,9637.666666666666,-0.12706037965072056,-0.10220726596453227,36092.0,132.431244,34.3791656,34104,mixed,True,True
51324355,8534.75,9448.583333333334,9017.583333333334,9444.916666666666,-0.06679721732950733,-0.07939195588323299,36445.833333333336,132.443756,34.3791656,34101,mixed,True,True
51324356,13501.666666666666,12256.333333333334,17960.166666666668,12549.083333333334,0.5172187538598958,-0.4116632312741422,56267.25,132.456253,34.3791656,34101,mixed,True,True
51324357,16440.916666666668,10366.25,19534.666666666668,10815.166666666666,0.8529807399808416,-0.24874589902395383,57157.0,132.46875,34.3791656,34103,office,True,True
51324358,11352.083333333334,11064.166666666666,17848.833333333332,12269.166666666666,0.5407925142541431,-0.6528726922985756,52534.25,132.481247,34.3791656,34103,mixed,True,True
51324359,9230.25,9416.583333333334,11942.666666666666,9487.083333333334,0.33208848579137246,-0.37168338187323796,40076.583333333336,132.493744,34.3791656,34103,mixed,True,True
51324360,1066.0,1465.1666666666667,727.8333333333334,1424.8333333333333,-0.9691131427498878,0.5505274077000769,4683.833333333333,132.381256,34.3875008,34108,residential,True,True
51324361,1457.9166666666667,1871.1666666666667,1336.25,1933.25,-0.5328382651019796,0.1257183107982029,6598.583333333334,132.393753,34.3875008,34104,mixed,True,True
51324362,6064.583333333333,7548.666666666667,4695.416666666667,7356.166666666667,-0.6477009799674408,0.36915534161253793,25664.833333333336,132.40625,34.3875008,34104,residential,True,True
51324363,11765.666666666666,14876.666666666666,13180.166666666666,15637.666666666666,-0.24665664703635765,-0.1637855447974384,55460.166666666664,132.418747,34.3875008,34104,mixed,True,True
51324364,10643.25,11112.333333333334,10162.5,11204.583333333334,-0.140833647809887,0.06668340407783463,43122.66666666667,132.431244,34.3875008,34104,mixed,True,True
51324365,18152.75,18553.0,16977.083333333332,18422.916666666668,-0.11791285826120032,0.09659949696793141,72105.75,132.443756,34.3875008,34101,mixed,True,True
51324366,31128.083333333332,23865.083333333332,67564.25,26034.333333333332,1.375844617162685,-1.118043333284246,148591.75,132.456253,34.3875008,34101,office,True,True
51324367,19027.083333333332,26092.583333333332,19566.583333333332,20364.083333333332,-0.05763501623880845,-0.04033743079032749,85050.33333333333,132.46875,34.3875008,34101,mixed,True,True
51324368,22437.416666666668,16266.166666666666,18116.5,16690.416666666668,0.11828429100366647,0.30860231851999453,73510.50000000001,132.481247,34.3875008,34103,mixed,True,True
51324369,7719.916666666667,6740.0,11373.0,7394.833333333333,0.6210233253729989,-0.5589556829534076,33227.75,132.493744,34.3875008,34103,office,True,True
51324370,2921.5,4559.333333333333,2279.4166666666665,4375.416666666667,-0.9407557433397086,0.3580446226924092,14135.666666666668,132.381256,34.3958321,34108,residential,True,True
51324371,2915.8333333333335,3927.3333333333335,2255.9166666666665,3899.3333333333335,-0.7895137126452002,0.3701944830317549,12998.416666666668,132.393753,34.3958321,34104,residential,True,True
51324372,2191.1666666666665,2488.5833333333335,1456.25,2435.8333333333335,-0.7421573735432542,0.5894411744190947,8571.833333333334,132.40625,34.3958321,34104,leisure,True,True
51324373,6200.416666666667,8300.25,4160.083333333333,8344.416666666666,-1.0041987703786237,0.5757527393356895,27005.166666666668,132.418747,34.3958321,34104,residential,True,True
51324374,8757.0,9024.583333333334,9593.583333333334,9673.666666666666,-0.0119930444873617,-0.13163307048510606,37048.833333333336,132.431244,34.3958321,34104,mixed,True,True
51324375,20263.833333333332,23114.583333333332,23966.25,23752.75,0.012909635428343972,-0.2420970718163626,91097.41666666666,132.443756,34.3958321,34101,mixed,True,True
51324376,66294.0,17278.416666666668,82009.91666666667,16451.583333333332,2.3175719329448294,-0.30692006765519647,182033.91666666666,132.456253,34.3958321,34101,office,True,True
51324377,46955.666666666664,33980.25,69291.83333333333,30183.75,1.198913271736154,-0.5613860532082304,180411.5,132.46875,34.3958321,34101,office,True,True
51324378,38456.0,22268.416666666668,37199.166666666664,21464.583333333332,0.7933121348155097,0.047938406054430706,119388.16666666667,132.481247,34.3958321,34102,office,True,True
51324379,23192.583333333332,11294.666666666666,15496.166666666666,11089.583333333334,0.4827062153950058,0.5817521494036009,61072.99999999999,132.493744,34.3958321,34102,mixed,True,True
51324380,141.5,57.583333333333336,130.5,51.416666666666664,1.343741818141623,0.1167522462619979,380.99999999999994,132.381256,34.4041672,34108,office,True,True
51324381,3051.1666666666665,845.6666666666666,3045.5833333333335,870.75,1.806388107097653,0.0026424076970416144,7813.166666666667,132.393753,34.4041672,34104,office,True,True
51324382,620.6666666666666,738.5833333333334,505.9166666666667,686.5833333333334,-0.44053506924529423,0.2949188997080396,2551.75,132.40625,34.4041672,34104,mixed,True,True
51324383,4079.75,6155.25,2827.4166666666665,6194.25,-1.1314451075350256,0.5289962452161258,19256.666666666664,132.418747,34.4041672,34104,residential,True,True
51324384,2037.4166666666667,2532.6666666666665,1488.25,2536.9166666666665,-0.7694592357724036,0.453124157838849,8595.25,132.431244,34.4041672,34104,residential,True,True
51324385,10822.333333333334,12602.916666666666,12661.5,12998.25,-0.037869071161056096,-0.22643674721858922,49085.0,132.443756,34.4041672,34104,mixed,True,True
51324386,10795.75,7423.416666666667,11524.833333333334,7663.583333333333,0.5886548578011578,-0.09428241379622919,37407.583333333336,132.456253,34.4041672,34101,office,True,True
51324387,13105.166666666666,13344.833333333334,19265.5,14227.833333333334,0.4373036492369258,-0.5558839274879597,59943.333333333336,132.46875,34.4041672,34102,mixed,True,True
51324388,6984.583333333333,6593.0,10187.25,6751.083333333333,0.5935737230040545,-0.5445186962867414,30515.916666666664,132.481247,34.4041672,34102,office,True,True
51324389,4138.916666666667,5841.083333333333,3029.0833333333335,5879.416666666667,-0.9567917546855764,0.4503719327362717,18888.5,132.493744,34.4041672,34102,residential,True,True
51324390,1066.5,831.0833333333334,1120.6666666666667,959.6666666666666,0.22375193567273297,-0.07147325817443985,3977.916666666667,132.381256,34.4124985,34108,mixed,True,True
51324391,10396.583333333334,2023.0833333333333,5269.583333333333,1764.0833333333333,1.5787701784669623,0.980348690788946,19453.333333333332,132.393753,34.4124985,34108,office,True,True
51324392,1054.1666666666667,1031.0833333333333,633.3333333333334,1006.0,-0.667593387308373,0.7350660612507246,3724.583333333333,132.40625,34.4124985,34108,leisure,True,True
51324393,2524.9166666666665,3704.25,1663.1666666666667,3734.5,-1.1669823492427935,0.6023030244038429,11626.833333333334,132.418747,34.4124985,34104,leisure,True,True
51324394,1037.0,1579.0833333333333,707.1666666666666,1463.6666666666667,-1.0494648558358055,0.5522937162436456,4786.916666666667,132.431244,34.4124985,34104,residential,True,True
51324395,5673.166666666667,6081.666666666667,5007.333333333333,5909.833333333333,-0.23907494725890074,0.18011175079114763,22672.0,132.443756,34.4124985,34104,mixed,True,True
51324396,16417.916666666668,15959.833333333334,16723.083333333332,16452.416666666668,0.023541355648835846,-0.026569800580186737,65553.25,132.456253,34.4124985,34104,mixed,True,True
51324397,10879.75,12779.25,9014.416666666666,13214.166666666666,-0.5517794049348659,0.2713393647202874,45887.58333333333,132.46875,34.4124985,34102,mixed,True,True
51324398,5467.166666666667,8036.666666666667,4653.666666666667,8046.083333333333,-0.7899188031126588,0.23242547986072354,26203.583333333336,132.481247,34.4124985,34102,residential,True,True
51324399,2491.5,3857.8333333333335,1940.4166666666667,3826.25,-0.9795646634278194,0.3606480976969982,12116.000000000002,132.493744,34.4124985,34102,residential,True,True
51324400,3310.0833333333335,2583.0833333333335,2880.8333333333335,2267.1666666666665,0.34559574566657014,0.20038134043617603,11041.166666666668,132.506256,34.3375015,34309,mixed,True,False
51324401,2112.25,2916.5,1980.5833333333333,2859.4166666666665,-0.5297954568850612,0.0928551940261723,9868.75,132.518753,34.3375015,34309,mixed,True,False
51324402,2660.5833333333335,3985.1666666666665,1486.5,3932.5833333333335,-1.4035578741215136,0.8398231282865583,12064.833333333334,132.53125,34.3375015,34107,leisure,True,True
51324403,1186.75,1833.5,686.5,1707.3333333333333,-1.3144131267292116,0.7896844242823315,5414.083333333333,132.543747,34.3375015,34107,leisure,True,True
51324404,49.333333333333336,17.666666666666668,82.75,10.0,3.0487593119198553,-0.746196541899424,159.75,132.556244,34.3375015,34307,office,True,False
51324405,469.1666666666667,676.6666666666666,398.8333333333333,629.75,-0.6589932259168987,0.23431452542909326,2174.4166666666665,132.568756,34.3375015,34307,residential,True,False
51324406,2729.8333333333335,3409.6666666666665,3150.75,3459.1666666666665,-0.13472923956214022,-0.20688241470943258,12749.416666666666,132.581253,34.3375015,34307,mixed,True,False
51324407,1081.6666666666667,1084.1666666666667,806.4166666666666,1107.1666666666667,-0.4572750524472956,0.42365861625508294,4079.416666666667,132.59375,34.3375015,34307,mixed,True,False
51324409,29.0,25.0,12.0,16.0,-0.4150374992788438,1.2730184944064158,82.0,132.618744,34.3375015,34212,leisure,True,False
51324410,1714.75,1670.8333333333333,1782.5,1682.8333333333333,0.08300977646003548,-0.05590382100049391,6850.916666666666,132.506256,34.3458328,34309,mixed,True,False
51324411,3646.0,2921.75,3917.25,3080.4166666666665,0.34671569692770865,-0.10352664305427922,13565.416666666666,132.518753,34.3458328,34309,mixed,True,False
51324412,4373.166666666667,7110.0,2957.0833333333335,7256.416666666667,-1.2950823979278194,0.5645034318115577,21696.666666666668,132.53125,34.3458328,34107,residential,True,True
51324413,1334.0,2047.0833333333333,1084.25,2033.5,-0.9072675475990298,0.299061223321482,6498.833333333333,132.543747,34.3458328,34107,residential,True,True
51324414,22.142857142857142,16.5,181.58333333333334,17.571428571428573,3.3693283971131147,-3.0357184971781175,237.79761904761907,132.556244,34.3458328,34304,office,True,False
51324415,13.75,12.0,20.8,10.0,1.0565835283663676,-0.5971519097290703,56.55,132.568756,34.3458328,34307,office,True,False
51324416,980.5833333333334,1242.4166666666667,809.0833333333334,1271.8333333333333,-0.6525494168699373,0.27735193691256477,4303.916666666667,132.581253,34.3458328,34307,residential,True,False
51324417,1715.5833333333333,2089.1666666666665,1544.75,1959.9166666666667,-0.343418940520687,0.15132583212050985,7309.416666666666,132.59375,34.3458328,34307,mixed,True,False
51324418,462.1666666666667,114.25,436.0833333333333,55.25,2.9805574835021273,0.0838093574247636,1067.75,132.606247,34.3458328,34307,office,True,False
51324419,59.0,19.833333333333332,34.75,19.0,0.871013559279922,0.763701976638334,132.58333333333334,132.618744,34.3458328,34212,office,True,False
51324420,126.5,64.75,187.91666666666666,78.83333333333333,1.2532153448033483,-0.570955642727277,458.0,132.506256,34.3541679,34309,office,True,False
51324421,2175.3333333333335,1400.9166666666667,4785.583333333333,1926.6666666666667,1.3125877991252812,-1.1374583044214583,10288.5,132.518753,34.3541679,34309,office,True,False
51324422,6982.0,8569.916666666666,6642.0,8805.416666666666,-0.4067735502347269,0.07202263405004519,30999.33333333333,132.53125,34.3541679,34107,mixed,True,True
51324423,1788.3333333333333,2680.0,1233.25,2716.8333333333335,-1.1394607774734817,0.5361503829282355,8418.416666666668,132.543747,34.3541679,34107,residential,True,True
51324424,108.58333333333333,153.83333333333334,36.9,158.5,-2.102790118966374,1.5571099566739446,457.8166666666667,132.556244,34.3541679,34304,leisure,True,False
51324426,63.75,45.666666666666664,111.91666666666667,50.375,1.151645060178319,-0.8119276518474284,271.70833333333337,132.581253,34.3541679,34307,office,True,False
51324427,750.25,908.5,759.5833333333334,891.0,-0.2302171813165814,-0.01783683660705216,3309.3333333333335,132.59375,34.3541679,34307,mixed,True,False
51324428,372.8333333333333,620.75,193.33333333333334,645.8333333333334,-1.7400715050340276,0.9474404510441842,1832.75,132.606247,34.3541679,34307,leisure,True,False
51324430,2170.5,3251.1666666666665,1815.25,3093.6666666666665,-0.7691495062221062,0.25785916972915496,10330.583333333332,132.506256,34.3624992,34103,residential,True,True
51324431,519.3333333333334,345.0833333333333,967.0833333333334,392.75,1.3000289362164923,-0.8969793841701755,2224.2500000000005,132.518753,34.3624992,34304,office,True,False
51324432,4956.75,3830.8333333333335,6221.0,4009.5,0.6337241679510051,-0.3277520097720439,19018.083333333332,132.53125,34.3624992,34304,office,True,False
51324433,4374.166666666667,5676.166666666667,3843.4166666666665,5610.333333333333,-0.5456971017689901,0.1866188035659345,19504.083333333336,132.543747,34.3624992,34107,mixed,True,True
51324434,1128.6666666666667,1354.3333333333333,694.6666666666666,1269.6666666666667,-0.8700570102848321,0.7002266956171336,4447.333333333333,132.556244,34.3624992,34304,leisure,True,False
51324437,215.83333333333334,270.0833333333333,181.08333333333334,281.6666666666667,-0.6373350719882638,0.2532639233926334,948.6666666666667,132.59375,34.3624992,34307,residential,True,False
51324438,587.0833333333334,596.9166666666666,308.6666666666667,490.0,-0.6667320564634902,0.9275156079367626,1982.6666666666665,132.606247,34.3624992,34307,leisure,True,False
51324439,34.9,29.285714285714285,87.83333333333333,18.5,2.2472432852871087,-1.3315415195937685,170.5190476190476,132.618744,34.3624992,34307,office,True,False
51324440,3795.5833333333335,5008.666666666667,3720.75,5095.666666666667,-0.4536774487485067,0.028728168778416698,17620.666666666668,132.506256,34.3708344,34103,mixed,True,True
51324441,4705.0,4880.75,7887.083333333333,5222.333333333333,0.5947973404348096,-0.7452971630289457,22695.166666666664,132.518753,34.3708344,34107,office,True,True
51324442,8629.0,6746.0,9345.083333333334,7094.5,0.39750651817497273,-0.11501415139832487,31814.583333333336,132.53125,34.3708344,34304,mixed,True,False
51324443,5076.666666666667,6177.166666666667,4564.833333333333,6291.5,-0.4628418340897614,0.15331934907062153,22110.166666666668,132.543747,34.3708344,34304,mixed,True,False
51324444,1511.5833333333333,2184.0833333333335,1177.5833333333333,2226.5833333333335,-0.9190024501047611,0.3602313589063631,7099.833333333334,132.556244,34.3708344,34304,residential,True,False
51324445,277.5833333333333,32.45454545454545,68.0,17.0,2.0,2.0293142967028555,395.03787878787875,132.568756,34.3708344,34304,office,True,False
51324446,15.5,14.5,13.0,13.666666666666666,-0.07214978575583525,0.253756592245783,56.666666666666664,132.581253,34.3708344,34307,mixed,True,False
51324447,20.2,19.75,23.5,17.0,0.46712601042729796,-0.21830546381320495,80.45,132.59375,34.3708344,34307,mixed,True,False
51324449,282.9166666666667,162.25,326.5,122.33333333333333,1.4162654294243742,-0.2067058231354928,894.0,132.618744,34.3708344,34307,office,True,False
51324450,7734.583333333333,8108.083333333333,18486.583333333332,8776.75,1.0747198935245488,-1.257083132299467,43106.0,132.506256,34.3791656,34302,office,True,False
51324451,3909.4166666666665,5778.75,2645.25,5730.0,-1.1151310624968591,0.5635492791571409,18063.416666666664,132.518753,34.3791656,34107,residential,True,True
51324452,743.6666666666666,1116.6666666666667,411.5833333333333,1075.1666666666667,-1.3853038481320343,0.8534715448656963,3347.083333333333,132.53125,34.3791656,34107,leisure,True,True
51324453,859.8333333333334,827.9166666666666,852.5,920.8333333333334,-0.11124022453346538,0.012357206519982728,3461.0833333333335,132.543747,34.3791656,34304,mixed,True,False
51324454,2279.0,2127.6666666666665,2823.0,2207.9166666666665,0.35454340724015104,-0.30882820418439577,9437.583333333332,132.556244,34.3791656,34304,mixed,True,False
51324455,50.833333333333336,24.9,43.5,21.0,1.0506260730699681,0.22475943588036426,140.23333333333335,132.568756,34.3791656,34107,office,True,True
51324459,34.27272727272727,128.33333333333334,18.285714285714285,123.75,-2.7586396370245763,0.9063440166889712,304.6417748917749,132.618744,34.3791656,34107,leisure,True,True
51324460,9397.5,11857.583333333334,8752.25,12091.75,-0.4662972032071804,0.10262306228761517,42099.083333333336,132.506256,34.3875008,34302,mixed,True,False
51324461,3050.75,4665.333333333333,2283.9166666666665,4618.833333333333,-1.016018476698988,0.4176539481346667,14618.833333333332,132.518753,34.3875008,34302,residential,True,False
51324462,127.16666666666667,68.0,104.5,86.0,0.28109437737878473,0.28321761403249146,385.6666666666667,132.53125,34.3875008,34107,mixed,True,True
51324463,82.41666666666667,47.8,81.16666666666667,40.916666666666664,0.9881987477676493,0.02204874867676854,252.3,132.543747,34.3875008,34107,office,True,True
51324464,2952.25,3890.1666666666665,2572.0,3883.25,-0.5943739469266682,0.1989242530172226,13297.666666666666,132.556244,34.3875008,34107,residential,True,True
51324465,1371.0833333333333,1435.6666666666667,1230.5,1624.3333333333333,-0.4006030640129995,0.15607160182076704,5661.583333333333,132.568756,34.3875008,34107,mixed,True,True
51324466,24.75,42.25,24.77777777777778,26.555555555555557,-0.09996690806044392,-0.001618278398382836,118.33333333333334,132.581253,34.3875008,34107,mixed,True,True
51324469,26.363636363636363,11.0,35.0,30.272727272727273,0.20933626851100162,-0.4088055455673292,102.63636363636364,132.618744,34.3875008,34107,mixed,True,True
51324470,11072.666666666666,9967.5,8223.666666666666,9965.5,-0.27716040300560585,0.429149019482321,39229.33333333333,132.506256,34.3958321,34302,mixed,True,False
51324471,2080.8333333333335,2849.8333333333335,1417.75,2716.6666666666665,-0.9382344023202999,0.5535582591300723,9065.083333333334,132.518753,34.3958321,34302,residential,True,False
51324472,80.5,25.285714285714285,20.4,13.0,0.650057528943041,1.9804196310304838,139.18571428571428,132.53125,34.3958321,34107,office,True,True
51324473,1066.4166666666667,1493.0,686.6666666666666,1490.6666666666667,-1.1182758507726094,0.6350893964229405,4736.75,132.543747,34.3958321,34107,leisure,True,True
51324474,1324.1666666666667,1848.4166666666667,1032.8333333333333,1893.6666666666667,-0.8745749346700809,0.3584772512642716,6099.083333333334,132.556244,34.3958321,34107,residential,True,True
51324475,2990.5,4296.25,2431.4166666666665,4217.416666666667,-0.7945624159930417,0.2985895714931725,13935.583333333334,132.568756,34.3958321,34107,residential,True,True
51324476,1385.5,1464.6666666666667,1493.1666666666667,1470.1666666666667,0.022395490848381137,-0.10796849668498093,5813.500000000001,132.581253,34.3958321,34107,mixed,True,True
51324479,91.08333333333333,49.18181818181818,167.75,75.55555555555556,1.1507030215047942,-0.8810537712494351,383.57070707070704,132.618744,34.3958321,34107,office,True,True
51324480,5984.666666666667,6343.166666666667,5147.833333333333,6236.166666666667,-0.27669414025478634,0.2173055488262757,23711.833333333336,132.506256,34.4041672,34102,mixed,True,True
51324481,1467.9166666666667,2372.5833333333335,869.5833333333334,2219.5,-1.3518385139990519,0.7553738743351287,6929.583333333334,132.518753,34.4041672,34302,leisure,True,False
51324483,172.25,194.08333333333334,129.16666666666666,170.41666666666666,-0.3998326276675114,0.4152701732638478,665.9166666666666,132.543747,34.4041672,34107,mixed,True,True
51324484,63.333333333333336,89.83333333333333,42.90909090909091,76.81818181818181,-0.8401644818077054,0.5616816768852478,272.8939393939394,132.556244,34.4041672,34107,residential,True,True
51324485,217.66666666666666,332.8333333333333,137.66666666666666,335.5,-1.2851334855018945,0.6609412101269855,1023.6666666666665,132.568756,34.4041672,34107,leisure,True,True
51324486,2833.1666666666665,3475.6666666666665,2561.0833333333335,3409.25,-0.4127001994931025,0.14566127705573312,12279.166666666666,132.581253,34.4041672,34107,mixed,True,True
51324487,276.5833333333333,443.9166666666667,234.58333333333334,453.1666666666667,-0.949941229057168,0.23761370711070778,1408.25,132.59375,34.4041672,34107,residential,True,True
51324488,107.0,106.66666666666667,112.125,113.25,-0.014403065126973948,-0.06749718851811427,439.0416666666667,132.606247,34.4041672,34107,mixed,True,True
51324489,174.91666666666666,224.5,303.6666666666667,242.33333333333334,0.32549568988245653,-0.7958207925098966,945.4166666666666,132.618744,34.4041672,34107,mixed,True,True
51324490,3727.75,3839.25,3639.25,3854.9166666666665,-0.08305851193799102,0.03466394829282389,15061.166666666666,132.506256,34.4124985,34102,mixed,True,True
51324491,90.91666666666667,74.83333333333333,95.5,89.25,0.09764856400664895,-0.07095594243329763,350.5,132.518753,34.4124985,34302,mixed,True,False
51324494,90.0,27.75,41.5,27.25,0.6068551065699984,1.1168136649827498,186.5,132.556244,34.4124985,34107,office,True,True
51324495,25.0,13.0,11.25,23.5,-1.0627357553479626,1.15200309344505,72.75,132.568756,34.4124985,34107,leisure,True,True
51324496,866.0,876.75,947.3333333333334,894.75,0.08238751010524006,-0.1295051237948993,3584.8333333333335,132.581253,34.4124985,34107,mixed,True,True
51324497,76.5,69.16666666666667,62.916666666666664,63.666666666666664,-0.017095993823307513,0.28201750920136687,272.25,132.59375,34.4124985,34107,mixed,True,True
51324499,33.666666666666664,18.666666666666668,58.083333333333336,13.2,2.137586320676176,-0.7868033631166285,123.61666666666666,132.618744,34.4124985,34107,office,True,True
51324500,84.25,42.0,71.0,27.454545454545453,1.3707739988169005,0.24685766167717652,224.70454545454544,132.631256,34.3375015,34212,office,False,False
51324501,229.16666666666666,164.41666666666666,261.1666666666667,172.33333333333334,0.5997689941576457,-0.1885735611731961,827.0833333333333,132.643753,34.3375015,34212,office,False,False
51324502,1433.75,2399.1666666666665,1121.9166666666667,2248.1666666666665,-1.0027834730408716,0.35382796631189006,7203.0,132.65625,34.3375015,34212,residential,False,False
51324503,594.8333333333334,917.9166666666666,775.5833333333334,853.9166666666666,-0.13881348335901672,-0.3827963058599759,3142.25,132.668747,34.3375015,34212,mixed,False,False
51324504,438.6666666666667,563.8333333333334,350.3333333333333,537.3333333333334,-0.6170890745657892,0.3243968197730632,1890.166666666667,132.681244,34.3375015,34212,residential,False,False
51324505,940.25,962.5833333333334,758.75,955.4166666666666,-0.33250543260395526,0.309419789897262,3617.0,132.693756,34.3375015,34212,mixed,False,False
51324506,350.9166666666667,288.0,522.3333333333334,309.3333333333333,0.7558084693450083,-0.5738423043034863,1470.5833333333335,132.706253,34.3375015,34212,office,False,False
51324507,61.75,100.9090909090909,58.666666666666664,103.3,-0.8162273260615561,0.07389811366853649,324.6257575757576,132.71875,34.3375015,34212,residential,False,False
51324508,59.0,108.41666666666667,49.54545454545455,118.75,-1.2611029021913187,0.2519622483348498,335.71212121212125,132.731247,34.3375015,34212,residential,False,False
51324512,19.0,21.4,12.0,14.0,-0.22239242133644802,0.6629650127224292,66.4,132.65625,34.3458328,34212,leisure,False,False
51324513,23.083333333333332,17.142857142857142,61.0,16.4,1.895113427832165,-1.4019576722348541,117.62619047619047,132.668747,34.3458328,34212,office,False,False
51324514,181.58333333333334,119.0,175.75,104.0,0.7569411609314433,0.047107101322215336,580.3333333333334,132.681244,34.3458328,34212,office,False,False
51324515,308.8333333333333,167.08333333333334,595.9166666666666,181.25,1.7171296023509939,-0.9482821219471813,1253.0833333333333,132.693756,34.3458328,34212,office,False,False
51324516,593.9166666666666,329.0,593.75,359.0,0.7258717642826211,0.0004049102021777601,1875.6666666666665,132.706253,34.3458328,34212,office,False,False
51324517,274.75,194.83333333333334,798.5833333333334,250.91666666666666,1.6702346605908263,-1.5393234816451165,1519.0833333333333,132.71875,34.3458328,34212,office,False,False
51324518,71.66666666666667,20.571428571428573,313.75,27.285714285714285,3.5233977428599896,-2.13024129996983,433.2738095238095,132.731247,34.3458328,34212,office,False,False
51324523,173.83333333333334,277.25,180.66666666666666,273.6666666666667,-0.5990893704239335,-0.0556255988341057,905.4166666666667,132.668747,34.3541679,34212,residential,False,False
51324524,87.25,20.666666666666668,97.41666666666667,14.0,2.7987417917528963,-0.15901348760084802,219.33333333333334,132.681244,34.3541679,34212,office,False,False
51324525,18.916666666666668,20.2,18.833333333333332,16.0,0.23521646169403143,0.006369524875727445,73.95,132.693756,34.3541679,34212,mixed,False,False
51324526,318.6666666666667,259.25,321.9166666666667,238.75,0.4311865385876641,-0.014639154251182661,1138.5833333333335,132.706253,34.3541679,34212,mixed,False,False
51324527,522.5833333333334,492.9166666666667,507.9166666666667,444.1666666666667,0.19349068786103613,0.04106929873775501,1967.5833333333335,132.71875,34.3541679,34212,mixed,False,False
51324534,20.1,25.0,16.2,11.5,0.49435995194024934,0.3112016882943041,72.8,132.681244,34.3624992,34212,mixed,False,False
51324536,34.166666666666664,22.666666666666668,38.75,15.6,1.3126502812993517,-0.1816068064899477,111.18333333333334,132.706253,34.3624992,34212,office,False,False
51324537,260.75,93.5,310.25,101.08333333333333,1.6178860657310026,-0.2507639576105909,765.5833333333333,132.71875,34.3624992,34212,office,False,False
51324538,219.75,213.16666666666666,169.33333333333334,213.66666666666666,-0.3354958598465751,0.3759971690923944,815.9166666666666,132.731247,34.3624992,34212,mixed,False,False
51324540,54.583333333333336,103.16666666666667,20.9,90.375,-2.1124207997575977,1.3849575585101364,269.02500000000003,132.631256,34.3708344,34107,leisure,False,True
51324544,103.33333333333333,42.583333333333336,128.25,51.083333333333336,1.3280342526374285,-0.31165311105397275,325.25,132.681244,34.3708344,34212,office,False,False
51324545,18.375,23.2,14.0,18.666666666666668,-0.4150374992788438,0.3923174227787603,74.24166666666667,132.693756,34.3708344,34212,mixed,False,False
51324546,49.583333333333336,50.75,36.25,56.09090909090909,-0.6297859704971863,0.4518742674592152,192.67424242424244,132.706253,34.3708344,34212,residential,False,False
51324547,133.91666666666666,213.58333333333334,209.5,230.41666666666666,-0.1372948307015615,-0.645614720745414,787.4166666666666,132.71875,34.3708344,34212,mixed,False,False
51324548,951.75,1302.3333333333333,728.0833333333334,1298.4166666666667,-0.8345779340138729,0.38647908015164284,4280.583333333333,132.731247,34.3708344,34212,residential,False,False
51324549,96.66666666666667,35.583333333333336,70.25,28.0,1.3270713981633222,0.4605202690728522,230.50000000000003,132.743744,34.3708344,34212,office,False,False
51324550,281.0833333333333,279.1666666666667,347.9166666666667,289.5,0.2651784435383843,-0.3077438792306505,1197.6666666666667,132.631256,34.3791656,34107,mixed,False,True
51324551,13.428571428571429,12.0,20.166666666666668,18.5,0.1244473709244885,-0.5866668069334052,64.0952380952381,132.643753,34.3791656,34107,mixed,False,True
51324553,104.5,23.4,35.583333333333336,10.0,1.831201664011972,1.5542293731815484,173.48333333333335,132.668747,34.3791656,34212,office,False,False
51324554,72.41666666666667,26.88888888888889,167.58333333333334,39.45454545454545,2.0866152517770136,-1.2104849994909517,306.3434343434344,132.681244,34.3791656,34212,office,False,False
51324555,157.91666666666666,184.5,206.83333333333334,173.91666666666666,0.2500725149705217,-0.3893052670719027,723.1666666666666,132.693756,34.3791656,34212,mixed,False,False
51324556,466.75,711.25,492.3333333333333,736.9166666666666,-0.5818660628449092,-0.07698539781743104,2407.25,132.706253,34.3791656,34212,mixed,False,False
51324557,478.9166666666667,562.25,358.5,503.5833333333333,-0.4902574172766104,0.41780152441234814,1903.25,132.71875,34.3791656,34212,mixed,False,False
51324558,1440.5833333333333,989.5,798.9166666666666,1090.0833333333333,-0.4483214969729732,0.8505361868016781,4319.083333333333,132.731247,34.3791656,34212,leisure,False,False
51324559,267.1666666666667,274.6666666666667,200.58333333333334,271.5,-0.43675046205102075,0.4135382836800512,1013.9166666666667,132.743744,34.3791656,34212,mixed,False,False
51324560,46.166666666666664,18.333333333333332,104.83333333333333,14.0,2.904598784100529,-1.1831740408301008,183.33333333333334,132.631256,34.3875008,34107,office,False,True
51324561,27.583333333333332,21.0,23.5,21.2,0.14859649200180072,0.2311360544084241,93.28333333333333,132.643753,34.3875008,34107,mixed,False,True
51324562,58.5,17.857142857142858,38.416666666666664,22.0,0.8042288210708844,0.6067042798752228,136.77380952380952,132.65625,34.3875008,34212,office,False,False
51324563,627.0833333333334,267.5,613.0833333333334,232.0,1.4019583801710545,0.03257399051464417,1739.6666666666667,132.668747,34.3875008,34212,office,False,False
51324564,2341.25,1664.6666666666667,9017.25,1978.4166666666667,2.188341221860138,-1.9454085258999503,15001.583333333332,132.681244,34.3875008,34212,office,False,False
51324565,212.83333333333334,102.25,936.9166666666666,249.91666666666666,1.906473617815526,-2.1381966149815423,1501.9166666666665,132.693756,34.3875008,34212,office,False,False
51324566,240.83333333333334,257.4166666666667,369.0,303.0,0.2843030225874451,-0.6155857293935111,1170.25,132.706253,34.3875008,34212,mixed,False,False
51324567,890.5,991.0,828.75,1010.8333333333334,-0.28653627428676637,0.10367864610166871,3721.0833333333335,132.71875,34.3875008,34212,mixed,False,False
51324568,1612.8333333333333,1973.25,1045.75,1794.9166666666667,-0.7793788670259577,0.6250593632662267,6426.75,132.731247,34.3875008,34212,leisure,False,False
51324569,896.0,1496.1666666666667,704.0833333333334,1410.6666666666667,-1.0025590293014002,0.34775253996613475,4506.916666666667,132.743744,34.3875008,34212,residential,False,False
51324572,12.25,24.0,11.666666666666666,22.0,-0.915111102413487,0.070389327891398,69.91666666666666,132.65625,34.3958321,34212,residential,False,False
51324573,173.0,168.08333333333334,296.9166666666667,184.66666666666666,0.6851346020841113,-0.7792860397754187,822.6666666666667,132.668747,34.3958321,34212,office,False,False
51324574,225.75,188.58333333333334,307.0,173.83333333333334,0.8205339035715697,-0.4435126678893212,895.1666666666667,132.681244,34.3958321,34212,office,False,False
51324575,70.72727272727273,24.285714285714285,131.91666666666666,25.916666666666668,2.3476747700065785,-0.89928831306713,252.84632034632034,132.693756,34.3958321,34212,office,False,False
51324576,473.9166666666667,209.08333333333334,1309.6666666666667,289.8333333333333,2.1759042351520996,-1.466494363506455,2282.5,132.706253,34.3958321,34212,office,False,False
51324577,1585.6666666666667,1589.1666666666667,2879.1666666666665,1809.25,0.6702595331719733,-0.8605617802005286,7863.25,132.71875,34.3958321,34212,office,False,False
51324578,768.25,607.5,1628.1666666666667,706.6666666666666,1.2041466240296657,-1.0836006211661087,3710.5833333333335,132.731247,34.3958321,34212,office,False,False
51324579,1504.6666666666667,1504.75,1109.75,1473.0,-0.40852272171075593,0.4392092091455866,5592.166666666667,132.743744,34.3958321,34212,mixed,False,False
51324583,24.0,14.0,37.22222222222222,27.0,0.4632047817393539,-0.6331297831816662,102.22222222222223,132.668747,34.4041672,34212,mixed,False,False
51324584,125.58333333333333,59.666666666666664,313.6666666666667,72.16666666666667,2.119827698001812,-1.3205872111307129,571.0833333333334,132.681244,34.4041672,34212,office,False,False
51324585,670.6666666666666,658.6666666666666,754.6666666666666,677.8333333333334,0.15490896736974927,-0.17024365302635525,2761.833333333333,132.693756,34.4041672,34212,mixed,False,False
51324586,1811.6666666666667,1217.8333333333333,2681.0,1459.8333333333333,0.876967550830794,-0.5654536847890457,7170.333333333333,132.706253,34.4041672,34212,office,False,False
51324587,2712.0833333333335,2260.3333333333335,4872.833333333333,2554.5833333333335,0.931672879722779,-0.8453593701426513,12399.833333333334,132.71875,34.4041672,34212,office,False,False
51324588,230.41666666666666,72.91666666666667,373.8333333333333,74.33333333333333,2.3303140051659677,-0.6981501399642029,751.4999999999999,132.731247,34.4041672,34212,office,False,False
51324589,3404.9166666666665,1211.0833333333333,2065.0833333333335,1120.75,0.8817355012202682,0.7214194889477304,7801.833333333333,132.743744,34.4041672,34212,office,False,False
51324590,80.08333333333333,99.25,58.0,91.25,-0.6537716586398074,0.46544912492502194,328.5833333333333,132.631256,34.4124985,34107,residential,False,True
51324593,16.6,15.0,18.285714285714285,19.5,-0.09275714091985245,-0.13953374148283326,69.38571428571429,132.668747,34.4124985,34212,mixed,False,False
51324594,201.75,219.66666666666666,168.66666666666666,223.58333333333334,-0.4066377645662112,0.2583937893046264,813.6666666666666,132.681244,34.4124985,34212,mixed,False,False
51324595,152.25,87.58333333333333,168.25,67.08333333333333,1.326580222329494,-0.14416427670398466,475.16666666666663,132.693756,34.4124985,34212,office,False,False
51324596,921.4166666666666,1145.0,757.9166666666666,1226.0,-0.6938478418730891,0.2818144617314587,4050.333333333333,132.706253,34.4124985,34212,residential,False,False
51324597,3182.1666666666665,2694.25,3137.9166666666665,2755.6666666666665,0.18740565323795882,0.020202359802784627,11770.0,132.71875,34.4124985,34212,mixed,False,False
51324598,1443.1666666666667,1700.3333333333333,1167.0,1780.5833333333333,-0.6095453960111614,0.3064333606054697,6091.083333333333,132.731247,34.4124985,34212,residential,False,False
51324599,6429.833333333333,5449.666666666667,5285.25,5426.25,-0.037983802685733946,0.28280962738136395,22591.0,132.743744,34.4124985,34212,mixed,False,False
51324603,20.3,21.571428571428573,16.363636363636363,19.25,-0.23436506300252397,0.3109863446054365,77.48506493506493,132.793747,34.3375015,34212,mixed,False,False
51324604,99.91666666666667,134.08333333333334,44.75,102.25,-1.1921412556774924,1.158837665428811,381.0,132.806244,34.3375015,34212,leisure,False,False
51324605,234.75,318.3333333333333,201.41666666666666,295.8333333333333,-0.5546015515138242,0.22094209060934802,1050.3333333333333,132.818756,34.3375015,34212,mixed,False,False
51324612,35.0,18.8,37.166666666666664,14.0,1.4085824771415445,-0.08665438225418201,104.96666666666665,132.78125,34.3458328,34212,office,False,False
51324614,104.25,114.5,98.58333333333333,107.91666666666667,-0.130502024234128,0.0806317158260315,425.25,132.806244,34.3458328,34212,mixed,False,False
51324620,57.583333333333336,66.75,48.333333333333336,68.58333333333333,-0.504839530406691,0.2526328103733241,241.25,132.756256,34.3541679,34212,mixed,False,False
51324621,15.88888888888889,15.0,15.714285714285714,16.0,-0.025995208532944573,0.01594154386902182,62.60317460317461,132.768753,34.3541679,34212,mixed,False,False
51324630,19.833333333333332,19.0,21.818181818181817,13.0,0.747019258830129,-0.13760371438443394,73.65151515151514,132.756256,34.3624992,34212,office,False,False
51324640,16.2,17.666666666666668,16.0,11.333333333333334,0.49749965947081665,0.017921907997262315,61.2,132.756256,34.3708344,34212,mixed,False,False
51324650,216.16666666666666,169.91666666666666,149.83333333333334,151.0,-0.011189934531787654,0.528785458737252,686.9166666666666,132.756256,34.3791656,34212,mixed,False,False
51324651,15.0,14.166666666666666,14.285714285714286,15.666666666666666,-0.1331250832393604,0.070389327891398,59.11904761904761,132.768753,34.3791656,34212,mixed,False,False
51324652,20.571428571428573,21.333333333333332,16.0,13.0,0.29956028185890793,0.36257007938470837,70.9047619047619,132.78125,34.3791656,34212,mixed,False,False
51324657,27.0,12.5,46.44444444444444,10.0,2.2155060357512077,-0.7825466284751019,95.94444444444444,132.84375,34.3791656,34203,office,False,False
51324658,314.5833333333333,444.5,345.5,440.0833333333333,-0.34909102496202365,-0.13524347200961112,1544.6666666666665,132.856247,34.3791656,34203,mixed,False,False
51324660,1795.9166666666667,2697.9166666666665,1303.8333333333333,2605.6666666666665,-0.9988930728043496,0.4619609440867569,8403.333333333334,132.756256,34.3875008,34212,residential,False,False
51324661,996.1666666666666,722.0833333333334,636.4166666666666,732.5833333333334,-0.20302126144279173,0.6464155190443941,3087.25,132.768753,34.3875008,34212,leisure,False,False
51324662,129.66666666666666,29.333333333333332,59.666666666666664,16.5,1.8544591571846467,1.1198105677219354,235.16666666666666,132.78125,34.3875008,34212,office,False,False
51324666,27.416666666666668,12.0,18.5,18.0,0.03952836418663728,0.5675279073851355,75.91666666666667,132.831253,34.3875008,34203,mixed,False,False
51324669,137.25,118.5,137.91666666666666,146.08333333333334,-0.08299477906495821,-0.006990661968225134,539.75,132.868744,34.3875008,34203,mixed,False,False
51324670,567.5,641.5833333333334,590.4166666666666,600.5833333333334,-0.02463099220264927,-0.05711305490594727,2400.0833333333335,132.756256,34.3958321,34212,mixed,False,False
51324671,799.3333333333334,618.25,557.25,566.4166666666666,-0.02353900549588765,0.520472541433315,2541.25,132.768753,34.3958321,34212,mixed,False,False
51324672,204.5,324.8333333333333,173.0,330.5833333333333,-0.9342419537873997,0.24132880530502418,1032.9166666666665,132.78125,34.3958321,34212,residential,False,False
51324673,315.75,329.0833333333333,323.9166666666667,328.3333333333333,-0.019538522004541228,-0.036839967830488825,1297.0833333333333,132.793747,34.3958321,34212,mixed,False,False
51324678,15.8,28.5,11.0,10.0,0.13750352374993502,0.5224210346524435,65.3,132.856247,34.3958321,34203,mixed,False,False
51324679,474.3333333333333,520.0,537.0833333333334,452.3333333333333,0.24775963783015933,-0.179244696722531,1983.75,132.868744,34.3958321,34203,mixed,False,False
51324680,1806.5,955.0,1166.5833333333333,896.75,0.3795116227147129,0.630907886760206,4824.833333333333,132.756256,34.4041672,34212,leisure,False,False
51324681,21.0,17.0,15.0,14.5,0.0489096004809465,0.48542682717024166,67.5,132.768753,34.4041672,34212,mixed,False,False
51324682,65.33333333333333,37.2,69.66666666666667,24.75,1.493040011280117,-0.09264928796567469,196.95,132.78125,34.4041672,34212,office,False,False
51324683,220.16666666666666,73.58333333333333,264.5,73.25,1.852367057691778,-0.2646716615883544,631.5,132.793747,34.4041672,34212,office,False,False
51324684,122.25,39.2,190.91666666666666,43.083333333333336,2.14774127298974,-0.6431085876312851,395.45,132.806244,34.4041672,34212,office,False,False
51324685,54.583333333333336,29.555555555555557,42.916666666666664,23.7,0.8566509673385277,0.346922474354232,150.75555555555553,132.818756,34.4041672,34203,office,False,False
51324686,63.25,23.0,45.416666666666664,20.09090909090909,1.1766789781889981,0.47784365575117776,151.75757575757575,132.831253,34.4041672,34203,office,False,False
51324687,344.75,366.0,234.0,344.0833333333333,-0.5562494828716162,0.559042021930576,1288.8333333333333,132.84375,34.4041672,34203,mixed,False,False
51324688,104.91666666666667,118.91666666666667,62.25,108.0909090909091,-0.7960994490402776,0.7530981349297795,394.17424242424244,132.856247,34.4041672,34203,leisure,False,False
51324690,2866.8333333333335,1667.5,2105.5833333333335,1491.9166666666667,0.4970530207709613,0.4452380596420494,8131.833333333334,132.756256,34.4124985,34212,mixed,False,False
51324692,23.0,10.5,40.81818181818182,15.666666666666666,1.3815136651473685,-0.8275780600468369,89.98484848484848,132.78125,34.4124985,34212,office,False,False
51324693,54.81818181818182,19.0,144.45454545454547,19.0,2.926544277267636,-1.3978892174484345,237.27272727272728,132.793747,34.4124985,34203,office,False,False
51324694,35.333333333333336,23.166666666666668,25.666666666666668,17.0,0.5943611987234058,0.46113391386829783,101.16666666666667,132.806244,34.4124985,34203,office,False,False
51324695,16.0,15.5,10.5,29.0,-1.4656635723488118,0.6076825772212396,71.0,132.818756,34.4124985,34203,leisure,False,False
51324696,25.333333333333332,14.2,25.333333333333332,14.666666666666666,0.7884958948062882,0.0,79.53333333333333,132.831253,34.4124985,34203,office,False,False
51324697,91.66666666666667,24.90909090909091,69.25,21.5,1.6874774113470903,0.4045831416416775,207.3257575757576,132.84375,34.4124985,34203,office,False,False
51324698,14.222222222222221,26.0,14.0,10.0,0.48542682717024166,0.02272007650008345,64.22222222222223,132.856247,34.4124985,34203,mixed,False,False
51324699,23.875,34.25,28.428571428571427,28.0,0.021914776428440412,-0.2518408704502959,114.55357142857143,132.868744,34.4124985,34212,mixed,False,False
51324700,338.6666666666667,390.1666666666667,197.5,391.1666666666667,-0.9859307827375489,0.7780133429865445,1317.5000000000002,132.881256,34.3375015,34203,leisure,False,False
51324701,569.75,802.6666666666666,367.75,901.9166666666666,-1.2942687991616433,0.6316036780104671,2642.083333333333,132.893753,34.3375015,34203,leisure,False,False
51324702,3054.0,3349.0,3526.25,3665.9166666666665,-0.056039230207923424,-0.20743469867608236,13595.166666666666,132.90625,34.3375015,34203,mixed,False,False
51324703,674.9166666666666,516.5,1249.0833333333333,693.75,0.8483819589468771,-0.88808844462777,3134.25,132.918747,34.3375015,34203,office,False,False
51324704,325.9166666666667,50.333333333333336,40.333333333333336,25.272727272727273,0.6743912824672282,3.014458583458351,441.8560606060606,132.931244,34.3375015,34203,office,False,False
51324705,452.9166666666667,551.5,323.25,532.5,-0.7201311553029464,0.4865952593832612,1860.1666666666667,132.943756,34.3375015,34203,residential,False,False
51324706,1239.5,429.25,3472.6666666666665,616.0833333333334,2.4948465237512036,-1.486285664942824,5757.5,132.956253,34.3375015,34203,office,False,False
51324707,761.0833333333334,1087.75,711.4166666666666,1246.6666666666667,-0.8093090908412743,0.09735965401584211,3806.916666666667,132.96875,34.3375015,34203,residential,False,False
51324708,581.5,882.9166666666666,562.0833333333334,877.5,-0.6426150880774493,0.04899515435874452,2904.0,132.981247,34.3375015,34203,residential,False,False
51324709,1748.8333333333333,1886.5,1662.8333333333333,1863.5,-0.16437124528418634,0.07274923083964399,7161.666666666666,132.993744,34.3375015,34203,mixed,False,False
51324711,92.41666666666667,143.08333333333334,60.916666666666664,150.41666666666666,-1.304055525822096,0.6013160542092728,446.83333333333337,132.893753,34.3458328,34203,leisure,False,False
51324712,4882.833333333333,4074.1666666666665,4740.583333333333,3727.5833333333335,0.34682398949903875,0.04265393997767237,17425.166666666668,132.90625,34.3458328,34203,mixed,False,False
51324713,566.1666666666666,652.6666666666666,654.25,682.3333333333334,-0.06063467725421981,-0.2086152068899902,2555.4166666666665,132.918747,34.3458328,34203,mixed,False,False
51324714,33.833333333333336,87.0,46.333333333333336,104.0,-1.1664611461387409,-0.4536051555383312,271.1666666666667,132.931244,34.3458328,34203,residential,False,False
51324715,220.0,254.83333333333334,178.25,264.9166666666667,-0.5716365339729319,0.30360144708077147,918.0000000000001,132.943756,34.3458328,34203,mixed,False,False
51324716,58.18181818181818,81.9,39.63636363636363,51.1,-0.36649867991063007,0.5537437701104361,230.8181818181818,132.956253,34.3458328,34203,mixed,False,False
51324718,66.5,47.875,107.66666666666667,69.66666666666667,0.6280312226130421,-0.6951454184715791,291.70833333333337,132.981247,34.3458328,34203,office,False,False
51324720,68.0,31.0,14.0,47.5,-1.7625006862733439,2.2801079191927354,160.5,132.881256,34.3541679,34203,leisure,False,False
51324721,302.5833333333333,254.5,378.0833333333333,288.4166666666667,0.39054971818529666,-0.3213717295505372,1223.5833333333333,132.893753,34.3541679,34203,mixed,False,False
51324722,1066.0833333333333,910.75,1031.4166666666667,814.0,0.3415265637497734,0.04769295137333897,3822.25,132.90625,34.3541679,34203,mixed,False,False
51324723,50.583333333333336,40.875,34.916666666666664,23.6,0.5651289785037164,0.5347462725563307,149.975,132.918747,34.3541679,34203,mixed,False,False
51324724,45.25,21.75,26.583333333333332,10.0,1.4105220181563507,0.7673957740394922,103.58333333333333,132.931244,34.3541679,34203,office,False,False
51324728,14.625,29.5,19.75,15.0,0.3968901525685844,-0.4334160285936985,78.875,132.981247,34.3541679,34204,mixed,False,False
51324731,152.75,144.66666666666666,167.5,150.66666666666666,0.15280082365110337,-0.1329887155264052,615.5833333333333,132.893753,34.3624992,34203,mixed,False,False
51324732,30.5,19.5,23.0,48.0,-1.0614005446641432,0.4071753815058733,121.0,132.90625,34.3624992,34203,residential,False,False
51324737,110.33333333333333,207.25,41.375,205.0,-2.308792692698228,1.4150374992788437,563.9583333333333,132.96875,34.3624992,34204,leisure,False,False
51324738,37.833333333333336,40.3,27.77777777777778,17.666666666666668,0.6529013293777316,0.4457267033499842,123.57777777777777,132.981247,34.3624992,34204,office,False,False
51324740,780.4166666666666,1124.1666666666667,682.6666666666666,1170.0833333333333,-0.7773580675897365,0.19306327913040774,3757.333333333333,132.881256,34.3708344,34203,residential,False,False
51324741,20.75,26.5,25.1,17.5,0.5203324421184433,-0.274576027716485,89.85,132.893753,34.3708344,34203,mixed,False,False
51324746,26.666666666666668,17.5,11.0,22.0,-1.0,1.277533975528909,77.16666666666667,132.956253,34.3708344,34204,leisure,False,False
51324747,109.41666666666667,35.90909090909091,90.91666666666667,34.333333333333336,1.4049348591403887,0.26721581456927973,270.5757575757576,132.96875,34.3708344,34204,office,False,False
51324748,599.3333333333334,392.4166666666667,602.5,416.4166666666667,0.5329334291025921,-0.007602626324032791,2010.6666666666667,132.981247,34.3708344,34204,mixed,False,False
51324749,139.91666666666666,113.66666666666667,115.41666666666667,88.66666666666667,0.38038782543536115,0.27771625400047933,457.6666666666667,132.993744,34.3708344,34204,mixed,False,False
51324750,142.91666666666666,112.0,190.58333333333334,129.25,0.5602576793755818,-0.4152477893514981,574.75,132.881256,34.3791656,34203,mixed,False,False
51324751,58.666666666666664,28.7,63.083333333333336,33.7,0.9045103029700792,-0.10471787134843458,184.14999999999998,132.893753,34.3791656,34203,office,False,False
51324753,159.08333333333334,15.666666666666666,58.75,16.0,1.8765169465649998,1.437121940117782,249.5,132.918747,34.3791656,34203,office,False,False
51324757,80.66666666666667,17.5,63.666666666666664,25.833333333333332,1.3013044227615111,0.34143440923884594,187.66666666666669,132.96875,34.3791656,34204,office,False,False
51324758,613.5,166.08333333333334,807.6666666666666,183.66666666666666,2.1366701808801887,-0.39669665506728524,1770.9166666666665,132.981247,34.3791656,34204,office,False,False
51324759,361.5833333333333,432.5833333333333,281.5,458.3333333333333,-0.7032622904979986,0.3611932580153567,1533.9999999999998,132.993744,34.3791656,34204,residential,False,False
51324760,21.0,17.0,23.0,12.0,0.9385994553358568,-0.13124453327825267,73.0,132.881256,34.3875008,34203,office,False,False
51324761,171.75,108.08333333333333,173.58333333333334,123.16666666666667,0.4950165698944958,-0.015318334501390574,576.5833333333334,132.893753,34.3875008,34203,mixed,False,False
51324763,188.83333333333334,23.0,67.16666666666667,25.5,1.3972481858353156,1.4912961172925483,304.5,132.918747,34.3875008,34204,office,False,False
51324764,76.41666666666667,28.571428571428573,65.83333333333333,15.166666666666666,2.117914202865769,0.21506908053058935,185.98809523809527,132.931244,34.3875008,34204,office,False,False
51324765,317.5,43.111111111111114,205.33333333333334,16.5,3.6374299206152916,0.6287887416857829,582.4444444444445,132.943756,34.3875008,34204,office,False,False
51324767,53.0,20.75,46.416666666666664,17.25,1.4280465598407066,0.19134943794432374,137.41666666666666,132.96875,34.3875008,34204,office,False,False
51324768,79.54545454545455,24.6,112.0,43.25,1.3727266944208796,-0.49364733397521027,259.3954545454546,132.981247,34.3875008,34204,office,False,False
51324769,355.0,454.25,340.3333333333333,501.6666666666667,-0.5597806207692629,0.06087056423539914,1651.25,132.993744,34.3875008,34204,mixed,False,False
51324770,870.8333333333334,931.8333333333334,619.25,952.4166666666666,-0.6210709035739898,0.4918746678880883,3374.3333333333335,132.881256,34.3958321,34203,residential,False,False
51324771,307.1666666666667,333.5833333333333,343.0833333333333,431.75,-0.3316371349288113,-0.159537377690556,1415.5833333333333,132.893753,34.3958321,34203,mixed,False,False
51324772,39.666666666666664,25.2,89.08333333333333,41.4,1.1055247743873715,-1.1672283744125471,195.34999999999997,132.90625,34.3958321,34203,office,False,False
51324773,108.0,25.333333333333332,67.58333333333333,20.5,1.721043598878033,0.6762918986673517,221.41666666666666,132.918747,34.3958321,34204,office,False,False
51324774,84.83333333333333,42.111111111111114,50.083333333333336,27.166666666666668,0.8824930264801079,0.7603006653645097,204.19444444444443,132.931244,34.3958321,34204,office,False,False
51324775,154.0,28.444444444444443,159.08333333333334,23.571428571428573,2.7546715944945697,-0.04685234598788022,365.0992063492064,132.943756,34.3958321,34204,office,False,False
51324776,128.16666666666666,172.25,81.75,162.83333333333334,-0.9941054257491465,0.6487304617425876,545.0,132.956253,34.3958321,34204,leisure,False,False
51324777,223.41666666666666,453.3333333333333,158.83333333333334,453.6666666666667,-1.5141189475940526,0.4922231000726192,1289.25,132.96875,34.3958321,34204,residential,False,False
51324778,35.7,18.875,52.5,19.857142857142858,1.4026593670002192,-0.5563933485243852,126.93214285714286,132.981247,34.3958321,34204,office,False,False
51324779,721.3333333333334,457.0833333333333,2844.9166666666665,577.1666666666666,2.3013265068962436,-1.9796483952666564,4600.499999999999,132.993744,34.3958321,34204,office,False,False
51324781,23.083333333333332,23.714285714285715,20.666666666666668,20.0,0.04730571477835682,0.15954585566231283,87.46428571428572,132.893753,34.4041672,34203,mixed,False,False
51324785,192.16666666666666,227.66666666666666,170.25,227.5,-0.41821174707398745,0.17470330891854446,817.5833333333333,132.943756,34.4041672,34204,mixed,False,False
51324786,246.25,230.25,198.33333333333334,259.1666666666667,-0.385953006822659,0.31219655686958897,934.0,132.956253,34.4041672,34204,mixed,False,False
51324787,1129.8333333333333,1011.8333333333334,1050.5833333333333,1127.5,-0.1019368309000194,0.10491936748684794,4319.749999999999,132.96875,34.4041672,34204,mixed,False,False
51324788,891.25,749.25,1332.0,644.0,1.048461488956645,-0.5796920057400118,3616.5,132.981247,34.4041672,34204,office,False,False
51324789,1759.5,2279.0,1439.8333333333333,2401.1666666666665,-0.7378337221099885,0.28926369067654406,7879.5,132.993744,34.4041672,34204,residential,False,False
51324791,36.333333333333336,17.25,33.333333333333336,15.0,1.15200309344505,0.12432813500220177,101.91666666666667,132.893753,34.4124985,34212,office,False,False
51324792,49.083333333333336,18.333333333333332,149.58333333333334,14.833333333333334,3.334034697744016,-1.607644304879953,231.83333333333337,132.90625,34.4124985,34203,office,False,False
51324793,49.916666666666664,34.833333333333336,40.0,19.2,1.0588936890535685,0.319521597180267,143.95000000000002,132.918747,34.4124985,34204,office,False,False
51324794,49.75,33.44444444444444,44.5,30.90909090909091,0.5257741134659932,0.16089118957725101,158.60353535353534,132.931244,34.4124985,34204,mixed,False,False
51324795,210.75,193.33333333333334,223.16666666666666,188.58333333333334,0.24291937605741798,-0.08258892366107196,815.8333333333334,132.943756,34.4124985,34204,mixed,False,False
51324796,36.75,66.72727272727273,53.416666666666664,77.45454545454545,-0.5360599556909561,-0.5395457010612204,234.34848484848487,132.956253,34.4124985,34204,mixed,False,False
51324797,148.41666666666666,219.0,119.25,243.25,-1.0284505387756,0.31566384437495104,729.9166666666666,132.96875,34.4124985,34204,residential,False,False
51324798,826.1666666666666,780.8333333333334,783.1666666666666,768.9166666666666,0.026492111054063742,0.07711349106921099,3159.0833333333335,132.981247,34.4124985,34204,mixed,False,False
51324799,342.8333333333333,517.25,247.16666666666666,479.0833333333333,-0.954792432958873,0.4720231960703034,1586.3333333333333,132.993744,34.4124985,34204,residential,False,False
51325028,58.8,19.0,22.0,14.0,0.6520766965796931,1.4183126313117047,113.8,132.106247,34.4375,34213,office,False,False
51325058,62.5,42.5,24.5,15.333333333333334,0.6761103887793515,1.3510744405468789,144.83333333333334,132.106247,34.4625015,34213,office,False,False
51325059,62.4,27.6,23.5,18.0,0.384663850235325,1.4088852722972485,131.5,132.118744,34.4625015,34213,leisure,False,False
51325069,56.25,46.0,23.75,28.0,-0.23749931372665628,1.2439255828860891,154.0,132.118744,34.4708328,34213,leisure,False,False
51325079,221.25,248.08333333333334,217.16666666666666,225.25,-0.05272442796656033,0.026874777123381422,911.75,132.118744,34.4791679,34213,mixed,False,False
51325108,20.714285714285715,15.8,15.666666666666666,12.5,0.32577016118175633,0.4029278170008494,64.68095238095238,132.231247,34.4208336,34213,mixed,False,False
51325119,26.125,14.0,20.25,28.0,-0.4675049191729794,0.367509129196258,88.375,132.243744,34.4291649,34108,mixed,False,True
51325136,23.333333333333332,13.0,16.0,22.0,-0.4594316186372972,0.5443205162238102,74.33333333333333,132.206253,34.4458351,34108,mixed,False,True
51325137,16.8,17.0,15.333333333333334,30.0,-0.9682911402726616,0.1317898725555414,79.13333333333334,132.21875,34.4458351,34108,residential,False,True
51325158,23.25,11.666666666666666,13.2,14.0,-0.08488889758651305,0.8166927866369403,62.11666666666667,132.231247,34.4625015,34108,leisure,False,True
51325160,13.666666666666666,20.0,15.0,16.0,-0.09310940439148147,-0.13430109171159105,64.66666666666666,132.131256,34.4708328,34213,mixed,False,False
51325163,23.5,12.5,24.0,11.0,1.1255308820838588,-0.030373649043518865,71.0,132.168747,34.4708328,34213,office,False,False
51325169,267.6666666666667,59.416666666666664,156.41666666666666,59.36363636363637,1.3977428712005844,0.7750432426864404,542.8636363636364,132.243744,34.4708328,34108,office,False,True
51325170,221.33333333333334,244.33333333333334,211.0,193.08333333333334,0.12801936056351934,0.06897774191858358,869.7500000000001,132.131256,34.4791679,34213,mixed,False,False
51325171,91.08333333333333,49.0,57.75,35.0,0.722466024471091,0.6573661435346908,232.83333333333331,132.143753,34.4791679,34213,office,False,False
51325172,21.333333333333332,22.0,17.0,14.5,0.22948184612276717,0.3275746580285044,74.83333333333333,132.15625,34.4791679,34213,mixed,False,False
51325173,158.66666666666666,68.5,32.333333333333336,34.0,-0.07251249978436781,2.2949049211208155,293.5,132.168747,34.4791679,34213,leisure,False,False
51325174,150.66666666666666,41.4,40.416666666666664,14.0,1.5295235142957297,1.8983380253406976,246.48333333333332,132.181244,34.4791679,34213,office,False,False
51325179,81.75,36.0,46.333333333333336,30.666666666666668,0.5953791166664946,0.8191682534957312,194.75,132.243744,34.4791679,34108,office,False,True
51325180,72.9,57.666666666666664,37.9,41.5,-0.13091348806319542,0.9437209661558454,209.96666666666667,132.131256,34.4874992,34213,leisure,False,False
51325181,225.16666666666666,84.5,191.16666666666666,37.333333333333336,2.356294753958221,0.2361622833098595,538.1666666666666,132.143753,34.4874992,34213,office,False,False
51325182,58.166666666666664,29.5,31.454545454545453,19.666666666666668,0.6775160603587422,0.8869241164890685,138.78787878787878,132.15625,34.4874992,34213,office,False,False
51325190,374.75,33.0,95.6,17.0,2.4914758718430465,1.9708459548544734,520.35,132.131256,34.4958344,34213,office,False,False
51325191,665.5,175.45454545454547,244.91666666666666,76.22222222222223,1.684007378199676,1.4421477129817155,1162.0934343434344,132.143753,34.4958344,34213,office,False,False
51325193,64.75,35.714285714285715,26.90909090909091,12.5,1.106165557216928,1.2667865406949013,139.87337662337663,132.168747,34.4958344,34213,office,False,False
51325200,67.0,10.0,98.25,12.6,2.9630336736460525,-0.552296311800834,187.85,132.256256,34.4208336,34108,office,False,True
51325202,68.91666666666667,97.9090909090909,64.66666666666667,101.6,-0.6518062504188319,0.091830676984147,333.0924242424243,132.28125,34.4208336,34108,residential,True,True
51325203,201.0,82.0,349.25,102.58333333333333,1.767463759646162,-0.7970646142305344,734.8333333333333,132.293747,34.4208336,34108,office,True,True
51325204,20.6,20.333333333333332,12.0,16.0,-0.4150374992788438,0.7796099315746999,68.93333333333334,132.306244,34.4208336,34108,leisure,True,True
51325207,24.09090909090909,18.0,17.454545454545453,12.0,0.5405683813627026,0.4648860487294055,71.54545454545455,132.34375,34.4208336,34108,mixed,True,True
51325208,1198.1666666666667,1689.4166666666667,917.5,1683.4166666666667,-0.87561224285359,0.38504853992406796,5488.500000000001,132.356247,34.4208336,34108,residential,True,True
51325209,1432.1666666666667,1994.8333333333333,990.4166666666666,1919.25,-0.9544351506519618,0.5320918968189869,6336.666666666666,132.368744,34.4208336,34108,residential,True,True
51325210,78.75,33.142857142857146,122.08333333333333,30.1,2.020030866716114,-0.6325144302011751,264.0761904761905,132.256256,34.4291649,34108,office,False,True
51325211,29.444444444444443,14.0,20.1,31.0,-0.6250727140953088,0.5507999517166827,94.54444444444445,132.268753,34.4291649,34108,residential,False,True
51325212,84.6,118.125,89.44444444444444,125.0,-0.4828643131024202,-0.08033421332707961,417.1694444444445,132.28125,34.4291649,34108,mixed,True,True
51325213,827.0,1065.6666666666667,581.4166666666666,1003.4166666666666,-0.7872764735364727,0.508314901588183,3477.5,132.293747,34.4291649,34108,residential,True,True
51325214,129.5,231.08333333333334,134.25,223.83333333333334,-0.7375028107208736,-0.051969990298858744,718.6666666666667,132.306244,34.4291649,34108,residential,True,True
51325215,53.833333333333336,18.0,33.083333333333336,20.6,0.6834602641259455,0.702395157550967,125.51666666666668,132.318756,34.4291649,34108,office,True,True
51325216,33.916666666666664,17.875,43.09090909090909,12.8,1.7512397251483243,-0.3453891467158712,107.68257575757576,132.331253,34.4291649,34108,office,True,True
51325217,77.16666666666667,69.83333333333333,55.916666666666664,67.54545454545455,-0.27258032642227176,0.464699427060053,270.4621212121212,132.34375,34.4291649,34108,mixed,True,True
51325218,44.72727272727273,113.08333333333333,87.66666666666667,94.58333333333333,-0.1095575928859749,-0.9708736018692037,340.06060606060606,132.356247,34.4291649,34108,mixed,True,True
51325219,100.41666666666667,78.83333333333333,101.5,75.0,0.43651722668929527,-0.015480986789008343,355.75,132.368744,34.4291649,34108,mixed,True,True
51325220,56.0,67.375,17.75,50.5,-1.5084643632471129,1.657607802552922,191.625,132.256256,34.4375,34108,leisure,False,True
51325221,30.75,92.16666666666667,32.27272727272727,91.08333333333333,-1.4968715891960014,-0.06972909041550736,246.27272727272725,132.268753,34.4375,34108,residential,False,True
51325222,100.33333333333333,18.5,26.416666666666668,27.5,-0.05798318410640841,1.9252806466202945,172.75,132.28125,34.4375,34108,leisure,True,True
51325223,685.1666666666666,650.25,535.3333333333334,693.0833333333334,-0.3725913391632916,0.35601747904662284,2563.8333333333335,132.293747,34.4375,34108,mixed,True,True
51325224,124.41666666666667,80.83333333333333,194.16666666666666,70.41666666666667,1.4633067083720959,-0.6421157894071012,469.8333333333333,132.306244,34.4375,34108,office,True,True
51325225,13.5,15.666666666666666,16.0,11.0,0.5405683813627028,-0.24511249783653147,56.166666666666664,132.318756,34.4375,34108,mixed,True,True
51325232,36.0,14.0,52.5,14.0,1.9068905956085185,-0.5443205162238103,116.5,132.28125,34.4458351,34108,office,True,True
51325233,58.416666666666664,42.42857142857143,100.0,44.166666666666664,1.1789701410453193,-0.7755480564852578,245.01190476190476,132.293747,34.4458351,34108,office,True,True
51325235,19.333333333333332,14.875,13.25,18.1,-0.44999733763264393,0.5450980398432167,65.55833333333334,132.318756,34.4458351,34108,mixed,True,True
51325239,621.75,879.3333333333334,551.25,859.3333333333334,-0.640511107195612,0.17362785177202372,2911.666666666667,132.368744,34.4458351,34108,residential,True,True
51325242,28.75,41.714285714285715,16.0,45.166666666666664,-1.4971865406327152,0.8454900509443752,131.63095238095238,132.28125,34.4541664,34108,leisure,True,True
51325243,57.083333333333336,21.75,87.5,16.0,2.451211111832329,-0.6162134347055959,182.33333333333334,132.293747,34.4541664,34108,office,True,True
51325246,116.91666666666667,129.75,289.1666666666667,178.66666666666666,0.6946307570078509,-1.3064206538457241,714.5,132.331253,34.4541664,34105,office,True,True
51325248,26.75,21.0,24.333333333333332,12.5,0.9610058683841363,0.13660492824228598,84.58333333333333,132.356247,34.4541664,34105,office,True,True
51325249,52.333333333333336,16.555555555555557,50.5,18.333333333333332,1.4618142699482914,0.05144676541867624,137.72222222222223,132.368744,34.4541664,34105,office,True,True
51325252,52.916666666666664,102.08333333333333,16.416666666666668,95.25,-2.536557868758102,1.6885609622031519,266.6666666666667,132.28125,34.4625015,34108,leisure,True,True
51325256,109.66666666666667,127.0,36.166666666666664,132.16666666666666,-1.869625823259499,1.6003925412907625,405.0,132.331253,34.4625015,34105,leisure,True,True
51325257,111.75,68.66666666666667,99.66666666666667,63.0,0.6617592499770325,0.16509184770636887,343.08333333333337,132.34375,34.4625015,34105,office,True,True
51325259,26.0,13.0,56.583333333333336,12.0,2.2373427628024194,-1.1218655453824835,107.58333333333334,132.368744,34.4625015,34105,office,True,True
51325262,32.166666666666664,16.6,21.545454545454547,15.0,0.5224210346524435,0.5781829062859621,85.31212121212121,132.28125,34.4708328,34108,mixed,True,True
51325267,172.33333333333334,125.91666666666667,205.25,126.91666666666667,0.6935006860116686,-0.2521804421840263,630.4166666666666,132.34375,34.4708328,34105,office,True,True
51325270,66.66666666666667,67.77777777777777,47.416666666666664,77.625,-0.7111271166350558,0.49157134746814285,259.4861111111111,132.256256,34.4791679,34108,residential,False,True
51325271,87.16666666666667,42.36363636363637,35.416666666666664,32.0,0.14635653030390783,1.2993481052218774,196.9469696969697,132.268753,34.4791679,34108,leisure,False,True
51325277,29.0,21.0,25.09090909090909,13.5,0.8942053359774033,0.20888815698670035,88.5909090909091,132.34375,34.4791679,34105,office,True,True
51325278,75.25,75.875,87.33333333333333,88.42857142857143,-0.017980176340366562,-0.21484082405659194,326.88690476190476,132.356247,34.4791679,34105,mixed,True,True
51325281,64.41666666666667,20.4,74.0,24.9,1.5713795284482313,-0.2000912624252585,183.71666666666667,132.268753,34.4874992,34108,office,False,True
51325282,51.5,25.8,50.36363636363637,19.0,1.4063830339683057,0.032189979771327135,146.66363636363639,132.28125,34.4874992,34108,office,False,True
51325288,107.58333333333333,90.83333333333333,71.33333333333333,111.25,-0.6411570401737694,0.5928062989060436,380.99999999999994,132.356247,34.4874992,34105,leisure,False,True
51325289,163.0,240.58333333333334,212.16666666666666,217.66666666666666,-0.03692247764507278,-0.3803260489491242,833.4166666666666,132.368744,34.4874992,34105,mixed,False,True
51325292,161.08333333333334,89.08333333333333,74.75,65.83333333333333,0.183255331854796,1.1076617472919745,390.74999999999994,132.28125,34.4958344,34108,leisure,False,True
51325293,129.33333333333334,160.58333333333334,94.66666666666667,157.66666666666666,-0.7359492538347131,0.4501657226824456,542.25,132.293747,34.4958344,34108,residential,False,True
51325298,195.08333333333334,39.27272727272727,80.83333333333333,13.285714285714286,2.605074547302906,1.271068282037523,328.4751082251082,132.356247,34.4958344,34105,office,False,True
51325299,89.16666666666667,60.36363636363637,63.083333333333336,45.8,0.461911296054994,0.49924559130277757,258.4136363636364,132.368744,34.4958344,34105,mixed,False,True
51325300,381.5,204.16666666666666,436.5,197.66666666666666,1.1429120498045926,-0.19429859679490957,1219.8333333333333,132.381256,34.4208336,34108,office,True,True
51325301,1663.5833333333333,1542.5833333333333,1447.3333333333333,1598.8333333333333,-0.14362233103126013,0.2008969112476726,6252.333333333333,132.393753,34.4208336,34108,mixed,True,True
51325302,1696.9166666666667,2472.5,1212.0833333333333,2645.1666666666665,-1.1258697359307968,0.4854268271702419,8026.666666666667,132.40625,34.4208336,34108,residential,True,True
51325303,137.91666666666666,69.91666666666667,86.16666666666667,65.08333333333333,0.40484173217295555,0.6785950313796453,359.0833333333333,132.418747,34.4208336,34104,leisure,True,True
51325304,107.83333333333333,88.16666666666667,127.0,101.83333333333333,0.3186186176745925,-0.23602528550081447,424.8333333333333,132.431244,34.4208336,34104,mixed,True,True
51325305,1423.0833333333333,1766.6666666666667,970.1666666666666,1806.9166666666667,-0.8972254551048449,0.5527156292348585,5966.833333333334,132.443756,34.4208336,34104,residential,True,True
51325306,7406.0,9721.666666666666,6313.083333333333,9769.833333333334,-0.6299891560682249,0.23034975456367907,33210.583333333336,132.456253,34.4208336,34104,residential,True,True
51325307,4102.166666666667,3724.6666666666665,3787.0,3783.75,0.0012386511695434415,0.115330686950581,15397.583333333334,132.46875,34.4208336,34102,mixed,True,True
51325308,1072.5,1702.5,630.6666666666666,1655.5833333333333,-1.3923900422658966,0.7660280597686691,5061.25,132.481247,34.4208336,34102,leisure,True,True
51325309,3285.5833333333335,4585.666666666667,2814.1666666666665,4654.333333333333,-0.7258667636446654,0.2234417606265773,15339.75,132.493744,34.4208336,34102,residential,True,True
51325310,39.583333333333336,19.272727272727273,53.25,16.555555555555557,1.6854661012059888,-0.4278884177286841,128.66161616161617,132.381256,34.4291649,34108,office,True,True
51325311,1074.1666666666667,736.9166666666666,894.0833333333334,701.0,0.35099486030891436,0.2647366482083196,3406.1666666666665,132.393753,34.4291649,34108,mixed,True,True
51325312,1764.25,2319.0833333333335,1875.5833333333333,2351.0833333333335,-0.3259863114617158,-0.08828435426978395,8310.0,132.40625,34.4291649,34108,mixed,True,True
51325313,72.66666666666667,28.272727272727273,72.0,41.583333333333336,0.791991496826208,0.013296822613457873,214.52272727272728,132.418747,34.4291649,34105,office,True,True
51325314,179.0,142.5,177.0,135.08333333333334,0.38989967528661196,0.016210227181258835,633.5833333333334,132.431244,34.4291649,34105,mixed,True,True
51325315,1272.0,1798.25,1184.4166666666667,1772.5833333333333,-0.5816767567299796,0.10292197378834492,6027.25,132.443756,34.4291649,34105,mixed,True,True
51325316,8262.083333333334,10821.75,6643.25,10998.333333333334,-0.7273238047159887,0.31461640442992944,36725.41666666667,132.456253,34.4291649,34105,residential,True,True
51325317,6249.0,7376.666666666667,5866.916666666667,7564.0,-0.36654686308691314,0.09102283989895461,27056.583333333336,132.46875,34.4291649,34105,mixed,True,True
51325318,2712.8333333333335,4284.416666666667,2258.6666666666665,4255.5,-0.9138572773844728,0.26432904242884303,13511.416666666668,132.481247,34.4291649,34102,residential,True,True
51325319,3964.3333333333335,5378.75,3194.8333333333335,5323.5,-0.7366344038679931,0.3113376026065608,17861.416666666668,132.493744,34.4291649,34102,residential,True,True
51325320,1360.1666666666667,1640.0,1889.0833333333333,1623.75,0.21835681921615516,-0.47390290338334395,6513.0,132.381256,34.4375,34108,mixed,True,True
51325321,4267.416666666667,830.5,1003.3333333333334,562.3333333333334,0.8353035133594986,2.088561994578977,6663.583333333334,132.393753,34.4375,34105,office,True,True
51325322,2799.0,945.5,4177.833333333333,1049.5833333333333,1.992938223756525,-0.5778434530840574,8971.916666666666,132.40625,34.4375,34105,office,True,True
51325323,849.5,422.6666666666667,2959.75,591.75,2.3224156153924285,-1.8007894689428228,4823.666666666667,132.418747,34.4375,34105,office,True,True
51325324,272.3333333333333,330.5,247.33333333333334,276.4166666666667,-0.16038792016721898,0.13891689152488004,1126.5833333333333,132.431244,34.4375,34105,mixed,True,True
51325325,3044.8333333333335,4503.666666666667,2151.1666666666665,4433.5,-1.0433267702664868,0.5012439554622627,14133.166666666668,132.443756,34.4375,34105,residential,True,True
51325326,9380.416666666666,11497.5,8788.0,11697.583333333334,-0.412603731589603,0.0941171371567471,41363.5,132.456253,34.4375,34105,mixed,True,True
51325327,10634.166666666666,12474.25,9410.583333333334,13010.416666666666,-0.4673111068996836,0.1763509236137399,45529.416666666664,132.46875,34.4375,34105,mixed,True,True
51325328,5516.583333333333,7175.166666666667,4406.0,7008.833333333333,-0.6697048230499065,0.3243055230188534,24106.583333333332,132.481247,34.4375,34102,residential,True,True
51325329,2233.4166666666665,3363.9166666666665,1678.5,3356.6666666666665,-0.9998567404754405,0.4120798887139998,10632.499999999998,132.493744,34.4375,34102,residential,True,True
51325330,4068.75,3869.9166666666665,3667.5,3746.1666666666665,-0.030618120501465486,0.14978867237960808,15352.333333333332,132.381256,34.4458351,34105,mixed,True,True
51325331,5598.416666666667,5452.916666666667,4485.166666666667,5517.416666666667,-0.2988313386511052,0.3198572686421023,21053.916666666668,132.393753,34.4458351,34105,mixed,True,True
51325332,1291.1666666666667,793.3333333333334,1276.6666666666667,868.9166666666666,0.5550921641117664,0.016293347522732676,4230.083333333333,132.40625,34.4458351,34105,mixed,True,True
51325333,13.75,16.0,11.0,15.5,-0.4947646917495779,0.32192809488736235,56.25,132.418747,34.4458351,34105,mixed,True,True
51325334,1548.4166666666667,2770.0833333333335,791.0833333333334,2701.75,-1.7719926020578456,0.9688921591059918,7811.333333333334,132.431244,34.4458351,34105,leisure,True,True
51325335,1951.0833333333333,2842.5833333333335,1273.9166666666667,2723.4166666666665,-1.0961468163892143,0.6150044919638709,8791.0,132.443756,34.4458351,34105,leisure,True,True
51325336,8771.166666666666,4027.1666666666665,6366.333333333333,3906.4166666666665,0.7046168583407003,0.46230605389052887,23071.083333333332,132.456253,34.4458351,34105,office,True,True
51325337,9880.416666666666,10941.75,7674.666666666667,10898.666666666666,-0.5059756512803608,0.3644677915721856,39395.5,132.46875,34.4458351,34105,mixed,True,True
51325338,8742.5,12488.583333333334,5427.5,12313.5,-1.1818811670592022,0.6877580700825718,38972.083333333336,132.481247,34.4458351,34105,leisure,True,True
51325339,469.5833333333333,636.0,455.9166666666667,683.0,-0.5831154286286668,0.042611054677003546,2244.5,132.493744,34.4458351,34106,mixed,True,True
51325340,3193.5,3444.3333333333335,4272.833333333333,3323.25,0.362598216629892,-0.4200545936635436,14233.916666666666,132.381256,34.4541664,34105,mixed,True,True
51325341,2826.5833333333335,4040.1666666666665,2094.5833333333335,3877.1666666666665,-0.8883394699461838,0.43239594795782477,12838.5,132.393753,34.4541664,34105,residential,True,True
51325342,1965.3333333333333,2584.5,1668.25,2562.4166666666665,-0.6191695830923615,0.23643851986089628,8780.5,132.40625,34.4541664,34105,residential,True,True
51325343,812.9166666666666,1073.25,509.1666666666667,1011.3333333333334,-0.9900487055409417,0.6749694927902966,3406.6666666666665,132.418747,34.4541664,34105,leisure,True,True
51325346,727.5,879.0,672.1666666666666,931.75,-0.47112391404413,0.11412824811092626,3210.4166666666665,132.456253,34.4541664,34105,mixed,True,True
51325347,8161.0,10065.5,7131.0,10314.666666666666,-0.532520890092094,0.19464153822561991,35672.166666666664,132.46875,34.4541664,34105,mixed,True,True
51325348,9198.083333333334,11389.416666666666,6989.0,11336.25,-0.6977855278786919,0.39624722169451687,38912.75,132.481247,34.4541664,34105,residential,True,True
51325349,3017.4166666666665,3778.9166666666665,2860.1666666666665,3610.1666666666665,-0.3359662243025389,0.07721471029050402,13266.666666666666,132.493744,34.4541664,34106,mixed,True,True
51325350,538.9166666666666,410.0,763.5,407.1666666666667,0.9070086992507511,-0.5025659524701309,2119.5833333333335,132.381256,34.4625015,34105,office,True,True
51325351,355.5833333333333,264.25,476.0,268.0,0.8287285728501711,-0.4207738688279883,1363.8333333333333,132.393753,34.4625015,34105,office,True,True
51325352,2718.6666666666665,2979.3333333333335,2553.9166666666665,3154.3333333333335,-0.3046236733818949,0.09018782341736838,11406.25,132.40625,34.4625015,34105,mixed,True,True
51325353,3890.8333333333335,4657.583333333333,3266.0,4577.416666666667,-0.48700883063778394,0.25255439184670053,16391.833333333332,132.418747,34.4625015,34105,mixed,True,True
51325354,603.25,773.0,643.8333333333334,877.3333333333334,-0.44643781150331013,-0.09393126129502385,2897.416666666667,132.431244,34.4625015,34105,mixed,True,True
51325355,1357.1666666666667,1792.1666666666667,792.8333333333334,1621.6666666666667,-1.0323877797060192,0.7755083770240652,5563.833333333334,132.443756,34.4625015,34105,leisure,True,True
51325356,846.1666666666666,1294.5,660.0833333333334,1255.6666666666667,-0.9277334560145971,0.3582936827968269,4056.4166666666665,132.456253,34.4625015,34105,residential,True,True
51325357,9610.5,11102.833333333334,8072.25,11195.666666666666,-0.4718976777451045,0.2516406353896782,39981.25,132.46875,34.4625015,34105,mixed,True,True
51325358,9141.916666666666,9542.166666666666,6948.166666666667,9318.833333333334,-0.42351698810704047,0.3958643074894897,34951.08333333333,132.481247,34.4625015,34105,mixed,True,True
51325359,5403.083333333333,6682.25,4211.0,6907.666666666667,-0.7140355909803012,0.3596200577371844,23204.0,132.493744,34.4625015,34106,residential,True,True
51325360,256.5,59.75,322.0833333333333,104.08333333333333,1.6296949372042524,-0.3284751824839995,742.4166666666666,132.381256,34.4708328,34105,office,True,True
51325361,274.5,60.833333333333336,430.9166666666667,78.58333333333333,2.4551136288082924,-0.6506027497570341,844.8333333333334,132.393753,34.4708328,34105,office,True,True
51325362,317.9166666666667,391.0833333333333,381.1666666666667,408.8333333333333,-0.10109086814592931,-0.26177330868977977,1499.0,132.40625,34.4708328,34105,mixed,True,True
51325363,3752.5833333333335,4462.083333333333,3304.6666666666665,4422.0,-0.4201942670670555,0.18337935193391613,15941.333333333332,132.418747,34.4708328,34105,mixed,True,True
51325364,5494.833333333333,5979.25,4418.666666666667,5817.416666666667,-0.3967675376217521,0.31446462086131327,21710.166666666668,132.431244,34.4708328,34105,mixed,True,True
51325365,3683.25,4558.583333333333,2996.0833333333335,4446.416666666667,-0.5695653957626533,0.29790157164905084,15684.333333333332,132.443756,34.4708328,34105,mixed,True,True
51325366,6418.75,5995.75,4835.333333333333,5668.416666666667,-0.22933046173516008,0.40867702324459226,22918.25,132.456253,34.4708328,34105,mixed,True,True
51325367,4569.916666666667,4353.25,3748.5,4305.25,-0.1997836132436175,0.2858544555483176,16976.916666666668,132.46875,34.4708328,34105,mixed,True,True
51325368,10081.666666666666,8759.416666666666,6801.75,8399.333333333334,-0.3043688433331701,0.5677562744455017,34042.166666666664,132.481247,34.4708328,34105,mixed,True,True
51325369,3150.8333333333335,3606.5,2051.1666666666665,3323.75,-0.6963671499363533,0.6192887213447638,12132.25,132.493744,34.4708328,34105,leisure,True,True
51325371,429.9166666666667,232.83333333333334,582.5833333333334,257.4166666666667,1.1783589640133671,-0.438407388488331,1502.75,132.393753,34.4791679,34105,office,True,True
51325372,602.8333333333334,1079.0,730.0,1114.0,-0.6097808635726522,-0.2761372718327614,3525.8333333333335,132.40625,34.4791679,34105,residential,True,True
51325373,391.0,763.3333333333334,333.4166666666667,815.5833333333334,-1.2905060709414868,0.22984238468290652,2303.3333333333335,132.418747,34.4791679,34105,residential,True,True
51325374,2181.9166666666665,4046.0,1625.5833333333333,3930.5833333333335,-1.2737859213420932,0.4246384865291745,11784.083333333334,132.431244,34.4791679,34105,residential,True,True
51325375,4686.0,6269.666666666667,3977.5,6231.083333333333,-0.6476210808078023,0.23649502364472536,21164.25,132.443756,34.4791679,34105,residential,True,True
51325376,4423.0,5091.916666666667,5627.916666666667,5296.916666666667,0.08744815482415813,-0.34757572431285677,20439.75,132.456253,34.4791679,34105,mixed,True,True
51325377,2008.0833333333333,2899.5833333333335,1385.75,2771.0833333333335,-0.9997830892568739,0.5351521332236131,9064.5,132.46875,34.4791679,34105,residential,True,True
51325378,707.9166666666666,1106.1666666666667,558.0833333333334,1163.5,-1.0599187434143496,0.34309897935942757,3535.666666666667,132.481247,34.4791679,34105,residential,True,True
51325379,8090.666666666667,4376.5,6409.166666666667,4209.25,0.6065735885783191,0.33612179807020887,23085.583333333336,132.493744,34.4791679,34105,office,True,True
51325381,455.0833333333333,525.3333333333334,700.3333333333334,626.5,0.16072724663002924,-0.6219110051987822,2307.25,132.393753,34.4874992,34106,mixed,False,True
51325382,753.3333333333334,1376.25,494.5833333333333,1207.1666666666667,-1.2873393454340583,0.6070747427732811,3831.3333333333335,132.40625,34.4874992,34105,leisure,False,True
51325385,619.4166666666666,683.0,409.6666666666667,616.3333333333334,-0.5892603090315341,0.596459692305728,2328.4166666666665,132.443756,34.4874992,34105,leisure,False,True
51325386,1748.1666666666667,2581.0,1316.5,2450.25,-0.8962214341131564,0.4091352136325384,8095.916666666667,132.456253,34.4874992,34105,residential,False,True
51325387,435.5,292.9166666666667,204.0,247.16666666666666,-0.27691503976197873,1.094103566627369,1179.5833333333333,132.46875,34.4874992,34106,leisure,False,True
51325389,1211.0833333333333,1681.8333333333333,970.25,1669.5,-0.7829876602776676,0.31986970560861955,5532.666666666666,132.493744,34.4874992,34105,residential,False,True
51325390,83.5,55.18181818181818,58.0,49.416666666666664,0.23105520130272472,0.5257232973464802,246.09848484848484,132.381256,34.4958344,34105,mixed,False,True
51325391,583.6666666666666,582.4166666666666,1053.4166666666667,628.25,0.7456655192138615,-0.8518596073821153,2847.75,132.393753,34.4958344,34106,office,False,True
51325392,216.91666666666666,175.41666666666666,231.08333333333334,153.16666666666666,0.5933108497504443,-0.09127230463536656,776.5833333333333,132.40625,34.4958344,34106,office,False,True
51325395,1076.5,89.91666666666667,257.4166666666667,62.083333333333336,2.051827540278114,2.064170949260752,1485.9166666666667,132.443756,34.4958344,34106,office,False,True
51325396,104.25,128.0,23.5,121.41666666666667,-2.3692338096657193,2.149314721767026,377.1666666666667,132.456253,34.4958344,34106,leisure,False,True
51325397,181.91666666666666,63.75,111.91666666666667,56.5,0.9861021262910985,0.7008528255633486,414.08333333333337,132.46875,34.4958344,34106,office,False,True
51325400,1971.9166666666667,3147.5833333333335,1589.3333333333333,3038.25,-0.9348188506665874,0.31117684953393737,9747.083333333334,132.506256,34.4208336,34102,residential,True,True
51325401,1385.1666666666667,1888.0,1259.0833333333333,1885.25,-0.5823820776488101,0.13768580331818459,6417.5,132.518753,34.4208336,34102,mixed,True,True
51325405,52.583333333333336,25.77777777777778,18.5,25.0,-0.4344028241457749,1.507080328632443,121.86111111111111,132.568756,34.4208336,34107,leisure,True,True
51325406,94.91666666666667,120.91666666666667,97.25,135.16666666666666,-0.4749692585099248,-0.03503681399923619,448.25,132.581253,34.4208336,34107,mixed,True,True
51325407,2653.9166666666665,3544.8333333333335,2211.25,3531.9166666666665,-0.6755891609978701,0.26326092768903603,11941.916666666666,132.59375,34.4208336,34107,residential,True,True
51325408,927.5,1463.0833333333333,770.9166666666666,1416.5833333333333,-0.877768650109705,0.26677236333688026,4578.083333333333,132.606247,34.4208336,34107,residential,True,True
51325409,749.5833333333334,827.1666666666666,746.6666666666666,767.6666666666666,-0.0400156788478791,0.005624549193878107,3091.083333333333,132.618744,34.4208336,34107,mixed,True,True
51325410,68.58333333333333,85.5,46.0,61.0,-0.4071753815058735,0.5762241636434565,261.0833333333333,132.506256,34.4291649,34102,mixed,True,True
51325411,1011.25,1244.3333333333333,796.5833333333334,1179.8333333333333,-0.5666858746407347,0.34424250258679845,4232.0,132.518753,34.4291649,34102,mixed,True,True
51325412,102.0,56.0,83.83333333333333,50.333333333333336,0.736009850480448,0.28297325288712466,292.16666666666663,132.53125,34.4291649,34102,office,True,True
51325415,14.75,16.2,13.0,21.0,-0.6918777046376681,0.18220333122074905,64.95,132.568756,34.4291649,34107,residential,True,True
51325416,1033.0833333333333,1677.9166666666667,703.1666666666666,1668.6666666666667,-1.2467572034689811,0.5550180465901674,5082.833333333334,132.581253,34.4291649,34107,residential,True,True
51325417,3065.5,4881.833333333333,1803.5833333333333,4861.5,-1.4305354379746034,0.765256321244374,14612.416666666664,132.59375,34.4291649,34107,leisure,True,True
51325418,176.75,310.25,71.75,281.9166666666667,-1.9742180343971443,1.300659478133711,840.6666666666667,132.606247,34.4291649,34107,leisure,True,True
51325419,192.0,137.75,311.0833333333333,170.08333333333334,0.8710593262703504,-0.6961947918607573,810.9166666666666,132.618744,34.4291649,34107,office,True,True
51325420,27.3,23.714285714285715,19.0,10.0,0.925999418556223,0.5229015325889046,80.0142857142857,132.506256,34.4375,34102,office,True,True
51325421,31.416666666666668,36.3,21.75,35.75,-0.716927840929661,0.5305147166987798,125.21666666666667,132.518753,34.4375,34102,residential,True,True
51325422,1990.4166666666667,2563.4166666666665,1672.0,2408.8333333333335,-0.5267597298472505,0.251495623556589,8634.666666666666,132.53125,34.4375,34102,mixed,True,True
51325423,260.9166666666667,419.1666666666667,239.66666666666666,420.8333333333333,-0.8122197120872218,0.12255983269937235,1340.5833333333335,132.543747,34.4375,34102,residential,True,True
51325424,129.25,16.0,18.7,16.0,0.22496636500027425,2.7890541053146602,179.95,132.556244,34.4375,34102,leisure,True,True
51325426,695.0,1124.8333333333333,475.25,1108.4166666666667,-1.2217417771398116,0.5483263509623179,3403.5,132.581253,34.4375,34107,residential,True,True
51325427,516.6666666666666,721.0833333333334,323.0,678.6666666666666,-1.071168990660614,0.6776996447465187,2239.4166666666665,132.59375,34.4375,34107,leisure,True,True
51325432,1180.0833333333333,1635.1666666666667,1086.25,1675.9166666666667,-0.6255942371672093,0.11953256419296816,5577.416666666667,132.53125,34.4458351,34102,residential,True,True
51325433,1016.1666666666666,1052.0833333333333,934.8333333333334,950.75,-0.024356856669962307,0.12035596297468351,3953.833333333333,132.543747,34.4458351,34102,mixed,True,True
51325434,22.9,14.5,23.833333333333332,14.0,0.7675539139996291,-0.057633142847651586,75.23333333333332,132.556244,34.4458351,34102,office,True,True
51325437,48.375,89.625,59.5,80.11111111111111,-0.4291126844905666,-0.2986280071635332,277.6111111111111,132.59375,34.4458351,34107,mixed,True,True
51325438,15.0,18.0,10.5,18.833333333333332,-0.842899038915271,0.5145731728297582,62.33333333333333,132.606247,34.4458351,34107,residential,True,True
51325440,486.6666666666667,712.4166666666666,405.4166666666667,703.0,-0.7941192901252174,0.26352856409890574,2307.5,132.506256,34.4541664,34106,residential,True,True
51325442,114.91666666666667,131.33333333333334,79.0,128.25,-0.6990342674299512,0.5406634926157213,453.5,132.53125,34.4541664,34102,residential,True,True
51325443,2057.5,2321.25,1954.25,2315.8333333333335,-0.24491639093297554,0.07427739287519552,8648.833333333334,132.543747,34.4541664,34102,mixed,True,True
51325444,1390.1666666666667,1909.8333333333333,992.4166666666666,1852.9166666666667,-0.9007801296579083,0.48623998839798144,6145.333333333333,132.556244,34.4541664,34102,residential,True,True
51325445,19.166666666666668,10.0,14.909090909090908,10.0,0.576192291093424,0.3624071642424327,54.07575757575758,132.568756,34.4541664,34106,mixed,True,True
51325448,13.0,15.666666666666666,61.0,26.0,1.2302976194217943,-2.230297619421794,115.66666666666667,132.606247,34.4541664,34107,office,True,True
51325449,326.5833333333333,222.91666666666666,369.1666666666667,165.08333333333334,1.1610778185528943,-0.17682112584017123,1083.75,132.618744,34.4541664,34212,office,True,False
51325450,5430.416666666667,7749.333333333333,4176.166666666667,7513.333333333333,-0.8472738200924473,0.3788836082379249,24869.25,132.506256,34.4625015,34106,residential,True,True
51325451,1182.3333333333333,1587.1666666666667,688.5833333333334,1425.4166666666667,-1.0496805312296835,0.7799336625096099,4883.5,132.518753,34.4625015,34106,leisure,True,True
51325452,26.833333333333332,17.0,30.25,17.8,0.765057901195559,-0.17290885988113378,91.88333333333333,132.53125,34.4625015,34106,office,True,True
51325453,25.916666666666668,23.09090909090909,20.083333333333332,29.22222222222222,-0.5410671523411846,0.367881433900641,98.31313131313132,132.543747,34.4625015,34106,mixed,True,True
51325454,472.0,345.25,587.5833333333334,301.1666666666667,0.9642313743914387,-0.31600661517304096,1706.0,132.556244,34.4625015,34106,office,True,True
51325455,465.3333333333333,273.4166666666667,483.1666666666667,248.83333333333334,0.9573411679268556,-0.05425639185174471,1470.75,132.568756,34.4625015,34106,office,True,True
51325456,209.08333333333334,87.0,151.5,65.58333333333333,1.2079166586866208,0.46476027121506563,513.1666666666666,132.581253,34.4625015,34106,office,True,True
51325457,118.41666666666667,49.833333333333336,92.58333333333333,30.545454545454547,1.5997947965264725,0.3550477378536884,291.3787878787879,132.59375,34.4625015,34106,office,True,True
51325458,74.25,28.0,51.833333333333336,18.0,1.5258832679671341,0.5185108513913195,172.08333333333334,132.606247,34.4625015,34212,office,True,False
51325459,256.5,185.08333333333334,253.83333333333334,134.0,0.9216485353083637,0.015077289840917826,829.4166666666667,132.618744,34.4625015,34212,office,True,False
51325460,5984.583333333333,8113.5,5031.75,8012.333333333333,-0.6711621977508883,0.2501905610100333,27142.166666666664,132.506256,34.4708328,34106,residential,True,True
51325461,3082.6666666666665,4426.083333333333,2701.0,4161.75,-0.6236966638633209,0.19068525727055546,14371.5,132.518753,34.4708328,34106,residential,True,True
51325462,1986.75,2692.25,2255.3333333333335,2617.75,-0.21498664738799986,-0.18293033198205372,9552.083333333334,132.53125,34.4708328,34106,mixed,True,True
51325463,161.66666666666666,69.27272727272727,217.91666666666666,43.333333333333336,2.330227418105849,-0.43075429405981375,492.1893939393939,132.543747,34.4708328,34106,office,True,True
51325464,1031.5,844.0833333333334,1367.5,875.75,0.6429498448778561,-0.4067970117934342,4118.833333333333,132.556244,34.4708328,34106,office,True,True
51325465,83.91666666666667,79.625,233.16666666666666,62.583333333333336,1.8975111496504815,-1.4743322791579685,459.2916666666667,132.568756,34.4708328,34106,office,True,True
51325466,27.7,81.16666666666667,22.5,71.83333333333333,-1.6747284620382672,0.2999609748321512,203.2,132.581253,34.4708328,34106,residential,True,True
51325467,100.16666666666667,45.166666666666664,61.0,23.272727272727273,1.3901689562001835,0.7155213424271432,229.6060606060606,132.59375,34.4708328,34106,office,True,True
51325470,2944.25,4081.1666666666665,2412.75,4064.25,-0.7523107111332906,0.2872217409491357,13502.416666666666,132.506256,34.4791679,34106,residential,True,True
51325471,5812.666666666667,6681.25,4637.916666666667,6660.083333333333,-0.5220633308167156,0.3257232800080604,23791.916666666668,132.518753,34.4791679,34106,mixed,True,True
51325472,3450.75,3357.5,2837.1666666666665,3403.9166666666665,-0.2627448151159182,0.282459054307933,13049.333333333332,132.53125,34.4791679,34106,mixed,True,True
51325473,1068.0,1193.9166666666667,1448.0833333333333,1190.25,0.28287999916731754,-0.43923298103610187,4900.25,132.543747,34.4791679,34106,mixed,True,True
51325474,381.6666666666667,290.8333333333333,640.25,292.3333333333333,1.1310210058738914,-0.7463221553343181,1605.0833333333333,132.556244,34.4791679,34106,office,True,True
51325475,390.5,113.16666666666667,796.1666666666666,150.33333333333334,2.404905538215884,-1.0277479226081299,1450.1666666666667,132.568756,34.4791679,34106,office,True,True
51325476,243.91666666666666,384.0,210.0,400.5833333333333,-0.9317130697506167,0.21599901202147156,1238.5,132.581253,34.4791679,34106,residential,True,True
51325478,26.88888888888889,17.2,28.818181818181817,16.375,0.8154844099646597,-0.09996917566982766,89.2820707070707,132.606247,34.4791679,34106,office,True,True
51325479,14.0,10.0,16.0,15.0,0.09310940439148145,-0.19264507794239588,55.0,132.618744,34.4791679,34212,mixed,True,False
51325480,2521.3333333333335,3480.9166666666665,1833.0833333333333,3400.1666666666665,-0.8913330916153384,0.45991448920702316,11235.5,132.506256,34.4874992,34105,residential,False,True
51325481,4626.75,6379.833333333333,3207.75,6403.75,-0.9973552787444363,0.5284374390541904,20618.083333333332,132.518753,34.4874992,34106,residential,False,True
51325482,1374.0833333333333,2133.6666666666665,913.6666666666666,2133.3333333333335,-1.2233695769489497,0.5887296737593817,6554.75,132.53125,34.4874992,34106,leisure,False,True
51325483,45.583333333333336,72.08333333333333,19.0,76.25,-2.004737919006663,1.262507008627815,212.91666666666669,132.543747,34.4874992,34106,leisure,False,True
51325485,14.0,64.5,20.2,60.5,-1.5825798494101622,-0.5289284658068282,159.2,132.568756,34.4874992,34106,residential,False,True
51325486,375.25,699.3333333333334,234.58333333333334,689.0,-1.5544034664578557,0.6777515553742527,1998.166666666667,132.581253,34.4874992,34106,leisure,False,True
51325490,783.6666666666666,876.0,788.1666666666666,926.0833333333334,-0.2326412838490653,-0.008260602804783104,3373.9166666666665,132.506256,34.4958344,34105,mixed,False,True
51325491,2697.4166666666665,2781.0,1894.0,2722.6666666666665,-0.5235840346882602,0.5101420593263394,10095.083333333332,132.518753,34.4958344,34106,mixed,False,True
51325492,53.77777777777778,74.77777777777777,44.888888888888886,82.8,-0.8832723813024806,0.2606517545228,256.2444444444444,132.53125,34.4958344,34106,residential,False,True
51325496,253.16666666666666,239.83333333333334,141.25,219.5,-0.6359700722328082,0.8418365964783772,853.75,132.581253,34.4958344,34106,leisure,False,True
51325497,103.41666666666667,66.27272727272727,113.75,71.83333333333333,0.6631411767181167,-0.13739783567685818,355.27272727272725,132.59375,34.4958344,34106,office,False,True
51325500,255.33333333333334,318.25,123.33333333333333,319.3333333333333,-1.372500385219868,1.049819121408645,1016.25,132.631256,34.4208336,34107,leisure,False,True
51325504,231.16666666666666,329.25,139.5,317.25,-1.1853550420119183,0.7286682597732589,1017.1666666666666,132.681244,34.4208336,34212,leisure,False,False
51325505,618.3333333333334,585.4166666666666,936.75,607.25,0.6253734876932484,-0.5992792915421041,2747.75,132.693756,34.4208336,34212,office,False,False
51325506,497.5,577.25,363.3333333333333,555.9166666666666,-0.6135749063032572,0.45340279648787885,1994.0,132.706253,34.4208336,34212,residential,False,False
51325507,1211.3333333333333,1297.1666666666667,1181.5,1357.0833333333333,-0.1998896845882626,0.03597628953911278,5047.083333333333,132.71875,34.4208336,34212,mixed,False,False
51325508,6276.5,8064.0,4632.25,8400.666666666666,-0.8587907060635073,0.43824716830030924,27373.416666666664,132.731247,34.4208336,34212,residential,False,False
51325509,10820.083333333334,11935.5,8522.166666666666,12195.833333333334,-0.5170961684492897,0.3444194389880033,43473.583333333336,132.743744,34.4208336,34212,mixed,False,False
51325510,364.1666666666667,130.66666666666666,227.83333333333334,112.41666666666667,1.0191228946577926,0.6766200367819007,835.0833333333334,132.631256,34.4291649,34107,office,False,True
51325511,119.75,21.5,16.75,10.0,0.7441610955704101,2.837792655278408,168.0,132.643753,34.4291649,34107,office,False,True
51325515,840.0833333333334,1134.0,797.5833333333334,1122.3333333333333,-0.4927940524970768,0.07489718246577413,3894.0,132.693756,34.4291649,34212,mixed,False,False
51325516,540.0,594.5,472.75,649.0,-0.45714102004937696,0.19188194910106934,2256.25,132.706253,34.4291649,34212,mixed,False,False
51325517,1669.75,2329.6666666666665,1125.75,2322.4166666666665,-1.0447403528383217,0.5687456365408539,7447.583333333332,132.71875,34.4291649,34212,residential,False,False
51325518,7247.583333333333,8737.75,6917.916666666667,9047.0,-0.3871018363734803,0.06716238152478536,31950.25,132.731247,34.4291649,34212,mixed,False,False
51325519,11909.833333333334,11101.166666666666,11446.166666666666,11392.25,0.006811807776743372,0.05728870510011199,45849.416666666664,132.743744,34.4291649,34212,mixed,False,False
51325520,80.08333333333333,35.54545454545455,108.0,28.166666666666668,1.9389705666024404,-0.4314573821108745,251.79545454545456,132.631256,34.4375,34107,office,False,True
51325521,176.5,65.75,154.16666666666666,59.833333333333336,1.365469521580623,0.19517731858866208,456.25,132.643753,34.4375,34107,office,False,True
51325522,59.833333333333336,47.0,57.333333333333336,57.0,0.008412239816200002,0.061575279120953515,221.16666666666669,132.65625,34.4375,34107,mixed,False,True
51325524,33.416666666666664,17.75,27.583333333333332,23.25,0.24656609497803011,0.2767710196477026,102.0,132.681244,34.4375,34212,mixed,False,False
51325525,1585.6666666666667,2144.0,1192.9166666666667,2142.6666666666665,-0.8449141637883782,0.41059626007573924,7065.25,132.693756,34.4375,34212,residential,False,False
51325526,1046.75,1412.9166666666667,732.8333333333334,1390.8333333333333,-0.9243925170373138,0.5143598862488111,4583.333333333333,132.706253,34.4375,34212,residential,False,False
51325527,2788.6666666666665,2421.8333333333335,2368.0,2401.6666666666665,-0.02036684871200383,0.2359064162939291,9980.166666666666,132.71875,34.4375,34212,mixed,False,False
51325528,2457.1666666666665,3643.25,1705.8333333333333,3711.5833333333335,-1.121558064402982,0.526519020764981,11517.833333333334,132.731247,34.4375,34212,residential,False,False
51325529,1377.5,2109.9166666666665,819.4166666666666,2132.0833333333335,-1.379594685340188,0.74938317662246,6438.916666666666,132.743744,34.4375,34212,leisure,False,False
51325531,43.083333333333336,16.2,17.75,17.333333333333332,0.03426990208474628,1.2793108500890964,94.36666666666666,132.643753,34.4458351,34212,leisure,False,False
51325532,234.0,100.91666666666667,289.9166666666667,90.5,1.6796485758155288,-0.30912974331532966,715.3333333333334,132.65625,34.4458351,34212,office,False,False
51325533,396.0833333333333,273.1666666666667,749.0,297.6666666666667,1.3312680440586844,-0.9191617228775714,1715.9166666666667,132.668747,34.4458351,34212,office,False,False
51325534,2082.0,2338.0833333333335,2000.6666666666667,2251.0833333333335,-0.17013864700057021,0.05748925042228503,8671.833333333334,132.681244,34.4458351,34212,mixed,False,False
51325535,1332.6666666666667,1409.3333333333333,1476.75,1546.6666666666667,-0.06673669267106852,-0.14810964059923845,5765.416666666667,132.693756,34.4458351,34212,mixed,False,False
51325536,3567.9166666666665,3855.9166666666665,3648.75,4260.75,-0.2237050979732167,-0.03232038609453018,15333.333333333332,132.706253,34.4458351,34212,mixed,False,False
51325537,2084.5833333333335,1872.4166666666667,3338.9166666666665,2017.4166666666667,0.7268710053870827,-0.679621040289345,9313.333333333332,132.71875,34.4458351,34212,office,False,False
51325538,632.75,897.9166666666666,485.6666666666667,904.4166666666666,-0.8970211068717565,0.38166913076732767,2920.75,132.731247,34.4458351,34212,residential,False,False
51325539,301.3333333333333,135.83333333333334,159.91666666666666,72.5,1.1412674054592895,0.9140399662198075,669.5833333333334,132.743744,34.4458351,34212,office,False,False
51325540,222.16666666666666,115.75,256.75,97.58333333333333,1.3956576065381363,-0.20872190195037815,692.25,132.631256,34.4541664,34212,office,False,False
51325541,65.83333333333333,36.42857142857143,56.0,32.714285714285715,0.7755060560182643,0.23339142028570475,190.97619047619048,132.643753,34.4541664,34212,office,False,False
51325542,199.58333333333334,77.0,338.9166666666667,112.0,1.5974318526833728,-0.7639393348385903,727.5,132.65625,34.4541664,34212,office,False,False
51325543,61.833333333333336,28.333333333333332,75.58333333333333,23.8,1.667106571386785,-0.289683363907719,189.55,132.668747,34.4541664,34212,office,False,False
51325544,26.416666666666668,17.5,144.08333333333334,17.545454545454547,3.0377342342903426,-2.4473831235028745,205.54545454545453,132.681244,34.4541664,34212,office,False,False
51325545,808.8333333333334,1018.8333333333334,677.3333333333334,1078.5,-0.6710882751094442,0.2559764579920322,3583.5000000000005,132.693756,34.4541664,34212,residential,False,False
51325546,3334.0833333333335,3678.6666666666665,11972.333333333334,4686.416666666667,1.3531472177585908,-1.844342282828112,23671.5,132.706253,34.4541664,34212,office,False,False
51325547,1066.8333333333333,1467.0,824.4166666666666,1515.9166666666667,-0.8787448712507849,0.37188923162103676,4874.166666666667,132.71875,34.4541664,34212,residential,False,False
51325548,72.66666666666667,31.363636363636363,49.916666666666664,21.181818181818183,1.2366951660506462,0.5417721319881409,175.12878787878788,132.731247,34.4541664,34212,office,False,False
51325549,15.25,11.0,11.5,10.0,0.2016338611696504,0.4071753815058733,47.75,132.743744,34.4541664,34212,mixed,False,False
51325550,333.5,214.08333333333334,471.1666666666667,259.3333333333333,0.8614298228449836,-0.4985507159254342,1278.0833333333333,132.631256,34.4625015,34212,office,False,False
51325551,563.3333333333334,440.9166666666667,551.5833333333334,468.5,0.23552981708814266,0.03040997570106124,2024.3333333333335,132.643753,34.4625015,34212,mixed,False,False
51325552,849.5,540.9166666666666,1254.5833333333333,594.4166666666666,1.0776618293886218,-0.5625224497066631,3239.4166666666665,132.65625,34.4625015,34212,office,False,False
51325553,250.75,250.58333333333334,228.83333333333334,230.16666666666666,-0.008381694110950145,0.13195248118623612,960.3333333333334,132.668747,34.4625015,34212,mixed,False,False
51325554,14.444444444444445,13.0,24.5,11.0,1.1552782254779108,-0.7622670325290659,62.94444444444444,132.681244,34.4625015,34212,office,False,False
51325555,221.25,89.33333333333333,206.83333333333334,69.33333333333333,1.5768476819892645,0.09720874556115941,586.75,132.693756,34.4625015,34212,office,False,False
51325556,246.41666666666666,262.1666666666667,165.83333333333334,247.75,-0.579151032476633,0.5713658126893129,922.1666666666667,132.706253,34.4625015,34212,mixed,False,False
51325557,717.4166666666666,779.8333333333334,855.0,823.8333333333334,0.05357191935464338,-0.2531131583411714,3176.0833333333335,132.71875,34.4625015,34212,mixed,False,False
51325558,157.83333333333334,256.25,85.83333333333333,245.33333333333334,-1.5151333339864321,0.8787919933978044,745.25,132.731247,34.4625015,34212,leisure,False,False
51325560,310.3333333333333,303.9166666666667,528.4166666666666,391.6666666666667,0.43204962005321507,-0.7678573039467835,1534.3333333333333,132.631256,34.4708328,34212,mixed,False,False
51325561,320.3333333333333,259.75,240.75,256.1666666666667,-0.089546961126156,0.41203813220913477,1077.0,132.643753,34.4708328,34212,mixed,False,False
51325562,415.25,228.08333333333334,538.1666666666666,256.9166666666667,1.0667525515068055,-0.37407286693044844,1438.4166666666665,132.65625,34.4708328,34212,office,False,False
51325563,264.75,233.33333333333334,173.41666666666666,220.5,-0.34653609654334216,0.610388124978158,892.0,132.668747,34.4708328,34212,leisure,False,False
51325564,333.9166666666667,132.66666666666666,497.0,129.08333333333334,1.944943113493874,-0.5737577478526442,1092.6666666666667,132.681244,34.4708328,34212,office,False,False
51325565,15.25,18.0,16.555555555555557,13.4,0.30508242344943914,-0.11850618145696305,63.205555555555556,132.693756,34.4708328,34212,mixed,False,False
51325567,157.83333333333334,243.83333333333334,113.58333333333333,218.41666666666666,-0.943331791523208,0.4746507686631757,733.6666666666667,132.71875,34.4708328,34212,residential,False,False
51325568,61.25,78.0909090909091,54.25,89.5,-0.722264544819777,0.1750867065580914,283.0909090909091,132.731247,34.4708328,34212,residential,False,False
51325570,69.58333333333333,29.88888888888889,134.5,27.5,2.2901026490319643,-0.9507924759163657,261.47222222222223,132.631256,34.4791679,34212,office,False,False
51325571,196.58333333333334,164.58333333333334,342.3333333333333,199.58333333333334,0.7784105256946523,-0.8002607630787324,903.0833333333334,132.643753,34.4791679,34212,office,False,False
51325572,473.4166666666667,28.333333333333332,307.0,19.9,3.947398319713893,0.624871841550355,828.65,132.65625,34.4791679,34212,office,False,False
51325573,84.25,19.75,41.333333333333336,25.0,0.7253776198909944,1.0273709715161392,170.33333333333334,132.668747,34.4791679,34212,office,False,False
51325574,131.41666666666666,112.5,125.08333333333333,126.25,-0.013393816739624914,0.0712586831698219,495.25,132.681244,34.4791679,34212,mixed,False,False
51325575,176.91666666666666,165.66666666666666,143.08333333333334,160.41666666666666,-0.16496840646749175,0.30621433190324343,646.0833333333333,132.693756,34.4791679,34212,mixed,False,False
51325577,72.66666666666667,128.8181818181818,73.91666666666667,125.25,-0.7608389996153005,-0.024605969524137464,400.6515151515152,132.71875,34.4791679,34212,residential,False,False
51325578,109.5,154.41666666666666,107.16666666666667,183.5,-0.7759238262364214,0.031074632994382238,554.5833333333334,132.731247,34.4791679,34212,residential,False,False
51325579,201.41666666666666,267.8333333333333,172.5,258.5,-0.5835679186494032,0.22358670537889497,900.25,132.743744,34.4791679,34212,mixed,False,False
51325580,27.5,15.6,52.416666666666664,13.0,2.011513988017041,-0.9305939926334734,108.51666666666665,132.631256,34.4874992,34212,office,False,False
51325581,122.66666666666667,143.16666666666666,179.58333333333334,172.16666666666666,0.060847615111401264,-0.5499101979194475,617.5833333333334,132.643753,34.4874992,34212,mixed,False,False
51325582,38.0,25.142857142857142,23.666666666666668,17.25,0.4562601620053569,0.6831428946600595,104.05952380952381,132.65625,34.4874992,34212,leisure,False,False
51325583,30.75,22.428571428571427,16.333333333333332,12.0,0.44478484267289564,0.9127671619451879,81.51190476190476,132.668747,34.4874992,34212,leisure,False,False
51325584,213.91666666666666,219.91666666666666,160.5,292.5,-0.8658633273484636,0.41447559273195894,886.8333333333333,132.681244,34.4874992,34212,residential,False,False
51325589,37.666666666666664,76.5,34.0,75.2,-1.1451979155399357,0.14775362044369192,223.36666666666667,132.743744,34.4874992,34212,residential,False,False
51325592,65.58333333333333,64.0,49.0,56.833333333333336,-0.21395558418780805,0.42054748067112185,235.41666666666669,132.65625,34.4958344,34212,mixed,False,False
51325593,84.0,53.333333333333336,60.416666666666664,73.16666666666667,-0.27623994463306156,0.4754427385976197,270.9166666666667,132.668747,34.4958344,34212,mixed,False,False
51325594,127.25,195.25,66.33333333333333,202.16666666666666,-1.6077392145768616,0.9398597262532027,591.0,132.681244,34.4958344,34212,leisure,False,False
51325595,26.3,118.83333333333333,34.333333333333336,104.33333333333333,-1.6035183197493996,-0.3845471320571223,283.8,132.693756,34.4958344,34212,residential,False,False
51325596,35.75,42.125,25.636363636363637,75.0,-1.5486989567343847,0.47975160301689307,178.51136363636363,132.706253,34.4958344,34212,residential,False,False
51325600,2024.9166666666667,2541.25,1771.25,2468.75,-0.47901289503380917,0.19309468346603506,8806.166666666668,132.756256,34.4208336,34212,mixed,False,False
51325601,250.58333333333334,342.3333333333333,292.25,353.75,-0.27552712318758826,-0.22191256267880954,1238.9166666666667,132.768753,34.4208336,34212,mixed,False,False
51325604,18.0,15.0,19.75,12.5,0.6599245584023783,-0.13385574673479061,65.25,132.806244,34.4208336,34212,office,False,False
51325608,116.33333333333333,11.666666666666666,92.41666666666667,15.0,2.6231905538320355,0.33203957604794204,235.41666666666666,132.856247,34.4208336,34212,office,False,False
51325609,110.58333333333333,30.916666666666668,53.083333333333336,14.571428571428571,1.8651166416212528,1.0588030931138928,209.1547619047619,132.868744,34.4208336,34212,office,False,False
51325610,6128.916666666667,3299.6666666666665,4710.083333333333,3218.1666666666665,0.549513540809404,0.3798795039630148,17356.833333333336,132.756256,34.4291649,34212,mixed,False,False
51325611,35.666666666666664,75.11111111111111,16.875,67.5,-2.0,1.0796888886291598,195.15277777777777,132.768753,34.4291649,34212,leisure,False,False
51325613,58.666666666666664,28.272727272727273,38.75,30.0,0.3692338096657191,0.5983447126419035,155.68939393939394,132.793747,34.4291649,34212,leisure,False,False
51325614,240.83333333333334,94.58333333333333,171.91666666666666,68.83333333333333,1.3205301344670395,0.48632567150155653,576.1666666666667,132.806244,34.4291649,34212,office,False,False
51325615,214.58333333333334,71.08333333333333,146.66666666666666,45.833333333333336,1.6780719051126376,0.5489970034332835,478.1666666666667,132.818756,34.4291649,34212,office,False,False
51325616,1045.9166666666667,680.5833333333334,644.25,481.8333333333333,0.4190864291037264,0.6990753723452031,2852.5833333333335,132.831253,34.4291649,34212,leisure,False,False
51325617,955.5,857.25,612.75,720.5,-0.23369985130790788,0.6409572941106169,3146.0,132.84375,34.4291649,34212,leisure,False,False
51325618,333.0,105.16666666666667,212.91666666666666,65.16666666666667,1.7080827785176311,0.6452332919674347,716.2499999999999,132.856247,34.4291649,34212,office,False,False
51325619,415.25,243.83333333333334,306.8333333333333,204.75,0.5835917689877415,0.436524947333626,1170.6666666666665,132.868744,34.4291649,34212,mixed,False,False
51325620,1834.5833333333333,1439.9166666666667,1747.5,1435.8333333333333,0.2834041598716444,0.07015998284030067,6457.833333333333,132.756256,34.4375,34212,mixed,False,False
51325621,588.4166666666666,282.5,1178.4166666666667,317.9166666666667,1.8901291837194667,-1.0019397240141674,2367.25,132.768753,34.4375,34212,office,False,False
51325622,528.1666666666666,573.6666666666666,336.9166666666667,571.4166666666666,-0.7621513185941697,0.6486014561105388,2010.1666666666665,132.78125,34.4375,34212,leisure,False,False
51325623,1097.25,1580.1666666666667,917.5833333333334,1543.0,-0.7498269698186003,0.2579811781075085,5138.0,132.793747,34.4375,34212,residential,False,False
51325624,231.5,207.08333333333334,151.58333333333334,181.25,-0.2578698579719665,0.6109010563299061,771.4166666666667,132.806244,34.4375,34212,leisure,False,False
51325625,202.33333333333334,122.08333333333333,151.25,93.83333333333333,0.6887627208028835,0.41979887337256905,569.5,132.818756,34.4375,34212,office,False,False
51325626,434.4166666666667,708.6666666666666,306.4166666666667,702.75,-1.1975167778982028,0.5035846833927161,2152.25,132.831253,34.4375,34212,residential,False,False
51325627,732.8333333333334,894.1666666666666,549.5833333333334,906.5,-0.721968766326407,0.41514687307374,3083.0833333333335,132.84375,34.4375,34212,residential,False,False
51325628,151.41666666666666,39.833333333333336,114.91666666666667,36.416666666666664,1.6579172720133821,0.39793596272013526,342.5833333333333,132.856247,34.4375,34212,office,False,False
51325629,228.75,142.58333333333334,118.0,152.16666666666666,-0.36686549990122447,0.9549848838095636,641.5,132.868744,34.4375,34212,leisure,False,False
51325630,273.25,320.4166666666667,160.91666666666666,326.6666666666667,-1.0215054900519205,0.7639077374424107,1081.25,132.756256,34.4458351,34212,leisure,False,False
51325631,472.8333333333333,411.4166666666667,619.6666666666666,470.25,0.3980644206751302,-0.39016061964512255,1974.1666666666665,132.768753,34.4458351,34212,mixed,False,False
51325632,1455.8333333333333,1497.0,1213.6666666666667,1703.9166666666667,-0.48948253944226777,0.2624729623596068,5870.416666666667,132.78125,34.4458351,34212,mixed,False,False
51325633,1790.3333333333333,1934.1666666666667,1999.25,2244.25,-0.1667745071564944,-0.15923066712251394,7968.0,132.793747,34.4458351,34212,mixed,False,False
51325634,234.16666666666666,131.91666666666666,186.33333333333334,157.33333333333334,0.2440614234813489,0.3296499422650983,709.75,132.806244,34.4458351,34212,mixed,False,False
51325635,411.75,177.83333333333334,302.6666666666667,165.58333333333334,0.870172330041245,0.44403885315659597,1057.8333333333333,132.818756,34.4458351,34212,office,False,False
51325636,862.5833333333334,928.9166666666666,624.25,937.6666666666666,-0.5869512306653314,0.46653992471646566,3353.4166666666665,132.831253,34.4458351,34212,residential,False,False
51325637,92.75,103.75,60.333333333333336,90.25,-0.5809716405251217,0.620391990258754,347.08333333333337,132.84375,34.4458351,34212,leisure,False,False
51325638,177.08333333333334,202.91666666666666,153.41666666666666,164.75,-0.10282324437930157,0.20697321456252019,698.1666666666666,132.856247,34.4458351,34212,mixed,False,False
51325639,159.5,44.8,290.5,52.0,2.481954635263437,-0.8649817396396595,546.8,132.868744,34.4458351,34212,office,False,False
51325641,1747.5833333333333,2415.6666666666665,1454.1666666666667,2353.5833333333335,-0.6946663048387458,0.26516862140601377,7971.0,132.768753,34.4541664,34212,residential,False,False
51325642,1650.5833333333333,1660.75,1427.75,1538.4166666666667,-0.10770291293299226,0.20923259344015901,6277.5,132.78125,34.4541664,34212,mixed,False,False
51325643,2316.75,3051.9166666666665,1717.4166666666667,2858.5,-0.7350181926859282,0.43186227410096856,9944.583333333334,132.793747,34.4541664,34212,residential,False,False
51325644,356.0833333333333,373.5,228.83333333333334,330.9166666666667,-0.5321707353773677,0.6379176915340108,1289.3333333333333,132.806244,34.4541664,34212,leisure,False,False
51325645,1256.9166666666667,1796.9166666666667,848.1666666666666,1778.5,-1.0682412838058082,0.5674693119313025,5680.5,132.818756,34.4541664,34212,residential,False,False
51325646,86.33333333333333,135.41666666666666,105.58333333333333,129.0,-0.2889889470036009,-0.29039252145425554,456.33333333333326,132.831253,34.4541664,34212,mixed,False,False
51325647,102.83333333333333,142.5,150.58333333333334,146.0,0.04459373126342638,-0.5502541117151819,541.9166666666667,132.84375,34.4541664,34212,mixed,False,False
51325648,398.5,728.4166666666666,326.25,720.8333333333334,-1.1436878252330465,0.288601822533225,2174.0,132.856247,34.4541664,34212,residential,False,False
51325649,88.18181818181819,110.7,58.666666666666664,101.75,-0.794415866350106,0.5879402005210518,359.29848484848486,132.868744,34.4541664,34212,leisure,False,False
51325651,99.33333333333333,112.25,100.58333333333333,124.58333333333333,-0.308719808330446,-0.01804144029285989,436.75,132.768753,34.4625015,34212,mixed,False,False
51325652,624.4166666666666,650.1666666666666,1495.4166666666667,718.3333333333334,1.0578221487269794,-1.2599665665694328,3488.333333333333,132.78125,34.4625015,34212,office,False,False
51325653,2568.5,3818.4166666666665,1528.9166666666667,3736.25,-1.2890812169005914,0.7484162986820937,11652.083333333334,132.793747,34.4625015,34212,leisure,False,False
51325654,168.58333333333334,226.25,174.16666666666666,226.16666666666666,-0.3769177784506091,-0.04700662240996198,795.1666666666666,132.806244,34.4625015,34212,mixed,False,False
51325655,286.0,361.8333333333333,191.66666666666666,320.9166666666667,-0.7435992619652481,0.5774156916678082,1160.4166666666667,132.818756,34.4625015,34212,residential,False,False
51325656,259.1666666666667,61.916666666666664,770.6666666666666,105.83333333333333,2.8643129008411505,-1.5722268174827136,1197.5833333333335,132.831253,34.4625015,34212,office,False,False
51325657,106.75,188.75,217.91666666666666,184.91666666666666,0.2369012789372925,-1.0295404707926572,698.3333333333333,132.84375,34.4625015,34212,mixed,False,False
51325658,205.58333333333334,220.5,198.58333333333334,253.83333333333334,-0.3541369902970213,0.04997876410985205,878.5,132.856247,34.4625015,34212,mixed,False,False
51325660,17.444444444444443,14.0,45.25,11.0,2.040414268445908,-1.3751501396338908,87.69444444444444,132.756256,34.4708328,34212,office,False,False
51325661,45.333333333333336,44.0,34.833333333333336,46.09090909090909,-0.40401368700631657,0.38010370916945657,170.25757575757578,132.768753,34.4708328,34212,mixed,False,False
51325662,65.91666666666667,133.16666666666666,44.916666666666664,147.33333333333334,-1.7137610966389263,0.5533924217202865,391.33333333333337,132.78125,34.4708328,34212,residential,False,False
51325663,1095.9166666666667,1583.3333333333333,623.75,1500.6666666666667,-1.2665637405083765,0.8130982845994492,4803.666666666667,132.793747,34.4708328,34212,leisure,False,False
51325664,31.25,74.14285714285714,43.285714285714285,79.42857142857143,-0.8757670892505567,-0.47003477675325966,228.10714285714286,132.806244,34.4708328,34212,residential,False,False
51325665,18.6,29.75,20.6,53.8,-1.3849618353734054,-0.14734171607518692,122.75,132.818756,34.4708328,34212,residential,False,False
51325666,71.66666666666667,79.0909090909091,91.25,92.83333333333333,-0.024818362851495947,-0.3485223048990754,334.8409090909091,132.831253,34.4708328,34212,mixed,False,False
51325667,23.666666666666668,25.5,25.8,16.833333333333332,0.6160501785052535,-0.12451454175236583,91.8,132.84375,34.4708328,34212,office,False,False
51325668,13.75,14.4,19.166666666666668,15.428571428571429,0.31299497011735467,-0.4791678366985595,62.74523809523809,132.856247,34.4708328,34212,mixed,False,False
51325669,38.25,24.75,46.5,24.4,0.9303495684325075,-0.2817709684153795,133.9,132.868744,34.4708328,34212,office,False,False
51325670,287.1666666666667,342.5833333333333,181.58333333333334,349.5833333333333,-0.9450046142112786,0.6612565051090414,1160.9166666666665,132.756256,34.4791679,34212,leisure,False,False
51325671,160.16666666666666,183.75,91.0909090909091,187.54545454545453,-1.0418613126912761,0.814194945494683,622.5530303030303,132.768753,34.4791679,34212,leisure,False,False
51325676,37.0,49.5,21.25,25.5,-0.2630344058337938,0.8000624294912481,133.25,132.831253,34.4791679,34212,leisure,False,False
51325678,21.666666666666668,10.0,15.0,13.5,0.15200309344505006,0.5305147166987798,60.16666666666667,132.856247,34.4791679,34212,mixed,False,False
51325679,24.0,11.0,21.181818181818183,23.0,-0.1188074300400297,0.18020797470417324,79.18181818181819,132.868744,34.4791679,34212,mixed,False,False
51325680,130.41666666666666,233.5,131.58333333333334,197.25,-0.5840485348743777,-0.012848514040256472,692.75,132.756256,34.4874992,34212,mixed,False,False
51325681,173.16666666666666,176.08333333333334,78.75,181.0,-1.2006378686959265,1.1368094197957768,609.0,132.768753,34.4874992,34212,leisure,False,False
51325682,42.25,72.91666666666667,11.0,51.416666666666664,-2.224732559790964,1.941447817644887,177.58333333333331,132.78125,34.4874992,34212,leisure,False,False
51325684,61.5,59.5,55.0,54.0,0.026472211361191177,0.16115479181458026,230.0,132.806244,34.4874992,34212,mixed,False,False
51325687,16.666666666666668,19.0,25.0,16.5,0.5994620704162712,-0.5849625007211561,77.16666666666667,132.84375,34.4874992,34212,office,False,False
51325688,15.363636363636363,22.8,12.75,10.0,0.35049724708413316,0.26902247567339155,60.91363636363636,132.856247,34.4874992,34212,mixed,False,False
51325690,29.166666666666668,41.8,36.0,26.6,0.436570660828485,-0.30367639033113963,133.56666666666666,132.756256,34.4958344,34212,mixed,False,False
51325691,336.5833333333333,359.5,201.5,328.6666666666667,-0.705845307128788,0.7401839014539628,1226.25,132.768753,34.4958344,34212,leisure,False,False
51325692,14.2,17.5,13.0,15.0,-0.20645087746742632,0.12737930647622742,59.7,132.78125,34.4958344,34212,mixed,False,False
51325696,20.0,18.5,22.416666666666668,12.166666666666666,0.8816378036766072,-0.16457176694810563,73.08333333333334,132.831253,34.4958344,34212,office,False,False
51325697,65.25,73.22222222222223,63.833333333333336,70.66666666666667,-0.1467198726382421,0.0316679153660835,272.97222222222223,132.84375,34.4958344,34212,mixed,False,False
51325698,15.5,32.0,12.4,22.0,-0.8271634031377845,0.32192809488736235,81.9,132.856247,34.4958344,34212,residential,False,False
51325699,32.75,30.0,23.25,27.0,-0.21572869105543707,0.494264190429419,113.0,132.868744,34.4958344,34212,mixed,False,False
51325701,49.0,16.0,84.75,16.333333333333332,2.375394119742292,-0.7904316190211356,166.08333333333331,132.893753,34.4208336,34212,office,False,False
51325702,31.0,16.714285714285715,22.333333333333332,16.0,0.48112668973661615,0.473069620650259,86.04761904761904,132.90625,34.4208336,34204,mixed,False,False
51325703,186.08333333333334,73.5,140.75,53.5,1.3955241256790825,0.4028139230210878,453.83333333333337,132.918747,34.4208336,34204,office,False,False
51325704,132.25,49.166666666666664,112.91666666666667,38.916666666666664,1.5367983965315721,0.2280092765939479,333.25000000000006,132.931244,34.4208336,34204,office,False,False
51325705,84.16666666666667,39.166666666666664,61.833333333333336,28.916666666666668,1.0964835240425426,0.4448642010183539,214.08333333333334,132.943756,34.4208336,34204,office,False,False
51325707,74.25,61.81818181818182,54.083333333333336,56.666666666666664,-0.06731626813856316,0.45720695352278334,246.8181818181818,132.96875,34.4208336,34204,mixed,False,False
51325708,154.5,127.0,157.16666666666666,129.5,0.2793431722673864,-0.024688432049565737,568.1666666666666,132.981247,34.4208336,34204,mixed,False,False
51325709,14.777777777777779,19.5,16.6,15.0,0.14622074085104392,-0.16775390240068522,65.87777777777778,132.993744,34.4208336,34204,mixed,False,False
51325710,308.9166666666667,187.91666666666666,272.0833333333333,155.08333333333334,0.8110049363746414,0.18316912338536268,923.9999999999999,132.881256,34.4291649,34212,office,False,False
51325711,153.91666666666666,49.833333333333336,276.9166666666667,60.333333333333336,2.1984246906088263,-0.8473024267095934,541.0,132.893753,34.4291649,34212,office,False,False
51325712,36.0,18.428571428571427,27.916666666666668,20.8,0.4245431613702488,0.36687021681833376,103.1452380952381,132.90625,34.4291649,34204,mixed,False,False
51325713,21.666666666666668,20.0,15.5,14.0,0.14684138832927118,0.4832090019204232,71.16666666666667,132.918747,34.4291649,34204,mixed,False,False
51325714,37.18181818181818,17.714285714285715,21.272727272727273,12.5,0.7670769111713827,0.8055923133583441,88.66883116883116,132.931244,34.4291649,34204,office,False,False
51325715,53.083333333333336,15.88888888888889,37.0,14.2,1.38163434101163,0.5207336959061946,120.17222222222222,132.943756,34.4291649,34204,office,False,False
51325716,223.33333333333334,167.25,202.91666666666666,147.58333333333334,0.45935756021779,0.13831122837543042,741.0833333333334,132.956253,34.4291649,34204,mixed,False,False
51325717,386.4166666666667,331.6666666666667,287.25,256.6666666666667,0.16241094778500556,0.4278504280072563,1262.0000000000002,132.96875,34.4291649,34204,mixed,False,False
51325718,78.16666666666667,76.0,122.5,72.33333333333333,0.7600492072792475,-0.64815632720835,349.0,132.981247,34.4291649,34204,office,False,False
51325719,233.83333333333334,324.5833333333333,161.91666666666666,311.25,-0.9428223420912549,0.5302291080345547,1031.5833333333333,132.993744,34.4291649,34204,residential,False,False
51325720,284.25,328.0833333333333,322.1666666666667,278.4166666666667,0.21056165487626533,-0.1806468825978318,1212.9166666666667,132.881256,34.4375,34212,mixed,False,False
51325721,189.66666666666666,57.75,137.16666666666666,39.25,1.8051653708088424,0.46753622188495636,423.8333333333333,132.893753,34.4375,34212,office,False,False
51325722,360.5,62.166666666666664,343.5833333333333,65.33333333333333,2.3947689017728564,0.06933920407391404,831.5833333333333,132.90625,34.4375,34204,office,False,False
51325723,3465.8333333333335,832.5833333333334,3185.1666666666665,790.5,2.0105314970560966,0.12183341439809499,8274.083333333334,132.918747,34.4375,34204,office,False,False
51325724,324.6666666666667,58.416666666666664,141.66666666666666,52.166666666666664,1.4413001840924458,1.1964589310572782,576.9166666666666,132.931244,34.4375,34204,office,False,False
51325726,183.25,133.66666666666666,146.5,114.83333333333333,0.35135918243911285,0.3229125337115641,578.25,132.956253,34.4375,34204,mixed,False,False
51325727,202.91666666666666,229.58333333333334,187.75,238.41666666666666,-0.344672184087755,0.11207445873427642,858.6666666666666,132.96875,34.4375,34204,mixed,False,False
51325728,90.9,129.33333333333334,102.58333333333333,124.22222222222223,-0.2761269256375767,-0.17444415645655625,447.0388888888889,132.981247,34.4375,34204,mixed,False,False
51325729,34.09090909090909,151.75,36.583333333333336,149.83333333333334,-2.034100175979089,-0.10179946206825595,372.25757575757575,132.993744,34.4375,34204,residential,False,False
51325730,30.833333333333332,28.1,19.0,39.8,-1.066769012212701,0.6984914463515703,117.73333333333332,132.881256,34.4458351,34212,leisure,False,False
51325731,16.0,21.0,13.4,10.666666666666666,0.32912359629156634,0.2558389044295898,61.06666666666666,132.893753,34.4458351,34212,mixed,False,False
51325732,28.083333333333332,16.333333333333332,18.0,13.8,0.3833286395515057,0.6417172790183898,76.21666666666667,132.90625,34.4458351,34204,leisure,False,False
51325733,686.3333333333334,90.5,299.75,68.5,2.129583860453697,1.1951496704968745,1145.0833333333335,132.918747,34.4458351,34204,office,False,False
51325734,302.5,56.27272727272727,78.16666666666667,24.8,1.6562133962947074,1.9523097203677364,461.73939393939395,132.931244,34.4458351,34204,office,False,False
51325735,28.666666666666668,15.0,18.2,23.0,-0.337695410745679,0.655435708669608,84.86666666666667,132.943756,34.4458351,34204,leisure,False,False
51325737,129.83333333333334,60.75,91.75,44.416666666666664,1.0466070308051934,0.5008807644973002,326.75,132.96875,34.4458351,34204,office,False,False
51325738,60.916666666666664,103.41666666666667,51.583333333333336,97.5,-0.9184972152565022,0.23993199673817248,313.4166666666667,132.981247,34.4458351,34204,residential,False,False
51325739,56.333333333333336,136.0,57.2,142.25,-1.3143416004155548,-0.02202630632999891,391.7833333333333,132.993744,34.4458351,34204,residential,False,False
51325743,57.583333333333336,85.25,31.5,76.75,-1.284814921870263,0.870299476167186,251.08333333333334,132.918747,34.4541664,34204,leisure,False,False
51325744,33.833333333333336,17.25,34.666666666666664,14.444444444444445,1.2630344058337937,-0.03510380095591581,100.19444444444444,132.931244,34.4541664,34204,office,False,False
51325745,18.083333333333332,13.5,18.7,14.0,0.4176114429426701,-0.04837763327695116,64.28333333333333,132.943756,34.4541664,34204,mixed,False,False
51325748,170.83333333333334,108.33333333333333,130.5,90.08333333333333,0.5347176895563905,0.3885396971017677,499.74999999999994,132.981247,34.4541664,34204,mixed,False,False
51325749,34.583333333333336,21.125,27.5,27.571428571428573,-0.0037424016858167214,0.3306453119884713,110.7797619047619,132.993744,34.4541664,34204,mixed,False,False
51325751,107.83333333333333,63.81818181818182,105.25,43.63636363636363,1.270217446095175,0.03498297820495529,320.53787878787875,132.893753,34.4625015,34204,office,False,False
51325752,62.583333333333336,57.72727272727273,134.08333333333334,47.0,1.512397258324653,-1.0992795132091746,301.39393939393943,132.90625,34.4625015,34212,office,False,False
51325753,43.5,21.5,143.91666666666666,19.75,2.865309118630665,-1.7261463709590399,228.66666666666666,132.918747,34.4625015,34204,office,False,False
51325755,43.75,25.0,19.083333333333332,12.333333333333334,0.6297504224679941,1.1969698244565412,100.16666666666666,132.943756,34.4625015,34204,office,False,False
51325759,78.58333333333333,35.18181818181818,55.583333333333336,21.583333333333332,1.3647346634980313,0.49957100949051153,190.9318181818182,132.993744,34.4625015,34204,office,False,False
51325760,170.58333333333334,225.5,297.25,246.08333333333334,0.27252985933285784,-0.8012001134434015,939.4166666666667,132.881256,34.4708328,34212,mixed,False,False
51325761,496.8333333333333,640.6666666666666,598.5,626.6666666666666,-0.06634700890034151,-0.26858927767348934,2362.6666666666665,132.893753,34.4708328,34212,mixed,False,False
51325764,67.5,145.83333333333334,15.1,127.08333333333333,-3.073154382178738,2.1603389526131145,355.51666666666665,132.931244,34.4708328,34204,leisure,False,False
51325765,27.09090909090909,18.2,19.90909090909091,16.571428571428573,0.26472936789390805,0.44438146086098795,81.77142857142857,132.943756,34.4708328,34204,mixed,False,False
51325766,19.666666666666668,22.428571428571427,15.0,10.0,0.5849625007211562,0.39078995303216657,67.0952380952381,132.956253,34.4708328,34204,office,False,False
51325771,24.555555555555557,20.714285714285715,19.125,15.25,0.32665050512976546,0.3605897152564676,79.64484126984127,132.893753,34.4791679,34212,mixed,False,False
51325775,19.0,17.166666666666668,14.714285714285714,11.0,0.4197139864883169,0.3687819083179713,61.88095238095238,132.943756,34.4791679,34204,mixed,False,False
51325779,15.0,15.0,13.666666666666666,12.0,0.18762700317577127,0.13430109171159113,55.666666666666664,132.993744,34.4791679,34204,mixed,False,False
51325785,20.11111111111111,24.5,21.666666666666668,12.25,0.8226954681920903,-0.10748442666640545,78.52777777777779,132.943756,34.4874992,34204,office,False,False
51325788,46.3,17.333333333333332,35.916666666666664,20.0,0.8446534634805795,0.36635873000493197,119.55,132.981247,34.4874992,34204,office,False,False
51325789,12.0,24.0,15.4,19.0,-0.3030690676360465,-0.3598959450863828,70.4,132.993744,34.4874992,34204,mixed,False,False
51325793,161.58333333333334,31.6,91.33333333333333,16.5,2.4686754628809173,0.8230650051462659,301.0166666666667,132.918747,34.4958344,34204,office,False,False
51325795,17.444444444444443,11.0,17.0,20.0,-0.23446525363702297,0.0372329061989751,65.44444444444444,132.943756,34.4958344,34204,mixed,False,False
51325796,53.125,52.625,41.22222222222222,63.375,-0.6204915618248497,0.36596865584657323,210.34722222222223,132.956253,34.4958344,34204,residential,False,False
51325797,18.833333333333332,12.5,21.5,17.333333333333332,0.310787537282162,-0.19104829300806658,70.16666666666666,132.96875,34.4958344,34204,mixed,False,False
51325799,28.77777777777778,19.22222222222222,16.11111111111111,22.333333333333332,-0.47114260116399403,0.8368991976716195,86.44444444444446,132.993744,34.4958344,34204,leisure,False,False
51326103,32.166666666666664,22.0,23.125,10.0,1.2094533656289497,0.4761130760306121,87.29166666666666,132.168747,34.5041656,34213,office,False,False
51326114,27.2,11.0,18.2,12.0,0.6009040445901777,0.5796682010516432,68.4,132.181244,34.5125008,34368,office,False,False
51326125,26.0,27.0,16.454545454545453,10.0,0.7184861735585456,0.6600254496951842,79.45454545454545,132.193756,34.5208321,34368,office,False,False
51326158,18.2,15.333333333333334,12.75,10.0,0.35049724708413316,0.5134412033398383,56.28333333333334,132.231247,34.5458336,34368,mixed,False,False
51326169,159.75,221.41666666666666,83.66666666666667,211.08333333333334,-1.335087807761729,0.9330910677173785,675.9166666666666,132.243744,34.5541649,34368,leisure,False,False
51326179,141.58333333333334,42.5,98.91666666666667,22.272727272727273,2.150935398555477,0.5173659175423138,305.27272727272725,132.243744,34.5625,34368,office,False,False
51326184,26.5,16.0,24.6,13.0,0.9201466923107855,0.10733404411132155,80.1,132.181244,34.5708351,34368,office,False,False
51326188,65.75,30.833333333333332,180.5,17.714285714285715,3.3490136385578997,-1.4569360375948686,294.79761904761904,132.231247,34.5708351,34368,office,False,False
51326189,65.83333333333333,17.0,84.16666666666667,12.0,2.8102145761968447,-0.354430734574692,179.0,132.243744,34.5708351,34368,office,False,False
51326197,51.5,35.36363636363637,58.666666666666664,41.6,0.4959574946624111,-0.18796859073292257,187.13030303030303,132.21875,34.5791664,34368,mixed,False,False
51326198,263.8333333333333,221.75,603.4166666666666,297.6666666666667,1.0194568703599007,-1.1935276953439429,1386.6666666666665,132.231247,34.5791664,34368,office,False,False
51326199,17.11111111111111,13.0,14.11111111111111,10.0,0.49683159044249103,0.27810185392273556,54.22222222222222,132.243744,34.5791664,34368,mixed,False,False
51326203,42.333333333333336,49.44444444444444,53.166666666666664,31.1,0.7736074378004729,-0.3287279269927034,176.04444444444442,132.293747,34.5041656,34108,office,False,True
51326214,23.818181818181817,21.5,20.181818181818183,12.333333333333334,0.7104933828050152,0.23900713518734423,77.83333333333333,132.306244,34.5125008,34108,office,False,True
51326225,102.16666666666667,20.25,62.083333333333336,39.0,0.6707318957661195,0.7186466483412576,223.5,132.318756,34.5208321,34108,office,False,True
51326235,78.33333333333333,80.0,28.75,64.25,-1.1601344982495028,1.446064394899468,251.33333333333331,132.318756,34.5291672,34108,leisure,False,True
51326245,58.333333333333336,73.9090909090909,65.5,78.44444444444444,-0.26017637029141755,-0.16717439042627752,276.1868686868687,132.318756,34.5374985,34108,mixed,False,True
51326246,52.0,58.857142857142854,26.428571428571427,41.666666666666664,-0.656795245482223,0.9764131796823842,178.95238095238093,132.331253,34.5374985,34108,leisure,False,True
51326250,69.375,12.0,30.77777777777778,12.0,1.3588546638857197,1.1725267966305923,124.15277777777777,132.256256,34.5458336,34368,office,False,False
51326266,172.58333333333334,259.6666666666667,62.083333333333336,267.5833333333333,-2.1077103343762458,1.4750152228709879,761.9166666666667,132.331253,34.5541649,34108,leisure,False,True
51326267,56.166666666666664,36.0,43.916666666666664,29.181818181818183,0.5896987824310524,0.354945629544644,165.2651515151515,132.34375,34.5541649,34368,office,False,False
51326268,105.41666666666667,101.5,182.0,116.58333333333333,0.6425768937550993,-0.7878354713381799,505.5,132.356247,34.5541649,34368,office,False,False
51326270,162.41666666666666,321.75,90.75,341.3333333333333,-1.9112117612830932,0.8397301365409829,916.25,132.256256,34.5625,34368,leisure,False,False
51326275,99.0,141.58333333333334,51.25,154.25,-1.5896465796439718,0.9498765205741635,446.08333333333337,132.318756,34.5625,34368,leisure,False,False
51326276,66.58333333333333,87.16666666666667,74.41666666666667,142.08333333333334,-0.9330396587903118,-0.16046467219324625,370.25,132.331253,34.5625,34368,residential,False,False
51326279,87.08333333333333,79.16666666666667,73.0,69.75,0.0657032470508298,0.2545001673670716,309.0,132.368744,34.5625,34368,mixed,False,False
51326280,73.25,45.0,42.333333333333336,38.916666666666664,0.12140594706250422,0.791034668371238,199.5,132.256256,34.5708351,34368,leisure,False,False
51326281,633.0833333333334,379.5,408.5,274.6666666666667,0.5726542416836211,0.6320593370389895,1695.75,132.268753,34.5708351,34368,leisure,False,False
51326285,20.25,30.666666666666668,17.857142857142858,17.625,0.018878010205689476,0.18142064028014165,86.39880952380953,132.318756,34.5708351,34368,mixed,False,False
51326286,49.0,34.0,43.0,42.0,0.03394733192333753,0.1884450894131103,168.0,132.331253,34.5708351,34368,mixed,False,False
51326287,15.125,22.0,12.75,10.5,0.2801079191927352,0.24643789530309892,60.375,132.34375,34.5708351,34368,mixed,False,False
51326289,18.0,23.666666666666668,39.5,22.5,0.8119276518474282,-1.1338557467347905,103.66666666666667,132.368744,34.5708351,34368,office,False,False
51326290,19.142857142857142,79.0,27.375,114.14285714285714,-2.0599097112691993,-0.5160527912010051,239.66071428571428,132.256256,34.5791664,34368,residential,False,False
51326291,295.0833333333333,386.5833333333333,324.9166666666667,391.0,-0.2670988586308724,-0.13894731100671984,1397.5833333333333,132.268753,34.5791664,34368,mixed,False,False
51326292,140.91666666666666,227.41666666666666,126.08333333333333,209.08333333333334,-0.7297004831924355,0.16046467219324612,703.5,132.28125,34.5791664,34368,residential,False,False
51326294,52.63636363636363,56.90909090909091,45.0,35.18181818181818,0.3550949588225617,0.22613482302226462,189.72727272727272,132.306244,34.5791664,34368,mixed,False,False
51326295,75.08333333333333,29.3,46.833333333333336,25.0,0.9056076297250454,0.6809569755926123,176.2166666666667,132.318756,34.5791664,34368,office,False,False
51326296,49.75,25.6,35.75,19.8,0.8524428115861422,0.4767532837652595,130.9,132.331253,34.5791664,34368,office,False,False
51326299,34.714285714285715,78.5,28.5,133.5,-2.2278059175228124,0.2845675673834352,275.2142857142857,132.368744,34.5791664,34368,residential,False,False
51326300,31.454545454545453,48.714285714285715,32.75,47.285714285714285,-0.5299094832121632,-0.05822639253802303,160.20454545454544,132.381256,34.5041656,34105,mixed,False,True
51326301,673.0,1252.1666666666667,676.5,1193.5,-0.8190367271052394,-0.007483429366219987,3795.166666666667,132.393753,34.5041656,34106,residential,False,True
51326302,383.0,314.5833333333333,594.0833333333334,296.5,1.002633210352855,-0.6333209229739017,1588.1666666666667,132.40625,34.5041656,34106,office,False,True
51326303,27.333333333333332,24.0,61.25,19.5,1.6512357201403223,-1.164048435105643,132.08333333333331,132.418747,34.5041656,34106,office,False,True
51326304,1288.5833333333333,1744.3333333333333,910.9166666666666,1771.25,-0.9593768699482506,0.5003948568345922,5715.083333333333,132.431244,34.5041656,34106,residential,False,True
51326305,1651.5833333333333,2034.0,1414.25,2054.4166666666665,-0.5386916406506552,0.22381259401179324,7154.25,132.443756,34.5041656,34106,mixed,False,True
51326306,256.4166666666667,295.5,229.91666666666666,291.1666666666667,-0.34073415156348674,0.15737898698027186,1073.0,132.456253,34.5041656,34106,mixed,False,True
51326307,22.1,17.4,16.0,12.333333333333334,0.37550913509220624,0.4659744645040693,67.83333333333334,132.46875,34.5041656,34106,mixed,False,True
51326308,133.83333333333334,72.41666666666667,86.25,56.25,0.6166713604484945,0.633841125130627,348.75000000000006,132.481247,34.5041656,34106,office,False,True
51326312,202.41666666666666,217.16666666666666,610.6666666666666,321.25,0.9266886432945473,-1.5930570134610789,1351.5,132.40625,34.5125008,34106,office,False,True
51326313,182.66666666666666,43.333333333333336,386.1666666666667,51.5,2.9065793009604475,-1.080010245904295,663.6666666666667,132.418747,34.5125008,34106,office,False,True
51326314,798.5,1287.0833333333333,750.0833333333334,1353.5,-0.8515720962875982,0.09024152148386706,4189.166666666667,132.431244,34.5125008,34106,residential,False,True
51326315,311.1666666666667,492.8333333333333,248.0,520.25,-1.0688649393484595,0.3273474011181708,1572.25,132.443756,34.5125008,34106,residential,False,True
51326316,32.083333333333336,23.875,41.833333333333336,24.3,0.7836966445111974,-0.3828289183685083,122.09166666666667,132.456253,34.5125008,34106,office,False,True
51326317,19.714285714285715,14.0,17.875,19.11111111111111,-0.09646841648139608,0.14129819794217546,70.70039682539684,132.46875,34.5125008,34106,mixed,False,True
51326318,126.25,49.0,249.08333333333334,42.0,2.568167258178178,-0.9803451033177812,466.33333333333337,132.481247,34.5125008,34106,office,False,True
51326319,385.0833333333333,591.1666666666666,407.0,571.3333333333334,-0.48930390912509664,-0.0798581108208689,1954.5833333333335,132.493744,34.5125008,34105,mixed,False,True
51326322,98.25,61.4,217.5,80.0,1.4429434958487284,-1.1464860884774841,457.15,132.40625,34.5208321,34106,office,False,True
51326323,23.545454545454547,13.5,17.77777777777778,16.0,0.15200309344505006,0.40537357560420667,70.82323232323233,132.418747,34.5208321,34106,mixed,False,True
51326324,112.33333333333333,47.5,106.83333333333333,43.25,1.3045898182608602,0.07242423456311739,309.91666666666663,132.431244,34.5208321,34106,office,False,True
51326325,114.58333333333333,128.33333333333334,49.25,107.25,-1.1227820180431693,1.2182015831218518,399.41666666666663,132.443756,34.5208321,34106,leisure,False,True
51326326,83.75,68.0,97.66666666666667,86.41666666666667,0.17655667560902205,-0.22177706835595704,335.83333333333337,132.456253,34.5208321,34106,mixed,False,True
51326327,24.444444444444443,41.714285714285715,28.09090909090909,13.857142857142858,1.0194734891375536,-0.2005966971847301,108.1067821067821,132.46875,34.5208321,34106,office,False,True
51326328,170.41666666666666,271.1666666666667,99.66666666666667,247.75,-1.3137020737095393,0.773883453631006,789.0,132.481247,34.5208321,34106,leisure,False,True
51326329,2980.4166666666665,4457.0,2185.8333333333335,4273.25,-0.9671503204007942,0.4473306339226311,13896.5,132.493744,34.5208321,34106,residential,False,True
51326332,31.333333333333332,30.25,60.0,52.3,0.19815155424893954,-0.9372642446520373,173.88333333333333,132.40625,34.5291672,34106,mixed,False,True
51326333,19.428571428571427,16.75,12.666666666666666,19.0,-0.5849625007211563,0.6171429064703059,67.84523809523809,132.418747,34.5291672,34106,leisure,False,True
51326334,325.75,259.4166666666667,472.8333333333333,285.3333333333333,0.7286834488732119,-0.5375665659850681,1343.3333333333333,132.431244,34.5291672,34106,office,False,True
51326335,33.083333333333336,20.75,23.166666666666668,16.0,0.5339785720023513,0.5140541244194503,93.0,132.443756,34.5291672,34106,mixed,False,True
51326337,550.1666666666666,1082.5833333333333,400.0,1036.5833333333333,-1.3737641975904014,0.4598687327266549,3069.333333333333,132.46875,34.5291672,34106,residential,False,True
51326338,1429.25,2266.0833333333335,893.0833333333334,2246.25,-1.3306517995610683,0.6783915860975178,6834.666666666668,132.481247,34.5291672,34106,leisure,False,True
51326339,1829.25,2462.3333333333335,1790.25,2493.4166666666665,-0.477962919862281,0.031091191714407503,8575.25,132.493744,34.5291672,34106,mixed,False,True
51326342,241.25,230.08333333333334,282.0833333333333,233.25,0.2742443468894442,-0.22559248558576,986.6666666666666,132.40625,34.5374985,34106,mixed,False,True
51326343,81.58333333333333,96.875,66.83333333333333,74.7,-0.16054041216811085,0.2877066231487748,319.9916666666667,132.418747,34.5374985,34106,mixed,False,True
51326344,25.0,17.625,23.083333333333332,14.75,0.6461366159661908,0.11507652444669264,80.45833333333333,132.431244,34.5374985,34106,office,False,True
51326345,34.416666666666664,19.0,31.0,22.5,0.46234321405720047,0.15083916031141384,106.91666666666666,132.443756,34.5374985,34106,mixed,False,True
51326347,1020.0,1181.6666666666667,1332.0833333333333,1280.25,0.057258779197832156,-0.3851151860878684,4814.0,132.46875,34.5374985,34106,mixed,False,True
51326348,694.0833333333334,533.5,653.4166666666666,640.4166666666666,0.028992399914245695,0.08710563268200018,2521.4166666666665,132.481247,34.5374985,34106,mixed,False,True
51326349,52.27272727272727,94.08333333333333,55.54545454545455,93.5,-0.7512975087062043,-0.08761042398699191,295.4015151515152,132.493744,34.5374985,34106,residential,False,True
51326351,29.833333333333332,24.0,22.666666666666668,12.0,0.9175378398080272,0.396352936013917,88.5,132.393753,34.5458336,34106,office,False,True
51326352,112.25,123.33333333333333,81.25,115.25,-0.5043270325135211,0.46627572682533014,432.0833333333333,132.40625,34.5458336,34106,mixed,False,True
51326354,355.3333333333333,377.0833333333333,241.0,388.0833333333333,-0.6873333298692101,0.560139885808058,1361.4999999999998,132.431244,34.5458336,34106,residential,False,True
51326355,974.4166666666666,1090.8333333333333,715.3333333333334,1105.0833333333333,-0.6274675906720372,0.4459231394118798,3885.666666666666,132.443756,34.5458336,34106,residential,False,True
51326356,165.33333333333334,56.09090909090909,101.16666666666667,33.833333333333336,1.5802167890705057,0.7086436041311932,356.4242424242425,132.456253,34.5458336,34106,office,False,True
51326358,171.66666666666666,209.08333333333334,223.91666666666666,254.75,-0.18612023087380403,-0.3833519839425853,859.4166666666666,132.481247,34.5458336,34106,mixed,False,True
51326360,130.08333333333334,152.08333333333334,58.833333333333336,181.75,-1.6272496813695703,1.1447304487067285,522.75,132.381256,34.5541649,34368,leisure,False,False
51326361,28.583333333333332,19.6,20.666666666666668,11.0,0.9098021910284219,0.4678684557859369,79.85,132.393753,34.5541649,34106,office,False,True
51326365,524.6666666666666,560.75,526.5,544.6666666666666,-0.048940046398810264,-0.0050323962393867905,2156.583333333333,132.443756,34.5541649,34106,mixed,False,True
51326366,46.75,27.8,35.666666666666664,21.0,0.7641870629012304,0.390389974207646,131.21666666666667,132.456253,34.5541649,34106,office,False,True
51326368,77.72727272727273,100.18181818181819,38.857142857142854,100.18181818181819,-1.3663689707411253,1.0002410719432278,316.94805194805195,132.481247,34.5541649,34106,leisure,False,True
51326370,72.83333333333333,43.6,77.83333333333333,52.81818181818182,0.5593535042212741,-0.09578927020906361,247.0848484848485,132.381256,34.5625,34368,mixed,False,False
51326371,33.166666666666664,24.5,22.0,13.5,0.7045441164738286,0.5922305011851954,93.16666666666666,132.393753,34.5625,34106,office,False,True
51326372,19.5,22.833333333333332,14.666666666666666,16.166666666666668,-0.14048122354983061,0.4109331009461073,73.16666666666667,132.40625,34.5625,34106,mixed,False,True
51326375,276.5833333333333,100.08333333333333,300.25,99.33333333333333,1.5958144159646288,-0.11845002234849054,776.25,132.443756,34.5625,34106,office,False,True
51326376,103.75,53.36363636363637,109.75,52.666666666666664,1.0592588820794115,-0.08110960330107099,319.530303030303,132.456253,34.5625,34106,office,False,True
51326378,25.857142857142858,25.333333333333332,30.4,18.0,0.7560744171139108,-0.23350845353062172,99.59047619047618,132.481247,34.5625,34106,office,False,True
51326380,53.916666666666664,74.11111111111111,43.583333333333336,72.9090909090909,-0.7423221722918376,0.306954765745566,244.52020202020202,132.381256,34.5708351,34368,residential,False,False
51326382,21.454545454545453,12.0,13.222222222222221,12.0,0.139930261144475,0.6983186688589129,58.676767676767675,132.40625,34.5708351,34106,leisure,False,True
51326385,68.08333333333333,40.333333333333336,60.166666666666664,51.25,0.2314124266605686,0.1783372412585124,219.83333333333334,132.443756,34.5708351,34106,mixed,False,True
51326386,674.5,808.4166666666666,881.0833333333334,747.5833333333334,0.23704407055441137,-0.38546003329463036,3111.5833333333335,132.456253,34.5708351,34106,mixed,False,True
51326393,26.727272727272727,29.666666666666668,13.2,27.333333333333332,-1.0501234794258365,1.0177747017279761,96.92727272727272,132.418747,34.5791664,34106,leisure,False,True
51326394,53.0,40.5,33.44444444444444,18.571428571428573,0.8486817843465392,0.6642257792458095,145.515873015873,132.431244,34.5791664,34106,office,False,True
51326396,910.75,1622.1666666666667,633.25,1536.9166666666667,-1.2791918655670556,0.5242799180302811,4703.083333333334,132.456253,34.5791664,34106,residential,False,True
51326397,299.0833333333333,389.25,261.4166666666667,315.1666666666667,-0.2697638341061586,0.19419639397247432,1264.9166666666667,132.46875,34.5791664,34106,mixed,False,True
51326400,775.0833333333334,777.5833333333334,603.6666666666666,666.8333333333334,-0.14357408239543418,0.3605992900919645,2823.166666666667,132.506256,34.5041656,34105,mixed,False,True
51326401,3810.6666666666665,3793.1666666666665,5741.5,4110.666666666667,0.48205530982379236,-0.5913842828351513,17456.0,132.518753,34.5041656,34106,mixed,False,True
51326406,123.0,122.7,118.5,122.77777777777777,-0.051162403938222425,0.05377125644098074,486.97777777777776,132.581253,34.5041656,34106,mixed,False,True
51326407,348.3333333333333,494.4166666666667,381.3333333333333,460.3333333333333,-0.2716262674796615,-0.13058410981014437,1684.4166666666667,132.59375,34.5041656,34106,mixed,False,True
51326408,27.375,62.333333333333336,18.666666666666668,82.8,-2.149166441275515,0.5523946382647253,191.175,132.606247,34.5041656,34106,residential,False,True
51326410,2859.3333333333335,3339.9166666666665,3056.6666666666665,3447.0833333333335,-0.17341694321944465,-0.09628041784686027,12703.0,132.506256,34.5125008,34106,mixed,False,True
51326411,2180.3333333333335,3129.25,1550.0833333333333,3014.4166666666665,-0.9595330690616094,0.49220293604677995,9874.083333333334,132.518753,34.5125008,34106,residential,False,True
51326412,55.7,40.833333333333336,55.81818181818182,28.0,0.9953083046752781,-0.003057804280212691,180.35151515151514,132.53125,34.5125008,34106,office,False,True
51326417,20.0,75.0,11.0,69.14285714285714,-2.652076696579693,0.8624964762500651,175.14285714285714,132.59375,34.5125008,34106,leisure,False,True
51326418,265.9166666666667,309.0,186.08333333333334,301.25,-0.6950123960160066,0.5150253574568386,1062.25,132.606247,34.5125008,34106,residential,False,True
51326419,42.833333333333336,57.166666666666664,41.416666666666664,67.25,-0.6993228217154943,0.0485225076315921,208.66666666666666,132.618744,34.5125008,34106,residential,False,True
51326420,8076.083333333333,6384.416666666667,8073.5,6313.5,0.35475423162552244,0.0004615552171007607,28847.5,132.506256,34.5208321,34106,mixed,False,True
51326421,2256.3333333333335,2459.5833333333335,2079.5,2371.5,-0.18956318343317075,0.11774353116693287,9166.916666666668,132.518753,34.5208321,34106,mixed,False,True
51326422,43.8,67.875,33.166666666666664,68.625,-1.0490002191827061,0.40119684489131846,213.46666666666664,132.53125,34.5208321,34106,residential,False,True
51326429,139.08333333333334,167.91666666666666,138.91666666666666,161.0,-0.21284098984935654,0.0017298503761820762,606.9166666666666,132.618744,34.5208321,34106,mixed,False,True
51326430,1680.9166666666667,2421.0,1128.5833333333333,2342.1666666666665,-1.0533307910385084,0.5747352536645121,7572.666666666667,132.506256,34.5291672,34106,residential,False,True
51326431,1854.6666666666667,2093.4166666666665,1955.6666666666667,2287.75,-0.22626891508242034,-0.07650057212912588,8191.5,132.518753,34.5291672,34106,mixed,False,True
51326432,415.5833333333333,585.6666666666666,284.25,523.5,-0.8810291880385605,0.5479774480517102,1809.0,132.53125,34.5291672,34106,residential,False,True
51326433,188.25,486.6666666666667,280.25,476.9166666666667,-0.767022828022386,-0.5740645081334985,1432.0833333333335,132.543747,34.5291672,34106,residential,False,True
51326439,29.22222222222222,22.6,60.25,32.888888888888886,0.8733609720433244,-1.0438953483799716,144.9611111111111,132.618744,34.5291672,34106,office,False,True
51326440,186.25,244.58333333333334,112.0,187.91666666666666,-0.7465942953639829,0.7337416932919198,730.75,132.506256,34.5374985,34106,leisure,False,True
51326441,1046.3333333333333,1064.0833333333333,983.0833333333334,1071.9166666666667,-0.12480713139017292,0.08995690795370578,4165.416666666666,132.518753,34.5374985,34106,mixed,False,True
51326442,1107.4166666666667,1555.6666666666667,1273.5833333333333,1542.75,-0.2766109332024596,-0.20169522161713213,5479.416666666667,132.53125,34.5374985,34106,mixed,False,True
51326443,2550.4166666666665,3654.6666666666665,2041.5833333333333,3437.0,-0.7514613950298091,0.3210445056302819,11683.666666666666,132.543747,34.5374985,34106,residential,False,True
51326444,250.08333333333334,449.0833333333333,222.33333333333334,399.5833333333333,-0.845772148720908,0.16968465241370323,1321.0833333333333,132.556244,34.5374985,34106,residential,False,True
51326450,79.33333333333333,131.0,93.66666666666667,107.0,-0.19200316690137686,-0.2396085569129827,411.0,132.506256,34.5458336,34106,mixed,False,True
51326451,194.75,271.1666666666667,217.66666666666666,341.0833333333333,-0.6480037698966541,-0.1604971627636054,1024.6666666666667,132.518753,34.5458336,34106,residential,False,True
51326452,1516.6666666666667,1934.6666666666667,1468.25,1988.1666666666667,-0.43734106428359826,0.04680640675483765,6907.750000000001,132.53125,34.5458336,34106,mixed,False,True
51326453,345.0833333333333,435.0,300.3333333333333,419.0833333333333,-0.4806725422652458,0.20038019155633977,1499.5,132.543747,34.5458336,34106,mixed,False,True
51326459,178.4,154.63636363636363,163.7,173.77777777777777,-0.08618928427824882,0.1240612934461514,670.5141414141414,132.618744,34.5458336,34106,mixed,False,True
51326460,170.58333333333334,42.333333333333336,370.0,135.25,1.451896676689497,-1.1170485742140577,718.1666666666667,132.506256,34.5541649,34106,office,False,True
51326461,215.75,461.1666666666667,159.91666666666666,430.8333333333333,-1.4298095690069168,0.4320402537047311,1267.6666666666667,132.518753,34.5541649,34106,residential,False,True
51326462,75.75,101.27272727272727,55.25,84.16666666666667,-0.6072745175265695,0.4552714240815194,316.43939393939394,132.53125,34.5541649,34106,residential,False,True
51326463,1003.3333333333334,1353.3333333333333,1174.5,1546.25,-0.39672688185153515,-0.2272457270862885,5077.416666666667,132.543747,34.5541649,34106,mixed,False,True
51326473,92.83333333333333,47.666666666666664,115.0,47.416666666666664,1.2781677093589496,-0.3089190343254997,302.9166666666667,132.543747,34.5625,34106,office,False,True
51326474,227.0,81.91666666666667,131.41666666666666,59.166666666666664,1.1512917303984658,0.788544043221561,499.5,132.556244,34.5625,34106,office,False,True
51326475,42.0,20.444444444444443,39.583333333333336,24.22222222222222,0.7085618791625402,0.08549622028160611,126.25,132.568756,34.5625,34106,office,False,True
51326484,59.166666666666664,42.75,74.33333333333333,29.833333333333332,1.3170841226560484,-0.3292246855282604,206.08333333333331,132.556244,34.5708351,34106,office,False,True
51326485,65.83333333333333,37.0,102.75,26.4,1.9605285592105919,-0.642248241338374,231.98333333333335,132.568756,34.5708351,34106,office,False,True
51326487,24.916666666666668,18.333333333333332,16.416666666666668,17.5,-0.0921936982097462,0.6019498547417288,77.16666666666667,132.59375,34.5708351,34106,leisure,False,True
51326495,64.58333333333333,16.875,74.08333333333333,19.7,1.9109533835395998,-0.19798710866817013,175.24166666666667,132.568756,34.5791664,34214,office,False,False
51326496,153.33333333333334,139.25,128.16666666666666,97.91666666666667,0.38839474650946426,0.25865026298254884,518.6666666666666,132.581253,34.5791664,34214,mixed,False,False
51326498,209.25,389.5,260.5833333333333,401.0833333333333,-0.622157204039832,-0.3165171906535404,1260.4166666666665,132.606247,34.5791664,34106,residential,False,True
51326499,27.181818181818183,17.0,32.5,17.625,0.8828164606296609,-0.25779775746764666,94.30681818181819,132.618744,34.5791664,34106,office,False,True
51326502,63.166666666666664,84.0,49.2,84.5,-0.7802930258303068,0.36050512699805787,280.8666666666667,132.65625,34.5041656,34212,residential,False,False
51326503,495.0,517.5833333333334,457.5833333333333,586.8333333333334,-0.3589163159188671,0.11339401974386383,2057.0,132.668747,34.5041656,34212,mixed,False,False
51326504,15.5,14.75,15.0,12.0,0.32192809488736235,0.04730571477835682,57.25,132.681244,34.5041656,34212,mixed,False,False
51326506,36.083333333333336,60.0,26.583333333333332,93.6,-1.8159865116523288,0.44081060096185565,216.26666666666665,132.706253,34.5041656,34212,residential,False,False
51326513,126.16666666666667,112.0,172.5,141.41666666666666,0.2866442028440244,-0.45126556240095594,552.0833333333333,132.668747,34.5125008,34212,mixed,False,False
51326514,23.181818181818183,41.9,17.1,34.27272727272727,-1.0030646746328313,0.4389973982230251,116.45454545454547,132.681244,34.5125008,34212,residential,False,False
51326515,18.333333333333332,15.75,13.545454545454545,16.5,-0.2846572175335892,0.4366603109786391,64.12878787878788,132.693756,34.5125008,34212,mixed,False,False
51326516,22.09090909090909,12.5,18.375,10.0,0.877744249949002,0.2657085401321191,62.96590909090909,132.706253,34.5125008,34212,office,False,False
51326523,54.5,52.5,129.41666666666666,30.285714285714285,2.09531408116055,-1.2476952888892185,266.70238095238096,132.668747,34.5208321,34212,office,False,False
51326526,21.363636363636363,32.5,24.5,28.5,-0.21818017004953344,-0.19762451618750576,106.86363636363636,132.706253,34.5208321,34212,mixed,False,False
51326530,298.0,306.25,230.08333333333334,275.1666666666667,-0.2581492323251889,0.3731558485952485,1109.5,132.631256,34.5291672,34106,mixed,False,True
51326531,29.75,22.77777777777778,21.5,32.0,-0.5737352452979021,0.4685530086058456,106.02777777777777,132.643753,34.5291672,34106,mixed,False,True
51326533,27.181818181818183,17.333333333333332,25.1,15.0,0.7427248634548911,0.11495459649739803,84.61515151515151,132.668747,34.5291672,34106,office,False,True
51326537,137.0,150.75,94.33333333333333,148.25,-0.6521925524352776,0.5383363408498006,530.3333333333333,132.71875,34.5291672,34212,residential,False,False
51326538,206.08333333333334,216.66666666666666,147.91666666666666,222.83333333333334,-0.5911804408139462,0.4784432151105313,793.5,132.731247,34.5291672,34212,residential,False,False
51326539,89.91666666666667,36.375,86.66666666666667,37.5,1.2085866218114176,0.05311133645956253,250.45833333333334,132.743744,34.5291672,34212,office,False,False
51326541,156.0,138.5,562.9166666666666,271.6666666666667,1.0510838050946067,-1.8513753346296422,1129.0833333333333,132.643753,34.5374985,34106,office,False,True
51326542,61.666666666666664,61.3,48.166666666666664,62.333333333333336,-0.3719687773869579,0.3564557780156334,233.46666666666664,132.65625,34.5374985,34106,mixed,False,True
51326543,54.916666666666664,40.333333333333336,57.75,34.166666666666664,0.7572314426317678,-0.0725768871291621,187.16666666666666,132.668747,34.5374985,34106,office,False,True
51326547,399.75,352.0833333333333,133.16666666666666,328.8333333333333,-1.304123547795582,1.5858650312735114,1213.8333333333333,132.71875,34.5374985,34212,leisure,False,False
51326548,19.0,45.5,13.0,45.333333333333336,-1.802060622388091,0.5474877953024933,122.83333333333334,132.731247,34.5374985,34212,residential,False,False
51326549,20.666666666666668,23.5,30.1,10.5,1.5193741590935794,-0.5424577722066207,84.76666666666667,132.743744,34.5374985,34212,office,False,False
51326550,22.571428571428573,53.2,25.22222222222222,53.57142857142857,-1.0867683774770365,-0.16019765972910366,154.56507936507936,132.631256,34.5458336,34106,residential,False,True
51326551,37.45454545454545,19.875,38.916666666666664,26.571428571428573,0.5505123499380783,-0.055247330442584515,122.8176406926407,132.643753,34.5458336,34106,mixed,False,True
51326552,53.166666666666664,53.36363636363637,59.416666666666664,32.083333333333336,0.8890436308616242,-0.16034565267901865,198.03030303030303,132.65625,34.5458336,34106,office,False,True
51326553,694.0833333333334,1022.6666666666666,666.0,935.0833333333334,-0.4895727644197339,0.05958670938196107,3317.8333333333335,132.668747,34.5458336,34106,mixed,False,True
51326560,144.91666666666666,250.41666666666666,113.08333333333333,240.16666666666666,-1.0866496147558935,0.3578372118877331,748.5833333333333,132.631256,34.5541649,34106,residential,False,True
51326561,113.25,153.83333333333334,111.91666666666667,155.08333333333334,-0.4706187506317092,0.017086151339949007,534.0833333333334,132.643753,34.5541649,34106,mixed,False,True
51326562,536.9166666666666,616.5833333333334,503.25,656.5833333333334,-0.38370286195629383,0.09342292177893508,2313.3333333333335,132.65625,34.5541649,34106,mixed,False,True
51326563,366.9166666666667,305.8333333333333,280.3333333333333,293.0833333333333,-0.06416762937016274,0.3883091386817493,1246.1666666666665,132.668747,34.5541649,34106,mixed,False,True
51326572,164.41666666666666,200.75,89.58333333333333,180.41666666666666,-1.0100303651372646,0.876054296246736,635.1666666666666,132.65625,34.5625,34106,leisure,False,True
51326573,27.0,13.0,24.916666666666668,12.666666666666666,0.9760741607545197,0.11584832868651962,77.58333333333334,132.668747,34.5625,34106,office,False,True
51326582,12.0,14.0,10.0,11.0,-0.13750352374993496,0.2630344058337938,47.0,132.65625,34.5708351,34106,mixed,False,True
51326583,43.916666666666664,17.3,45.583333333333336,22.666666666666668,1.0079341815422174,-0.05373787115534202,129.46666666666667,132.668747,34.5708351,34106,office,False,True
51326590,27.416666666666668,16.714285714285715,24.166666666666668,15.333333333333334,0.6563471339579217,0.18203468372030693,83.63095238095238,132.631256,34.5791664,34106,office,False,True
51326591,61.375,50.125,40.375,75.375,-0.9006238372061599,0.6041888596207682,227.25,132.643753,34.5791664,34106,leisure,False,True
51326593,149.41666666666666,119.72727272727273,165.91666666666666,113.0,0.5541360425841587,-0.15111773285212776,548.060606060606,132.668747,34.5791664,34106,mixed,False,True
51326594,98.75,137.83333333333334,106.41666666666667,134.0,-0.3325088814762048,-0.10787146591710244,477.0,132.681244,34.5791664,34106,mixed,False,True
51326596,20.4,15.0,60.0,13.0,2.206450877467426,-1.5563933485243855,108.4,132.706253,34.5791664,34214,office,False,False
51326601,86.0,52.5,70.58333333333333,56.333333333333336,0.3253387230500142,0.2850090960910555,265.41666666666663,132.768753,34.5041656,34212,mixed,False,False
51326602,49.583333333333336,60.0,28.166666666666668,66.55555555555556,-1.240570255785445,0.8158664219131215,204.30555555555557,132.78125,34.5041656,34212,leisure,False,False
51326604,22.0,21.0,14.0,17.0,-0.28010791919273537,0.6520766965796931,74.0,132.806244,34.5041656,34212,leisure,False,False
51326605,66.83333333333333,57.833333333333336,64.58333333333333,62.833333333333336,0.03963178689293547,0.04940592629332049,252.08333333333334,132.818756,34.5041656,34212,mixed,False,False
51326608,31.875,42.333333333333336,28.375,63.666666666666664,-1.1659178400236776,0.16780494956794303,166.25,132.856247,34.5041656,34212,residential,False,False
51326609,84.5,99.25,38.25,96.58333333333333,-1.3363145075926637,1.1434915935895327,318.5833333333333,132.868744,34.5041656,34212,leisure,False,False
51326612,95.5,31.666666666666668,59.166666666666664,21.6,1.4537533063947818,0.6907161143648606,207.9333333333333,132.78125,34.5125008,34212,office,False,False
51326614,16.8,18.5,20.333333333333332,15.5,0.3915785264548548,-0.2753855089503321,71.13333333333333,132.806244,34.5125008,34212,mixed,False,False
51326615,83.5,81.72727272727273,79.5,85.7,-0.10834034394078221,0.07082133718969685,330.42727272727274,132.818756,34.5125008,34212,mixed,False,False
51326620,21.166666666666668,10.0,29.5,27.0,0.12775554719837268,-0.4789208633108315,87.66666666666667,132.756256,34.5208321,34212,mixed,False,False
51326621,32.333333333333336,21.4,16.2,18.5,-0.1915314576316875,0.9970284334687092,88.43333333333334,132.768753,34.5208321,34212,leisure,False,False
51326622,56.583333333333336,25.5,53.583333333333336,23.166666666666668,1.2097338546044398,0.07859283691678451,158.83333333333334,132.78125,34.5208321,34212,office,False,False
51326625,34.25,33.0,65.4,40.666666666666664,0.6854438937689903,-0.9331866476501937,173.31666666666666,132.818756,34.5208321,34212,office,False,False
51326626,28.77777777777778,56.333333333333336,25.125,50.666666666666664,-1.0119133215435006,0.19583159506531306,160.90277777777777,132.831253,34.5208321,34212,residential,False,False
51326630,52.333333333333336,17.0,21.181818181818183,18.333333333333332,0.2083573132134798,1.3049037221534878,108.84848484848484,132.756256,34.5291672,34212,leisure,False,False
51326631,139.41666666666666,40.45454545454545,22.8,41.375,-0.8597254875298385,2.6122973100398172,244.04621212121208,132.768753,34.5291672,34212,leisure,False,False
51326632,458.6666666666667,86.91666666666667,112.0,79.41666666666667,0.49598501886881824,2.0339473319233377,737.0,132.78125,34.5291672,34212,leisure,False,False
51326640,53.0,63.333333333333336,29.333333333333332,53.45454545454545,-0.865771608282926,0.8534513366470582,199.12121212121212,132.756256,34.5374985,34212,leisure,False,False
51326641,35.916666666666664,13.5,35.166666666666664,29.25,0.2657719684026243,0.030444870381913076,113.83333333333331,132.768753,34.5374985,34212,mixed,False,False
51326642,378.8333333333333,226.41666666666666,485.5833333333333,323.4166666666667,0.5863248775618737,-0.358155626529474,1414.25,132.78125,34.5374985,34212,office,False,False
51326643,25.714285714285715,20.285714285714285,15.2,18.5,-0.28345394707272675,0.7584987557158476,79.7,132.793747,34.5374985,34212,leisure,False,False
51326644,23.25,16.5,20.444444444444443,13.0,0.6531972364736083,0.18552185649333114,73.19444444444444,132.806244,34.5374985,34212,office,False,False
51326645,17.5,13.0,13.2,10.0,0.4005379295837286,0.40681699247387554,53.7,132.818756,34.5374985,34212,mixed,False,False
51326646,23.75,25.833333333333332,24.2,34.25,-0.5010969405732946,-0.027079534056284313,108.03333333333333,132.831253,34.5374985,34212,mixed,False,False
51326647,23.0,15.285714285714286,26.636363636363637,18.25,0.5455006769049334,-0.2117632797279378,83.17207792207793,132.84375,34.5374985,34212,mixed,False,False
51326648,21.0,14.5,16.666666666666668,14.666666666666666,0.18442457113742758,0.3334237337251918,66.83333333333334,132.856247,34.5374985,34204,mixed,False,False
51326649,111.0,188.5,164.5,226.0,-0.4582351886799463,-0.5675279073851355,690.0,132.868744,34.5374985,34204,mixed,False,False
51326651,64.66666666666667,118.83333333333333,20.666666666666668,103.58333333333333,-2.3254142706656094,1.6457165318002525,307.75,132.768753,34.5458336,34212,leisure,False,False
51326652,56.416666666666664,21.4,99.33333333333333,15.5,2.68000970935413,-0.8161564968871647,192.65,132.78125,34.5458336,34212,office,False,False
51326657,13.714285714285714,12.0,21.4,12.0,0.8345763907926284,-0.6419313128502325,59.114285714285714,132.84375,34.5458336,34212,office,False,False
51326658,15.0,12.5,16.5,11.0,0.5849625007211562,-0.13750352374993496,55.0,132.856247,34.5458336,34204,office,False,False
51326659,96.0,154.16666666666666,46.583333333333336,137.66666666666666,-1.5632934985762552,1.043220528599122,434.41666666666663,132.868744,34.5458336,34204,leisure,False,False
51326663,148.0,103.08333333333333,130.25,127.3,0.03305095326451262,0.18431380335044156,508.6333333333333,132.793747,34.5541649,34212,mixed,False,False
51326667,58.375,50.55555555555556,32.142857142857146,35.0,-0.1228567477855333,0.8608524705502288,176.0734126984127,132.84375,34.5541649,34212,leisure,False,False
51326669,16.142857142857142,17.5,16.875,19.0,-0.17111191639275453,-0.06399155669324734,69.51785714285714,132.868744,34.5541649,34212,mixed,False,False
51326673,123.58333333333333,89.91666666666667,59.333333333333336,77.83333333333333,-0.391545308743264,1.0585694514882324,350.6666666666667,132.793747,34.5625,34212,leisure,False,False
51326674,168.75,67.33333333333333,125.5,55.5,1.177127687600666,0.4272001379874212,417.0833333333333,132.806244,34.5625,34212,office,False,False
51326675,125.66666666666667,152.0,206.33333333333334,131.91666666666666,0.6453500590770838,-0.7153748859456004,615.9166666666667,132.818756,34.5625,34212,office,False,False
51326676,22.75,20.0,78.5,33.0,1.2502266295331737,-1.7868261086929307,154.25,132.831253,34.5625,34212,office,False,False
51326677,73.83333333333333,55.18181818181818,84.0,51.7,0.7002250473511878,-0.18611703494489817,264.7151515151515,132.84375,34.5625,34212,office,False,False
51326678,14.0,29.666666666666668,15.0,35.0,-1.222392421336448,-0.0995356735509144,93.66666666666667,132.856247,34.5625,34212,residential,False,False
51326683,16.0,15.833333333333334,15.2,18.142857142857142,-0.2553303461583387,0.07400058144377678,65.17619047619047,132.793747,34.5708351,34212,mixed,False,False
51326684,140.75,185.16666666666666,78.33333333333333,172.41666666666666,-1.1382009832950097,0.8454366662363861,576.6666666666666,132.806244,34.5708351,34212,leisure,False,False
51326685,142.58333333333334,93.16666666666667,150.41666666666666,86.83333333333333,0.7926435594960252,-0.07715907728511974,473.00000000000006,132.818756,34.5708351,34212,office,False,False
51326686,313.0,273.25,402.6666666666667,323.8333333333333,0.3143345537397346,-0.3634233916713044,1312.75,132.831253,34.5708351,34212,mixed,False,False
51326687,15.25,11.75,13.75,11.5,0.2577977574676467,0.14937762403822671,52.25,132.84375,34.5708351,34212,mixed,False,False
51326693,78.91666666666667,82.25,54.583333333333336,86.33333333333333,-0.6614571912617412,0.5318695190435724,302.0833333333333,132.793747,34.5791664,34212,residential,False,False
51326694,21.0,24.0,12.4,16.6,-0.4208431209600496,0.7600492072792475,74.0,132.806244,34.5791664,34212,leisure,False,False
51326695,46.90909090909091,51.27272727272727,30.833333333333332,50.63636363636363,-0.7156829389075786,0.6053766769908008,179.65151515151516,132.818756,34.5791664,34212,leisure,False,False
51326696,147.16666666666666,190.58333333333334,144.16666666666666,234.08333333333334,-0.6992845866023115,0.029713305124379162,716.0,132.831253,34.5791664,34212,residential,False,False
51326700,165.08333333333334,136.83333333333334,139.33333333333334,140.16666666666666,-0.008602858174261303,0.2446540328086036,581.4166666666667,132.881256,34.5041656,34212,mixed,False,False
51326701,129.25,154.33333333333334,46.75,119.66666666666667,-1.3559830732142586,1.4671260104272978,450.0,132.893753,34.5041656,34212,leisure,False,False
51326702,22.6,20.6,14.4,18.666666666666668,-0.3743955147814981,0.6502539609728754,76.26666666666668,132.90625,34.5041656,34204,leisure,False,False
51326703,217.83333333333334,101.9090909090909,53.166666666666664,80.33333333333333,-0.5954767224650923,2.034630812030564,453.24242424242425,132.918747,34.5041656,34204,leisure,False,False
51326704,206.08333333333334,188.83333333333334,111.41666666666667,199.0,-0.8368033711714523,0.8872627742965851,705.3333333333334,132.931244,34.5041656,34204,leisure,False,False
51326705,96.75,80.0,158.41666666666666,83.91666666666667,0.9166948486417672,-0.7113905597829855,419.0833333333333,132.943756,34.5041656,34204,office,False,False
51326706,124.66666666666667,116.3,87.41666666666667,119.5,-0.45103034612463705,0.5120954973103691,447.8833333333334,132.956253,34.5041656,34204,mixed,False,False
51326707,57.583333333333336,87.0,46.72727272727273,83.54545454545455,-0.8382965020951565,0.3013864691105216,274.8560606060606,132.96875,34.5041656,34204,residential,False,False
51326708,28.833333333333332,36.54545454545455,26.583333333333332,40.333333333333336,-0.6014506235097252,0.1172156138718554,132.29545454545456,132.981247,34.5041656,34204,residential,False,False
51326712,63.916666666666664,31.3,46.0,46.083333333333336,-0.002611213456538038,0.4745583107247642,187.3,132.90625,34.5125008,34204,mixed,False,False
51326713,512.4166666666666,581.0,520.5833333333334,541.3333333333334,-0.05638810261966262,-0.022811723085026485,2155.3333333333335,132.918747,34.5125008,34204,mixed,False,False
51326714,53.25,50.2,50.45454545454545,46.9,0.10539632497215698,0.07779727762566717,200.80454545454546,132.931244,34.5125008,34204,mixed,False,False
51326717,216.0,23.0,116.83333333333333,15.0,2.9614175376809486,0.8865793688740016,370.8333333333333,132.96875,34.5125008,34204,office,False,False
51326719,17.666666666666668,14.5,29.666666666666668,11.0,1.4313393116079445,-0.7478129764031985,72.83333333333334,132.993744,34.5125008,34204,office,False,False
51326722,92.08333333333333,88.91666666666667,48.583333333333336,59.833333333333336,-0.300487960622555,0.9224785810782974,289.4166666666667,132.90625,34.5208321,34204,leisure,False,False
51326723,32.36363636363637,38.142857142857146,41.833333333333336,30.90909090909091,0.43662173572921137,-0.37027924090051534,143.24891774891776,132.918747,34.5208321,34204,mixed,False,False
51326727,34.6,25.333333333333332,24.2,15.0,0.6900445467787136,0.5157649903621302,99.13333333333334,132.96875,34.5208321,34204,office,False,False
51326728,20.0,15.666666666666666,12.25,10.0,0.29278174922784594,0.7072182507721542,57.916666666666664,132.981247,34.5208321,34204,leisure,False,False
51326730,39.0,19.714285714285715,28.181818181818183,26.142857142857142,0.10834787041050217,0.468709432225308,113.03896103896105,132.881256,34.5291672,34204,mixed,False,False
51326731,144.16666666666666,157.25,125.0,155.33333333333334,-0.3134393592710371,0.20580953714084374,581.75,132.893753,34.5291672,34204,mixed,False,False
51326733,128.0,123.75,129.66666666666666,134.33333333333334,-0.0510096835417756,-0.018663844265035614,515.75,132.918747,34.5291672,34204,mixed,False,False
51326735,22.22222222222222,19.0,23.916666666666668,24.75,-0.049412194125077934,-0.10601323762211942,89.88888888888889,132.943756,34.5291672,34204,mixed,False,False
51326736,32.0,21.0,29.666666666666668,15.0,0.9838803346367231,0.10922906975475839,97.66666666666667,132.956253,34.5291672,34204,office,False,False
51326737,61.2,83.28571428571429,63.333333333333336,103.8,-0.7127695258607267,-0.0494333598045022,311.6190476190476,132.96875,34.5291672,34204,residential,False,False
51326740,86.41666666666667,76.41666666666667,59.25,61.166666666666664,-0.04593050322379743,0.5444944291938105,283.25,132.881256,34.5374985,34204,mixed,False,False
51326741,16.0,13.0,13.5,23.0,-0.7686744538935442,0.24511249783653138,65.5,132.893753,34.5374985,34204,residential,False,False
51326742,18.875,21.25,56.72727272727273,17.0,1.7385077589746116,-1.5875658608998722,113.85227272727272,132.90625,34.5374985,34204,office,False,False
51326743,183.33333333333334,150.33333333333334,235.41666666666666,192.66666666666666,0.2891094696892335,-0.36074734377789025,761.75,132.918747,34.5374985,34204,mixed,False,False
51326744,39.916666666666664,49.2,29.454545454545453,34.8,-0.24059701671403833,0.4385009607676965,153.37121212121212,132.931244,34.5374985,34204,mixed,False,False
51326745,23.90909090909091,23.8,54.5,49.375,0.14247548171246122,-1.1886969541219212,151.58409090909092,132.943756,34.5374985,34204,mixed,False,False
51326746,55.0,60.6,88.91666666666667,50.90909090909091,0.8045305617955998,-0.6930222465786093,255.42575757575756,132.956253,34.5374985,34204,office,False,False
51326747,39.72727272727273,36.81818181818182,27.166666666666668,29.181818181818183,-0.10323221497508449,0.5482921973533798,132.8939393939394,132.96875,34.5374985,34204,mixed,False,False
51326748,121.41666666666667,352.75,63.77777777777778,374.9166666666667,-2.5554442256245142,0.9288407361099811,912.8611111111111,132.981247,34.5374985,34204,leisure,False,False
51326750,12.666666666666666,15.333333333333334,11.0,12.0,-0.12553088208385899,0.20353339408513188,51.0,132.881256,34.5458336,34204,mixed,False,False
51326755,294.5,258.5,490.5,331.4166666666667,0.5656069801351835,-0.7359855023887779,1374.9166666666667,132.943756,34.5458336,34204,mixed,False,False
51326756,62.333333333333336,29.09090909090909,128.75,64.54545454545455,0.9961850263158336,-1.0464966629041002,284.719696969697,132.956253,34.5458336,34204,office,False,False
51326763,123.91666666666667,137.75,110.0,129.58333333333334,-0.23637665077214917,0.17186671780660281,501.25,132.918747,34.5541649,34204,mixed,False,False
51326764,13.0,10.0,19.0,31.0,-0.7062687969432897,-0.5474877953024933,73.0,132.931244,34.5541649,34204,residential,False,False
51326765,63.75,137.25,16.1,148.33333333333334,-3.203710241905349,1.9853646536316032,365.43333333333334,132.943756,34.5541649,34204,leisure,False,False
51326766,28.8,21.5,31.3,13.5,1.2132032498817873,-0.12009384549030604,95.1,132.956253,34.5541649,34204,office,False,False
51326768,64.66666666666667,110.0,89.0,152.0,-0.7721940824771878,-0.46078308950042624,415.6666666666667,132.981247,34.5541649,34204,residential,False,False
51326772,69.75,156.66666666666666,45.0,156.16666666666666,-1.7950896406083559,0.632268215499513,427.58333333333326,132.90625,34.5625,34204,leisure,False,False
51326774,39.27272727272727,26.625,12.8,21.333333333333332,-0.736965594166206,1.6173839784135335,100.0310606060606,132.931244,34.5625,34204,leisure,False,False
51326775,23.916666666666668,40.25,18.142857142857142,38.0,-1.0665977487290237,0.3986146612399699,120.30952380952381,132.943756,34.5625,34204,residential,False,False
51326776,57.833333333333336,108.83333333333333,21.09090909090909,109.83333333333333,-2.3806227777966207,1.45527997536683,297.59090909090907,132.956253,34.5625,34204,leisure,False,False
51326777,22.2,26.125,16.9,28.0,-0.7284035806627822,0.3935364300679217,93.225,132.96875,34.5625,34204,residential,False,False
51326782,23.285714285714285,21.5,11.0,12.75,-0.21299372333419825,1.081941613536176,68.53571428571428,132.90625,34.5708351,34204,leisure,False,False
51326787,101.63636363636364,125.7,121.0,158.33333333333334,-0.38795796522255954,-0.2515903830687017,506.669696969697,132.96875,34.5708351,34462,mixed,False,False
51326788,72.83333333333333,82.83333333333333,145.91666666666666,161.91666666666666,-0.15010681715178678,-1.0024738989329594,463.49999999999994,132.981247,34.5708351,34462,mixed,False,False
51326797,19.88888888888889,20.4,14.8,10.5,0.49520784796282724,0.4263655050803566,65.58888888888889,132.96875,34.5791664,34462,mixed,False,False
51326798,91.5,199.91666666666666,117.58333333333333,148.25,-0.33434852266989573,-0.3618399335920654,557.25,132.981247,34.5791664,34462,mixed,False,False
51326799,211.16666666666666,231.16666666666666,209.83333333333334,207.16666666666666,0.018451986666531587,0.009138241421792731,859.3333333333333,132.993744,34.5791664,34462,mixed,False,False
51327111,304.5,127.5,106.8,13.333333333333334,3.0018022426339854,1.5115305811061408,552.1333333333333,132.143753,34.5958328,34368,office,False,False
51327116,212.58333333333334,186.66666666666666,44.54545454545455,163.41666666666666,-1.8752049991057194,2.2546783625160427,607.2121212121211,132.206253,34.5958328,34368,leisure,False,False
51327117,49.0,17.6,23.166666666666668,14.333333333333334,0.6926763180214095,1.0807312721128568,104.1,132.21875,34.5958328,34368,office,False,False
51327121,51.5,37.0,11.5,15.0,-0.38332863955150553,2.1629385711262055,115.0,132.143753,34.6041679,34368,leisure,False,False
51327166,40.2,20.333333333333332,10.333333333333334,11.0,-0.09019780897157814,1.9598897866258471,81.86666666666667,132.206253,34.6375008,34368,leisure,False,False
51327176,47.0,27.666666666666668,12.4,10.0,0.3103401206121505,1.9223206361781244,97.06666666666668,132.206253,34.6458321,34368,leisure,False,False
51327177,72.16666666666667,56.111111111111114,20.363636363636363,27.0,-0.4069641987431617,1.825337410585262,175.64141414141415,132.21875,34.6458321,34368,leisure,False,False
51327179,41.4,15.333333333333334,22.666666666666668,17.0,0.415037499278844,0.8690585220827797,96.39999999999999,132.243744,34.6458321,34368,leisure,False,False
51327185,38.0,27.7,13.6,29.285714285714285,-1.1065904310848649,1.4823927670806085,108.58571428571429,132.193756,34.6541672,34368,leisure,False,False
51327187,22.428571428571427,43.0,30.0,77.0,-1.3598959450863828,-0.41962476877449584,172.42857142857142,132.21875,34.6541672,34368,residential,False,False
51327189,249.33333333333334,290.25,171.16666666666666,300.8333333333333,-0.8135626554563383,0.5426739935694418,1011.5833333333334,132.243744,34.6541672,34368,residential,False,False
51327194,21.5,22.428571428571427,23.7,20.375,0.21808699977981913,-0.14055039930879878,88.00357142857143,132.181244,34.6624985,34369,mixed,False,False
51327195,41.63636363636363,171.08333333333334,25.375,165.16666666666666,-2.7024428292801557,0.7144362522744704,403.2613636363636,132.193756,34.6624985,34368,leisure,False,False
51327198,20.666666666666668,13.0,11.0,10.0,0.13750352374993502,0.9098021910284219,54.66666666666667,132.231247,34.6624985,34368,leisure,False,False
51327199,69.75,78.41666666666667,21.90909090909091,54.166666666666664,-1.3058756896019963,1.670663594236523,224.24242424242425,132.243744,34.6624985,34368,leisure,False,False
51327202,23.0,25.11111111111111,14.5,15.333333333333334,-0.0806184602082846,0.6655809609294409,77.94444444444444,132.28125,34.5875015,34368,leisure,False,False
51327203,243.83333333333334,174.75,484.9166666666667,108.75,2.1567214392940763,-0.9918414766128361,1012.2500000000001,132.293747,34.5875015,34368,office,False,False
51327205,19.0,23.0,16.2,18.142857142857142,-0.16340785671729946,0.23000560544632323,76.34285714285714,132.318756,34.5875015,34368,mixed,False,False
51327206,150.41666666666666,258.3333333333333,38.5,253.66666666666666,-2.720003602087488,1.9660340803584757,700.9166666666665,132.331253,34.5875015,34368,leisure,False,False
51327208,85.58333333333333,119.83333333333333,38.333333333333336,106.33333333333333,-1.471922562820494,1.1587304153738196,350.0833333333333,132.356247,34.5875015,34368,leisure,False,False
51327209,59.22222222222222,65.0,58.75,65.5,-0.15690605497245055,0.01154977475186363,248.47222222222223,132.368744,34.5875015,34368,mixed,False,False
51327213,50.916666666666664,38.166666666666664,14.333333333333334,13.0,0.1408625358398497,1.8287638151166314,116.41666666666666,132.293747,34.5958328,34368,leisure,False,False
51327214,14.0,13.0,14.8,12.0,0.3025627700204313,-0.08017034868398333,53.8,132.306244,34.5958328,34368,mixed,False,False
51327215,196.0,230.33333333333334,259.25,247.25,0.06837346805411489,-0.4034903346980174,932.8333333333334,132.318756,34.5958328,34368,mixed,False,False
51327220,25.285714285714285,23.25,44.166666666666664,26.166666666666668,0.7552278005589343,-0.804635420704012,118.86904761904762,132.256256,34.6041679,34368,office,False,False
51327224,29.666666666666668,26.4,33.75,15.333333333333334,1.1382161417149743,-0.18604466680558918,105.15,132.306244,34.6041679,34368,office,False,False
51327225,52.166666666666664,23.25,141.41666666666666,39.666666666666664,1.8339530862347198,-1.4387520026100449,256.5,132.318756,34.6041679,34368,office,False,False
51327230,23.666666666666668,25.666666666666668,25.75,29.0,-0.17148046794435365,-0.12171590839969239,104.08333333333334,132.256256,34.6124992,34368,mixed,False,False
51327231,136.91666666666666,145.66666666666666,123.91666666666667,145.91666666666666,-0.23577443638113904,0.14392783289765562,552.4166666666666,132.268753,34.6124992,34368,mixed,False,False
51327235,634.0833333333334,484.3333333333333,992.0833333333334,480.3333333333333,1.046425379982949,-0.6457888530727832,2590.8333333333335,132.318756,34.6124992,34368,office,False,False
51327236,12.5,22.0,41.7,32.8,0.3463515688265801,-1.7381192887825767,109.0,132.331253,34.6124992,34368,mixed,False,False
51327242,27.1,26.25,25.0,37.25,-0.5753123306874368,0.11636475669178462,115.6,132.28125,34.6208344,34368,mixed,False,False
51327245,306.0833333333333,503.0833333333333,226.5,545.3333333333334,-1.2676272921743577,0.43441343996426635,1581.0,132.318756,34.6208344,34368,residential,False,False
51327263,130.5,84.33333333333333,68.41666666666667,46.2,0.5664549645279534,0.9316300855132358,329.45,132.293747,34.6375008,34368,leisure,False,False
51327264,52.1,18.0,137.75,41.666666666666664,1.7250867246302268,-1.4026970411800117,249.51666666666665,132.306244,34.6375008,34368,office,False,False
51327273,34.09090909090909,18.571428571428573,16.625,24.166666666666668,-0.5396641537925887,1.0360327312447566,93.45400432900433,132.293747,34.6458321,34368,leisure,False,False
51327285,98.0,104.5,86.0,87.5,-0.02494635713023084,0.1884450894131103,376.0,132.318756,34.6541672,34368,mixed,False,False
51327294,123.58333333333333,197.25,83.08333333333333,203.5,-1.2923977905892075,0.5728531880564346,607.4166666666666,132.306244,34.6624985,34368,residential,False,False
51327295,43.833333333333336,27.8,21.714285714285715,22.125,-0.027032958697016014,1.0133838971851648,115.47261904761905,132.318756,34.6624985,34368,leisure,False,False
51327300,39.4,52.333333333333336,22.166666666666668,47.625,-1.1033272527132885,0.8298037897889804,161.525,132.381256,34.5875015,34368,leisure,False,False
51327303,84.91666666666667,127.0,25.0,125.0,-2.321928094887362,1.764119645669933,361.9166666666667,132.418747,34.5875015,34106,leisure,False,True
51327306,179.41666666666666,190.25,189.41666666666666,213.91666666666666,-0.1754856117575705,-0.07824936465061398,773.0,132.456253,34.5875015,34106,mixed,False,True
51327307,258.8333333333333,302.9166666666667,272.1666666666667,236.5,0.20265020150114357,-0.07246696117439388,1070.4166666666667,132.46875,34.5875015,34106,mixed,False,True
51327308,539.3333333333334,218.08333333333334,433.4166666666667,112.41666666666667,1.9468986896479328,0.31542256983377714,1303.25,132.481247,34.5875015,34106,office,False,True
51327314,47.55555555555556,43.4,25.7,51.875,-1.0132710719277713,0.8878455306523189,168.53055555555557,132.431244,34.5958328,34106,leisure,False,True
51327316,41.416666666666664,12.666666666666666,18.727272727272727,16.0,0.22706890854592107,1.145070632295209,88.81060606060606,132.456253,34.5958328,34106,leisure,False,True
51327317,39.333333333333336,30.5,11.5,32.6,-1.5032381032867026,1.7741185925836722,113.93333333333334,132.46875,34.5958328,34106,leisure,False,True
51327318,66.33333333333333,29.666666666666668,43.5,15.0,1.5360529002402097,0.6087186239737643,154.5,132.481247,34.5958328,34106,office,False,True
51327319,37.333333333333336,23.0,23.75,11.25,1.078002512001273,0.6525368130055,95.33333333333334,132.493744,34.5958328,34106,office,False,True
51327321,12.0,14.0,10.0,11.0,-0.13750352374993496,0.2630344058337938,47.0,132.393753,34.6041679,34368,mixed,False,False
51327324,35.42857142857143,46.875,14.5,40.714285714285715,-1.4894821918669279,1.288860393201699,137.51785714285714,132.431244,34.6041679,34369,leisure,False,False
51327325,205.66666666666666,319.3333333333333,129.66666666666666,317.0833333333333,-1.2900543934047157,0.665500334163226,971.75,132.443756,34.6041679,34369,leisure,False,False
51327326,74.75,168.08333333333334,83.66666666666667,163.08333333333334,-0.9628844866760318,-0.1625793790315108,489.58333333333337,132.456253,34.6041679,34369,residential,False,False
51327329,105.41666666666667,43.36363636363637,64.91666666666667,48.75,0.4131867035909025,0.6994421515200032,262.4469696969697,132.493744,34.6041679,34369,leisure,False,False
51327335,30.833333333333332,32.27272727272727,23.571428571428573,21.2,0.152974932512375,0.3874516676069441,107.87748917748917,132.443756,34.6124992,34369,mixed,False,False
51327336,99.0,115.66666666666667,22.727272727272727,177.3,-2.9636960599865367,2.12300395405482,414.6939393939394,132.456253,34.6124992,34369,leisure,False,False
51327337,25.0,26.5,12.0,15.0,-0.3219280948873623,1.0588936890535685,78.5,132.46875,34.6124992,34106,leisure,False,True
51327339,47.583333333333336,27.666666666666668,23.916666666666668,10.0,1.2580163310671693,0.9924400086871551,109.16666666666667,132.493744,34.6124992,34369,office,False,False
51327341,30.636363636363637,26.375,31.75,14.666666666666666,1.114215568856025,-0.0515115242276046,103.4280303030303,132.393753,34.6208344,34369,office,False,False
51327345,41.6,89.41666666666667,42.083333333333336,114.91666666666667,-1.4492671638748233,-0.016665453664271107,288.01666666666665,132.443756,34.6208344,34369,residential,False,False
51327346,66.41666666666667,35.2,37.5,28.083333333333332,0.41717641003517875,0.8246547227734349,167.2,132.456253,34.6208344,34369,leisure,False,False
51327351,16.666666666666668,16.0,31.8,11.0,1.5315232417596958,-0.9320611713434244,75.46666666666667,132.393753,34.6291656,34369,office,False,False
51327355,84.66666666666667,69.14285714285714,81.66666666666667,55.75,0.5507755383611098,0.05204674776959529,291.2261904761905,132.443756,34.6291656,34369,mixed,False,False
51327356,75.0,35.0,58.916666666666664,51.083333333333336,0.20582314111861713,0.3482147864076382,220.0,132.456253,34.6291656,34369,mixed,False,False
51327357,16.285714285714285,15.0,15.5,11.0,0.49476469174957804,0.07133878172026221,57.785714285714285,132.46875,34.6291656,34369,mixed,False,False
51327358,15.0,17.333333333333332,24.0,10.0,1.2630344058337937,-0.6780719051126377,66.33333333333333,132.481247,34.6291656,34369,office,False,False
51327361,21.333333333333332,25.5,20.333333333333332,18.0,0.17584983539941762,0.06926266243711379,85.16666666666666,132.393753,34.6375008,34369,mixed,False,False
51327362,27.8,14.0,79.5,26.5,1.584962500721156,-1.51586997744821,147.8,132.40625,34.6375008,34369,office,False,False
51327365,25.666666666666668,46.5,40.583333333333336,17.22222222222222,1.236616057529261,-0.6609914213874409,129.97222222222223,132.443756,34.6375008,34369,office,False,False
51327366,60.833333333333336,45.875,43.333333333333336,59.8,-0.46466826700344416,0.48938484073892496,209.84166666666667,132.456253,34.6375008,34369,mixed,False,False
51327367,15.6,26.5,10.5,22.0,-1.0671141958585368,0.5711567011961257,74.6,132.46875,34.6375008,34369,residential,False,False
51327371,95.45454545454545,230.83333333333334,73.08333333333333,249.5,-1.7714254736136839,0.3852714621926109,648.8712121212121,132.393753,34.6458321,34369,residential,False,False
51327372,25.0,24.333333333333332,22.666666666666668,12.6,0.8471485119166292,0.1413558492455413,84.6,132.40625,34.6458321,34369,office,False,False
51327374,62.166666666666664,162.83333333333334,39.2,144.41666666666666,-1.8813116892111674,0.6652875703062355,408.6166666666667,132.431244,34.6458321,34369,leisure,False,False
51327375,656.3333333333334,105.83333333333333,120.58333333333333,49.666666666666664,1.279680686069563,2.444398189369829,932.4166666666667,132.443756,34.6458321,34369,office,False,False
51327376,59.583333333333336,107.5,20.5,86.14285714285714,-2.071107265224397,1.539284926326512,273.7261904761905,132.456253,34.6458321,34369,leisure,False,False
51327381,103.83333333333333,57.27272727272727,331.0,59.9,2.4662033089057944,-1.6725615545043722,552.0060606060606,132.393753,34.6541672,34369,office,False,False
51327382,52.8,39.8,83.58333333333333,54.57142857142857,0.6150694839128799,-0.6626773654199335,230.7547619047619,132.40625,34.6541672,34369,office,False,False
51327383,28.727272727272727,20.0,24.916666666666668,18.6,0.42180845725627986,0.2053099560628566,92.2439393939394,132.418747,34.6541672,34369,mixed,False,False
51327384,77.0,86.5,191.08333333333334,72.3,1.4021343967958821,-1.311271598164736,426.8833333333333,132.431244,34.6541672,34369,office,False,False
51327391,12.0,27.0,13.5,14.333333333333334,-0.0864147518174732,-0.16992500144231246,66.83333333333334,132.393753,34.6624985,34369,mixed,False,False
51327392,46.72727272727273,20.166666666666668,113.0,20.375,2.4714508081841102,-1.273986031858607,200.26893939393938,132.40625,34.6624985,34369,office,False,False
51327405,50.166666666666664,30.545454545454547,51.5,22.857142857142858,1.17192735435346,-0.037843351144672556,155.06926406926408,132.568756,34.5875015,34214,office,False,False
51327406,460.5,355.0833333333333,361.3333333333333,436.1666666666667,-0.2715491676941634,0.34987080545862026,1613.0833333333333,132.581253,34.5875015,34214,mixed,False,False
51327416,129.0,154.25,66.91666666666667,70.0,-0.06498934014880808,0.9469335786270958,420.1666666666667,132.581253,34.5958328,34214,leisure,False,False
51327417,145.25,175.33333333333334,139.41666666666666,155.58333333333334,-0.15828448218784955,0.059135124087332375,615.5833333333334,132.59375,34.5958328,34214,mixed,False,False
51327424,21.333333333333332,20.0,15.75,18.0,-0.19264507794239588,0.43775757577892727,75.08333333333333,132.556244,34.6041679,34369,mixed,False,False
51327427,97.5,40.666666666666664,90.83333333333333,51.0,0.8327245769716368,0.10218039480647817,280.0,132.59375,34.6041679,34214,office,False,False
51327430,51.25,29.444444444444443,46.333333333333336,15.6,1.5705044480274652,0.1455015275030948,142.6277777777778,132.506256,34.6124992,34369,office,False,False
51327433,49.333333333333336,12.5,73.16666666666667,16.5,2.1487205094557487,-0.5686237639064085,151.5,132.543747,34.6124992,34369,office,False,False
51327437,399.5,397.0,369.5833333333333,377.0,-0.028664824801394227,0.11229580446070682,1543.0833333333333,132.59375,34.6124992,34214,mixed,False,False
51327438,92.5,61.5,102.58333333333333,61.083333333333336,0.7479456583506453,-0.1492710852469889,317.66666666666663,132.606247,34.6124992,34214,office,False,False
51327440,88.83333333333333,30.545454545454547,64.5,24.7,1.3847881187259388,0.46180196661476547,208.57878787878786,132.506256,34.6208344,34369,office,False,False
51327444,121.75,300.1666666666667,25.571428571428573,325.75,-3.671160513361482,2.25131710687569,773.2380952380952,132.556244,34.6208344,34369,leisure,False,False
51327448,441.6666666666667,208.83333333333334,513.8333333333334,233.75,1.13633411861102,-0.21834252976925128,1398.0833333333333,132.606247,34.6208344,34214,office,False,False
51327449,59.833333333333336,89.33333333333333,236.16666666666666,156.16666666666666,0.5967188052588318,-1.980784009094967,541.5,132.618744,34.6208344,34214,office,False,False
51327450,123.83333333333333,92.9090909090909,82.08333333333333,86.58333333333333,-0.07700002456047321,0.5932384861948576,385.4090909090909,132.506256,34.6291656,34369,leisure,False,False
51327454,84.8,133.33333333333334,81.3,162.375,-0.9980022682602159,0.06080891248817155,461.8083333333334,132.556244,34.6291656,34369,residential,False,False
51327458,188.5,28.0,81.83333333333333,32.857142857142854,1.316481584706766,1.2038039996751275,331.19047619047615,132.606247,34.6291656,34214,office,False,False
51327459,135.08333333333334,69.41666666666667,99.33333333333333,53.75,0.886013170151545,0.4434998550553802,357.5833333333333,132.618744,34.6291656,34214,office,False,False
51327460,104.0,106.45454545454545,71.33333333333333,118.33333333333333,-0.7302082279908976,0.5439352324611015,400.12121212121207,132.506256,34.6375008,34369,residential,False,False
51327461,69.16666666666667,33.714285714285715,46.666666666666664,13.11111111111111,1.8316024683042813,0.5676845092893209,162.65873015873018,132.518753,34.6375008,34369,office,False,False
51327465,49.416666666666664,15.666666666666666,75.66666666666667,10.0,2.9196578916823968,-0.6146601927449116,150.75,132.568756,34.6375008,34369,office,False,False
51327469,88.0,57.09090909090909,148.16666666666666,90.16666666666667,0.7165548250029544,-0.7516454894713164,383.4242424242424,132.618744,34.6375008,34214,office,False,False
51327470,226.91666666666666,436.5,295.0833333333333,438.5,-0.5714544047749732,-0.3789598613471202,1397.0,132.506256,34.6458321,34369,mixed,False,False
51327471,353.6666666666667,328.9166666666667,495.6666666666667,317.1666666666667,0.6441290857783967,-0.4869799911376538,1495.4166666666667,132.518753,34.6458321,34369,office,False,False
51327473,17.666666666666668,40.0,15.333333333333334,19.666666666666668,-0.35908109330482835,0.20435849850618631,92.66666666666667,132.543747,34.6458321,34369,mixed,False,False
51327474,17.5,25.5,17.833333333333332,12.25,0.5417946415647824,-0.02722146873502415,73.08333333333333,132.556244,34.6458321,34369,mixed,False,False
51327475,14.2,14.5,12.666666666666666,13.0,-0.03747470541866288,0.16485401189489032,54.36666666666666,132.568756,34.6458321,34369,mixed,False,False
51327478,68.33333333333333,21.8,34.916666666666664,22.0,0.666412314340898,0.9686736658060945,147.05,132.606247,34.6458321,34214,office,False,False
51327479,47.916666666666664,18.0,59.916666666666664,16.0,1.9048854597181415,-0.3224298146075603,141.83333333333331,132.618744,34.6458321,34214,office,False,False
51327480,76.66666666666667,34.0,533.8333333333334,72.0,2.890320580611215,-2.7997180318303085,716.5,132.506256,34.6541672,34369,office,False,False
51327481,120.41666666666667,64.75,218.75,82.83333333333333,1.4009996658785613,-0.8612479300528062,486.75,132.518753,34.6541672,34369,office,False,False
51327482,92.83333333333333,135.0,103.91666666666667,118.75,-0.1925004541097962,-0.16271223248963837,450.5,132.53125,34.6541672,34369,mixed,False,False
51327483,239.16666666666666,303.4166666666667,431.25,289.9166666666667,0.5728861836541596,-0.850508125711,1263.75,132.543747,34.6541672,34369,mixed,False,False
51327484,49.625,80.28571428571429,51.857142857142854,99.0,-0.9328858041414633,-0.06347561879518868,280.76785714285717,132.556244,34.6541672,34369,residential,False,False
51327485,20.444444444444443,48.6,31.5,61.833333333333336,-0.9730329523997306,-0.6236429688852161,162.3777777777778,132.568756,34.6541672,34369,residential,False,False
51327486,14.0,22.0,48.0,42.0,0.19264507794239583,-1.777607578663552,126.0,132.581253,34.6541672,34369,mixed,False,False
51327488,108.58333333333333,20.6,39.0,18.3,1.0916304754655681,1.4772566489847299,186.48333333333332,132.606247,34.6541672,34214,office,False,False
51327491,32.916666666666664,18.8,34.333333333333336,33.5,0.03544883600428976,-0.06079168411875325,119.55,132.518753,34.6624985,34369,mixed,False,False
51327492,346.5833333333333,436.0833333333333,341.0833333333333,500.0,-0.5518038339401585,0.023078018203271437,1623.7499999999998,132.53125,34.6624985,34369,mixed,False,False
51327493,64.66666666666667,76.2,118.16666666666667,46.583333333333336,1.342937344396326,-0.8697289750523883,305.6166666666667,132.543747,34.6624985,34369,office,False,False
51327495,27.6,22.6,17.333333333333332,15.75,0.13819729392001942,0.6711191444708708,83.28333333333333,132.568756,34.6624985,34369,leisure,False,False
51327498,84.33333333333333,31.25,32.25,14.5,1.153246260295682,1.3868038185498999,162.33333333333331,132.606247,34.6624985,34214,office,False,False
51327499,177.5,35.666666666666664,39.7,13.0,1.6106273841145033,2.160608112136449,265.8666666666667,132.618744,34.6624985,34214,office,False,False
51327501,18.0,14.0,10.5,12.0,-0.19264507794239588,0.777607578663552,54.5,132.643753,34.5875015,34106,leisure,False,True
51327502,27.125,45.0,17.333333333333332,11.666666666666666,0.5711567011961257,0.6460740150245434,101.125,132.65625,34.5875015,34106,leisure,False,True
51327503,61.916666666666664,26.454545454545453,127.5,42.0,1.6020360140800975,-1.0420975370414178,257.8712121212121,132.668747,34.5875015,34106,office,False,True
51327504,253.16666666666666,317.9166666666667,250.75,291.6666666666667,-0.2180708153863544,0.013837763168746606,1113.5,132.681244,34.5875015,34106,mixed,False,True
51327506,98.0,145.66666666666666,41.583333333333336,137.75,-1.7279750039550532,1.2367763394991036,423.0,132.706253,34.5875015,34214,leisure,False,False
51327507,54.833333333333336,21.0,16.0,16.0,0.0,1.7769812730140853,107.83333333333334,132.71875,34.5875015,34214,leisure,False,False
51327514,94.25,52.0,70.66666666666667,46.0,0.6193959977850303,0.4154627594266212,262.9166666666667,132.681244,34.5958328,34106,office,False,True
51327515,22.363636363636363,14.8,15.090909090909092,18.4,-0.2860260484600228,0.5674750739923151,70.65454545454546,132.693756,34.5958328,34214,mixed,False,False
51327517,64.5,159.4,36.666666666666664,120.71428571428571,-1.7190553963084392,0.8148300426197508,381.2809523809524,132.71875,34.5958328,34214,leisure,False,False
51327519,50.666666666666664,66.33333333333333,22.0,98.4,-2.1611547918145804,1.2035333940851318,237.39999999999998,132.743744,34.5958328,34214,leisure,False,False
51327524,294.0,446.25,61.0,437.0,-2.840752131937712,2.268935007273478,1238.25,132.681244,34.6041679,34214,leisure,False,False
51327525,153.58333333333334,65.36363636363636,235.25,61.416666666666664,1.9374926043546232,-0.6151730578189798,515.6136363636364,132.693756,34.6041679,34214,office,False,False
51327526,83.66666666666667,56.5,71.58333333333333,65.0,0.13918400738885267,0.2250292328123086,276.75,132.706253,34.6041679,34214,mixed,False,False
51327527,145.75,164.16666666666666,123.08333333333333,168.58333333333334,-0.4538264937934937,0.24386046315686338,601.5833333333334,132.71875,34.6041679,34214,mixed,False,False
51327528,26.625,47.833333333333336,15.857142857142858,50.333333333333336,-1.666381294311421,0.7476486759333363,140.64880952380952,132.731247,34.6041679,34214,leisure,False,False
51327529,22.88888888888889,16.0,13.0,13.333333333333334,-0.03652587602511404,0.8161358075998139,65.22222222222223,132.743744,34.6041679,34214,leisure,False,False
51327536,171.66666666666666,214.91666666666666,150.58333333333334,188.33333333333334,-0.3227262664379504,0.18904783120598107,725.5,132.706253,34.6124992,34214,mixed,False,False
51327537,757.1666666666666,889.9166666666666,965.5,916.4166666666666,0.0752725623200062,-0.3506653596150639,3528.9999999999995,132.71875,34.6124992,34214,mixed,False,False
51327538,231.83333333333334,282.5833333333333,142.75,285.6666666666667,-1.000841958028501,0.6995972684582402,942.8333333333333,132.731247,34.6124992,34214,leisure,False,False
51327539,166.66666666666666,265.5,204.66666666666666,271.4166666666667,-0.40723315902572416,-0.2963105607080923,908.25,132.743744,34.6124992,34214,mixed,False,False
51327541,21.666666666666668,32.0,29.0,16.5,0.8135868757691187,-0.42057568282027363,99.16666666666667,132.643753,34.6208344,34214,office,False,False
51327547,520.8333333333334,592.0,420.25,526.8333333333334,-0.3260988099471751,0.3095739644794882,2059.916666666667,132.71875,34.6208344,34214,mixed,False,False
51327548,28.11111111111111,27.75,33.45454545454545,21.77777777777778,0.6193454947468197,-0.2510617641677178,111.09343434343434,132.731247,34.6208344,34214,office,False,False
51327550,105.83333333333333,65.75,96.16666666666667,82.41666666666667,0.22260079788637158,0.13818527301404548,350.1666666666667,132.631256,34.6291656,34214,mixed,False,False
51327551,231.0,223.58333333333334,255.5,234.75,0.12219813328384682,-0.14543043952156387,944.8333333333334,132.643753,34.6291656,34214,mixed,False,False
51327552,46.55555555555556,37.125,44.63636363636363,11.0,2.0207159770400986,0.06073383657964362,139.3169191919192,132.65625,34.6291656,34214,office,False,False
51327556,114.58333333333333,36.625,215.33333333333334,31.4,2.7777351999685043,-0.9101744513945408,397.94166666666666,132.706253,34.6291656,34214,office,False,False
51327557,212.33333333333334,271.5833333333333,196.41666666666666,318.3636363636364,-0.6967582072672495,0.11241351900613315,998.6969696969697,132.71875,34.6291656,34214,residential,False,False
51327558,135.33333333333334,161.0,128.58333333333334,102.5,0.3270797463441329,0.07381357061444133,527.4166666666667,132.731247,34.6291656,34214,mixed,False,False
51327560,39.2,43.416666666666664,76.0,110.83333333333333,-0.5443205162238103,-0.9551457642157395,269.45,132.631256,34.6375008,34214,mixed,False,False
51327561,14.75,19.25,18.0,16.0,0.16992500144231237,-0.28728195208047114,68.0,132.643753,34.6375008,34214,mixed,False,False
51327562,118.25,73.91666666666667,156.41666666666666,83.58333333333333,0.9041070442186936,-0.4035540607703229,432.1666666666667,132.65625,34.6375008,34214,office,False,False
51327563,191.25,308.4166666666667,114.58333333333333,294.25,-1.360645202460216,0.7390625350017861,908.5,132.668747,34.6375008,34214,leisure,False,False
51327564,82.83333333333333,241.25,25.818181818181817,264.8333333333333,-3.358625407759978,1.6818240399737452,614.7348484848485,132.681244,34.6375008,34214,leisure,False,False
51327567,39.18181818181818,91.41666666666667,19.875,81.58333333333333,-2.037319593598183,0.9792294851674455,232.0568181818182,132.71875,34.6375008,34214,leisure,False,False
51327568,69.83333333333333,32.9,139.16666666666666,33.833333333333336,2.040296470176238,-0.9948259536620628,275.7333333333333,132.731247,34.6375008,34214,office,False,False
51327572,17.2,26.0,17.428571428571427,11.0,0.6639507968679847,-0.019045755690546503,71.62857142857143,132.65625,34.6458321,34214,office,False,False
51327573,440.1666666666667,276.8333333333333,626.4166666666666,287.8333333333333,1.1218889209686296,-0.5090727023304609,1631.25,132.668747,34.6458321,34214,office,False,False
51327574,414.3333333333333,288.4166666666667,996.5833333333334,382.0833333333333,1.383103118884189,-1.2661985563141207,2081.4166666666665,132.681244,34.6458321,34214,office,False,False
51327576,41.09090909090909,15.0,17.9,10.0,0.8399595874895316,1.1988596614009965,83.9909090909091,132.706253,34.6458321,34214,office,False,False
51327578,102.41666666666667,140.83333333333334,79.0,123.41666666666667,-0.6436126763905886,0.37452595147440265,445.66666666666674,132.731247,34.6458321,34214,residential,False,False
51327582,24.77777777777778,87.2,16.25,116.4,-2.840579434992467,0.608607085449538,244.6277777777778,132.65625,34.6541672,34214,leisure,False,False
51327583,101.16666666666667,103.91666666666667,64.33333333333333,95.5,-0.5699342914888247,0.6530956689876019,364.9166666666667,132.668747,34.6541672,34214,leisure,False,False
51327584,484.0833333333333,511.4166666666667,440.3333333333333,511.5833333333333,-0.21637320325550943,0.13665936327374903,1947.4166666666667,132.681244,34.6541672,34214,mixed,False,False
51327585,555.4166666666666,440.5833333333333,682.9166666666666,490.25,0.47819191307351594,-0.2981390740104856,2169.1666666666665,132.693756,34.6541672,34214,mixed,False,False
51327586,219.16666666666666,392.6666666666667,168.66666666666666,399.75,-1.2449231495071782,0.3778535094853545,1180.25,132.706253,34.6541672,34214,residential,False,False
51327588,103.16666666666667,113.63636363636364,83.0,94.16666666666667,-0.18210512523446928,0.31379366714618384,393.969696969697,132.731247,34.6541672,34214,mixed,False,False
51327589,124.0,155.33333333333334,74.45454545454545,161.58333333333334,-1.117846564381925,0.7359082873831639,515.3712121212121,132.743744,34.6541672,34214,leisure,False,False
51327592,82.16666666666667,159.33333333333334,38.25,158.41666666666666,-2.050192473234744,1.1030934929641036,438.16666666666663,132.65625,34.6624985,34214,leisure,False,False
51327593,294.4166666666667,21.125,128.83333333333334,18.0,2.839437101761379,1.192353429965805,462.375,132.668747,34.6624985,34214,office,False,False
51327594,74.125,188.41666666666666,86.33333333333333,193.0,-1.1606112503026826,-0.2199574924193939,541.875,132.681244,34.6624985,34214,residential,False,False
51327595,815.25,1012.25,717.5,1132.25,-0.6581418024870616,0.18426370418541527,3677.25,132.693756,34.6624985,34214,residential,False,False
51327596,2212.0833333333335,2369.4166666666665,3441.25,2567.8333333333335,0.4223811382549183,-0.6375269691929861,10590.583333333334,132.706253,34.6624985,34214,mixed,False,False
51327597,233.16666666666666,247.25,275.1666666666667,238.83333333333334,0.20430151065111243,-0.23894415774850486,994.4166666666666,132.71875,34.6624985,34214,mixed,False,False
51327598,20.333333333333332,16.333333333333332,16.25,22.333333333333332,-0.4587588767081617,0.3234070238132756,75.24999999999999,132.731247,34.6624985,34214,mixed,False,False
51327599,284.1666666666667,396.0,193.75,376.25,-0.9574952714854643,0.5525410230287788,1250.1666666666667,132.743744,34.6624985,34214,residential,False,False
51327603,23.454545454545453,12.0,81.0,31.2,1.376375878909739,-1.788054366098668,147.65454545454546,132.793747,34.5875015,34212,office,False,False
51327604,13.666666666666666,17.0,11.5,19.0,-0.7243655573865726,0.24902754783991457,61.166666666666664,132.806244,34.5875015,34212,residential,False,False
51327605,22.727272727272727,18.0,12.833333333333334,12.8,0.0037521348611076364,0.8245286260510445,66.36060606060606,132.818756,34.5875015,34212,leisure,False,False
51327606,36.5,20.571428571428573,11.0,11.5,-0.06413033741971558,1.73039294024272,79.57142857142857,132.831253,34.5875015,34212,leisure,False,False
51327613,17.333333333333332,11.75,30.5,25.166666666666668,0.27729509895896354,-0.8152601201429504,84.75,132.793747,34.5958328,34212,mixed,False,False
51327615,109.08333333333333,119.08333333333333,95.66666666666667,106.75,-0.15814783366595878,0.18934245526955285,430.5833333333333,132.818756,34.5958328,34212,mixed,False,False
51327616,52.1,86.0,20.833333333333332,93.72727272727273,-2.1695752147898806,1.3223896834502151,252.66060606060606,132.831253,34.5958328,34212,leisure,False,False
51327617,27.88888888888889,38.5,24.5,70.5,-1.5248415082835853,0.18690870839325152,161.38888888888889,132.84375,34.5958328,34212,residential,False,False
51327619,33.111111111111114,30.857142857142858,27.666666666666668,28.333333333333332,-0.03435150479077688,0.25916658839408063,119.96825396825398,132.868744,34.5958328,34212,mixed,False,False
51327620,54.0,90.72727272727273,35.166666666666664,109.8,-1.6425975561318076,0.6187508141774397,289.6939393939394,132.756256,34.6041679,34214,leisure,False,False
51327625,44.0,66.63636363636364,12.2,53.8,-2.140725024993738,1.8506223759617733,176.63636363636363,132.818756,34.6041679,34212,leisure,False,False
51327627,33.25,27.9,22.77777777777778,21.77777777777778,0.06477025539023781,0.5457273374380559,105.70555555555555,132.84375,34.6041679,34212,mixed,False,False
51327628,79.91666666666667,111.25,18.2,108.83333333333333,-2.580110135513941,2.1345579589856407,318.2,132.856247,34.6041679,34212,leisure,False,False
51327630,24.428571428571427,32.888888888888886,10.0,23.5,-1.232660756790275,1.2885694979409312,90.81746031746032,132.756256,34.6124992,34214,leisure,False,False
51327633,84.33333333333333,35.833333333333336,21.545454545454547,14.333333333333334,0.58800937628002,1.968719443712192,156.04545454545456,132.793747,34.6124992,34212,office,False,False
51327636,24.454545454545453,29.75,13.857142857142858,14.25,-0.040332094035218015,0.8194728237898032,82.31168831168831,132.831253,34.6124992,34209,leisure,False,False
51327637,24.5,18.0,19.5,27.0,-0.46948528330122025,0.32930762525295987,89.0,132.84375,34.6124992,34209,mixed,False,False
51327639,18.333333333333332,15.666666666666666,12.0,11.0,0.12553088208385882,0.6114347120823471,56.99999999999999,132.868744,34.6124992,34212,leisure,False,False
51327643,56.5,49.5,17.2,16.666666666666668,0.04544297076116681,1.7158423026004521,139.86666666666667,132.793747,34.6208344,34214,leisure,False,False
51327646,193.41666666666666,191.0,196.58333333333334,185.83333333333334,0.08113170843179551,-0.023428895894980345,766.8333333333334,132.831253,34.6208344,34209,mixed,False,False
51327647,39.5,27.5,57.8,36.0,0.683072586171004,-0.5492168394362135,160.8,132.84375,34.6208344,34209,office,False,False
51327657,37.75,71.63636363636364,33.5,63.25,-0.9169043842365375,0.17231554886730652,206.13636363636363,132.84375,34.6291656,34209,residential,False,False
51327659,23.8,22.9,11.25,21.0,-0.9004643264490856,1.0810365720909063,78.94999999999999,132.868744,34.6291656,34209,leisure,False,False
51327667,22.88888888888889,32.285714285714285,15.333333333333334,18.0,-0.23132554610645567,0.5779760704050493,88.5079365079365,132.84375,34.6375008,34209,mixed,False,False
51327668,47.0,22.0,22.272727272727273,16.5,0.43281220100681994,1.0773825313123642,107.77272727272728,132.856247,34.6375008,34209,leisure,False,False
51327678,109.66666666666667,192.33333333333334,29.666666666666668,180.75,-2.6070809067058764,1.8862103427688437,512.4166666666666,132.856247,34.6458321,34209,leisure,False,False
51327679,23.25,44.375,19.181818181818183,40.833333333333336,-1.0900078682115264,0.2774912410381433,127.64015151515152,132.868744,34.6458321,34209,residential,False,False
51327687,38.77777777777778,23.25,29.727272727272727,27.0,0.13882770469731673,0.3834430179065547,118.7550505050505,132.84375,34.6541672,34209,mixed,False,False
51327688,188.0,218.75,143.91666666666666,170.41666666666666,-0.2438327603001869,0.38549898486986944,721.0833333333333,132.856247,34.6541672,34209,mixed,False,False
51327689,123.41666666666667,151.66666666666666,106.16666666666667,144.16666666666666,-0.44140676026778636,0.21720636303254723,525.4166666666666,132.868744,34.6541672,34209,mixed,False,False
51327691,45.75,43.25,12.5,16.0,-0.3561438102252753,1.8718436485093177,117.5,132.768753,34.6624985,34214,leisure,False,False
51327694,23.1,27.11111111111111,10.0,14.0,-0.4854268271702417,1.207892851641333,74.21111111111111,132.806244,34.6624985,34209,leisure,False,False
51327696,33.44444444444444,72.22222222222223,23.90909090909091,78.0,-1.7059148482072433,0.4842073046623844,207.57575757575756,132.831253,34.6624985,34209,residential,False,False
51327697,101.25,47.36363636363637,189.58333333333334,52.9,1.8414925120256016,-0.9049102314802777,391.0969696969697,132.84375,34.6624985,34209,office,False,False
51327698,101.08333333333333,32.083333333333336,125.08333333333333,49.75,1.3301211403558835,-0.3073444265001782,307.99999999999994,132.856247,34.6624985,34209,office,False,False
51327703,23.25,22.75,17.5,17.5,0.0,0.40987579416306485,81.0,132.918747,34.5875015,34204,mixed,False,False
51327708,23.625,22.0,14.375,15.0,-0.061400544664143256,0.7167523732766975,75.0,132.981247,34.5875015,34462,leisure,False,False
51327709,28.75,17.5,12.0,11.0,0.12553088208385882,1.2605275502232192,69.25,132.993744,34.5875015,34462,leisure,False,False
51327713,21.142857142857142,16.0,33.77777777777778,10.0,1.7560744171139109,-0.6759040684299275,80.92063492063492,132.918747,34.5958328,34462,office,False,False
51327716,46.5,36.1,23.7,36.25,-0.6130939360040378,0.9723436570971347,142.55,132.956253,34.5958328,34462,leisure,False,False
51327717,312.3333333333333,312.5,333.5833333333333,201.91666666666666,0.7242872109361921,-0.09496066272835164,1160.3333333333333,132.96875,34.5958328,34462,office,False,False
51327718,159.91666666666666,139.25,106.08333333333333,97.5,0.12172388943059094,0.5921222922940222,502.75,132.981247,34.5958328,34462,leisure,False,False
51327722,150.33333333333334,99.0,140.91666666666666,86.41666666666667,0.7054607655967575,0.09332267884539779,476.66666666666663,132.90625,34.6041679,34462,office,False,False
51327726,96.83333333333333,77.81818181818181,17.545454545454547,17.0,0.04556257738044393,2.4644064340525893,209.1969696969697,132.956253,34.6041679,34462,leisure,False,False
51327727,29.666666666666668,18.0,19.4,10.5,0.8856673245210049,0.6127861829454764,77.56666666666666,132.96875,34.6041679,34462,office,False,False
51327728,90.11111111111111,14.666666666666666,34.833333333333336,14.0,1.3150417093021225,1.3712364714152339,153.61111111111111,132.981247,34.6041679,34462,office,False,False
51327732,14.666666666666666,14.75,15.0,16.0,-0.09310940439148147,-0.0324214776923775,60.416666666666664,132.90625,34.6124992,34462,mixed,False,False
51327734,65.33333333333333,58.125,50.833333333333336,28.363636363636363,0.8417323315041414,0.3620444116649593,202.65530303030303,132.931244,34.6124992,34462,office,False,False
51327735,19.833333333333332,19.0,10.666666666666666,10.0,0.09310940439148145,0.8948177633079435,59.5,132.943756,34.6124992,34462,leisure,False,False
51327736,38.0,44.0,22.714285714285715,13.5,0.7506405310632828,0.7423994802168341,118.21428571428572,132.956253,34.6124992,34462,office,False,False
51327739,43.45454545454545,15.25,20.583333333333332,28.0,-0.44395019119408274,1.07803045847993,107.28787878787878,132.993744,34.6124992,34462,leisure,False,False
51327743,37.333333333333336,14.5,140.08333333333334,14.333333333333334,3.2888392545340697,-1.9077490871785634,206.25000000000003,132.918747,34.6208344,34462,office,False,False
51327744,410.6666666666667,406.75,407.0,402.0,0.017833293087318423,0.01293905570749833,1626.4166666666667,132.931244,34.6208344,34462,mixed,False,False
51327745,20.166666666666668,18.0,11.0,10.0,0.13750352374993502,0.8744691179161412,59.16666666666667,132.943756,34.6208344,34462,leisure,False,False
51327751,153.08333333333334,173.83333333333334,40.666666666666664,182.75,-2.1679527591107073,1.9123985735484634,550.3333333333334,132.893753,34.6291656,34462,leisure,False,False
51327752,88.91666666666667,155.75,22.636363636363637,158.16666666666666,-2.8047314628691695,1.973811646672485,425.46969696969694,132.90625,34.6291656,34462,leisure,False,False
51327753,132.4,112.7,114.36363636363636,151.66666666666666,-0.4072756461229104,0.21127472367786343,511.13030303030297,132.918747,34.6291656,34462,mixed,False,False
51327754,68.8,67.0,48.0,72.66666666666667,-0.5982593233346142,0.5193741590935794,256.4666666666667,132.931244,34.6291656,34462,residential,False,False
51327758,268.3333333333333,52.333333333333336,55.27272727272727,20.5,1.4309438901882046,2.2793865774745345,396.43939393939394,132.981247,34.6291656,34462,office,False,False
51327760,123.83333333333333,116.0,116.83333333333333,106.5,0.13359851306362855,0.08394776652797319,463.16666666666663,132.881256,34.6375008,34462,mixed,False,False
51327761,284.5833333333333,335.6666666666667,206.75,306.8333333333333,-0.5695678914574754,0.4609638432850218,1133.8333333333333,132.893753,34.6375008,34462,mixed,False,False
51327762,39.0,77.0,22.25,151.75,-2.7698192752892843,0.8096687878958506,290.0,132.90625,34.6375008,34462,leisure,False,False
51327763,422.0,47.0,39.0,10.0,1.9634741239748859,3.435696969844937,518.0,132.918747,34.6375008,34462,office,False,False
51327769,31.875,30.25,20.25,15.0,0.43295940727610627,0.6545034339742333,97.375,132.993744,34.6375008,34462,leisure,False,False
51327770,23.857142857142858,17.6,15.75,16.333333333333332,-0.05246741989413554,0.5990694469165316,73.5404761904762,132.881256,34.6458321,34209,leisure,False,False
51327771,32.125,21.25,11.4,19.0,-0.7369655941662062,1.4946626299164987,83.775,132.893753,34.6458321,34462,leisure,False,False
51327775,29.0,51.5,35.0,89.0,-1.3464504140214313,-0.27130202181739427,204.5,132.943756,34.6458321,34462,residential,False,False
51327777,20.4,17.75,19.25,16.8,0.19639721280350333,0.08371070638923175,74.19999999999999,132.96875,34.6458321,34462,mixed,False,False
51327778,149.75,176.08333333333334,112.91666666666667,214.66666666666666,-0.926839741873383,0.407297557268708,653.4166666666666,132.981247,34.6458321,34462,residential,False,False
51327779,19.666666666666668,26.666666666666668,14.0,13.666666666666666,0.034765418160676624,0.4903256265830811,74.0,132.993744,34.6458321,34462,mixed,False,False
51327781,100.16666666666667,167.25,95.0,131.0,-0.4635673932065025,0.07640307165908133,493.4166666666667,132.893753,34.6541672,34462,mixed,False,False
51327787,41.2,48.81818181818182,20.375,51.5,-1.337772372952141,1.0158442780647787,161.89318181818183,132.96875,34.6541672,34462,leisure,False,False
51327789,57.666666666666664,136.83333333333334,22.875,145.08333333333334,-2.6650381486459027,1.333965888631526,362.45833333333337,132.993744,34.6541672,34462,leisure,False,False
51327791,55.09090909090909,46.4,29.428571428571427,24.666666666666668,0.2546547402178205,0.9045967597100395,155.5861471861472,132.893753,34.6624985,34462,leisure,False,False
51327792,38.09090909090909,44.8,18.636363636363637,15.0,0.3131578852596303,1.0313263341939056,116.52727272727273,132.90625,34.6624985,34462,leisure,False,False
51327793,46.55555555555556,23.0,26.25,17.333333333333332,0.5987683002461868,0.8266359145909166,113.13888888888889,132.918747,34.6624985,34462,office,False,False
51327794,17.4,17.75,24.25,21.75,0.15696934633839948,-0.47889744122576194,81.15,132.931244,34.6624985,34462,mixed,False,False
51327796,79.22222222222223,94.18181818181819,68.72727272727273,105.8,-0.6223850116428877,0.20502245941780028,347.9313131313131,132.956253,34.6624985,34209,residential,False,False
51327799,40.5,20.666666666666668,73.25,35.285714285714285,1.0537445448951746,-0.8549068515376231,169.70238095238093,132.993744,34.6624985,34462,office,False,False
51333007,15.0,25.0,16.0,10.0,0.6780719051126377,-0.09310940439148147,66.0,133.09375,34.2541656,34205,office,False,False
51333015,94.91666666666667,20.571428571428573,36.583333333333336,21.0,0.8007972060354417,1.3754749021727537,173.07142857142858,133.068756,34.2625008,34205,office,False,False
51333016,217.58333333333334,94.58333333333333,103.5,48.75,1.0861566437497145,1.0719372840923604,464.4166666666667,133.081253,34.2625008,34205,office,False,False
51333017,182.58333333333334,83.72727272727273,158.33333333333334,40.4,1.9705378146327217,0.20559006577191233,465.04393939393947,133.09375,34.2625008,34205,office,False,False
51333018,305.25,252.08333333333334,344.75,257.0833333333333,0.42331446819835633,-0.17555925652657722,1159.1666666666665,133.106247,34.2625008,34205,mixed,False,False
51333027,47.833333333333336,52.77777777777778,29.7,44.666666666666664,-0.5887356638232126,0.6875534000411283,174.97777777777776,133.09375,34.2708321,34205,leisure,False,False
51333028,88.41666666666667,66.72727272727273,66.5,41.25,0.6889602212553738,0.410964004692419,262.89393939393943,133.106247,34.2708321,34205,office,False,False
51333029,212.91666666666666,277.0833333333333,142.25,266.75,-0.907059618517843,0.5818602327972455,899.0,133.118744,34.2708321,34205,residential,False,False
51333035,210.25,51.666666666666664,56.583333333333336,22.857142857142858,1.3077320906938175,1.8936567267315685,341.3571428571429,133.068756,34.2791672,34205,office,False,False
51333036,119.25,213.66666666666666,58.81818181818182,206.0,-1.808310243828008,1.0196551726503011,597.7348484848485,133.081253,34.2791672,34205,leisure,False,False
51333038,37.833333333333336,31.428571428571427,24.916666666666668,32.857142857142854,-0.3990959554098221,0.60254681309281,127.03571428571429,133.106247,34.2791672,34205,leisure,False,False
51333039,384.25,480.5833333333333,335.25,491.6666666666667,-0.5524432165109359,0.19680792778629744,1691.75,133.118744,34.2791672,34205,mixed,False,False
51333045,18.375,27.5,11.0,12.0,-0.12553088208385899,0.7402407261990671,68.875,133.068756,34.2874985,34205,leisure,False,False
51333046,41.5,28.555555555555557,21.666666666666668,17.25,0.3288808555291293,0.9376341190396263,108.97222222222223,133.081253,34.2874985,34205,leisure,False,False
51333049,34.75,20.0,29.333333333333332,20.0,0.5525410230287786,0.24447195480736653,104.08333333333333,133.118744,34.2874985,34205,mixed,False,False
51333056,271.6666666666667,273.3333333333333,152.5,224.41666666666666,-0.557370581330267,0.8330283159470353,921.9166666666665,133.081253,34.2958336,34205,leisure,False,False
51333057,50.083333333333336,35.57142857142857,28.181818181818183,40.2,-0.512430809654626,0.829565893353089,154.0365800865801,133.09375,34.2958336,34205,leisure,False,False
51333065,24.857142857142858,21.2,16.0,19.0,-0.24792751344358557,0.6355885737911242,81.05714285714286,133.068756,34.3041649,34205,leisure,False,False
51333066,980.5833333333334,978.0833333333334,841.25,887.0833333333334,-0.07653503912082081,0.22110564107493597,3687.0000000000005,133.081253,34.3041649,34205,mixed,False,False
51333067,2657.5,2036.75,2258.8333333333335,1972.0833333333333,0.1958573100246092,0.23449186548928797,8925.166666666668,133.09375,34.3041649,34205,mixed,False,False
51333068,616.5833333333334,663.1666666666666,771.75,667.3333333333334,0.20972600950028733,-0.32383768489599374,2718.8333333333335,133.106247,34.3041649,34205,mixed,False,False
51333069,184.41666666666666,248.5,118.0,180.25,-0.6112123998789811,0.6441821857180142,731.1666666666666,133.118744,34.3041649,34205,leisure,False,False
51333076,108.41666666666667,182.83333333333334,69.66666666666667,177.75,-1.3513091182596886,0.6380461146369126,538.6666666666667,133.081253,34.3125,34205,leisure,False,False
51333077,306.25,281.6666666666667,569.8333333333334,292.0833333333333,0.9641599785354091,-0.8958301728223055,1449.8333333333335,133.09375,34.3125,34205,office,False,False
51333078,160.41666666666666,110.08333333333333,197.58333333333334,84.33333333333333,1.2282863727876978,-0.30063721701238205,552.4166666666667,133.106247,34.3125,34205,office,False,False
51333079,299.6666666666667,139.83333333333334,314.1666666666667,141.66666666666666,1.1490297771309625,-0.06817150264157922,895.3333333333334,133.118744,34.3125,34205,office,False,False
51333087,20.5,17.5,17.4,13.0,0.4205756828202737,0.23653660365671794,68.4,133.09375,34.3208351,34204,mixed,False,False
51333091,48.333333333333336,15.25,31.416666666666668,14.0,1.166103290489904,0.6214883767462702,109.0,133.018753,34.3291664,34204,office,False,False
51333092,77.25,23.90909090909091,69.0,22.8,1.5975625375007896,0.16293857112620563,192.95909090909092,133.03125,34.3291664,34204,office,False,False
51333096,15.0,13.0,13.0,16.0,-0.2995602818589078,0.20645087746742624,57.0,133.081253,34.3291664,34205,mixed,False,False
51333097,18.75,17.0,11.0,11.0,0.0,0.7693870718585837,57.75,133.09375,34.3291664,34204,leisure,False,False
51333098,128.91666666666666,155.5,86.33333333333333,131.25,-0.6043278255880873,0.5784491937624817,502.0,133.106247,34.3291664,34204,residential,False,False
51333125,85.25,93.27272727272727,110.41666666666667,80.58333333333333,0.4544045648610827,-0.37318621459259527,369.52272727272725,133.193756,34.2708321,34205,mixed,False,False
51333130,120.0,177.0909090909091,147.83333333333334,144.5,0.03290211107922886,-0.30093719797138935,589.4242424242425,133.131256,34.2791672,34205,mixed,False,False
51333134,709.9166666666666,795.4166666666666,1439.5,967.6666666666666,0.5729857176579292,-1.0198461995132582,3912.4999999999995,133.181244,34.2791672,34205,mixed,False,False
51333135,449.4166666666667,338.0833333333333,877.3333333333334,379.5833333333333,1.2087084350458284,-0.9650714552246813,2044.4166666666667,133.193756,34.2791672,34205,office,False,False
51333140,153.41666666666666,84.91666666666667,102.25,63.90909090909091,0.6780077725065108,0.5853543776870014,404.49242424242425,133.131256,34.2874985,34205,office,False,False
51333141,208.41666666666666,199.75,219.91666666666666,207.66666666666666,0.08268728230226649,-0.07748629314529838,835.75,133.143753,34.2874985,34205,mixed,False,False
51333144,1767.0833333333333,2021.9166666666667,2078.5,2098.75,-0.01398757720002005,-0.23417267086173163,7966.25,133.181244,34.2874985,34205,mixed,False,False
51333145,287.6666666666667,355.75,175.41666666666666,336.8333333333333,-0.9412490884259768,0.7136122312251968,1155.6666666666667,133.193756,34.2874985,34205,leisure,False,False
51333146,33.833333333333336,20.5,16.666666666666668,22.5,-0.43295940727610605,1.0214797274104515,93.5,133.206253,34.2874985,34205,leisure,False,False
51333151,89.83333333333333,83.58333333333333,61.666666666666664,77.08333333333333,-0.3219280948873623,0.5427600022361934,312.16666666666663,133.143753,34.2958336,34205,mixed,False,False
51333152,445.5833333333333,475.6666666666667,391.3333333333333,409.0,-0.06370284055285287,0.18729726828856602,1721.5833333333333,133.15625,34.2958336,34205,mixed,False,False
51333153,1233.25,1052.1666666666667,1791.0,1102.0,0.7006411134148037,-0.5383000499914686,5178.416666666667,133.168747,34.2958336,34205,office,False,False
51333154,437.8333333333333,425.0,484.25,400.0833333333333,0.2754515186658155,-0.1453702541907782,1747.1666666666665,133.181244,34.2958336,34205,mixed,False,False
51333155,556.25,818.75,482.5,753.5833333333334,-0.6432381154796896,0.2052044885856798,2611.0833333333335,133.193756,34.2958336,34205,residential,False,False
51333160,75.91666666666667,171.66666666666666,52.333333333333336,170.75,-1.7060835201196196,0.5366864949104238,470.66666666666663,133.131256,34.3041649,34205,residential,False,False
51333161,118.25,49.45454545454545,116.91666666666667,85.5,0.45148427801284513,0.01635958044065215,370.1212121212121,133.143753,34.3041649,34205,mixed,False,False
51333162,748.0,811.8333333333334,630.3333333333334,857.4166666666666,-0.44388150341881594,0.2469233126590312,3047.5833333333335,133.15625,34.3041649,34205,mixed,False,False
51333163,522.25,697.4166666666666,386.6666666666667,638.0,-0.7224660244710911,0.43365018777333,2244.3333333333335,133.168747,34.3041649,34205,residential,False,False
51333164,196.58333333333334,284.0,118.41666666666667,308.5833333333333,-1.3817879949288494,0.7312688639966823,907.5833333333334,133.181244,34.3041649,34205,leisure,False,False
51333165,92.83333333333333,105.0909090909091,88.16666666666667,123.16666666666667,-0.48230664203212514,0.07440960522600579,409.25757575757575,133.193756,34.3041649,34205,mixed,False,False
51333170,526.6666666666666,581.4166666666666,438.25,513.25,-0.22790763134906397,0.26513606158377095,2059.583333333333,133.131256,34.3125,34205,mixed,False,False
51333171,114.5,77.41666666666667,157.33333333333334,53.0,1.569760094077486,-0.45847676054374115,402.25000000000006,133.143753,34.3125,34205,office,False,False
51333172,918.5,799.0,1366.0,855.5833333333334,0.6749771992750812,-0.572605857178741,3939.0833333333335,133.15625,34.3125,34205,office,False,False
51333173,39.72727272727273,89.14285714285714,21.333333333333332,69.9,-1.7121830512092304,0.8970203515844574,220.1034632034632,133.168747,34.3125,34205,leisure,False,False
51333174,30.636363636363637,25.875,30.5,23.375,0.3838428776752497,0.0064358249816749685,110.38636363636364,133.181244,34.3125,34205,mixed,False,False
51333181,224.83333333333334,186.5,408.1666666666667,193.0,1.0805575205747415,-0.8603024256157107,1012.5000000000001,133.143753,34.3208351,34205,office,False,False
51333182,125.25,91.91666666666667,104.58333333333333,69.63636363636364,0.5867401848293182,0.26015764507823025,391.3863636363637,133.15625,34.3208351,34205,office,False,False
51333183,1229.8333333333333,1498.75,972.1666666666666,1529.5833333333333,-0.6538631351731449,0.3391872417554995,5230.333333333333,133.168747,34.3208351,34205,residential,False,False
51333184,36.2,44.125,30.5,45.625,-0.5810153162044932,0.24718045463295688,156.45,133.181244,34.3208351,34205,mixed,False,False
51333186,19.6,21.25,17.666666666666668,27.0,-0.6119295483214255,0.14982379538580284,85.51666666666668,133.206253,34.3208351,34205,residential,False,False
51333190,61.75,29.0,166.66666666666666,27.1,2.6206008374744214,-1.4324545523562533,284.51666666666665,133.131256,34.3291664,34205,office,False,False
51333191,241.33333333333334,33.0,372.0,34.18181818181818,3.444001578067691,-0.6242754247459822,680.5151515151515,133.143753,34.3291664,34205,office,False,False
51333192,249.33333333333334,64.08333333333333,68.08333333333333,50.833333333333336,0.4215268356954346,1.8727021917419535,432.3333333333333,133.15625,34.3291664,34205,leisure,False,False
51333193,1800.8333333333333,2126.25,1866.75,2012.75,-0.10863925783186047,-0.051864064676478534,7806.583333333333,133.168747,34.3291664,34205,mixed,False,False
51333194,478.25,470.25,601.25,565.5833333333334,0.08822538159184509,-0.330200020311292,2115.3333333333335,133.181244,34.3291664,34205,mixed,False,False
51333195,95.58333333333333,170.16666666666666,63.166666666666664,150.08333333333334,-1.2485284277351845,0.5975956378447334,479.0,133.193756,34.3291664,34205,leisure,False,False
51333291,30.916666666666668,24.5,12.571428571428571,18.0,-0.5178483048626193,1.2982361793199542,85.98809523809524,133.268753,34.3291664,34207,leisure,False,False
51334000,167.75,99.25,275.0,129.16666666666666,1.0901978089715785,-0.7131188522118385,671.1666666666666,133.006256,34.3375015,34203,office,False,False
51334001,127.0909090909091,122.4,126.54545454545455,127.77777777777777,-0.013981267177994045,0.006205149526708248,503.81414141414143,133.018753,34.3375015,34204,mixed,False,False
51334002,168.75,207.33333333333334,102.58333333333333,183.25,-0.8370168423705107,0.7180911461748921,661.9166666666666,133.03125,34.3375015,34204,leisure,False,False
51334003,594.1666666666666,432.6666666666667,1352.1666666666667,539.0833333333334,1.3266927756499702,-1.1863334117328255,2918.083333333333,133.043747,34.3375015,34204,office,False,False
51334004,95.25,126.58333333333333,85.41666666666667,112.5,-0.3973354975453848,0.15720149382166967,419.75,133.056244,34.3375015,34204,mixed,False,False
51334007,23.2,12.0,21.5,18.0,0.25633975325978553,0.10978814553811167,74.7,133.09375,34.3375015,34204,mixed,False,False
51334008,25.0,23.5,73.63636363636364,15.25,2.271609141571804,-1.558490289359965,137.38636363636363,133.106247,34.3375015,34204,office,False,False
51334009,23.571428571428573,14.0,19.25,14.5,0.40880554556732934,0.29218075149331035,71.32142857142857,133.118744,34.3375015,34204,mixed,False,False
51334011,184.41666666666666,302.1666666666667,161.08333333333334,308.9166666666667,-0.93941047760792,0.19516181358977586,956.5833333333333,133.018753,34.3458328,34204,residential,False,False
51334012,82.83333333333333,59.083333333333336,124.5,45.666666666666664,1.4469323498287106,-0.587862391226951,312.0833333333333,133.03125,34.3458328,34204,office,False,False
51334013,56.22222222222222,78.8,46.4,71.45454545454545,-0.6229009833810993,0.27701567301178814,252.87676767676766,133.043747,34.3458328,34204,residential,False,False
51334014,332.75,391.0833333333333,330.3333333333333,406.9166666666667,-0.30081081545097565,0.010516109446559934,1461.0833333333333,133.056244,34.3458328,34204,mixed,False,False
51334015,221.16666666666666,311.5,244.75,336.8333333333333,-0.46072605605488404,-0.146174894954658,1114.25,133.068756,34.3458328,34204,mixed,False,False
51334016,416.1666666666667,576.0,255.83333333333334,529.1666666666666,-1.0485179362893486,0.7019571656706705,1777.1666666666667,133.081253,34.3458328,34204,leisure,False,False
51334018,37.75,42.22222222222222,35.8,27.2,0.396352936013917,0.07651705694818488,142.97222222222223,133.106247,34.3458328,34204,mixed,False,False
51334025,42.916666666666664,40.75,36.666666666666664,36.5,0.006572653923486113,0.22706890854592107,156.83333333333331,133.068756,34.3541679,34204,mixed,False,False
51334026,693.1666666666666,637.4166666666666,577.0,648.6666666666666,-0.16890598541447274,0.26463096027971755,2556.2499999999995,133.081253,34.3541679,34204,mixed,False,False
51334028,106.45454545454545,103.36363636363636,67.5,79.0,-0.22696515112627202,0.657278144813087,356.3181818181818,133.106247,34.3541679,34204,leisure,False,False
51334029,135.58333333333334,128.83333333333334,102.25,129.0,-0.33527022248150534,0.407079002009623,495.66666666666674,133.118744,34.3541679,34204,mixed,False,False
51334036,491.25,542.25,299.5,538.6666666666666,-0.8468367892418528,0.7139014043571832,1871.6666666666665,133.081253,34.3624992,34204,leisure,False,False
51334037,22.0,15.0,12.0,20.0,-0.7369655941662062,0.874469117916141,69.0,133.09375,34.3624992,34204,leisure,False,False
51334040,236.33333333333334,181.33333333333334,120.41666666666667,182.58333333333334,-0.6005199916021814,0.972788039851475,720.6666666666667,133.006256,34.3708344,34204,leisure,False,False
51334041,385.5833333333333,514.8333333333334,275.0833333333333,496.0,-0.8504713878854955,0.4871739603427599,1671.5,133.018753,34.3708344,34204,residential,False,False
51334042,86.75,210.58333333333334,81.33333333333333,214.75,-1.4007394842967336,0.09301701573653104,593.4166666666666,133.03125,34.3708344,34204,residential,False,False
51334046,491.9166666666667,667.0,392.75,675.25,-0.7818104592147708,0.3248026604322141,2226.916666666667,133.081253,34.3708344,34204,residential,False,False
51334050,1183.75,1473.5833333333333,592.0833333333334,1413.5,-1.2553997344221888,0.9994922769467608,4662.916666666667,133.006256,34.3791656,34204,leisure,False,False
51334051,599.1666666666666,583.0833333333334,296.0833333333333,541.75,-0.8716239654836075,1.0169540819954381,2020.0833333333335,133.018753,34.3791656,34204,leisure,False,False
51334052,240.5,425.9166666666667,222.75,438.5,-0.977151410922811,0.11061146224811992,1327.6666666666667,133.03125,34.3791656,34204,residential,False,False
51334053,964.75,1620.3333333333333,826.5,1669.5833333333333,-1.0144013793046902,0.22314031924894046,5081.166666666666,133.043747,34.3791656,34204,residential,False,False
51334054,144.08333333333334,200.58333333333334,70.83333333333333,176.75,-1.319209874505491,1.0244031226172177,592.25,133.056244,34.3791656,34204,leisure,False,False
51334055,40.083333333333336,41.45454545454545,25.166666666666668,47.45454545454545,-0.9150321393286646,0.6714883444449631,154.15909090909093,133.068756,34.3791656,34204,leisure,False,False
51334056,324.0833333333333,397.0,345.3333333333333,420.8333333333333,-0.2852593848399656,-0.09162476825234563,1487.25,133.081253,34.3791656,34204,mixed,False,False
51334057,44.45454545454545,16.333333333333332,129.33333333333334,21.857142857142858,2.5649174208309238,-1.5406913051510351,211.978354978355,133.09375,34.3791656,34204,office,False,False
51334058,22.444444444444443,25.88888888888889,21.25,32.125,-0.5962336130561764,0.07889554517178064,101.70833333333333,133.106247,34.3791656,34204,residential,False,False
51334059,43.666666666666664,22.7,60.083333333333336,21.625,1.4742647208829416,-0.4604324477033724,148.075,133.118744,34.3791656,34204,office,False,False
51334060,658.5833333333334,994.5,508.5,989.25,-0.9600873861152008,0.3731182282519488,3150.8333333333335,133.006256,34.3875008,34204,residential,False,False
51334061,677.8333333333334,676.75,742.75,709.1666666666666,0.06675197398324562,-0.13194611509443752,2806.5,133.018753,34.3875008,34204,mixed,False,False
51334062,390.0833333333333,406.9166666666667,351.9166666666667,420.3333333333333,-0.2563000285269175,0.148548517910652,1569.25,133.03125,34.3875008,34204,mixed,False,False
51334063,643.75,865.25,553.0833333333334,857.4166666666666,-0.6324995924757567,0.21900365878627842,2919.5,133.043747,34.3875008,34204,residential,False,False
51334064,3733.4166666666665,5485.083333333333,3121.6666666666665,5600.916666666667,-0.8433464695352291,0.25818003535682343,17941.083333333332,133.056244,34.3875008,34204,residential,False,False
51334065,3022.75,3979.4166666666665,2633.9166666666665,4042.9166666666665,-0.6181867653023011,0.19865196263293614,13678.999999999998,133.068756,34.3875008,34204,residential,False,False
51334066,1175.0833333333333,1799.1666666666667,1583.5833333333333,1911.6666666666667,-0.27163819682553064,-0.4304297167350669,6469.5,133.081253,34.3875008,34204,mixed,False,False
51334067,68.0,46.54545454545455,402.4166666666667,52.5,2.9383007297853765,-2.56508340620116,569.4621212121212,133.09375,34.3875008,34204,office,False,False
51334068,467.4166666666667,655.5833333333334,584.1666666666666,692.0,-0.2443919994598954,-0.3216708612162003,2399.1666666666665,133.106247,34.3875008,34204,mixed,False,False
51334069,304.5,203.08333333333334,317.25,275.0,0.20618854542908388,-0.059177935934773426,1099.8333333333333,133.118744,34.3875008,34204,mixed,False,False
51334070,53.5,91.41666666666667,105.66666666666667,94.0,0.1687876777406137,-0.9819095430171042,344.58333333333337,133.006256,34.3958321,34204,mixed,False,False
51334071,516.4166666666666,577.3333333333334,402.5,579.1666666666666,-0.5249897887750965,0.3595467792484744,2075.4166666666665,133.018753,34.3958321,34204,mixed,False,False
51334072,490.9166666666667,355.9166666666667,417.0833333333333,332.4166666666667,0.3273429456361924,0.235142483939269,1596.3333333333335,133.03125,34.3958321,34204,mixed,False,False
51334073,681.6666666666666,606.5,752.3333333333334,714.75,0.07393329783958182,-0.14230557536272498,2755.25,133.043747,34.3958321,34204,mixed,False,False
51334074,2744.0,2326.8333333333335,2929.9166666666665,2391.25,0.29309466321045236,-0.09457915027111476,10392.0,133.056244,34.3958321,34204,mixed,False,False
51334075,9615.25,9461.916666666666,9200.666666666666,9425.416666666666,-0.034817996092206316,0.0635859681480929,37703.25,133.068756,34.3958321,34204,mixed,False,False
51334076,9790.0,5840.75,11660.333333333334,6116.333333333333,0.9308700921530371,-0.25222826643326707,33407.41666666667,133.081253,34.3958321,34204,office,False,False
51334077,3014.6666666666665,2660.1666666666665,5580.0,2848.8333333333335,0.9698939006057211,-0.8882666306861771,14103.666666666666,133.09375,34.3958321,34204,office,False,False
51334078,1853.0,2307.4166666666665,1802.6666666666667,2209.0,-0.2932607677942465,0.03973023046623743,8172.083333333334,133.106247,34.3958321,34204,mixed,False,False
51334079,68.91666666666667,69.58333333333333,55.5,54.583333333333336,0.02402727064644934,0.3123651521000126,248.58333333333331,133.118744,34.3958321,34204,mixed,False,False
51334080,397.25,459.4166666666667,399.3333333333333,444.0833333333333,-0.1532369249712488,-0.0075462827191102805,1700.0833333333333,133.006256,34.4041672,34204,mixed,False,False
51334081,283.1666666666667,139.58333333333334,322.5,84.58333333333333,1.930853838959234,-0.18764771384755208,829.8333333333334,133.018753,34.4041672,34204,office,False,False
51334082,179.83333333333334,78.0,155.41666666666666,105.4,0.5602663576715915,0.21051923434541697,518.65,133.03125,34.4041672,34204,mixed,False,False
51334083,194.83333333333334,309.5833333333333,71.75,309.3333333333333,-2.1081115677307283,1.4411897871348125,885.5,133.043747,34.4041672,34204,leisure,False,False
51334084,1239.0833333333333,1487.1666666666667,971.4166666666666,1441.6666666666667,-0.5695754879174534,0.35111107366950234,5139.333333333334,133.056244,34.4041672,34204,mixed,False,False
51334085,2114.4166666666665,2424.3333333333335,1982.75,2488.75,-0.32791853272974525,0.09275691881260972,9010.25,133.068756,34.4041672,34204,mixed,False,False
51334086,4882.5,5557.666666666667,4478.0,5473.666666666667,-0.2896530524770191,0.12476551592155638,20391.833333333336,133.081253,34.4041672,34204,mixed,False,False
51334087,2444.0,2634.5,2908.75,2791.75,0.059229551013155114,-0.2511550204739814,10779.0,133.09375,34.4041672,34204,mixed,False,False
51334088,18.0,16.75,21.333333333333332,15.0,0.5081469036703251,-0.24511249783653147,71.08333333333333,133.106247,34.4041672,34204,mixed,False,False
51334090,161.25,292.6666666666667,153.08333333333334,307.8333333333333,-1.0078322398710884,0.074981939920423,914.8333333333333,133.006256,34.4124985,34204,residential,False,False
51334091,253.5,210.66666666666666,244.83333333333334,180.16666666666666,0.44246787282162964,0.05018575716821689,889.1666666666666,133.018753,34.4124985,34204,mixed,False,False
51334092,363.6666666666667,31.272727272727273,84.25,16.0,2.3966047811818583,2.1098681044205927,495.18939393939394,133.03125,34.4124985,34204,office,False,False
51334093,45.333333333333336,30.8,36.916666666666664,19.5,0.9207981689716137,0.2962999526953213,132.55,133.043747,34.4124985,34204,office,False,False
51334094,231.0,301.0,232.58333333333334,294.25,-0.33929469669353296,-0.009854866928853692,1058.8333333333335,133.056244,34.4124985,34204,mixed,False,False
51334095,95.41666666666667,45.45454545454545,74.08333333333333,33.0,1.1666829887501602,0.3650922741545366,247.95454545454544,133.068756,34.4124985,34204,office,False,False
51334096,51.833333333333336,41.3,41.083333333333336,27.7,0.5686672644949294,0.33532693375269107,161.91666666666669,133.081253,34.4124985,34204,mixed,False,False
51334097,1287.0833333333333,1773.25,960.0833333333334,1820.25,-0.9229050697544364,0.42287392567599,5840.666666666667,133.09375,34.4124985,34204,residential,False,False
51334098,513.3333333333334,877.25,604.8333333333334,892.9166666666666,-0.5619878880845756,-0.23664170589707048,2888.3333333333335,133.106247,34.4124985,34204,mixed,False,False
51334099,59.75,164.16666666666666,22.0,157.08333333333334,-2.8359546887975733,1.4414351893434512,403.0,133.118744,34.4124985,34204,leisure,False,False
51334100,287.3333333333333,564.8333333333334,277.3333333333333,553.3333333333334,-0.9965278080931952,0.05110434094800595,1682.8333333333335,133.131256,34.3375015,34205,residential,False,False
51334101,393.8333333333333,449.0,402.3333333333333,413.5833333333333,-0.039786778542098764,-0.03080604678117459,1658.75,133.143753,34.3375015,34205,mixed,False,False
51334102,620.8333333333334,713.6666666666666,440.4166666666667,737.5833333333334,-0.7439369907672061,0.495336953966841,2512.5,133.15625,34.3375015,34205,residential,False,False
51334103,130.41666666666666,113.33333333333333,106.0,100.75,0.07328442603523172,0.2990639865356251,450.49999999999994,133.168747,34.3375015,34205,mixed,False,False
51334104,48.833333333333336,64.63636363636364,63.5,71.58333333333333,-0.1728671336451414,-0.37889033307107417,248.5530303030303,133.181244,34.3375015,34205,mixed,False,False
51334111,438.9166666666667,827.1666666666666,358.3333333333333,783.5833333333334,-1.1287844581050819,0.2926447996771342,2408.0,133.143753,34.3458328,34205,residential,False,False
51334112,177.16666666666666,310.0833333333333,88.58333333333333,280.4166666666667,-1.6624649079665748,1.0,856.25,133.15625,34.3458328,34205,leisure,False,False
51334113,330.5833333333333,230.83333333333334,398.75,226.08333333333334,0.8186298770915217,-0.2704705272281074,1186.25,133.168747,34.3458328,34205,office,False,False
51334114,103.25,127.0909090909091,93.33333333333333,121.8,-0.38404980679515976,0.14567745519563505,445.47424242424245,133.181244,34.3458328,34205,mixed,False,False
51334121,78.83333333333333,22.0,173.25,24.09090909090909,2.8462946113239496,-1.1359776695189747,298.17424242424244,133.143753,34.3541679,34205,office,False,False
51334122,205.33333333333334,116.16666666666667,409.5833333333333,134.33333333333334,1.6083396726999755,-0.9961891605330414,865.4166666666666,133.15625,34.3541679,34205,office,False,False
51334123,622.9166666666666,173.91666666666666,421.25,121.66666666666667,1.7917427230229972,0.5643624871824526,1339.75,133.168747,34.3541679,34205,office,False,False
51334124,144.0,49.166666666666664,92.58333333333333,39.75,1.2197976453835804,0.6372444007743767,325.5,133.181244,34.3541679,34205,office,False,False
51334132,18.2,17.0,38.75,18.9,1.0358100759405273,-1.0902578599629036,92.85,133.15625,34.3624992,34205,office,False,False
51334133,44.166666666666664,18.333333333333332,19.818181818181817,19.666666666666668,0.011072157498943967,1.1561333425897764,101.98484848484848,133.168747,34.3624992,34205,leisure,False,False
51334134,121.41666666666667,48.77777777777778,60.75,18.875,1.686407764280702,0.9990101577375755,249.81944444444446,133.181244,34.3624992,34205,office,False,False
51334135,179.0,58.90909090909091,65.33333333333333,23.4,1.48131071869801,1.4540684338702043,326.6424242424242,133.193756,34.3624992,34205,office,False,False
51334136,224.16666666666666,68.66666666666667,72.41666666666667,29.88888888888889,1.2767125049789323,1.6301780906295862,395.1388888888889,133.206253,34.3624992,34205,office,False,False
51334143,22.181818181818183,14.0,27.833333333333332,14.0,0.9913868696952918,-0.3274360728273069,78.01515151515152,133.168747,34.3708344,34205,office,False,False
51334144,769.5833333333334,960.6666666666666,601.5833333333334,835.0,-0.4730115994049549,0.35531295719218464,3166.8333333333335,133.181244,34.3708344,34205,mixed,False,False
51334145,215.0,371.25,178.41666666666666,350.0833333333333,-0.9724479901010079,0.269086269925107,1114.75,133.193756,34.3708344,34205,residential,False,False
51334146,27.4,32.285714285714285,22.4,49.0,-1.1292830169449666,0.2906771609029227,131.0857142857143,133.206253,34.3708344,34205,residential,False,False
51334147,178.16666666666666,184.33333333333334,114.66666666666667,164.41666666666666,-0.5199104860214606,0.6357813830183925,641.5833333333334,133.21875,34.3708344,34205,leisure,False,False
51334150,101.5,59.333333333333336,106.08333333333333,30.6,1.7935944553749121,-0.06371828599502546,297.51666666666665,133.131256,34.3791656,34204,office,False,False
51334152,17.6,16.0,13.8,15.5,-0.1675999484960684,0.35090716185912835,62.900000000000006,133.15625,34.3791656,34205,mixed,False,False
51334153,148.83333333333334,221.83333333333334,133.75,225.91666666666666,-0.7562518158280462,0.15415878311155762,730.3333333333334,133.168747,34.3791656,34205,residential,False,False
51334154,286.25,207.33333333333334,75.91666666666667,183.58333333333334,-1.2739465358988322,1.9147871399034118,753.0833333333334,133.181244,34.3791656,34205,leisure,False,False
51334155,366.8333333333333,374.5833333333333,195.58333333333334,369.8333333333333,-0.9190918256738411,0.9073413033683869,1306.8333333333333,133.193756,34.3791656,34205,leisure,False,False
51334156,193.5,362.4166666666667,127.75,357.6666666666667,-1.4852923790977444,0.599010275206789,1041.3333333333335,133.206253,34.3791656,34205,leisure,False,False
51334157,201.5,209.83333333333334,165.75,172.91666666666666,-0.061068060287905505,0.2817709684153795,750.0,133.21875,34.3791656,34205,mixed,False,False
51334160,251.58333333333334,133.0,240.58333333333334,113.25,1.0870256514685908,0.0644996492776433,738.4166666666667,133.131256,34.3875008,34204,office,False,False
51334161,369.5833333333333,444.5833333333333,337.3333333333333,475.5,-0.4952704568874095,0.13172481449411608,1626.9999999999998,133.143753,34.3875008,34204,mixed,False,False
51334162,19.0,16.166666666666668,14.0,14.0,0.0,0.4405725913859814,63.16666666666667,133.15625,34.3875008,34205,mixed,False,False
51334163,146.75,108.9090909090909,41.416666666666664,123.0,-1.57037496449811,1.8250771522689222,420.0757575757575,133.168747,34.3875008,34205,leisure,False,False
51334164,782.4166666666666,1212.75,729.8333333333334,1348.25,-0.885449084779065,0.10037005826237648,4073.25,133.181244,34.3875008,34205,residential,False,False
51334165,740.5833333333334,1368.4166666666667,519.3333333333334,1390.6666666666667,-1.4210439244580964,0.5120012547713146,4019.0,133.193756,34.3875008,34205,residential,False,False
51334166,1106.6666666666667,1834.3333333333333,905.25,1832.8333333333333,-1.0176874251544665,0.28983256403695323,5679.083333333333,133.206253,34.3875008,34205,residential,False,False
51334167,87.3,67.3,62.75,68.77777777777777,-0.13232704382118016,0.4763661947913057,286.1277777777778,133.21875,34.3875008,34205,mixed,False,False
51334168,138.33333333333334,267.0833333333333,106.16666666666667,263.9166666666667,-1.3137515897718894,0.38181796397798684,775.5,133.231247,34.3875008,34205,residential,False,False
51334171,351.5833333333333,342.9166666666667,500.25,325.8333333333333,0.6185150604321829,-0.5087825804075465,1520.5833333333333,133.143753,34.3958321,34204,office,False,False
51334172,638.6666666666666,409.5,821.1666666666666,367.8333333333333,1.1586228420325697,-0.36261191057600367,2237.1666666666665,133.15625,34.3958321,34205,office,False,False
51334173,1195.8333333333333,1350.0,1661.1666666666667,1356.9166666666667,0.2918647055590026,-0.4741804966646757,5563.916666666667,133.168747,34.3958321,34205,mixed,False,False
51334174,349.5,344.4166666666667,547.5,369.9166666666667,0.5656586618845986,-0.6475665091130992,1611.3333333333335,133.181244,34.3958321,34205,mixed,False,False
51334175,3343.3333333333335,3415.75,3309.75,3545.5,-0.09926684816159982,0.014564952081244354,13614.333333333334,133.193756,34.3958321,34205,mixed,False,False
51334176,2465.0,3422.25,2152.5,3359.75,-0.6423406480072704,0.19557440898106745,11399.5,133.206253,34.3958321,34205,residential,False,False
51334177,650.9166666666666,657.0833333333334,519.0833333333334,704.5833333333334,-0.4408041822109252,0.3265066881947436,2531.666666666667,133.21875,34.3958321,34205,mixed,False,False
51334178,188.41666666666666,236.25,135.0,222.5,-0.7208459288029291,0.48096717897954194,782.1666666666666,133.231247,34.3958321,34205,residential,False,False
51334179,28.0,22.0,22.7,13.833333333333334,0.7145434617777839,0.3027345296540515,86.53333333333333,133.243744,34.3958321,34205,office,False,False
51334182,89.0,121.16666666666667,128.0,121.41666666666667,0.0761773386566434,-0.5242665690336022,459.58333333333337,133.15625,34.4041672,34204,mixed,False,False
51334183,1942.5833333333333,2592.0833333333335,2028.25,2747.6666666666665,-0.4379715057409644,-0.06225899941739755,9310.583333333332,133.168747,34.4041672,34205,mixed,False,False
51334184,5431.0,5234.75,7681.666666666667,5957.5,0.36671231542522176,-0.5002014985786544,24304.916666666668,133.181244,34.4041672,34205,mixed,False,False
51334185,7732.0,5874.75,6599.25,5818.5,0.18165479594670136,0.22853956501196776,26024.5,133.193756,34.4041672,34205,mixed,False,False
51334186,2267.0,1520.6666666666667,2689.8333333333335,1617.6666666666667,0.7336024243218933,-0.2467323926241493,8095.166666666667,133.206253,34.4041672,34205,office,False,False
51334187,1035.6666666666667,1340.25,901.3333333333334,1401.1666666666667,-0.636495921481054,0.20042708983965657,4678.416666666667,133.21875,34.4041672,34205,residential,False,False
51334188,1016.0833333333334,1417.0,1116.3333333333333,1385.25,-0.31137849171803494,-0.135749146779791,4934.666666666666,133.231247,34.4041672,34205,mixed,False,False
51334189,15.5,14.25,12.0,17.0,-0.5025003405291831,0.3692338096657191,58.75,133.243744,34.4041672,34205,mixed,False,False
51334192,380.3333333333333,644.8333333333334,246.16666666666666,612.75,-1.3156631588232066,0.6276289655238924,1884.0833333333335,133.15625,34.4124985,34205,leisure,False,False
51334193,244.33333333333334,230.66666666666666,275.0833333333333,262.9166666666667,0.06526313335262446,-0.17101803508872387,1013.0,133.168747,34.4124985,34205,mixed,False,False
51334194,3864.3333333333335,5833.5,3307.1666666666665,5771.833333333333,-0.80343388851545,0.22462379204849053,18776.833333333336,133.181244,34.4124985,34205,residential,False,False
51334195,3054.75,2986.0833333333335,2421.0,2823.5,-0.22188155198235301,0.33545123572563457,11285.333333333334,133.193756,34.4124985,34205,mixed,False,False
51334196,4973.583333333333,3739.1666666666665,6304.083333333333,3556.5,0.8258284422862254,-0.34200095635708755,18573.333333333332,133.206253,34.4124985,34205,office,False,False
51334197,1195.8333333333333,1224.0,1317.5,1255.6666666666667,0.06934942929834036,-0.13978663079532075,4993.0,133.21875,34.4124985,34205,mixed,False,False
51334198,1262.1666666666667,1437.5833333333333,1529.3333333333333,1497.5833333333333,0.030266606321881283,-0.2770004626438482,5726.666666666666,133.231247,34.4124985,34205,mixed,False,False
51334212,39.666666666666664,20.88888888888889,19.25,17.0,0.17932369944456192,1.043068721891886,96.80555555555554,133.28125,34.3458328,34207,leisure,False,False
51334222,501.4166666666667,616.0,405.3333333333333,592.6666666666666,-0.5481120953861844,0.30690112798626856,2115.416666666667,133.28125,34.3541679,34207,mixed,False,False
51334223,431.4166666666667,364.8333333333333,409.8333333333333,329.1666666666667,0.3162190816442545,0.07404458326484521,1535.25,133.293747,34.3541679,34207,mixed,False,False
51334225,23.571428571428573,19.5,16.333333333333332,10.666666666666666,0.6147098441152082,0.5292199487941599,70.07142857142857,133.318756,34.3541679,34207,office,False,False
51334226,60.416666666666664,67.33333333333333,49.75,72.16666666666667,-0.5366360934619199,0.28025006363749166,249.66666666666669,133.331253,34.3541679,34207,mixed,False,False
51334231,25.0,28.0,15.5,19.0,-0.2937312030567103,0.6896598793878495,87.5,133.268753,34.3624992,34205,leisure,False,False
51334233,47.583333333333336,78.08333333333333,48.833333333333336,62.5,-0.35598993096099535,-0.03740991905940516,237.0,133.293747,34.3624992,34207,mixed,False,False
51334235,102.91666666666667,140.0,51.583333333333336,126.66666666666667,-1.2960600091166832,0.9964997272577754,421.1666666666667,133.318756,34.3624992,34207,leisure,False,False
51334236,63.833333333333336,142.0,60.25,130.75,-1.1177778000169798,0.0833487449738393,396.83333333333337,133.331253,34.3624992,34207,residential,False,False
51334237,54.166666666666664,62.0,62.666666666666664,53.416666666666664,0.23040830505889626,-0.21029294376182045,232.25,133.34375,34.3624992,34207,mixed,False,False
51334241,20.2,20.6,18.0,27.666666666666668,-0.6201519291834563,0.16635838642212003,86.46666666666667,133.268753,34.3708344,34205,residential,False,False
51334244,113.25,124.25,67.16666666666667,101.66666666666667,-0.5980294039222812,0.7536937122394238,406.33333333333337,133.306244,34.3708344,34207,leisure,False,False
51334245,30.583333333333332,28.2,17.25,24.166666666666668,-0.4864221325156093,0.8261492953438875,100.2,133.318756,34.3708344,34207,leisure,False,False
51334246,74.5,17.75,32.81818181818182,13.75,1.2550636947252143,1.1827451122122876,138.8181818181818,133.331253,34.3708344,34207,office,False,False
51334247,102.66666666666667,64.16666666666667,37.75,33.4,0.17662854173838896,1.4434193006486664,237.98333333333335,133.34375,34.3708344,34207,leisure,False,False
51334248,53.583333333333336,46.36363636363637,35.18181818181818,27.3,0.3659290914746228,0.6069542890996783,162.4287878787879,133.356247,34.3708344,34207,leisure,False,False
51334249,36.583333333333336,20.333333333333332,14.375,11.5,0.32192809488736235,1.3476245778698268,82.79166666666667,133.368744,34.3708344,34207,leisure,False,False
51334251,106.33333333333333,85.25,58.5,84.41666666666667,-0.5290912384965776,0.8620853934603085,334.5,133.268753,34.3791656,34205,leisure,False,False
51334253,29.166666666666668,34.9,35.5,23.714285714285715,0.5820626102153614,-0.2834985083935095,123.28095238095239,133.293747,34.3791656,34207,mixed,False,False
51334254,70.25,45.5,75.83333333333333,41.0,0.8872082297468186,-0.11033391414397628,232.58333333333331,133.306244,34.3791656,34207,office,False,False
51334255,123.58333333333333,153.41666666666666,109.91666666666667,159.16666666666666,-0.5341280736715662,0.16907403320308556,546.0833333333333,133.318756,34.3791656,34207,mixed,False,False
51334256,272.4166666666667,288.25,353.0,274.25,0.36417656286798744,-0.3738532122250703,1187.9166666666667,133.331253,34.3791656,34207,mixed,False,False
51334257,220.41666666666666,206.83333333333334,155.33333333333334,240.66666666666666,-0.6316688822328906,0.5048658623471077,823.25,133.34375,34.3791656,34207,residential,False,False
51334258,57.75,33.1,46.333333333333336,35.4,0.3883011168067163,0.31777046941370635,172.58333333333334,133.356247,34.3791656,34207,mixed,False,False
51334259,227.66666666666666,241.83333333333334,176.33333333333334,253.41666666666666,-0.5232061889167718,0.3686178561760646,899.25,133.368744,34.3791656,34207,mixed,False,False
51334260,29.375,22.0,23.666666666666668,10.0,1.2428565238961635,0.3117323277814738,85.04166666666667,133.256256,34.3875008,34205,office,False,False
51334261,18.4,17.5,16.0,13.0,0.29956028185890793,0.2016338611696504,64.9,133.268753,34.3875008,34205,mixed,False,False
51334262,105.75,36.1,194.41666666666666,26.7,2.8642402544628514,-0.8784942381430931,362.9666666666667,133.28125,34.3875008,34207,office,False,False
51334263,396.0833333333333,372.75,1515.6666666666667,387.8333333333333,1.9664437933391914,-1.936076602442204,2672.3333333333335,133.293747,34.3875008,34207,office,False,False
51334264,310.75,289.3333333333333,798.0833333333334,327.0,1.2872487602352747,-1.3607850046808723,1725.1666666666667,133.306244,34.3875008,34207,office,False,False
51334265,1169.0,1197.0833333333333,917.5833333333334,1297.5833333333333,-0.4999161021587186,0.34936383777952157,4581.25,133.318756,34.3875008,34207,mixed,False,False
51334266,286.4166666666667,267.1666666666667,226.5,233.66666666666666,-0.04494089324323191,0.33860439560490596,1013.75,133.331253,34.3875008,34207,mixed,False,False
51334270,328.1666666666667,428.75,113.66666666666667,363.1666666666667,-1.6758225520917345,1.5296194668773813,1233.75,133.256256,34.3958321,34205,leisure,False,False
51334271,111.25,67.5,78.16666666666667,82.0,-0.06907039282386317,0.5091799140595396,338.9166666666667,133.268753,34.3958321,34205,mixed,False,False
51334272,227.41666666666666,190.83333333333334,261.3333333333333,183.33333333333334,0.5114220357031861,-0.2005531648410677,862.9166666666666,133.28125,34.3958321,34205,mixed,False,False
51334273,261.3333333333333,163.41666666666666,189.0,124.0,0.6080461138341974,0.4675049191729793,737.7499999999999,133.293747,34.3958321,34205,office,False,False
51334274,216.66666666666666,118.0,99.5,124.66666666666667,-0.3253073386228317,1.1227087866510117,558.8333333333334,133.306244,34.3958321,34207,leisure,False,False
51334275,978.75,1109.5,786.6666666666666,1023.5,-0.3796867434953633,0.31518794865035576,3898.4166666666665,133.318756,34.3958321,34207,mixed,False,False
51334276,65.75,40.45454545454545,173.58333333333334,41.90909090909091,2.05029330152745,-1.4005656340271884,321.6969696969697,133.331253,34.3958321,34207,office,False,False
51334280,26.0,14.333333333333334,20.6,19.75,0.06079168411875312,0.335867285845236,80.68333333333332,133.256256,34.4041672,34205,mixed,False,False
51334281,136.33333333333334,121.75,120.66666666666667,104.83333333333333,0.20292968020391644,0.1761111458585434,483.58333333333337,133.268753,34.4041672,34205,mixed,False,False
51334282,125.08333333333333,92.63636363636364,119.83333333333333,39.8,1.5901889340618551,0.06186030118139068,377.35303030303027,133.28125,34.4041672,34205,office,False,False
51334283,22.714285714285715,58.0,17.0,82.0,-2.2700891633677442,0.418065191976412,179.71428571428572,133.293747,34.4041672,34207,residential,False,False
51334284,340.6666666666667,344.25,218.08333333333334,346.8333333333333,-0.6693630406872998,0.6434812718895866,1249.8333333333333,133.306244,34.4041672,34207,leisure,False,False
51334285,61.916666666666664,71.5,74.41666666666667,55.45454545454545,0.42432005058711536,-0.2652979645826267,263.28787878787875,133.318756,34.4041672,34207,mixed,False,False
51334291,18.0,93.54545454545455,18.5,102.36363636363636,-2.4681061278139826,-0.03952836418663734,232.40909090909093,133.268753,34.4124985,34205,residential,False,False
51334292,326.8333333333333,359.0833333333333,266.1666666666667,324.6666666666667,-0.2866293646711095,0.2962252227809161,1276.75,133.28125,34.4124985,34205,mixed,False,False
51334293,89.66666666666667,31.0,50.25,25.666666666666668,0.9692276512051833,0.8354481706565394,196.58333333333334,133.293747,34.4124985,34207,office,False,False
51334294,304.5,251.33333333333334,294.75,233.08333333333334,0.338645965224727,0.046950414926569796,1083.6666666666667,133.306244,34.4124985,34207,mixed,False,False
51334295,289.9166666666667,261.5,174.08333333333334,277.8333333333333,-0.6744416119193083,0.7358601865527821,1003.3333333333333,133.318756,34.4124985,34207,leisure,False,False
51334297,20.833333333333332,20.0,10.0,10.0,0.0,1.0588936890535683,60.83333333333333,133.34375,34.4124985,34207,leisure,False,False
51334314,35.09090909090909,28.555555555555557,29.0,18.428571428571427,0.6541086617619223,0.2750444235032112,111.07503607503608,133.431244,34.3458328,34207,office,False,False
51334350,911.0,640.0833333333334,612.4166666666666,559.0833333333334,0.13145020786548978,0.5729375083056297,2722.5833333333335,133.381256,34.3791656,34207,mixed,False,False
51334351,39.75,41.0,17.375,13.0,0.41850135458241516,1.1939418825608479,111.125,133.393753,34.3791656,34207,leisure,False,False
51334360,1603.3333333333333,1460.0,1188.1666666666667,1347.3333333333333,-0.18136960075972025,0.43233717303738917,5598.833333333333,133.381256,34.3875008,34207,mixed,False,False
51334361,136.83333333333334,42.833333333333336,44.75,23.454545454545453,0.9320201404782996,1.6124601337923923,247.87121212121215,133.393753,34.3875008,34207,office,False,False
51334370,430.4166666666667,243.33333333333334,648.8333333333334,224.58333333333334,1.5305970717074155,-0.5921139955948614,1547.1666666666667,133.381256,34.3958321,34207,office,False,False
51334380,246.16666666666666,63.416666666666664,512.6666666666666,55.0,3.2205175737160108,-1.0583856771970372,877.2499999999999,133.381256,34.4041672,34207,office,False,False
51334390,312.3333333333333,378.9166666666667,230.91666666666666,358.9166666666667,-0.6362766127604417,0.43571424217776994,1281.0833333333335,133.381256,34.4124985,34207,residential,False,False
51335000,12.0,13.0,10.0,21.0,-1.070389327891398,0.2630344058337938,56.0,133.006256,34.4208336,34204,residential,False,False
51335001,130.08333333333334,109.0909090909091,92.25,98.75,-0.09823183700406925,0.49581531519635674,430.1742424242425,133.018753,34.4208336,34204,mixed,False,False
51335002,32.916666666666664,21.333333333333332,13.166666666666666,18.0,-0.4511067539863658,1.3219280948873624,85.41666666666666,133.03125,34.4208336,34204,leisure,False,False
51335007,22.142857142857142,72.0,17.6,19.5,-0.14789869511231324,0.33126595946669835,131.24285714285713,133.09375,34.4208336,34204,mixed,False,False
51335008,1552.0833333333333,2208.8333333333335,1633.4166666666667,2239.25,-0.4551227526644284,-0.07368683377786273,7633.583333333334,133.106247,34.4208336,34204,mixed,False,False
51335009,795.0,1055.5833333333333,731.3333333333334,998.0,-0.4485106956552238,0.12042574048968097,3579.916666666667,133.118744,34.4208336,34204,mixed,False,False
51335010,38.0,35.583333333333336,22.636363636363637,40.583333333333336,-0.8422451479304025,0.7473572000128018,136.8030303030303,133.006256,34.4291649,34204,leisure,False,False
51335018,176.16666666666666,55.75,346.3333333333333,68.83333333333333,2.3309819674847665,-0.9752202775215288,647.0833333333333,133.106247,34.4291649,34204,office,False,False
51335019,134.58333333333334,209.33333333333334,111.16666666666667,229.91666666666666,-1.0483867901686879,0.2757754983967023,685.0,133.118744,34.4291649,34204,residential,False,False
51335020,25.4,34.0,21.363636363636363,23.142857142857142,-0.11540975289931822,0.24967126395710093,103.9064935064935,133.006256,34.4375,34204,mixed,False,False
51335026,28.75,13.0,58.416666666666664,11.0,2.4088765146521696,-1.0228180823450916,111.16666666666666,133.081253,34.4375,34204,office,False,False
51335029,141.91666666666666,206.5,155.33333333333334,209.58333333333334,-0.4321565400386092,-0.13032342497573796,713.3333333333334,133.118744,34.4375,34204,mixed,False,False
51335030,26.5,23.166666666666668,16.625,45.0,-1.436570660828485,0.6726380190620095,111.29166666666667,133.006256,34.4458351,34204,leisure,False,False
51335031,19.0,48.5,15.5,87.0,-2.488747185461853,0.2937312030567103,170.0,133.018753,34.4458351,34204,residential,False,False
51335035,11.0,18.0,11.166666666666666,11.0,0.021695071099318976,-0.021695071099318897,51.166666666666664,133.068756,34.4458351,34204,mixed,False,False
51335040,18.181818181818183,19.2,12.285714285714286,12.0,0.03394733192333784,0.5655147384929338,61.66753246753247,133.006256,34.4541664,34204,mixed,False,False
51335050,141.5,100.58333333333333,109.33333333333333,85.16666666666667,0.3603725236804623,0.3720687389349548,436.5833333333333,133.006256,34.4625015,34204,mixed,False,False
51335051,34.36363636363637,25.75,17.285714285714285,25.5,-0.5609170267545054,0.9913024903667852,102.89935064935065,133.018753,34.4625015,34204,leisure,False,False
51335053,257.1666666666667,298.8333333333333,195.83333333333334,282.1666666666667,-0.5269212164432797,0.393077305118373,1034.0,133.043747,34.4625015,34204,mixed,False,False
51335054,117.5,54.75,88.16666666666667,37.333333333333336,1.2397689900564215,0.41435553517213,297.75,133.056244,34.4625015,34204,office,False,False
51335055,24.5,20.714285714285715,22.166666666666668,23.333333333333332,-0.07400058144377675,0.14438990933517465,90.71428571428572,133.068756,34.4625015,34204,mixed,False,False
51335060,201.75,147.91666666666666,180.16666666666666,134.5,0.42172594445686984,0.16323655626428635,664.3333333333333,133.006256,34.4708328,34204,mixed,False,False
51335061,194.0,103.16666666666667,142.75,91.41666666666667,0.642961625680806,0.442565906824285,531.3333333333334,133.018753,34.4708328,34204,office,False,False
51335062,179.16666666666666,124.41666666666667,138.16666666666666,104.5,0.4029066586937113,0.37489265298107216,546.25,133.03125,34.4708328,34204,mixed,False,False
51335063,110.91666666666667,88.41666666666667,91.58333333333333,75.08333333333333,0.28659237513569263,0.27631918496266067,366.0,133.043747,34.4708328,34204,mixed,False,False
51335064,86.66666666666667,25.416666666666668,116.75,31.0,1.9130824293227866,-0.42987342740236356,259.83333333333337,133.056244,34.4708328,34204,office,False,False
51335065,166.33333333333334,82.91666666666667,111.25,61.75,0.8492942942690824,0.5802719787623443,422.25000000000006,133.068756,34.4708328,34204,office,False,False
51335066,75.33333333333333,39.583333333333336,35.916666666666664,36.81818181818182,-0.035764920766748004,1.0686349033260896,187.65151515151516,133.081253,34.4708328,34204,leisure,False,False
51335067,211.33333333333334,152.41666666666666,184.33333333333334,129.41666666666666,0.5102935558474061,0.19720335990470025,677.5,133.09375,34.4708328,34204,mixed,False,False
51335068,113.25,80.58333333333333,103.91666666666667,87.25,0.2522000228988618,0.12408399093772121,385.0,133.106247,34.4708328,34204,mixed,False,False
51335071,30.625,29.75,47.4,30.4,0.6408157354546737,-0.6301772150083262,138.175,133.018753,34.4791679,34204,office,False,False
51335072,94.25,189.58333333333334,36.416666666666664,179.5,-2.301313065043609,1.371893744489222,499.75,133.03125,34.4791679,34204,leisure,False,False
51335073,20.333333333333332,20.75,20.272727272727273,14.0,0.5341133592254034,0.004306555558722524,75.35606060606061,133.043747,34.4791679,34204,mixed,False,False
51335074,21.0,43.0,21.0,16.666666666666668,0.3334237337251918,0.0,101.66666666666667,133.056244,34.4791679,34204,mixed,False,False
51335075,177.25,210.66666666666666,103.5,192.16666666666666,-0.8927273394312905,0.7761548597401909,683.5833333333333,133.068756,34.4791679,34204,leisure,False,False
51335076,150.41666666666666,74.08333333333333,94.83333333333333,46.5,1.0281635304773942,0.6654982794679514,365.8333333333333,133.081253,34.4791679,34204,office,False,False
51335077,153.58333333333334,86.08333333333333,118.25,83.0,0.5106569419924704,0.37718148157016196,440.9166666666667,133.09375,34.4791679,34204,mixed,False,False
51335078,117.5,60.75,78.16666666666667,50.666666666666664,0.6255165990717911,0.5880353347707792,307.08333333333337,133.106247,34.4791679,34204,office,False,False
51335079,19.583333333333332,17.0,17.818181818181817,17.2,0.050941565663175314,0.13627622036593273,71.60151515151514,133.118744,34.4791679,34205,mixed,False,False
51335080,167.58333333333334,174.83333333333334,155.41666666666666,166.16666666666666,-0.0964897792555958,0.10873745116275195,664.0,133.006256,34.4874992,34204,mixed,False,False
51335081,30.4,30.25,21.555555555555557,38.0,-0.8179396726987701,0.4960115778114077,120.20555555555555,133.018753,34.4874992,34204,residential,False,False
51335082,218.33333333333334,294.0,231.83333333333334,286.9166666666667,-0.3075437610276765,-0.0865556081174264,1031.0833333333335,133.03125,34.4874992,34204,mixed,False,False
51335083,36.916666666666664,22.5,48.0,15.75,1.6076825772212395,-0.37876211288729406,123.16666666666666,133.043747,34.4874992,34204,office,False,False
51335088,26.416666666666668,22.6,26.363636363636363,26.75,-0.020989515023509677,0.0028990580406140927,102.13030303030303,133.106247,34.4874992,34204,mixed,False,False
51335089,34.5,39.75,38.666666666666664,37.333333333333336,0.05062607306996784,-0.16449403762824683,150.25,133.118744,34.4874992,34205,mixed,False,False
51335090,82.08333333333333,115.16666666666667,51.083333333333336,90.08333333333333,-0.8184075440438685,0.6842366506529569,338.4166666666667,133.006256,34.4958344,34204,leisure,False,False
51335091,100.33333333333333,87.83333333333333,78.08333333333333,86.5,-0.14768549069869416,0.36171443910051515,352.74999999999994,133.018753,34.4958344,34204,mixed,False,False
51335092,62.916666666666664,52.583333333333336,74.75,113.91666666666667,-0.6078333526867989,-0.2486313407068201,304.1666666666667,133.03125,34.4958344,34204,residential,False,False
51335093,46.833333333333336,23.5,54.583333333333336,16.5,1.725994476345203,-0.2209247762038865,141.41666666666669,133.043747,34.4958344,34204,office,False,False
51335098,57.916666666666664,33.6,75.16666666666667,34.0,1.1445582812838855,-0.3761144556445114,200.68333333333334,133.106247,34.4958344,34205,office,False,False
51335099,254.16666666666666,194.0,383.25,190.08333333333334,1.0116537510677963,-0.5925109550423228,1021.5,133.118744,34.4958344,34205,office,False,False
51335102,409.75,608.0833333333334,932.8333333333334,644.8333333333334,0.5326930189524361,-1.1868753925750377,2595.5,133.15625,34.4208336,34205,mixed,False,False
51335103,146.08333333333334,107.66666666666667,180.0,113.75,0.662130361243616,-0.30120531629129277,547.5,133.168747,34.4208336,34205,office,False,False
51335104,2858.9166666666665,3119.3333333333335,2747.25,3071.6666666666665,-0.16103346336720367,0.057480366316488576,11797.166666666666,133.181244,34.4208336,34205,mixed,False,False
51335105,2902.5,3808.6666666666665,2696.8333333333335,3765.25,-0.4814792936914246,0.10602970258195762,13173.25,133.193756,34.4208336,34205,mixed,False,False
51335106,869.1666666666666,892.3333333333334,1085.75,967.9166666666666,0.16573720447887885,-0.320987200767921,3815.1666666666665,133.206253,34.4208336,34205,mixed,False,False
51335107,1092.0,1319.25,2362.3333333333335,1396.75,0.7581387280236386,-1.1132396920578147,6170.333333333334,133.21875,34.4208336,34205,office,False,False
51335108,2118.4166666666665,1629.6666666666667,3316.3333333333335,1877.9166666666667,0.8204559789525383,-0.6466026454503314,8942.333333333332,133.231247,34.4208336,34205,office,False,False
51335109,181.66666666666666,82.41666666666667,528.3333333333334,111.08333333333333,2.2498060599377965,-1.5401547053624811,903.5,133.243744,34.4208336,34205,office,False,False
51335110,207.33333333333334,307.1666666666667,128.33333333333334,289.0,-1.1711735476395713,0.6920561345483387,931.8333333333335,133.131256,34.4291649,34204,leisure,False,False
51335111,24.3,27.285714285714285,23.7,33.25,-0.4884672814902928,0.036069254707521994,108.53571428571428,133.143753,34.4291649,34204,mixed,False,False
51335112,28.22222222222222,45.77777777777778,36.44444444444444,40.0,-0.13430109171159105,-0.3688673178459178,150.44444444444443,133.15625,34.4291649,34205,mixed,False,False
51335113,39.333333333333336,57.5,35.333333333333336,28.0,0.3356030317844391,0.15472259479864206,160.16666666666669,133.168747,34.4291649,34205,mixed,False,False
51335114,1325.0,1561.5,975.5,1501.1666666666667,-0.6218703827725427,0.4417785817288975,5363.166666666667,133.181244,34.4291649,34205,residential,False,False
51335115,2060.5,1813.3333333333333,1936.6666666666667,1933.1666666666667,0.0026096390128353053,0.08941880070976423,7743.666666666667,133.193756,34.4291649,34205,mixed,False,False
51335116,812.9166666666666,1174.5,1025.9166666666667,1160.5833333333333,-0.17793656796792007,-0.3357341761130886,4173.916666666666,133.206253,34.4291649,34205,mixed,False,False
51335117,1405.9166666666667,1540.3333333333333,1405.0833333333333,1493.0833333333333,-0.0876389917258905,0.0008553866258466311,5844.416666666666,133.21875,34.4291649,34205,mixed,False,False
51335118,7356.333333333333,7308.916666666667,7038.083333333333,7507.416666666667,-0.09313395956716032,0.0638042570524552,29210.75,133.231247,34.4291649,34205,mixed,False,False
51335119,2503.8333333333335,2112.5833333333335,2182.4166666666665,2058.3333333333335,0.08444993110557195,0.19821196596515567,8857.166666666668,133.243744,34.4291649,34207,mixed,False,False
51335120,139.58333333333334,166.0,120.9,167.08333333333334,-0.46675358625936525,0.2073124451495797,593.5666666666667,133.131256,34.4375,34204,mixed,False,False
51335121,385.5833333333333,193.91666666666666,502.5,228.5,1.1369294310082214,-0.38208090322215144,1310.5,133.143753,34.4375,34204,office,False,False
51335122,22.833333333333332,29.666666666666668,10.0,12.5,-0.3219280948873623,1.191141487352008,75.0,133.15625,34.4375,34205,leisure,False,False
51335123,313.4166666666667,42.90909090909091,465.4166666666667,70.75,2.7177208218176387,-0.5704409743303708,892.4924242424244,133.168747,34.4375,34205,office,False,False
51335124,1082.8333333333333,170.75,302.4166666666667,124.25,1.2832917991958919,1.8402016483670807,1680.25,133.181244,34.4375,34205,office,False,False
51335125,2662.0,3860.5833333333335,2250.0833333333335,3711.9166666666665,-0.7221858884103307,0.242532137647308,12484.583333333334,133.193756,34.4375,34205,residential,False,False
51335126,664.8333333333334,203.25,1555.5833333333333,251.5,2.6288253776532775,-1.2263910600927972,2675.1666666666665,133.206253,34.4375,34205,office,False,False
51335127,548.4166666666666,351.5833333333333,900.4166666666666,392.1666666666667,1.1991258465225718,-0.7153203452177745,2192.5833333333335,133.21875,34.4375,34205,office,False,False
51335128,4540.083333333333,5091.083333333333,3756.1666666666665,5163.0,-0.45894851917604634,0.2734576995364377,18550.333333333332,133.231247,34.4375,34205,mixed,False,False
51335129,2937.8333333333335,4038.5833333333335,2585.6666666666665,4060.0833333333335,-0.6509730381495932,0.1842162515412465,13622.166666666668,133.243744,34.4375,34207,residential,False,False
51335131,79.41666666666667,71.45454545454545,82.91666666666667,80.18181818181819,0.04838698778963181,-0.06222031152106929,313.969696969697,133.143753,34.4458351,34205,mixed,False,False
51335132,278.1666666666667,331.3333333333333,164.33333333333334,345.0833333333333,-1.0703196509919668,0.7593244029846872,1118.9166666666665,133.15625,34.4458351,34205,leisure,False,False
51335133,403.5833333333333,158.5,1038.5,184.66666666666666,2.4915058355166155,-1.3635627139641797,1785.25,133.168747,34.4458351,34205,office,False,False
51335134,620.4166666666666,330.5833333333333,4003.5,606.9166666666666,2.7216914617740713,-2.6899524581148166,5561.416666666667,133.181244,34.4458351,34205,office,False,False
51335135,2167.1666666666665,2640.1666666666665,1783.8333333333333,2676.3333333333335,-0.5852769846550205,0.2808292806005432,9267.5,133.193756,34.4458351,34205,residential,False,False
51335136,336.9166666666667,62.833333333333336,1754.25,197.58333333333334,3.150321200312732,-2.3803906595230453,2351.5833333333335,133.206253,34.4458351,34205,office,False,False
51335137,279.25,309.5,277.5833333333333,279.1666666666667,-0.008205741558146252,0.008636332530119983,1145.5,133.21875,34.4458351,34205,mixed,False,False
51335138,1925.75,1556.5833333333333,1513.0833333333333,1549.4166666666667,-0.03423371713093728,0.34792897888668806,6544.833333333333,133.231247,34.4458351,34207,mixed,False,False
51335139,4300.166666666667,3493.6666666666665,2942.4166666666665,3247.5,-0.14232796896141264,0.5473910204317674,13983.749999999998,133.243744,34.4458351,34207,mixed,False,False
51335141,67.16666666666667,130.83333333333334,54.666666666666664,130.91666666666666,-1.2599154606761127,0.2970840239098838,383.58333333333337,133.143753,34.4541664,34205,residential,False,False
51335143,624.4166666666666,567.75,730.8333333333334,557.5,0.39057063180327223,-0.22703339119808838,2480.5,133.168747,34.4541664,34205,mixed,False,False
51335144,706.1666666666666,624.4166666666666,853.9166666666666,594.6666666666666,0.5220140753477109,-0.2740865619041253,2779.1666666666665,133.181244,34.4541664,34205,mixed,False,False
51335145,1333.5833333333333,1691.5,1023.75,1697.9166666666667,-0.7299022016436374,0.3814445273760223,5746.75,133.193756,34.4541664,34205,residential,False,False
51335146,692.75,890.5,639.1666666666666,911.0,-0.5112588821329112,0.11614263381227756,3133.4166666666665,133.206253,34.4541664,34205,mixed,False,False
51335147,291.1666666666667,216.75,271.5833333333333,191.25,0.5059351984373938,0.10045025617819547,970.75,133.21875,34.4541664,34205,mixed,False,False
51335148,1146.9166666666667,1175.4166666666667,2839.0833333333335,1350.3333333333333,1.0721096116496698,-1.3076646249603359,6511.750000000001,133.231247,34.4541664,34205,office,False,False
51335149,688.25,587.6666666666666,497.3333333333333,547.0,-0.13732770325847504,0.46871957506147954,2320.25,133.243744,34.4541664,34207,mixed,False,False
51335152,305.6666666666667,299.8333333333333,162.0,256.1666666666667,-0.6610889460849905,0.9159654199892735,1023.6666666666667,133.15625,34.4625015,34205,leisure,False,False
51335153,231.08333333333334,263.25,233.08333333333334,252.25,-0.11400842135132172,-0.012432637436713087,979.6666666666667,133.168747,34.4625015,34205,mixed,False,False
51335154,352.5,351.0,293.3333333333333,306.9166666666667,-0.06530596837507856,0.2650822344826527,1303.75,133.181244,34.4625015,34205,mixed,False,False
51335155,141.66666666666666,68.75,124.41666666666667,66.25,0.9091873999628236,0.1873205808905226,401.08333333333337,133.193756,34.4625015,34205,office,False,False
51335156,207.41666666666666,152.33333333333334,182.0,120.91666666666667,0.589925336853108,0.18859337406118326,662.6666666666667,133.206253,34.4625015,34205,office,False,False
51335157,390.8333333333333,485.6666666666667,293.3333333333333,446.9166666666667,-0.6074648244989405,0.4140124938780794,1616.75,133.21875,34.4625015,34205,residential,False,False
51335158,568.8333333333334,173.91666666666666,1499.5833333333333,216.91666666666666,2.7893488854079775,-1.3984837827132244,2459.25,133.231247,34.4625015,34207,office,False,False
51335159,571.25,445.5,796.8333333333334,446.0833333333333,0.8369647530327008,-0.4801557396811063,2259.666666666667,133.243744,34.4625015,34207,office,False,False
51335160,107.25,39.166666666666664,73.41666666666667,28.833333333333332,1.3483699812836891,0.546798129300288,248.66666666666666,133.131256,34.4708328,34205,office,False,False
51335161,106.41666666666667,43.916666666666664,74.66666666666667,32.5,1.2000246083079935,0.5111878876451196,257.5,133.143753,34.4708328,34205,office,False,False
51335162,86.41666666666667,66.66666666666667,62.166666666666664,45.5,0.45027467933538534,0.47516835855798806,260.75,133.15625,34.4708328,34205,mixed,False,False
51335163,288.75,300.9166666666667,283.75,288.0,-0.021448419264034995,0.02520055412514244,1161.4166666666667,133.168747,34.4708328,34205,mixed,False,False
51335164,137.33333333333334,192.0,99.33333333333333,193.08333333333334,-0.9588738084026603,0.46733200672105707,621.75,133.181244,34.4708328,34205,residential,False,False
51335165,115.41666666666667,93.58333333333333,134.91666666666666,84.08333333333333,0.6821768111962087,-0.22521700936601513,428.0,133.193756,34.4708328,34205,office,False,False
51335166,161.33333333333334,43.333333333333336,29.09090909090909,33.0,-0.1818976431083883,2.4714042603033737,266.75757575757575,133.206253,34.4708328,34205,leisure,False,False
51335167,26.166666666666668,28.666666666666668,37.0,46.666666666666664,-0.3348671505948604,-0.499795117458479,138.5,133.21875,34.4708328,34207,mixed,False,False
51335168,69.08333333333333,318.4166666666667,37.0,310.5833333333333,-3.069383237378744,0.9008124251456444,735.0833333333333,133.231247,34.4708328,34207,leisure,False,False
51335169,603.6666666666666,788.9166666666666,443.6666666666667,837.25,-0.91618230551598,0.4442759750382761,2673.5,133.243744,34.4708328,34207,residential,False,False
51335170,57.083333333333336,29.09090909090909,38.25,17.8,1.1035825066136165,0.5776098344340811,142.22424242424242,133.131256,34.4791679,34205,office,False,False
51335172,60.833333333333336,87.9090909090909,24.25,84.2,-1.795835485991906,1.3268773108590957,257.19242424242424,133.15625,34.4791679,34205,leisure,False,False
51335173,25.285714285714285,36.0,21.77777777777778,35.5,-0.7049622768317862,0.21546578535249733,118.56349206349206,133.168747,34.4791679,34205,residential,False,False
51335174,42.166666666666664,32.5,15.666666666666666,28.88888888888889,-0.882816460629661,1.4284047230166728,119.22222222222223,133.181244,34.4791679,34205,leisure,False,False
51335175,50.0,29.125,84.75,22.375,1.9213256858720875,-0.7612852733616192,186.25,133.193756,34.4791679,34205,office,False,False
51335176,216.83333333333334,152.75,175.83333333333334,134.33333333333334,0.38839125506658023,0.3023779631232479,679.75,133.206253,34.4791679,34205,mixed,False,False
51335177,68.75,117.66666666666667,42.75,124.0,-1.5363437955009773,0.6854352935261241,353.1666666666667,133.21875,34.4791679,34205,leisure,False,False
51335178,15.5,12.0,20.5,15.4,0.41269355881054476,-0.4033556942312085,63.4,133.231247,34.4791679,34207,mixed,False,False
51335179,258.8333333333333,369.5,214.33333333333334,326.0833333333333,-0.6053844675728467,0.2721671870593536,1168.75,133.243744,34.4791679,34207,residential,False,False
51335182,42.916666666666664,27.875,33.583333333333336,17.833333333333332,0.9131690421268205,0.35379259354261305,122.20833333333334,133.15625,34.4874992,34205,office,False,False
51335186,58.45454545454545,29.5,42.916666666666664,30.0,0.516575525740906,0.44577718734122557,160.87121212121212,133.206253,34.4874992,34205,mixed,False,False
51335187,116.91666666666667,37.5,84.83333333333333,46.5,0.8674005342465078,0.462777447544204,285.75,133.21875,34.4874992,34205,office,False,False
51335188,158.66666666666666,204.41666666666666,205.25,233.16666666666666,-0.18397933466579236,-0.3713831491910175,801.4999999999999,133.231247,34.4874992,34207,mixed,False,False
51335189,22.0,20.666666666666668,28.2,27.4,0.04151926943826679,-0.3581916388741339,98.26666666666667,133.243744,34.4874992,34207,mixed,False,False
51335190,50.5,61.3,53.416666666666664,60.25,-0.17367129033237683,-0.08100656314579012,225.46666666666664,133.131256,34.4958344,34205,mixed,False,False
51335191,26.833333333333332,20.0,25.916666666666668,19.333333333333332,0.4227897750030306,0.050146107984014254,92.08333333333333,133.143753,34.4958344,34205,mixed,False,False
51335192,17.0,20.75,20.9,15.5,0.4312347268066452,-0.29796819594318097,74.15,133.15625,34.4958344,34205,mixed,False,False
51335193,39.25,46.416666666666664,13.9,17.8,-0.3567923582428903,1.4976077710554818,117.36666666666667,133.168747,34.4958344,34205,leisure,False,False
51335196,67.9090909090909,77.5,43.166666666666664,96.75,-1.1643439691790127,0.6536870271865423,285.32575757575756,133.206253,34.4958344,34205,leisure,False,False
51335197,126.33333333333333,165.58333333333334,86.08333333333333,158.33333333333334,-0.8791591643532507,0.5534294993060322,536.3333333333334,133.21875,34.4958344,34205,residential,False,False
51335198,47.333333333333336,62.583333333333336,36.75,88.0,-1.2597592738009329,0.3651122739471615,234.66666666666669,133.231247,34.4958344,34205,residential,False,False
51335200,60.5,22.8,117.0,16.25,2.84799690655495,-0.9515014823088098,216.55,133.256256,34.4208336,34207,office,False,False
51335201,64.75,73.08333333333333,38.0,86.44444444444444,-1.185773830100294,0.7688807742429684,262.27777777777777,133.268753,34.4208336,34207,leisure,False,False
51335202,435.4166666666667,371.75,335.8333333333333,351.5,-0.06577925637836174,0.37465119844027783,1494.5,133.28125,34.4208336,34207,mixed,False,False
51335203,53.25,22.333333333333332,20.916666666666668,15.6,0.4231069292547299,1.3481285669962224,112.1,133.293747,34.4208336,34207,leisure,False,False
51335204,1937.25,331.5833333333333,459.25,153.75,1.5786933108847472,2.076658517727807,2881.8333333333335,133.306244,34.4208336,34207,office,False,False
51335205,438.0,238.91666666666666,767.25,251.91666666666666,1.6067501675599338,-0.8087658708653113,1696.0833333333333,133.318756,34.4208336,34207,office,False,False
51335206,38.0,74.81818181818181,35.333333333333336,71.16666666666667,-1.0101718050572912,0.10496955960154247,219.3181818181818,133.331253,34.4208336,34207,residential,False,False
51335207,34.8,46.8,26.25,41.166666666666664,-0.6491592131973987,0.4067698832952432,149.01666666666665,133.34375,34.4208336,34207,residential,False,False
51335208,26.4,94.25,17.0,91.25,-2.4242898125170402,0.6350031832207516,228.9,133.356247,34.4208336,34207,leisure,False,False
51335210,267.3333333333333,32.2,655.4166666666666,78.16666666666667,3.0677869377876723,-1.2937726238481289,1033.1166666666666,133.256256,34.4291649,34207,office,False,False
51335211,258.75,368.4166666666667,172.25,345.5833333333333,-1.004529658480514,0.5870548796823963,1145.0,133.268753,34.4291649,34207,leisure,False,False
51335212,665.9166666666666,680.0,789.1666666666666,745.6666666666666,0.0817991692966286,-0.24498837125541087,2880.75,133.28125,34.4291649,34207,mixed,False,False
51335213,110.41666666666667,168.75,51.333333333333336,151.33333333333334,-1.5597619465960137,1.1049901036430223,481.83333333333337,133.293747,34.4291649,34207,leisure,False,False
51335214,53.833333333333336,16.833333333333332,27.25,13.5,1.0132968226134578,0.9822435291958425,111.41666666666667,133.306244,34.4291649,34207,office,False,False
51335215,322.4166666666667,343.0833333333333,275.25,378.75,-0.46050332479594436,0.2281837591576913,1319.5,133.318756,34.4291649,34207,mixed,False,False
51335216,274.6666666666667,309.6666666666667,167.83333333333334,297.8333333333333,-0.8274759510347056,0.7106525591764338,1050.0,133.331253,34.4291649,34207,leisure,False,False
51335217,121.91666666666667,125.36363636363636,121.41666666666667,136.45454545454547,-0.1684539816400349,0.005928892073974264,505.1515151515152,133.34375,34.4291649,34207,mixed,False,False
51335220,1127.5833333333333,600.3333333333334,1308.3333333333333,598.75,1.127704497321653,-0.21449609439751194,3635.0,133.256256,34.4375,34207,office,False,False
51335221,1522.6666666666667,1707.75,1254.5833333333333,1711.6666666666667,-0.44819347359351785,0.279391847750803,6196.666666666667,133.268753,34.4375,34207,mixed,False,False
51335222,469.4166666666667,549.75,444.5,559.3333333333334,-0.33152489088889725,0.07868564668862225,2023.0,133.28125,34.4375,34207,mixed,False,False
51335223,313.0833333333333,401.5833333333333,259.3333333333333,391.5,-0.594204653026005,0.27173905565557893,1365.4999999999998,133.293747,34.4375,34207,residential,False,False
51335224,299.8333333333333,249.91666666666666,296.6666666666667,243.08333333333334,0.2873918549555824,0.01531794539772188,1089.5,133.306244,34.4375,34207,mixed,False,False
51335225,23.6,28.6,20.0,22.0,-0.13750352374993496,0.23878685958711676,94.19999999999999,133.318756,34.4375,34207,mixed,False,False
51335226,443.3333333333333,652.4166666666666,395.9166666666667,667.9166666666666,-0.7544713136310663,0.16319503897770782,2159.583333333333,133.331253,34.4375,34207,residential,False,False
51335227,131.25,207.08333333333334,96.33333333333333,155.41666666666666,-0.6900342326419212,0.4462104307739624,590.0833333333334,133.34375,34.4375,34207,residential,False,False
51335229,23.4,16.5,21.666666666666668,22.8,-0.07355660697008096,0.11103131238874364,84.36666666666667,133.368744,34.4375,34207,mixed,False,False
51335230,6520.75,5006.833333333333,5463.333333333333,4753.5,0.20079128816227507,0.2552564604927474,21744.416666666664,133.256256,34.4458351,34207,mixed,False,False
51335231,333.8333333333333,450.25,251.08333333333334,472.5,-0.912148062235128,0.4109617482182443,1507.6666666666667,133.268753,34.4458351,34207,residential,False,False
51335232,16.857142857142858,13.75,53.90909090909091,10.0,2.430528581021344,-1.6771685486044692,94.51623376623377,133.28125,34.4458351,34207,office,False,False
51335233,53.083333333333336,39.0,75.41666666666667,34.0,1.1493486399990722,-0.5066244197142673,201.5,133.293747,34.4458351,34207,office,False,False
51335234,20.833333333333332,10.0,37.5,15.25,1.2980813529329946,-0.8479969065549502,83.58333333333333,133.306244,34.4458351,34207,office,False,False
51335236,180.0,262.9166666666667,129.33333333333334,247.16666666666666,-0.9343900402675026,0.47690275486370315,819.4166666666667,133.331253,34.4458351,34207,residential,False,False
51335237,130.66666666666666,137.58333333333334,119.0,144.58333333333334,-0.28093968343652376,0.13492958008610836,531.8333333333334,133.34375,34.4458351,34207,mixed,False,False
51335239,16.833333333333332,19.5,23.285714285714285,13.0,0.8409335140323811,-0.4681242501428349,72.61904761904762,133.368744,34.4458351,34207,office,False,False
51335240,4077.25,4674.416666666667,4569.583333333333,4919.833333333333,-0.10654682041388218,-0.16446620294580105,18241.083333333332,133.256256,34.4541664,34207,mixed,False,False
51335241,1700.3333333333333,2257.1666666666665,1612.8333333333333,2347.75,-0.5416814300947218,0.07622023876552493,7918.083333333332,133.268753,34.4541664,34207,mixed,False,False
51335242,22.0,22.857142857142858,18.916666666666668,20.333333333333332,-0.10418885027197115,0.21784563206753838,84.10714285714286,133.28125,34.4541664,34207,mixed,False,False
51335243,117.18181818181819,50.285714285714285,93.41666666666667,44.666666666666664,1.0644813723476545,0.3269968676400832,305.55086580086584,133.293747,34.4541664,34207,office,False,False
51335244,149.0,190.58333333333334,73.91666666666667,189.58333333333334,-1.358860535672357,1.0113407268822538,603.0833333333334,133.306244,34.4541664,34207,leisure,False,False
51335246,48.416666666666664,36.63636363636363,47.083333333333336,31.875,0.562791119722536,0.04028729610197881,164.01136363636363,133.331253,34.4541664,34207,mixed,False,False
51335247,179.58333333333334,235.75,194.41666666666666,250.5,-0.3656587019321654,-0.11449843800773861,860.25,133.34375,34.4541664,34207,mixed,False,False
51335248,25.833333333333332,26.285714285714285,17.22222222222222,24.75,-0.5231572162476845,0.5849625007211562,94.09126984126985,133.356247,34.4541664,34207,leisure,False,False
51335249,152.25,143.66666666666666,242.83333333333334,210.25,0.2078606710882122,-0.673524243437024,749.0,133.368744,34.4541664,34207,mixed,False,False
51335250,634.5,654.6666666666666,965.0833333333334,663.5833333333334,0.5403758702796018,-0.6050333579993061,2917.8333333333335,133.256256,34.4625015,34207,mixed,False,False
51335251,581.25,660.0833333333334,755.9166666666666,671.75,0.17030278221139547,-0.37906838734180537,2669.0,133.268753,34.4625015,34207,mixed,False,False
51335252,944.4166666666666,1321.6666666666667,634.0833333333334,1399.25,-1.1419093860318954,0.5747510452752567,4299.416666666667,133.28125,34.4625015,34207,residential,False,False
51335253,701.3333333333334,888.75,624.8333333333334,773.4166666666666,-0.30777443417889766,0.16662887900421186,2988.3333333333335,133.293747,34.4625015,34207,mixed,False,False
51335254,487.5,744.9166666666666,470.1666666666667,722.8333333333334,-0.6204907772775314,0.05222995877255783,2425.4166666666665,133.306244,34.4625015,34207,residential,False,False
51335255,343.3333333333333,448.5833333333333,300.0,402.4166666666667,-0.42372755695561837,0.19464743085354358,1494.3333333333333,133.318756,34.4625015,34207,mixed,False,False
51335256,394.8333333333333,562.3333333333334,274.25,526.9166666666666,-0.9420831930496466,0.5257521721158822,1758.3333333333335,133.331253,34.4625015,34207,residential,False,False
51335257,14.0,13.4,16.0,13.0,0.29956028185890793,-0.19264507794239588,56.4,133.34375,34.4625015,34207,mixed,False,False
51335258,640.1666666666666,740.3333333333334,613.3333333333334,628.4166666666666,-0.03505008338935878,0.06177619758668981,2622.25,133.356247,34.4625015,34207,mixed,False,False
51335259,1836.75,2123.8333333333335,1877.6666666666667,2115.5833333333335,-0.17211454405983126,-0.03178569623325778,7953.833333333334,133.368744,34.4625015,34207,mixed,False,False
51335260,448.3333333333333,478.8333333333333,297.4166666666667,464.8333333333333,-0.6442280329792893,0.5920862713949636,1689.4166666666665,133.256256,34.4708328,34207,leisure,False,False
51335261,137.0,94.41666666666667,79.66666666666667,100.08333333333333,-0.3291536277248854,0.7821277757009343,411.1666666666667,133.268753,34.4708328,34207,leisure,False,False
51335262,27.333333333333332,16.833333333333332,19.666666666666668,17.25,0.18915609186251625,0.47490895525624227,81.08333333333333,133.28125,34.4708328,34207,mixed,False,False
51335263,421.4166666666667,397.0833333333333,565.8333333333334,436.25,0.37522203731392356,-0.42512979600481,1820.5833333333333,133.293747,34.4708328,34207,mixed,False,False
51335264,1746.8333333333333,1375.1666666666667,2087.6666666666665,1564.0,0.41665086557626196,-0.2571494120068283,6773.666666666667,133.306244,34.4708328,34207,mixed,False,False
51335265,2271.75,2698.75,2092.3333333333335,2703.9166666666665,-0.36993798097967096,0.11869137065460417,9766.75,133.318756,34.4708328,34207,mixed,False,False
51335266,795.3333333333334,890.6666666666666,759.25,934.6666666666666,-0.2998769401220072,0.06698463380661208,3379.9166666666665,133.331253,34.4708328,34207,mixed,False,False
51335267,1541.0,2094.25,1700.0833333333333,2100.0,-0.30478386291656456,-0.14173860312213526,7435.333333333333,133.34375,34.4708328,34207,mixed,False,False
51335268,1725.25,2423.6666666666665,1252.5833333333333,2400.5,-0.9384283480750808,0.46189884505747736,7802.0,133.356247,34.4708328,34207,residential,False,False
51335269,7662.666666666667,7171.166666666667,10808.166666666666,7546.25,0.5182900257869184,-0.49620337337275267,33188.25,133.368744,34.4708328,34207,mixed,False,False
51335270,92.0,14.25,60.416666666666664,16.857142857142858,1.8415865568769034,0.6066872718758723,183.52380952380952,133.256256,34.4791679,34207,office,False,False
51335271,173.91666666666666,155.58333333333334,151.91666666666666,150.41666666666666,0.014315724264600874,0.19511603912070064,631.8333333333334,133.268753,34.4791679,34207,mixed,False,False
51335272,22.5,15.857142857142858,19.916666666666668,15.0,0.40901371165107403,0.17594878907008227,73.27380952380953,133.28125,34.4791679,34207,mixed,False,False
51335273,112.08333333333333,43.25,94.33333333333333,36.666666666666664,1.3632985293072228,0.24873221461210418,286.3333333333333,133.293747,34.4791679,34207,office,False,False
51335274,706.3333333333334,819.3333333333334,476.8333333333333,772.1666666666666,-0.6954271847100885,0.566864090048987,2774.666666666667,133.306244,34.4791679,34207,residential,False,False
51335275,2682.75,2779.9166666666665,2902.6666666666665,2908.6666666666665,-0.0029790661882931543,-0.11366628775066877,11273.999999999998,133.318756,34.4791679,34207,mixed,False,False
51335276,1581.6666666666667,1852.4166666666667,1527.5,1967.75,-0.3653745598044839,0.05027320648122359,6929.333333333334,133.331253,34.4791679,34207,mixed,False,False
51335277,1085.75,1085.0,1261.9166666666667,1128.25,0.16152986350041373,-0.21692468925900849,4560.916666666667,133.34375,34.4791679,34207,mixed,False,False
51335278,4891.25,6242.25,5817.0,6587.166666666667,-0.17938274909035665,-0.25007209903979205,23537.666666666668,133.356247,34.4791679,34207,mixed,False,False
51335279,12237.083333333334,10713.583333333334,15466.833333333334,11176.666666666666,0.46868786842015675,-0.3379181132217526,49594.16666666667,133.368744,34.4791679,34207,mixed,False,False
51335281,72.08333333333333,105.66666666666667,55.0,108.75,-0.983511877211431,0.39023410827827115,341.5,133.268753,34.4874992,34207,residential,False,False
51335282,70.83333333333333,39.0,32.45454545454545,67.0,-1.04574054506597,1.1260078849121054,209.28787878787878,133.28125,34.4874992,34207,leisure,False,False
51335283,78.66666666666667,32.0,22.77777777777778,16.0,0.5095550980631337,1.7881254505775515,149.44444444444446,133.293747,34.4874992,34207,leisure,False,False
51335284,54.416666666666664,39.44444444444444,39.333333333333336,39.22222222222222,0.004081176811817381,0.46829613218458926,172.41666666666669,133.306244,34.4874992,34207,mixed,False,False
51335285,2749.4166666666665,2724.75,1901.6666666666667,2536.25,-0.41543257418913343,0.5318611741617846,9912.083333333334,133.318756,34.4874992,34207,mixed,False,False
51335286,2521.4166666666665,2490.4166666666665,2245.5833333333335,2443.1666666666665,-0.12166202262426962,0.16714428336465592,9700.583333333332,133.331253,34.4874992,34207,mixed,False,False
51335287,3164.9166666666665,3451.0833333333335,2899.1666666666665,3434.25,-0.24435679260860685,0.12652924037810506,12949.416666666666,133.34375,34.4874992,34207,mixed,False,False
51335288,16663.666666666668,12765.416666666666,19861.083333333332,13402.083333333334,0.5674870347286063,-0.25323843189498246,62692.24999999999,133.356247,34.4874992,34207,mixed,False,False
51335289,21273.666666666668,16635.916666666668,25104.166666666668,15154.0,0.7282281825050704,-0.23885812210132693,78167.75000000001,133.368744,34.4874992,34207,office,False,False
51335292,106.16666666666667,112.66666666666667,65.33333333333333,127.83333333333333,-0.9683729233877251,0.7004397181410924,412.0,133.28125,34.4958344,34207,leisure,False,False
51335295,338.0833333333333,406.5833333333333,265.0833333333333,384.4166666666667,-0.5362249205261426,0.3509329306667597,1394.1666666666665,133.318756,34.4958344,34207,mixed,False,False
51335296,3209.4166666666665,4345.75,2704.3333333333335,4424.333333333333,-0.7101870959548175,0.24703811384640845,14683.833333333332,133.331253,34.4958344,34207,residential,False,False
51335297,3061.8333333333335,3701.5833333333335,2561.25,3713.0833333333335,-0.5357696149589919,0.25754767462742917,13037.750000000002,133.34375,34.4958344,34207,mixed,False,False
51335298,7126.0,8650.166666666666,5541.666666666667,8936.333333333334,-0.6893630658775729,0.36277254869117886,30254.166666666664,133.356247,34.4958344,34207,residential,False,False
51335299,8874.916666666666,9818.5,10293.166666666666,10025.0,0.03808465531602631,-0.21388141387480997,39011.58333333333,133.368744,34.4958344,34207,mixed,False,False
51335300,550.5833333333334,801.0,578.9166666666666,778.5,-0.4273413478070915,-0.07239475261582679,2709.0,133.381256,34.4208336,34207,mixed,False,False
51335301,165.41666666666666,233.0,167.33333333333334,200.91666666666666,-0.2638723816517539,-0.016620261920452004,766.6666666666666,133.393753,34.4208336,34207,mixed,False,False
51335310,502.5,602.1666666666666,319.25,633.5833333333334,-0.988847765310229,0.6544369763635671,2057.5,133.381256,34.4291649,34207,leisure,False,False
51335311,26.272727272727273,26.142857142857142,35.166666666666664,15.375,1.193622182646789,-0.4206426241226472,102.95725108225108,133.393753,34.4291649,34207,office,False,False
51335313,222.75,21.272727272727273,302.0,36.22222222222222,3.059601586536314,-0.4391231178031569,582.2449494949494,133.418747,34.4291649,34207,office,False,False
51335314,79.66666666666667,19.428571428571427,256.3333333333333,25.09090909090909,3.3527844490997984,-1.6859729799810776,380.5194805194805,133.431244,34.4291649,34207,office,False,False
51335320,1401.0,2204.8333333333335,1222.0,2137.8333333333335,-0.8069050989840749,0.19721267061208855,6965.666666666668,133.381256,34.4375,34207,residential,False,False
51335321,870.9166666666666,778.0,950.5833333333334,757.1666666666666,0.3282022073937804,-0.12627842525837776,3356.6666666666665,133.393753,34.4375,34207,mixed,False,False
51335322,280.25,252.08333333333334,744.0833333333334,264.0833333333333,1.4944709505843679,-1.4087498314400182,1540.5,133.40625,34.4375,34207,office,False,False
51335323,1239.25,136.75,4002.5,314.3333333333333,3.670534227449679,-1.6914341439332927,5692.833333333333,133.418747,34.4375,34207,office,False,False
51335324,134.91666666666666,38.45454545454545,609.8333333333334,80.75,2.9168808449240062,-2.1763464300365216,863.9545454545455,133.431244,34.4375,34207,office,False,False
51335325,64.0,20.0,27.75,45.0,-0.6974372299795687,1.205584133649894,156.75,133.443756,34.4375,34207,leisure,False,False
51335330,2770.4166666666665,3706.75,2204.25,3594.4166666666665,-0.7054697967977521,0.3298151121335301,12275.833333333332,133.381256,34.4458351,34207,residential,False,False
51335331,1491.6666666666667,1079.0,851.75,938.75,-0.14031096030528772,0.8084232342214785,4361.166666666667,133.393753,34.4458351,34207,leisure,False,False
51335332,671.6666666666666,473.6666666666667,1136.25,521.6666666666666,1.123080137982645,-0.758462956387296,2803.2499999999995,133.40625,34.4458351,34207,office,False,False
51335333,535.0,374.0,1621.5,423.3333333333333,1.9374630275174345,-1.5997182271672972,2953.833333333333,133.418747,34.4458351,34207,office,False,False
51335334,41.0,20.142857142857142,86.33333333333333,22.375,1.9480300097011412,-1.0742937823473138,169.85119047619045,133.431244,34.4458351,34207,office,False,False
51335335,38.63636363636363,14.8,62.75,28.142857142857142,1.1568466565519997,-0.6996561415630054,144.32922077922078,133.443756,34.4458351,34207,office,False,False
51335340,1791.25,2179.3333333333335,1468.4166666666667,2253.8333333333335,-0.6181194405471887,0.2867053101205895,7692.833333333334,133.381256,34.4541664,34207,residential,False,False
51335341,3590.1666666666665,4635.25,2957.8333333333335,4537.666666666667,-0.6174098712947772,0.27951005758549624,15720.916666666666,133.393753,34.4541664,34207,residential,False,False
51335342,679.5833333333334,717.0833333333334,974.3333333333334,760.25,0.35794151205409885,-0.5197649522068061,3131.2500000000005,133.40625,34.4541664,34207,mixed,False,False
51335343,374.25,169.0,709.75,196.5,1.8527816314657852,-0.923308627665975,1449.5,133.418747,34.4541664,34207,office,False,False
51335344,286.0833333333333,139.33333333333334,492.1666666666667,137.16666666666666,1.8432170207123286,-0.7827114991766978,1054.75,133.431244,34.4541664,34207,office,False,False
51335345,85.25,41.083333333333336,168.66666666666666,44.0,1.9385994553358565,-0.9844031449489814,338.99999999999994,133.443756,34.4541664,34207,office,False,False
51335350,6138.0,8353.5,4708.166666666667,8336.75,-0.8243196808558169,0.38260325386526595,27536.416666666668,133.381256,34.4625015,34207,residential,False,False
51335351,6250.333333333333,6116.583333333333,5152.333333333333,6311.25,-0.29269983977287595,0.2787071989549739,23830.499999999996,133.393753,34.4625015,34207,mixed,False,False
51335352,2258.0,908.6666666666666,2360.0,985.1666666666666,1.260347139719469,-0.06374137347620283,6511.833333333333,133.40625,34.4625015,34207,office,False,False
51335353,380.8333333333333,252.58333333333334,1084.75,314.6666666666667,1.7854663221760574,-1.5101309215924668,2032.8333333333333,133.418747,34.4625015,34207,office,False,False
51335354,495.75,232.16666666666666,1979.0,318.5,2.635406334791212,-1.9970869348186644,3025.4166666666665,133.431244,34.4625015,34207,office,False,False
51335355,278.5,79.33333333333333,493.5,78.75,2.647698256069119,-0.825372757116366,930.0833333333334,133.443756,34.4625015,34207,office,False,False
51335360,7776.916666666667,9688.333333333334,6201.333333333333,9668.916666666666,-0.6407758158987655,0.3266198405676502,33335.5,133.381256,34.4708328,34207,residential,False,False
51335361,6211.833333333333,5770.25,5061.916666666667,5736.0,-0.1803612671989551,0.29533536515750985,22780.0,133.393753,34.4708328,34207,mixed,False,False
51335362,2019.75,1755.25,2897.0,1854.5833333333333,0.643464589651928,-0.5203829540475753,8526.583333333332,133.40625,34.4708328,34207,office,False,False
51335363,302.75,189.33333333333334,1676.1666666666667,313.4166666666667,2.419011802341279,-2.4689667429661006,2481.666666666667,133.418747,34.4708328,34207,office,False,False
51335364,434.25,165.66666666666666,2273.6666666666665,245.83333333333334,3.2092683081300706,-2.3884230078350877,3119.4166666666665,133.431244,34.4708328,34207,office,False,False
51335365,352.8333333333333,74.0,750.25,90.41666666666667,3.0527107769876025,-1.0883845503118552,1267.5,133.443756,34.4708328,34207,office,False,False
51335370,6757.916666666667,6201.833333333333,7640.25,6554.75,0.2210790893924154,-0.1770412856694626,27154.75,133.381256,34.4791679,34207,mixed,False,False
51335371,4407.833333333333,4815.75,5636.833333333333,5056.833333333333,0.1566506814354819,-0.35481523681002275,19917.25,133.393753,34.4791679,34207,mixed,False,False
51335372,1950.5,1396.3333333333333,2644.8333333333335,1493.9166666666667,0.8240771381433175,-0.4393328140526717,7485.583333333333,133.40625,34.4791679,34207,office,False,False
51335373,974.9166666666666,891.5833333333334,1671.3333333333333,986.8333333333334,0.7601211424113151,-0.7776486840141038,4524.666666666666,133.418747,34.4791679,34207,office,False,False
51335374,962.0,249.41666666666666,4327.833333333333,445.0,3.2817677002550973,-2.1695361423388153,5984.25,133.431244,34.4791679,34207,office,False,False
51335375,253.5,74.75,742.75,94.41666666666667,2.975763244736055,-1.5508909528320738,1165.4166666666665,133.443756,34.4791679,34207,office,False,False
51335380,13531.166666666666,7464.0,11659.833333333334,7116.333333333333,0.7123411726742077,0.21473906817605712,39771.333333333336,133.381256,34.4874992,34207,office,False,False
51335381,9022.25,7678.5,7274.5,7632.5,-0.06930759411699706,0.310639172328682,31607.75,133.393753,34.4874992,34207,mixed,False,False
51335382,4381.5,4445.5,3924.75,4449.833333333333,-0.1811505418712313,0.15882409921446355,17201.583333333332,133.40625,34.4874992,34207,mixed,False,False
51335383,1998.3333333333333,3125.6666666666665,1361.75,3196.4166666666665,-1.2309936148524017,0.5533353857399861,9682.166666666666,133.418747,34.4874992,34207,residential,False,False
51335384,1338.8333333333333,1521.9166666666667,1719.0,1718.8333333333333,0.00013988413652200388,-0.3605931690224569,6298.583333333333,133.431244,34.4874992,34207,mixed,False,False
51335385,1088.5833333333333,967.9166666666666,2047.0,1236.0833333333333,0.7277350933147931,-0.9110592492817806,5339.583333333333,133.443756,34.4874992,34207,office,False,False
51335390,6049.75,7277.0,5352.666666666667,7518.416666666667,-0.4901710583008047,0.17661771296772985,26197.833333333336,133.381256,34.4958344,34207,mixed,False,False
51335391,9936.583333333334,6176.0,7983.0,5974.916666666667,0.4180124193979672,0.3158188592770442,30070.5,133.393753,34.4958344,34207,mixed,False,False
51335392,5930.333333333333,5474.75,5944.666666666667,5614.25,0.08250260864058824,-0.0034827181408994133,22964.0,133.40625,34.4958344,34207,mixed,False,False
51335393,2748.3333333333335,2796.3333333333335,3077.5,2971.0833333333335,0.05076978607000069,-0.16320186376814627,11593.250000000002,133.418747,34.4958344,34207,mixed,False,False
51335394,1769.4166666666667,2523.1666666666665,1422.9166666666667,2569.8333333333335,-0.8528236237140466,0.31442264479348164,8285.333333333334,133.431244,34.4958344,34207,residential,False,False
51335395,3012.75,3732.0,2891.0833333333335,3894.0,-0.4296426900291213,0.0594707680754495,13529.833333333334,133.443756,34.4958344,34207,mixed,False,False
51335396,1650.5,2132.0,3961.25,2658.0,0.5756146499934215,-1.2630526160470599,10401.75,133.456253,34.4958344,34207,mixed,False,False
51336000,130.0,146.91666666666666,45.5,143.08333333333334,-1.6529171830822817,1.5145731728297582,465.5,133.006256,34.5041656,34204,leisure,False,False
51336001,317.25,389.9166666666667,221.75,389.6666666666667,-0.8133064195094363,0.5166860595400421,1318.5833333333335,133.018753,34.5041656,34204,residential,False,False
51336002,28.416666666666668,32.333333333333336,46.333333333333336,27.125,0.7724273395578719,-0.7053131436993351,134.20833333333334,133.03125,34.5041656,34204,office,False,False
51336003,101.41666666666667,36.285714285714285,137.83333333333334,31.666666666666668,2.121887910840327,-0.44263006645754643,307.20238095238096,133.043747,34.5041656,34204,office,False,False
51336004,112.16666666666667,21.142857142857142,30.916666666666668,18.5,0.7408595102706973,1.8591873179895138,182.72619047619048,133.056244,34.5041656,34205,office,False,False
51336006,104.08333333333333,165.58333333333334,31.416666666666668,148.75,-2.243287645647798,1.7281370483392928,449.83333333333337,133.081253,34.5041656,34205,leisure,False,False
51336007,93.16666666666667,174.33333333333334,44.583333333333336,170.66666666666666,-1.9366049187114904,1.063309391554681,482.75,133.09375,34.5041656,34205,leisure,False,False
51336008,77.5,150.25,31.8,156.5,-2.2990639865356255,1.2851695448772447,416.05,133.106247,34.5041656,34205,leisure,False,False
51336009,141.66666666666666,248.54545454545453,137.91666666666666,228.16666666666666,-0.7262912295633195,0.03870352933048421,756.2954545454545,133.118744,34.5041656,34205,residential,False,False
51336011,31.916666666666668,39.9,46.833333333333336,63.36363636363637,-0.4361194077313559,-0.5532257382959691,182.01363636363638,133.018753,34.5125008,34204,mixed,False,False
51336012,185.58333333333334,189.58333333333334,152.33333333333334,172.66666666666666,-0.180757932628484,0.28483548772972,700.1666666666667,133.03125,34.5125008,34204,mixed,False,False
51336013,33.27272727272727,18.166666666666668,50.333333333333336,21.5,1.2271774839018248,-0.5971740189571775,123.2727272727273,133.043747,34.5125008,34204,office,False,False
51336019,34.5,41.5,17.0,33.0,-0.9569312781081141,1.0210616155278296,126.0,133.118744,34.5125008,34205,leisure,False,False
51336022,134.5,107.75,136.75,124.625,0.13394732839436055,-0.02393466023593244,503.625,133.03125,34.5208321,34204,mixed,False,False
51336023,75.25,100.91666666666667,71.08333333333333,133.16666666666666,-0.9056497616096867,0.08218024616256829,380.4166666666667,133.043747,34.5208321,34204,residential,False,False
51336025,139.41666666666666,21.333333333333332,65.16666666666667,13.0,2.325622578445104,1.0971969327310003,238.91666666666666,133.068756,34.5208321,34205,office,False,False
51336029,78.55555555555556,90.25,100.0,95.25,0.07020900228140264,-0.3482147864076382,364.05555555555554,133.118744,34.5208321,34205,mixed,False,False
51336032,121.75,176.08333333333334,95.66666666666667,218.83333333333334,-1.193744274217199,0.3478335361278105,612.3333333333334,133.03125,34.5291672,34204,residential,False,False
51336033,88.58333333333333,52.72727272727273,77.0,52.583333333333336,0.5502528464335085,0.20217684011504705,270.89393939393943,133.043747,34.5291672,34204,mixed,False,False
51336035,71.58333333333333,24.857142857142858,33.083333333333336,23.2,0.511979796181592,1.1135191239955056,152.7238095238095,133.068756,34.5291672,34204,leisure,False,False
51336040,94.25,139.08333333333334,61.44444444444444,152.63636363636363,-1.312744227507338,0.6172100444762697,447.41414141414145,133.006256,34.5374985,34204,leisure,False,False
51336041,31.0,43.8,24.583333333333332,44.27272727272727,-0.8487376999169977,0.3345876668588279,143.6560606060606,133.018753,34.5374985,34204,residential,False,False
51336042,400.0,496.25,233.5,454.0833333333333,-0.9595345351457091,0.7765774500650628,1583.8333333333333,133.03125,34.5374985,34204,leisure,False,False
51336043,52.416666666666664,52.90909090909091,25.818181818181817,41.0,-0.6672365037506991,1.021638205290748,172.14393939393938,133.043747,34.5374985,34204,leisure,False,False
51336044,24.2,24.2,24.6,15.0,0.7136958148433591,-0.023651268064645493,88.0,133.056244,34.5374985,34204,office,False,False
51336045,126.08333333333333,234.58333333333334,109.0,232.08333333333334,-1.0903147867293117,0.21004944671865453,701.75,133.068756,34.5374985,34204,residential,False,False
51336050,37.166666666666664,143.66666666666666,22.75,148.16666666666666,-2.7032824679099177,0.7081427590004522,351.75,133.006256,34.5458336,34204,leisure,False,False
51336051,21.583333333333332,27.8,14.181818181818182,27.285714285714285,-0.9441033057531935,0.6058751867404466,90.85086580086579,133.018753,34.5458336,34204,leisure,False,False
51336052,52.25,75.33333333333333,48.0,67.91666666666667,-0.5007312476761278,0.12239663135972667,243.5,133.03125,34.5458336,34204,mixed,False,False
51336060,24.0,16.0,31.6,31.555555555555557,0.002030535227370875,-0.3968901525685845,103.15555555555557,133.006256,34.5541649,34462,mixed,False,False
51336061,15.25,13.5,18.0,12.0,0.5849625007211562,-0.2391876638794261,58.75,133.018753,34.5541649,34462,office,False,False
51336062,89.58333333333333,76.0,54.916666666666664,35.7,0.6213199851451581,0.7059862894687708,256.2,133.03125,34.5541649,34204,office,False,False
51336066,212.58333333333334,22.545454545454547,85.83333333333333,18.833333333333332,2.188249659655393,1.3084185615318917,339.79545454545456,133.081253,34.5541649,34462,office,False,False
51336069,39.27272727272727,33.3,71.16666666666667,29.727272727272727,1.2594145520385491,-0.8576738753731629,173.4666666666667,133.118744,34.5541649,34462,office,False,False
51336071,73.91666666666667,115.25,22.11111111111111,34.4,-0.637637040713399,1.7411281744785714,245.67777777777778,133.018753,34.5625,34462,leisure,False,False
51336072,90.16666666666667,14.1,67.41666666666667,17.0,1.987570550458482,0.4194888913968377,188.68333333333334,133.03125,34.5625,34462,office,False,False
51336078,69.66666666666667,34.0,39.583333333333336,30.0,0.39993060688863546,0.8155754288625726,173.25,133.106247,34.5625,34462,leisure,False,False
51336079,212.41666666666666,264.3333333333333,171.25,271.3333333333333,-0.6639623056972016,0.3107929794531563,919.3333333333333,133.118744,34.5625,34462,residential,False,False
51336080,34.857142857142854,27.25,24.6,13.5,0.8656989082884091,0.5027960050534045,100.20714285714286,133.006256,34.5708351,34462,office,False,False
51336082,46.666666666666664,27.571428571428573,45.75,13.142857142857142,1.7994928042846339,0.02862067793976764,133.13095238095238,133.03125,34.5708351,34462,office,False,False
51336085,47.25,51.25,17.0,21.0,-0.3048545815284209,1.474779582970733,136.5,133.068756,34.5708351,34462,leisure,False,False
51336086,37.36363636363637,29.666666666666668,20.833333333333332,18.5,0.17136841831198113,0.842741181103455,106.36363636363636,133.081253,34.5708351,34462,leisure,False,False
51336087,32.333333333333336,107.88888888888889,37.6,101.77777777777777,-1.4366180298643563,-0.21771041532430355,279.6,133.09375,34.5708351,34462,residential,False,False
51336088,87.91666666666667,36.4,103.16666666666667,34.55555555555556,1.5779873298048182,-0.23076831561971708,262.0388888888889,133.106247,34.5708351,34462,office,False,False
51336091,51.4,162.66666666666666,18.625,173.22222222222223,-3.217311690793311,1.4645279338443542,405.9138888888889,133.018753,34.5791664,34462,leisure,False,False
51336092,56.81818181818182,34.166666666666664,41.72727272727273,16.333333333333332,1.3531713813824588,0.4453620361356414,149.04545454545453,133.03125,34.5791664,34462,office,False,False
51336093,568.4166666666666,720.3333333333334,473.1666666666667,719.75,-0.605147440560199,0.2646004135422451,2481.666666666667,133.043747,34.5791664,34462,residential,False,False
51336094,37.18181818181818,56.55555555555556,24.75,53.4,-1.1094112167205818,0.5871687942248419,171.88737373737376,133.056244,34.5791664,34462,leisure,False,False
51336095,35.2,20.571428571428573,36.90909090909091,17.333333333333332,1.0904270811279428,-0.06840077479794385,110.01385281385281,133.068756,34.5791664,34462,office,False,False
51336097,38.36363636363637,74.75,19.583333333333332,55.125,-1.4930803997136772,0.9701131242260446,187.8219696969697,133.09375,34.5791664,34462,leisure,False,False
51336098,35.583333333333336,27.666666666666668,22.727272727272727,21.75,0.06340917017606146,0.6467770928745445,107.72727272727273,133.106247,34.5791664,34462,leisure,False,False
51336100,356.5833333333333,557.4166666666666,241.25,588.5833333333334,-1.2867177482873626,0.5637103307468903,1743.8333333333335,133.131256,34.5041656,34205,residential,False,False
51336101,157.08333333333334,193.83333333333334,65.91666666666667,189.66666666666666,-1.52475095783379,1.2528149236832347,606.5,133.143753,34.5041656,34205,leisure,False,False
51336102,108.75,177.5,40.583333333333336,174.5,-2.104267764848466,1.4220561293749046,501.33333333333337,133.15625,34.5041656,34205,leisure,False,False
51336103,106.91666666666667,106.27272727272727,74.33333333333333,99.66666666666667,-0.4231017742778004,0.5244055551693778,387.18939393939394,133.168747,34.5041656,34205,mixed,False,False
51336105,41.25,71.11111111111111,51.857142857142854,73.85714285714286,-0.5101947323191841,-0.3301486016923307,238.07539682539684,133.193756,34.5041656,34205,mixed,False,False
51336106,58.666666666666664,77.83333333333333,68.33333333333333,82.0,-0.26303440583379395,-0.22004848086814882,286.8333333333333,133.206253,34.5041656,34205,mixed,False,False
51336107,114.66666666666667,101.08333333333333,66.0,90.08333333333333,-0.4487941876550406,0.7969081346224884,371.8333333333333,133.21875,34.5041656,34205,leisure,False,False
51336108,66.83333333333333,58.5,48.333333333333336,78.58333333333333,-0.7012048706601619,0.4675493364399856,252.25,133.231247,34.5041656,34205,residential,False,False
51336110,338.25,292.75,231.83333333333334,233.41666666666666,-0.009819563532267154,0.5450019201554542,1096.25,133.131256,34.5125008,34205,mixed,False,False
51336111,1551.3333333333333,1368.3333333333333,1813.1666666666667,1323.6666666666667,0.45397168387193976,-0.22500283399105964,6056.5,133.143753,34.5125008,34205,mixed,False,False
51336112,259.9166666666667,270.4166666666667,246.0,249.58333333333334,-0.02086328161575197,0.07939083131375592,1025.9166666666667,133.15625,34.5125008,34205,mixed,False,False
51336113,61.833333333333336,78.72727272727273,55.083333333333336,99.9,-0.8588688121185206,0.16676891511311173,295.5439393939394,133.168747,34.5125008,34205,residential,False,False
51336118,64.16666666666667,51.0,30.5,28.727272727272727,0.08638820802308075,1.0730147972982216,174.3939393939394,133.231247,34.5125008,34205,leisure,False,False
51336119,26.166666666666668,26.857142857142858,29.09090909090909,26.571428571428573,0.1306925871996377,-0.15283822807959418,108.6861471861472,133.243744,34.5125008,34207,mixed,False,False
51336120,158.0,142.0,195.91666666666666,246.75,-0.3328099515245326,-0.3103155747547622,742.6666666666666,133.131256,34.5208321,34205,mixed,False,False
51336121,194.41666666666666,108.91666666666667,271.0833333333333,130.08333333333334,1.0593002850632227,-0.47958451505693267,704.4999999999999,133.143753,34.5208321,34205,office,False,False
51336122,257.0,328.1666666666667,241.16666666666666,346.25,-0.5217835551259823,0.09173784338330966,1172.5833333333333,133.15625,34.5208321,34205,mixed,False,False
51336123,181.75,299.6666666666667,109.0,286.0,-1.391687012001463,0.7376272291426681,876.4166666666667,133.168747,34.5208321,34205,leisure,False,False
51336124,73.33333333333333,74.0,69.8,77.11111111111111,-0.14371171981365882,0.0712420814812135,294.2444444444444,133.181244,34.5208321,34205,mixed,False,False
51336125,64.91666666666667,139.25,16.857142857142858,148.0,-3.1341652383247127,1.945228890036276,369.0238095238095,133.193756,34.5208321,34205,leisure,False,False
51336126,27.272727272727273,25.428571428571427,15.0,12.0,0.32192809488736235,0.8624964762500651,79.7012987012987,133.206253,34.5208321,34205,leisure,False,False
51336128,29.2,29.666666666666668,19.5,30.6,-0.6500575289430411,0.5824942451304066,108.96666666666667,133.231247,34.5208321,34207,residential,False,False
51336129,67.41666666666667,54.333333333333336,127.91666666666667,52.72727272727273,1.2785829681587484,-0.9240270478275643,302.3939393939394,133.243744,34.5208321,34207,office,False,False
51336130,29.333333333333332,15.25,39.5,13.333333333333334,1.5668151540108968,-0.429311630260962,97.41666666666667,133.131256,34.5291672,34205,office,False,False
51336131,77.0,78.1,61.166666666666664,70.0,-0.19460926482290986,0.33211278857284493,286.26666666666665,133.143753,34.5291672,34205,mixed,False,False
51336132,48.25,25.333333333333332,30.5,35.72727272727273,-0.22821654605842293,0.6617196997051942,139.81060606060606,133.15625,34.5291672,34205,leisure,False,False
51336133,370.6666666666667,395.3333333333333,379.0,294.3333333333333,0.36474691124378195,-0.032075466168740414,1439.3333333333333,133.168747,34.5291672,34205,mixed,False,False
51336134,311.25,471.8333333333333,138.58333333333334,486.25,-1.8109444873074414,1.1673200743893304,1407.9166666666667,133.181244,34.5291672,34205,leisure,False,False
51336136,36.166666666666664,21.8,26.818181818181817,13.5,0.9902520234484377,0.4314492061114168,98.28484848484847,133.206253,34.5291672,34205,office,False,False
51336137,19.818181818181817,19.75,15.0,17.333333333333332,-0.2085866218114174,0.40186211053111043,71.90151515151514,133.21875,34.5291672,34205,mixed,False,False
51336139,25.75,22.333333333333332,24.0,19.0,0.3370349872775706,0.1015380264620623,91.08333333333333,133.243744,34.5291672,34207,mixed,False,False
51336141,69.83333333333333,37.18181818181818,48.0,33.833333333333336,0.504589084257136,0.5408814322570391,188.84848484848487,133.143753,34.5374985,34205,mixed,False,False
51336143,154.0,246.0,25.818181818181817,230.83333333333334,-3.1603922593480096,2.5764710398275166,656.6515151515152,133.168747,34.5374985,34205,leisure,False,False
51336144,146.08333333333334,194.66666666666666,257.75,230.83333333333334,0.15912085715271373,-0.8191808373297265,829.3333333333334,133.181244,34.5374985,34205,mixed,False,False
51336145,89.25,87.91666666666667,67.33333333333333,90.75,-0.4305767559651122,0.40653128199846134,335.25,133.193756,34.5374985,34208,mixed,False,False
51336146,27.555555555555557,35.0,20.875,27.285714285714285,-0.38636961350409227,0.40056701647051063,110.71626984126985,133.206253,34.5374985,34208,mixed,False,False
51336149,73.91666666666667,30.666666666666668,101.08333333333333,53.27272727272727,0.9240760986144033,-0.4515735408194462,258.93939393939394,133.243744,34.5374985,34208,office,False,False
51336150,14.8,11.5,10.666666666666666,23.0,-1.1085244567781691,0.4724877714627438,59.96666666666667,133.131256,34.5458336,34205,residential,False,False
51336151,50.916666666666664,19.0,82.58333333333333,19.666666666666668,2.0700981978246467,-0.6977126773677585,172.16666666666666,133.143753,34.5458336,34205,office,False,False
51336155,389.75,501.0833333333333,251.66666666666666,574.4166666666666,-1.1905834657656327,0.6310348792064996,1716.9166666666665,133.193756,34.5458336,34208,leisure,False,False
51336156,95.125,113.11111111111111,48.875,57.714285714285715,-0.23983176338683843,0.9607278461961932,314.82539682539687,133.206253,34.5458336,34208,leisure,False,False
51336158,98.16666666666667,144.41666666666666,89.66666666666667,154.5,-0.7849631660689065,0.13066146127383646,486.75,133.231247,34.5458336,34208,residential,False,False
51336159,473.25,612.75,413.4166666666667,661.6666666666666,-0.6785080501376419,0.195005954532183,2161.083333333333,133.243744,34.5458336,34208,residential,False,False
51336160,42.083333333333336,52.22222222222222,26.166666666666668,68.85714285714286,-1.3958761660018868,0.68551882874753,189.3293650793651,133.131256,34.5541649,34205,leisure,False,False
51336165,51.27272727272727,30.636363636363637,200.0,36.083333333333336,2.470595475769156,-1.9637364560132284,317.99242424242425,133.193756,34.5541649,34208,office,False,False
51336166,930.5,1239.3333333333333,676.8333333333334,1187.0833333333333,-0.8105486892868878,0.45920552885598204,4033.75,133.206253,34.5541649,34208,residential,False,False
51336167,28.454545454545453,81.33333333333333,41.833333333333336,83.58333333333333,-0.9985623366614085,-0.5559938249342948,235.20454545454544,133.21875,34.5541649,34208,residential,False,False
51336168,420.9166666666667,709.75,198.33333333333334,708.4166666666666,-1.8366709865621946,1.0856074682358967,2037.4166666666667,133.231247,34.5541649,34208,leisure,False,False
51336169,1230.0,1568.0833333333333,1309.0,1590.25,-0.2807884892380107,-0.08980678171863853,5697.333333333333,133.243744,34.5541649,34208,mixed,False,False
51336170,54.25,55.44444444444444,37.666666666666664,44.63636363636363,-0.24493113398336427,0.526334770750448,191.99747474747477,133.131256,34.5625,34462,mixed,False,False
51336173,57.09090909090909,40.7,14.666666666666666,11.0,0.41503749927884376,1.9607200123381887,123.45757575757575,133.168747,34.5625,34208,leisure,False,False
51336175,53.333333333333336,57.916666666666664,154.58333333333334,106.83333333333333,0.5330229248894247,-1.5352753766208032,372.6666666666667,133.193756,34.5625,34208,mixed,False,False
51336176,122.66666666666667,205.58333333333334,245.0,211.83333333333334,0.20985212471876777,-0.9980384836667138,785.0833333333334,133.206253,34.5625,34208,mixed,False,False
51336177,103.33333333333333,67.25,89.33333333333333,68.41666666666667,0.3848507786799674,0.21003521481646528,328.3333333333333,133.21875,34.5625,34208,mixed,False,False
51336178,1112.75,1011.8333333333334,936.5,964.5833333333334,-0.04262688807075955,0.2487786012092238,4025.666666666667,133.231247,34.5625,34208,mixed,False,False
51336179,3854.4166666666665,4386.416666666667,3398.3333333333335,4345.916666666667,-0.35483314145973377,0.18168516745840566,15985.083333333332,133.243744,34.5625,34208,mixed,False,False
51336184,119.08333333333333,160.25,106.66666666666667,153.16666666666666,-0.5219929564016719,0.1588621062084539,539.1666666666666,133.181244,34.5708351,34208,mixed,False,False
51336185,154.08333333333334,292.8333333333333,197.33333333333334,292.8333333333333,-0.569445110379426,-0.3569238562247538,937.0833333333333,133.193756,34.5708351,34208,mixed,False,False
51336186,13.666666666666666,17.333333333333332,11.0,15.666666666666666,-0.5101947323191839,0.3131578852596303,57.66666666666666,133.206253,34.5708351,34208,mixed,False,False
51336187,879.75,897.6666666666666,1223.0833333333333,947.8333333333334,0.3678173999618609,-0.47535718944327215,3948.333333333333,133.21875,34.5708351,34208,mixed,False,False
51336188,3677.75,3226.0,5100.083333333333,3471.6666666666665,0.5548923867951564,-0.4716974063917535,15475.5,133.231247,34.5708351,34208,mixed,False,False
51336189,3186.9166666666665,3405.4166666666665,4841.0,3397.8333333333335,0.5106900053819046,-0.6031437990110159,14831.166666666666,133.243744,34.5708351,34208,mixed,False,False
51336195,16.77777777777778,14.5,32.666666666666664,16.333333333333332,1.0,-0.9612676055112854,80.27777777777777,133.193756,34.5791664,34208,office,False,False
51336197,458.3333333333333,702.5,366.25,658.9166666666666,-0.847267259281393,0.32356845326861794,2186.0,133.21875,34.5791664,34208,residential,False,False
51336198,2418.75,3023.8333333333335,1973.4166666666667,2940.6666666666665,-0.5754476612406251,0.29356606278869884,10356.666666666666,133.231247,34.5791664,34208,mixed,False,False
51336199,1362.0,1629.0833333333333,1060.5,1644.5833333333333,-0.6329774925287545,0.3609820824815161,5696.166666666666,133.243744,34.5791664,34208,residential,False,False
51336202,13.0,11.0,10.0,12.333333333333334,-0.30256277002043136,0.37851162325372983,46.333333333333336,133.28125,34.5041656,34207,mixed,False,False
51336203,19.0,16.333333333333332,77.33333333333333,11.5,2.749456538349403,-2.02509098096283,124.16666666666666,133.293747,34.5041656,34207,office,False,False
51336206,429.9166666666667,516.3333333333334,384.0833333333333,488.3333333333333,-0.3464468969729615,0.16263767881602498,1818.6666666666665,133.331253,34.5041656,34207,mixed,False,False
51336207,656.5,695.75,1021.0833333333334,778.9166666666666,0.3905597200123806,-0.6372336969787272,3152.25,133.34375,34.5041656,34207,mixed,False,False
51336208,2720.0833333333335,3546.8333333333335,3247.6666666666665,3671.0,-0.17676954934826614,-0.25575271407493877,13185.583333333334,133.356247,34.5041656,34207,mixed,False,False
51336209,2586.1666666666665,3193.5833333333335,1956.9166666666667,3151.0833333333335,-0.6872655867223205,0.4022329317193292,10887.75,133.368744,34.5041656,34207,residential,False,False
51336210,126.25,251.66666666666666,30.75,247.0,-3.005852726245438,2.037625072299917,655.6666666666666,133.256256,34.5125008,34207,leisure,False,False
51336216,19.083333333333332,18.0,16.0,14.75,0.11735695063815874,0.25424128737578766,67.83333333333333,133.331253,34.5125008,34207,mixed,False,False
51336217,599.3333333333334,466.9166666666667,672.9166666666666,372.8333333333333,0.8518970034095308,-0.16706923895420203,2112.0,133.34375,34.5125008,34207,office,False,False
51336218,573.25,691.0833333333334,406.0,630.8333333333334,-0.6357791669667617,0.4976847223956172,2301.166666666667,133.356247,34.5125008,34207,residential,False,False
51336219,1786.1666666666667,2293.25,1519.4166666666667,2205.5833333333335,-0.5376427191206218,0.23334915263317527,7804.416666666667,133.368744,34.5125008,34207,mixed,False,False
51336220,92.75,197.33333333333334,99.91666666666667,216.63636363636363,-1.1164781748599062,-0.10737806607226423,606.6363636363636,133.256256,34.5208321,34207,residential,False,False
51336221,134.66666666666666,134.1,65.25,129.27272727272728,-0.9863681344122338,1.045342985460754,463.2893939393939,133.268753,34.5208321,34207,leisure,False,False
51336222,464.6666666666667,118.91666666666667,237.08333333333334,103.5,1.1957634789734628,0.9708019086744789,924.1666666666666,133.28125,34.5208321,34207,office,False,False
51336223,198.41666666666666,393.0,78.0,374.8333333333333,-2.264703226194412,1.3469871856869295,1044.25,133.293747,34.5208321,34207,leisure,False,False
51336226,24.666666666666668,30.8,14.0,23.666666666666668,-0.7574296967259218,0.8171359428501896,93.13333333333334,133.331253,34.5208321,34207,leisure,False,False
51336227,117.08333333333333,81.33333333333333,101.83333333333333,58.583333333333336,0.7976476907461941,0.20132584528955882,358.8333333333333,133.34375,34.5208321,34207,office,False,False
51336228,952.0,1104.0833333333333,1283.5,1076.5833333333333,0.25362329973971615,-0.43104981726747477,4416.166666666666,133.356247,34.5208321,34207,mixed,False,False
51336229,3314.25,3742.3333333333335,3482.1666666666665,3788.9166666666665,-0.12180015335908333,-0.0713028244236832,14327.666666666666,133.368744,34.5208321,34207,mixed,False,False
51336230,259.4166666666667,278.0,264.8333333333333,252.58333333333334,0.0683252725641899,-0.02981354787933928,1054.8333333333333,133.256256,34.5291672,34207,mixed,False,False
51336231,406.75,460.4166666666667,351.4166666666667,470.0,-0.41947814100702235,0.21095973011455044,1688.5833333333335,133.268753,34.5291672,34207,mixed,False,False
51336232,1116.3333333333333,1234.5,787.0833333333334,1176.1666666666667,-0.5795042133774172,0.5041795794309835,4314.083333333333,133.28125,34.5291672,34207,mixed,False,False
51336233,623.9166666666666,707.9166666666666,495.4166666666667,717.0,-0.5333307147900427,0.33271094447719296,2544.25,133.293747,34.5291672,34207,mixed,False,False
51336234,136.66666666666666,127.83333333333333,87.66666666666667,84.58333333333333,0.05165497721976405,0.6405611102131434,436.74999999999994,133.306244,34.5291672,34207,leisure,False,False
51336235,388.8333333333333,453.0,348.1666666666667,443.0833333333333,-0.3477999740157325,0.1593738149170908,1633.0833333333333,133.318756,34.5291672,34207,mixed,False,False
51336236,570.1666666666666,644.8333333333334,491.0833333333333,610.0,-0.3128413823197981,0.21541583791629293,2316.0833333333335,133.331253,34.5291672,34207,mixed,False,False
51336237,885.8333333333334,1071.0833333333333,872.3333333333334,1089.5833333333333,-0.32082511697363103,0.022155767370432383,3918.833333333333,133.34375,34.5291672,34207,mixed,False,False
51336238,1473.25,2203.0833333333335,1058.0833333333333,2273.5,-1.1034617472805646,0.4775490093876317,7007.916666666666,133.356247,34.5291672,34207,residential,False,False
51336239,2605.3333333333335,1994.6666666666667,2259.5833333333335,2028.25,0.15582127611733906,0.20541120206581406,8887.833333333334,133.368744,34.5291672,34207,mixed,False,False
51336240,101.83333333333333,121.27272727272727,119.0,92.54545454545455,0.3627275358695454,-0.22475169421037022,434.6515151515151,133.256256,34.5374985,34207,mixed,False,False
51336241,238.25,233.66666666666666,269.6666666666667,281.25,-0.06067589439557789,-0.17870098779887955,1022.8333333333334,133.268753,34.5374985,34207,mixed,False,False
51336242,840.5833333333334,1281.3333333333333,582.4166666666666,1241.9166666666667,-1.0924448251523646,0.5293392108748181,3946.25,133.28125,34.5374985,34207,residential,False,False
51336243,643.6666666666666,810.75,654.5833333333334,841.1666666666666,-0.36181481111686786,-0.02426311123090854,2950.1666666666665,133.293747,34.5374985,34207,mixed,False,False
51336244,727.3333333333334,929.4166666666666,687.1666666666666,914.0833333333334,-0.41166564064211963,0.08195664043554253,3258.0,133.306244,34.5374985,34207,mixed,False,False
51336245,1566.5833333333333,1715.0833333333333,1235.0,1700.5,-0.46144796423580187,0.34311047312024023,6217.166666666666,133.318756,34.5374985,34207,mixed,False,False
51336246,3464.5833333333335,3901.3333333333335,2656.5,3880.4166666666665,-0.5466848598744155,0.3831551448677673,13902.833333333334,133.331253,34.5374985,34207,mixed,False,False
51336247,2102.4166666666665,2338.0,3060.3333333333335,2428.1666666666665,0.33382135070177704,-0.5416401830639148,9928.916666666666,133.34375,34.5374985,34207,mixed,False,False
51336248,2762.0833333333335,3271.5,2540.25,3375.6666666666665,-0.4102019632662919,0.12078635947688206,11949.5,133.356247,34.5374985,34207,mixed,False,False
51336249,3281.6666666666665,1886.75,3091.6666666666665,1890.25,0.7098077265086664,0.08604392439338811,10150.333333333332,133.368744,34.5374985,34207,office,False,False
51336251,393.1666666666667,374.8333333333333,958.25,361.0833333333333,1.4080702622498056,-1.2852610802822113,2087.3333333333335,133.268753,34.5458336,34207,office,False,False
51336252,1651.6666666666667,1456.1666666666667,2595.75,1449.6666666666667,0.8404302341436917,-0.6522288855339093,7153.250000000001,133.28125,34.5458336,34207,office,False,False
51336253,2046.8333333333333,2154.0,2102.8333333333335,2160.0833333333335,-0.038752461576111716,-0.0389408758693248,8463.75,133.293747,34.5458336,34207,mixed,False,False
51336254,1327.9166666666667,1410.8333333333333,1206.6666666666667,1522.8333333333333,-0.3357308579555463,0.13813741669464788,5468.25,133.306244,34.5458336,34207,mixed,False,False
51336255,3706.0833333333335,4769.333333333333,2891.25,4849.0,-0.7459938928727773,0.3582019606642829,16215.666666666668,133.318756,34.5458336,34207,residential,False,False
51336256,4750.5,4795.083333333333,4107.583333333333,4842.333333333333,-0.2374125496338635,0.2097895236806999,18495.5,133.331253,34.5458336,34207,mixed,False,False
51336257,4771.0,3983.3333333333335,4554.833333333333,3883.6666666666665,0.2299788848827168,0.06689342122410946,17192.833333333332,133.34375,34.5458336,34207,mixed,False,False
51336258,8563.75,3785.8333333333335,5256.5,3616.1666666666665,0.5396413396912315,0.704140168191903,21222.249999999996,133.356247,34.5458336,34207,leisure,False,False
51336259,3432.75,2532.0,2688.6666666666665,2504.3333333333335,0.1024643034784884,0.3524738876370979,11157.75,133.368744,34.5458336,34207,mixed,False,False
51336260,2362.5,2462.8333333333335,2217.1666666666665,2501.0,-0.173787834388155,0.09159710620298234,9543.5,133.256256,34.5541649,34208,mixed,False,False
51336261,2179.4166666666665,1628.5,2552.25,1704.25,0.5826326689809049,-0.22782761093147771,8064.416666666666,133.268753,34.5541649,34208,mixed,False,False
51336262,1280.75,1180.0,1735.3333333333333,1211.5833333333333,0.5183191735018605,-0.43822391922839216,5407.666666666666,133.28125,34.5541649,34207,mixed,False,False
51336263,240.41666666666666,250.91666666666666,191.91666666666666,255.66666666666666,-0.41378407171008774,0.32505690773999923,938.9166666666666,133.293747,34.5541649,34207,mixed,False,False
51336264,334.6666666666667,462.0,195.16666666666666,418.25,-1.099658870258294,0.7780181934495571,1410.0833333333333,133.306244,34.5541649,34207,leisure,False,False
51336265,1552.5833333333333,2149.3333333333335,982.8333333333334,2120.8333333333335,-1.1096125570285045,0.659652012276145,6805.583333333334,133.318756,34.5541649,34207,leisure,False,False
51336266,2440.1666666666665,3341.25,1946.0,3376.9166666666665,-0.7951948677842152,0.32646797904692115,11104.333333333332,133.331253,34.5541649,34207,residential,False,False
51336267,2107.4166666666665,2742.75,2819.3333333333335,2772.8333333333335,0.02399315671918556,-0.4198784756733247,10442.333333333334,133.34375,34.5541649,34207,mixed,False,False
51336268,2860.0833333333335,4031.8333333333335,2263.25,3910.9166666666665,-0.7891108412322946,0.33766122856321046,13066.083333333334,133.356247,34.5541649,34207,residential,False,False
51336269,1091.25,1733.9166666666667,1009.5,1779.3333333333333,-0.817695894089337,0.11234074318532904,5614.0,133.368744,34.5541649,34207,residential,False,False
51336270,2586.25,3434.75,2760.25,3491.25,-0.33894472852122065,-0.09393719989871982,12272.5,133.256256,34.5625,34208,mixed,False,False
51336271,1366.6666666666667,1580.0,1315.25,1509.0833333333333,-0.19833542528639947,0.055324358936862876,5771.0,133.268753,34.5625,34207,mixed,False,False
51336272,703.5833333333334,559.9166666666666,422.25,558.0833333333334,-0.4023831391896134,0.7366238852491922,2243.8333333333335,133.28125,34.5625,34207,leisure,False,False
51336274,141.41666666666666,182.33333333333334,149.25,186.58333333333334,-0.32208919086663634,-0.07777877244329792,659.5833333333334,133.306244,34.5625,34207,mixed,False,False
51336275,96.25,77.16666666666667,82.0,75.1,0.12681100199117445,0.23116263096418008,330.51666666666665,133.318756,34.5625,34207,mixed,False,False
51336276,562.0,703.6666666666666,387.4166666666667,658.75,-0.7658450367267688,0.5366841104231179,2311.8333333333335,133.331253,34.5625,34207,residential,False,False
51336277,1859.0833333333333,2115.5833333333335,1842.0,2140.5,-0.21667477410558414,0.01331837902296558,7957.166666666666,133.34375,34.5625,34207,mixed,False,False
51336278,1005.5,1805.0833333333333,517.8333333333334,1651.6666666666667,-1.67336281595201,0.9573533409046673,4980.083333333333,133.356247,34.5625,34207,leisure,False,False
51336279,949.8333333333334,1386.5,721.6666666666666,1383.0,-0.9383966322575631,0.396341767727504,4441.0,133.368744,34.5625,34207,residential,False,False
51336280,579.8333333333334,805.1666666666666,463.75,767.4166666666666,-0.7266628158320292,0.32229099139056866,2616.1666666666665,133.256256,34.5708351,34208,residential,False,False
51336281,354.25,389.9166666666667,345.8333333333333,389.6666666666667,-0.17216359341000703,0.0346909225175254,1479.6666666666667,133.268753,34.5708351,34207,mixed,False,False
51336282,572.9166666666666,912.8333333333334,351.75,950.75,-1.4345156103940584,0.7037748842290577,2788.25,133.28125,34.5708351,34207,leisure,False,False
51336284,24.666666666666668,54.625,27.3,48.75,-0.8365012677171204,-0.1463381811246965,155.34166666666667,133.306244,34.5708351,34207,residential,False,False
51336285,156.5,185.66666666666666,101.66666666666667,166.08333333333334,-0.7080605623888093,0.6223159152035258,609.9166666666666,133.318756,34.5708351,34207,leisure,False,False
51336286,670.1666666666666,202.41666666666666,2014.1666666666667,447.25,2.1710296798798807,-1.5875912318525844,3334.0,133.331253,34.5708351,34207,office,False,False
51336287,1580.5,1874.0833333333333,1328.25,1885.75,-0.5056117131134729,0.2508543224314279,6668.583333333333,133.34375,34.5708351,34207,mixed,False,False
51336288,1104.5833333333333,1756.1666666666667,1202.1666666666667,1626.5,-0.4361338992875616,-0.12213465872010537,5689.416666666667,133.356247,34.5708351,34207,mixed,False,False
51336289,674.8333333333334,1074.0833333333333,691.25,1015.75,-0.5552658841090186,-0.03467633816676792,3455.916666666667,133.368744,34.5708351,34207,mixed,False,False
51336290,230.33333333333334,166.58333333333334,433.9166666666667,188.58333333333334,1.202215822123357,-0.913694791001991,1019.4166666666667,133.256256,34.5791664,34208,office,False,False
51336291,189.25,237.5,347.5833333333333,280.4166666666667,0.30978680739154596,-0.8770656061823379,1054.75,133.268753,34.5791664,34207,mixed,False,False
51336292,698.6666666666666,1264.5833333333333,378.5833333333333,1170.1666666666667,-1.6280312226130422,0.8839934114807076,3512.0,133.28125,34.5791664,34207,leisure,False,False
51336293,15.666666666666666,13.0,18.666666666666668,10.0,0.9004643264490856,-0.2527660703799669,57.333333333333336,133.293747,34.5791664,34207,office,False,False
51336294,102.5,135.0,161.25,135.58333333333334,0.25011931535924464,-0.6536752508051704,534.3333333333334,133.306244,34.5791664,34207,mixed,False,False
51336295,36.8,39.90909090909091,26.88888888888889,54.18181818181818,-1.010798665992582,0.45269562533736835,157.779797979798,133.318756,34.5791664,34207,residential,False,False
51336297,539.5833333333334,801.0,495.5833333333333,803.75,-0.6976191625602621,0.1227181170850749,2639.9166666666665,133.34375,34.5791664,34207,residential,False,False
51336298,419.1666666666667,570.8333333333334,332.8333333333333,544.5,-0.7101321219940905,0.33272406724891695,1867.3333333333335,133.356247,34.5791664,34207,residential,False,False
51336299,532.75,642.9166666666666,444.3333333333333,650.9166666666666,-0.550830480192191,0.2618163134148864,2270.9166666666665,133.368744,34.5791664,34207,mixed,False,False
51336300,900.3333333333334,1048.0833333333333,1075.0833333333333,1038.8333333333333,0.04948428027743275,-0.25591735317935016,4062.333333333333,133.381256,34.5041656,34207,mixed,False,False
51336301,7453.833333333333,4970.75,6312.333333333333,4859.916666666667,0.3772418152410787,0.2398091696781139,23596.833333333332,133.393753,34.5041656,34207,mixed,False,False
51336302,9392.333333333334,8326.0,8935.416666666666,8604.666666666666,0.05441569976464126,0.07194860548793514,35258.416666666664,133.40625,34.5041656,34207,mixed,False,False
51336303,6311.0,7508.666666666667,4585.0,7393.083333333333,-0.6892544413741312,0.4609468895705084,25797.75,133.418747,34.5041656,34207,residential,False,False
51336304,2874.3333333333335,3354.25,3113.5,3467.1666666666665,-0.15521990932850122,-0.1153098999316778,12809.25,133.431244,34.5041656,34207,mixed,False,False
51336305,515.6666666666666,614.1666666666666,348.25,754.3333333333334,-1.1150788259444835,0.5663154381266263,2232.4166666666665,133.443756,34.5041656,34207,residential,False,False
51336310,241.25,256.5833333333333,225.08333333333334,239.33333333333334,-0.08856210931408431,0.10006970836763189,962.25,133.381256,34.5125008,34207,mixed,False,False
51336311,2312.0833333333335,1859.4166666666667,3592.25,1979.5833333333333,0.8596909559596199,-0.6356943597193321,9743.333333333332,133.393753,34.5125008,34207,office,False,False
51336312,3211.3333333333335,3883.9166666666665,2673.6666666666665,3810.0,-0.5109713858113305,0.2643528112964674,13578.916666666666,133.40625,34.5125008,34207,mixed,False,False
51336313,3381.1666666666665,4018.8333333333335,2762.5833333333335,3940.4166666666665,-0.5123302068273439,0.2915031481863685,14103.0,133.418747,34.5125008,34207,mixed,False,False
51336314,2625.0,3373.9166666666665,2128.25,3326.3333333333335,-0.6442651185442076,0.30264979234581957,11453.5,133.431244,34.5125008,34207,residential,False,False
51336315,3062.5,4812.083333333333,2277.4166666666665,4664.833333333333,-1.034427271826974,0.42731157901709976,14816.833333333332,133.443756,34.5125008,34207,residential,False,False
51336320,2009.0,2287.5,1880.0,2177.5,-0.21194005692122725,0.09574490216829219,8354.0,133.381256,34.5208321,34207,mixed,False,False
51336321,309.4166666666667,129.66666666666666,235.91666666666666,107.08333333333333,1.1395433898245066,0.39127356594899343,782.0833333333334,133.393753,34.5208321,34207,office,False,False
51336322,348.4166666666667,363.0,245.08333333333334,399.6666666666667,-0.7055248745271595,0.5075412591570735,1356.1666666666667,133.40625,34.5208321,34207,residential,False,False
51336323,1283.3333333333333,1923.75,1156.1666666666667,1853.1666666666667,-0.6806432537701803,0.1505465612255337,6216.416666666667,133.418747,34.5208321,34207,residential,False,False
51336324,2409.5833333333335,3477.0,1484.0833333333333,3464.4166666666665,-1.2230403504062906,0.699211592730988,10835.083333333334,133.431244,34.5208321,34207,leisure,False,False
51336325,1833.5,2901.25,1372.75,2892.0833333333335,-1.075040211841788,0.41753135476740166,8999.583333333334,133.443756,34.5208321,34207,residential,False,False
51336330,623.9166666666666,668.0833333333334,707.0833333333334,687.0833333333334,0.041395166105196134,-0.1805269053198144,2686.166666666667,133.381256,34.5291672,34207,mixed,False,False
51336331,146.08333333333334,23.11111111111111,66.58333333333333,15.0,2.150198596598302,1.1335585878315615,250.7777777777778,133.393753,34.5291672,34207,office,False,False
51336332,28.583333333333332,22.25,29.181818181818183,18.666666666666668,0.6446054471485578,-0.029895603033349805,98.68181818181819,133.40625,34.5291672,34207,office,False,False
51336334,100.41666666666667,158.5,56.333333333333336,126.66666666666667,-1.1689761720487635,0.8339379948351396,441.9166666666667,133.431244,34.5291672,34207,leisure,False,False
51336335,1875.0,2433.75,1358.25,2372.0833333333335,-0.8044056468860286,0.46514154859928136,8039.083333333334,133.443756,34.5291672,34207,residential,False,False
51336340,2209.1666666666665,3133.9166666666665,1946.0833333333333,3285.75,-0.7556492262225881,0.18292877521194617,10574.916666666666,133.381256,34.5374985,34207,residential,False,False
51336341,49.583333333333336,146.58333333333334,32.333333333333336,140.75,-2.122040770614258,0.6168330160081781,369.25,133.393753,34.5374985,34207,leisure,False,False
51336343,32.72727272727273,21.0,32.09090909090909,17.5,0.8748097376889167,0.02832872305849413,103.31818181818181,133.418747,34.5374985,34207,office,False,False
51336344,65.58333333333333,83.33333333333333,26.8,67.33333333333333,-1.3290878864602285,1.29109622921592,243.04999999999995,133.431244,34.5374985,34207,leisure,False,False
51336345,162.5,205.66666666666666,146.08333333333334,206.25,-0.49760252909479624,0.153648127877435,720.5,133.443756,34.5374985,34207,mixed,False,False
51336350,2152.0833333333335,2413.75,2451.9166666666665,2571.75,-0.06884045803360916,-0.18817600370455334,9589.5,133.381256,34.5458336,34207,mixed,False,False
51336351,339.1666666666667,398.8333333333333,351.5833333333333,396.5833333333333,-0.17375736694114102,-0.051872293065741516,1486.1666666666665,133.393753,34.5458336,34207,mixed,False,False
51336353,808.8333333333334,1529.5833333333333,521.5833333333334,1490.5833333333333,-1.5149073580884782,0.6329446838203189,4350.583333333333,133.418747,34.5458336,34207,leisure,False,False
51336354,261.5,224.16666666666666,201.16666666666666,227.08333333333334,-0.17483055379662973,0.3784196762130762,913.9166666666666,133.431244,34.5458336,34207,mixed,False,False
51336355,60.666666666666664,126.25,36.5,145.75,-1.9975275143204794,0.7330075805975228,369.16666666666663,133.443756,34.5458336,34207,leisure,False,False
51336360,1634.0833333333333,1815.6666666666667,1261.8333333333333,1758.4166666666667,-0.47875559816131397,0.3729601909762189,6470.0,133.381256,34.5541649,34207,mixed,False,False
51336361,2046.1666666666667,2112.4166666666665,1723.0,2006.4166666666667,-0.21969853574947776,0.24800096032416716,7888.0,133.393753,34.5541649,34207,mixed,False,False
51336362,212.25,282.0,262.0833333333333,295.8333333333333,-0.17475900751275517,-0.3042610574924567,1052.1666666666665,133.40625,34.5541649,34207,mixed,False,False
51336363,402.25,456.0833333333333,390.9166666666667,466.1666666666667,-0.2539847529802104,0.041231325948621105,1715.4166666666667,133.418747,34.5541649,34207,mixed,False,False
51336364,216.66666666666666,163.66666666666666,702.25,204.91666666666666,1.7769473902514723,-1.6965075019317377,1287.5,133.431244,34.5541649,34207,office,False,False
51336365,18.2,15.142857142857142,22.636363636363637,20.0,0.17864221854342135,-0.3147037681194498,75.97922077922078,133.443756,34.5541649,34207,mixed,False,False
51336370,749.25,1035.1666666666667,645.5,988.5833333333334,-0.6149454885498776,0.21503008320638378,3418.5,133.381256,34.5625,34207,residential,False,False
51336371,1336.1666666666667,1649.25,1125.4166666666667,1586.5833333333333,-0.49546406501073514,0.24764073949996537,5697.416666666667,133.393753,34.5625,34207,mixed,False,False
51336372,1075.0833333333333,1161.5833333333333,840.0,1144.5833333333333,-0.44636127157593947,0.3559872593010385,4221.25,133.40625,34.5625,34207,mixed,False,False
51336373,468.3333333333333,611.4166666666666,223.0,631.6666666666666,-1.502119732416993,1.0704920144668275,1934.4166666666665,133.418747,34.5625,34207,leisure,False,False
51336374,156.5,172.83333333333334,1194.5,221.58333333333334,2.4304855773198204,-2.932172291523714,1745.4166666666665,133.431244,34.5625,34207,office,False,False
51336380,269.5833333333333,284.75,227.66666666666666,274.3333333333333,-0.26900685213153513,0.24380822858977938,1056.3333333333333,133.381256,34.5708351,34207,mixed,False,False
51336382,416.6666666666667,455.25,380.75,418.9166666666667,-0.13781924648691865,0.13004965234100102,1671.5833333333335,133.40625,34.5708351,34207,mixed,False,False
51336383,401.5,460.6666666666667,220.16666666666666,459.8333333333333,-1.0625149901064452,0.8668039269916431,1542.1666666666667,133.418747,34.5708351,34207,leisure,False,False
51336393,286.4166666666667,333.4166666666667,156.33333333333334,281.6666666666667,-0.8493634186541702,0.8734900238569205,1057.8333333333335,133.418747,34.5791664,34207,leisure,False,False
51337000,128.41666666666666,118.16666666666667,88.75,111.0,-0.32274065195806145,0.5330134314015846,446.3333333333333,133.006256,34.5875015,34462,mixed,False,False
51337001,209.16666666666666,253.58333333333334,99.0,243.66666666666666,-1.2994084751516715,1.0791525280373686,805.4166666666666,133.018753,34.5875015,34462,leisure,False,False
51337002,400.6666666666667,422.8333333333333,316.25,414.6666666666667,-0.390886599827774,0.3413370104083569,1554.4166666666667,133.03125,34.5875015,34462,mixed,False,False
51337003,1934.9166666666667,1146.6666666666667,2149.6666666666665,1129.1666666666667,0.9288545230787971,-0.15184153536176725,6360.416666666667,133.043747,34.5875015,34462,office,False,False
51337004,1807.75,1966.9166666666667,2671.5833333333335,2199.8333333333335,0.28030079458062257,-0.5634998428509514,8646.083333333334,133.056244,34.5875015,34462,mixed,False,False
51337005,948.6666666666666,1219.9166666666667,700.5,1207.5833333333333,-0.7856657947319822,0.43751620537450797,4076.666666666667,133.068756,34.5875015,34462,residential,False,False
51337006,113.33333333333333,68.72727272727273,80.83333333333333,53.25,0.6021688161274955,0.48754999906321184,316.1439393939394,133.081253,34.5875015,34462,office,False,False
51337007,212.0,102.0,72.16666666666667,83.9090909090909,-0.21749450500290812,1.5546597405576303,470.07575757575756,133.09375,34.5875015,34462,leisure,False,False
51337008,115.33333333333333,140.71428571428572,97.7,94.0,0.05569780540338548,0.2393790698345455,447.747619047619,133.106247,34.5875015,34462,mixed,False,False
51337010,39.36363636363637,18.2,18.11111111111111,17.75,0.02905603328408323,1.1199884433006626,93.42474747474749,133.006256,34.5958328,34462,leisure,False,False
51337011,92.66666666666667,161.66666666666666,14.3,158.58333333333334,-3.4711541036618385,2.6960353301113242,427.2166666666667,133.018753,34.5958328,34462,leisure,False,False
51337012,17.333333333333332,18.0,16.0,19.5,-0.28540221886224837,0.11547721741993588,70.83333333333333,133.03125,34.5958328,34462,mixed,False,False
51337013,272.25,478.0,261.0833333333333,472.3333333333333,-0.8552949885469648,0.06042168506700937,1483.6666666666665,133.043747,34.5958328,34462,residential,False,False
51337014,72.0,61.4,53.166666666666664,40.333333333333336,0.3985493764902748,0.4374748883985991,226.9,133.056244,34.5958328,34462,mixed,False,False
51337015,42.63636363636363,81.0,39.25,74.875,-0.9317914438971586,0.1193917449864521,237.76136363636363,133.068756,34.5958328,34462,residential,False,False
51337016,725.1666666666666,508.6666666666667,501.25,492.0833333333333,0.026627677778919404,0.5327822794770907,2227.1666666666665,133.081253,34.5958328,34462,mixed,False,False
51337017,73.66666666666667,62.0,27.583333333333332,63.625,-1.2057969399896338,1.417215152584214,226.875,133.09375,34.5958328,34462,leisure,False,False
51337018,37.714285714285715,86.66666666666667,43.0,234.66666666666666,-2.448204363214043,-0.18922555740124866,402.04761904761904,133.106247,34.5958328,34462,residential,False,False
51337020,29.416666666666668,16.25,17.666666666666668,14.0,0.3356030317844391,0.735603918707981,77.33333333333334,133.006256,34.6041679,34462,leisure,False,False
51337021,18.0,41.0,19.75,30.555555555555557,-0.6295820587926066,-0.13385574673479061,109.30555555555556,133.018753,34.6041679,34462,residential,False,False
51337022,133.0,156.41666666666666,66.0,160.25,-1.2797864272602875,1.0108883161427362,515.6666666666666,133.03125,34.6041679,34462,leisure,False,False
51337023,12.0,44.0,12.5,17.0,-0.4436066514756146,-0.058893689053568565,85.5,133.043747,34.6041679,34462,mixed,False,False
51337026,450.5833333333333,527.6666666666666,285.5833333333333,551.6666666666666,-0.9498850251754057,0.657882164562825,1815.5,133.081253,34.6041679,34462,leisure,False,False
51337030,43.0,21.8,25.22222222222222,23.0,0.13306152979158972,0.7696412688534955,113.02222222222223,133.006256,34.6124992,34462,leisure,False,False
51337031,40.25,84.0,39.75,58.333333333333336,-0.5533656558268174,0.018033922830261614,222.33333333333334,133.018753,34.6124992,34462,mixed,False,False
51337032,77.16666666666667,47.1,39.0,35.81818181818182,0.12278201804316932,0.984503663676832,199.0848484848485,133.03125,34.6124992,34462,leisure,False,False
51337033,20.0,31.88888888888889,13.5,27.363636363636363,-1.0193005559589363,0.5670405927238937,92.75252525252525,133.043747,34.6124992,34462,residential,False,False
51337035,42.72727272727273,25.833333333333332,22.0,25.333333333333332,-0.203533394085132,0.9576537092904052,115.89393939393939,133.068756,34.6124992,34462,leisure,False,False
51337036,48.916666666666664,19.8,23.727272727272727,13.5,0.8135868757691187,1.0437798144563089,105.94393939393939,133.081253,34.6124992,34462,office,False,False
51337037,15.666666666666666,34.5,12.714285714285714,35.42857142857143,-1.4784628794204777,0.3012478420476877,98.30952380952381,133.09375,34.6124992,34462,residential,False,False
51337040,144.58333333333334,129.16666666666666,128.41666666666666,134.75,-0.06945281695887641,0.17106880095083826,536.9166666666666,133.006256,34.6208344,34462,mixed,False,False
51337041,107.91666666666667,82.4,67.58333333333333,67.54545454545455,0.000808821594817582,0.6751782783566435,325.4454545454546,133.018753,34.6208344,34462,leisure,False,False
51337042,46.0,28.727272727272727,31.454545454545453,28.0,0.16784168694182325,0.5483653470575854,134.1818181818182,133.03125,34.6208344,34462,mixed,False,False
51337043,62.25,23.333333333333332,36.25,10.0,1.857980995127572,0.7800928420531466,131.83333333333334,133.043747,34.6208344,34462,office,False,False
51337044,64.45454545454545,73.77777777777777,43.54545454545455,74.2,-0.7688970546345579,0.5657599715033358,255.97777777777776,133.056244,34.6208344,34462,residential,False,False
51337045,69.5,53.6,54.666666666666664,34.0,0.685126662646588,0.3463515688265801,211.76666666666665,133.068756,34.6208344,34462,office,False,False
51337046,25.875,21.5,13.666666666666666,21.0,-0.6197279188818328,0.9208974536023977,82.04166666666666,133.081253,34.6208344,34462,leisure,False,False
51337047,139.91666666666666,360.9166666666667,51.083333333333336,363.6666666666667,-2.8316921226328255,1.4536432512462483,915.5833333333333,133.09375,34.6208344,34462,leisure,False,False
51337049,33.54545454545455,22.166666666666668,16.25,21.333333333333332,-0.3926696862503893,1.0456775743946445,93.29545454545455,133.118744,34.6208344,34462,leisure,False,False
51337051,51.625,14.75,38.8,10.0,1.956056652412403,0.4120132241196802,115.175,133.018753,34.6291656,34462,office,False,False
51337052,41.166666666666664,19.714285714285715,42.333333333333336,36.2,0.22580439385516668,-0.04031745518748829,139.4142857142857,133.03125,34.6291656,34462,mixed,False,False
51337053,59.833333333333336,79.16666666666667,59.416666666666664,62.25,-0.06720616634534905,0.010081767379163463,260.6666666666667,133.043747,34.6291656,34462,mixed,False,False
51337054,17.833333333333332,20.0,22.714285714285715,29.875,-0.39533877475399715,-0.34902354754676074,90.42261904761905,133.056244,34.6291656,34462,mixed,False,False
51337055,141.5,193.75,171.41666666666666,200.25,-0.22429485460493248,-0.27670533497189537,706.9166666666666,133.068756,34.6291656,34462,mixed,False,False
51337057,74.2,236.27272727272728,38.4,238.25,-2.633297998076148,0.9503128758996472,587.1227272727273,133.09375,34.6291656,34462,leisure,False,False
51337058,354.8333333333333,541.4166666666666,173.5,553.8333333333334,-1.6745162243926146,1.032205881152877,1623.5833333333335,133.106247,34.6291656,34462,leisure,False,False
51337059,18.833333333333332,19.0,17.8,18.0,-0.0161196653632769,0.08141112561499586,73.63333333333333,133.118744,34.6291656,34462,mixed,False,False
51337060,109.0,81.18181818181819,60.416666666666664,96.9090909090909,-0.681685419940738,0.8513096405957857,347.50757575757575,133.006256,34.6375008,34462,leisure,False,False
51337061,71.18181818181819,34.22222222222222,67.0,10.0,2.7441610955704103,0.08734768819597119,182.40404040404042,133.018753,34.6375008,34462,office,False,False
51337062,41.714285714285715,154.0,49.125,93.2,-0.9238725475083114,-0.23591586543619325,338.0392857142857,133.03125,34.6375008,34462,residential,False,False
51337065,131.0,131.9090909090909,89.25,107.83333333333333,-0.2728791372422516,0.5536427375083505,459.99242424242425,133.068756,34.6375008,34462,mixed,False,False
51337066,164.45454545454547,228.33333333333334,128.08333333333334,241.66666666666666,-0.9159357352115255,0.3606061250143287,762.5378787878789,133.081253,34.6375008,34462,residential,False,False
51337068,80.75,32.77777777777778,98.5,24.75,1.9926951993767665,-0.2866614647624514,236.77777777777777,133.106247,34.6375008,34462,office,False,False
51337070,140.66666666666666,174.58333333333334,86.0,198.08333333333334,-1.2036989325191805,0.7098719332839308,599.3333333333334,133.006256,34.6458321,34462,leisure,False,False
51337071,27.125,22.2,14.857142857142858,21.666666666666668,-0.5443205162238103,0.8684664363609912,85.84880952380952,133.018753,34.6458321,34462,leisure,False,False
51337072,59.583333333333336,157.33333333333334,18.5,167.16666666666666,-3.1756900242620745,1.687383565315646,402.58333333333337,133.03125,34.6458321,34462,leisure,False,False
51337074,69.16666666666667,59.416666666666664,66.18181818181819,63.75,0.05400958470254131,0.063642003951732,258.51515151515156,133.056244,34.6458321,34462,mixed,False,False
51337075,47.63636363636363,38.125,16.2,38.0,-1.230005605446323,1.5560694749028907,139.96136363636364,133.068756,34.6458321,34462,leisure,False,False
51337076,195.08333333333334,395.0,36.083333333333336,376.9166666666667,-3.3848410659046864,2.434686004385288,1003.0833333333334,133.081253,34.6458321,34462,leisure,False,False
51337077,56.18181818181818,89.75,49.916666666666664,88.33333333333333,-0.8234363566617757,0.17058171719944773,284.1818181818182,133.09375,34.6458321,34462,residential,False,False
51337079,19.333333333333332,14.5,10.0,14.0,-0.4854268271702417,0.9510903995190534,57.83333333333333,133.118744,34.6458321,34208,leisure,False,False
51337080,14.777777777777779,20.857142857142858,15.0,25.285714285714285,-0.7533600324168749,-0.02153316154964116,75.92063492063492,133.006256,34.6541672,34462,residential,False,False
51337085,25.4,19.333333333333332,16.11111111111111,12.0,0.4250215878514659,0.6567725033121814,72.84444444444443,133.068756,34.6541672,34209,leisure,False,False
51337087,85.0,90.0,54.0,81.91666666666667,-0.6011976034559559,0.6545034339742333,310.9166666666667,133.09375,34.6541672,34462,leisure,False,False
51337089,88.1,122.0,52.0,127.0,-1.2882449686310737,0.7606303958919591,389.1,133.118744,34.6541672,34208,leisure,False,False
51337092,96.75,27.0,58.1,23.142857142857142,1.327971177690146,0.7357234976272438,204.99285714285713,133.03125,34.6624985,34462,office,False,False
51337095,15.4,13.666666666666666,15.142857142857142,16.0,-0.07943446749440497,0.024292913301944098,60.20952380952381,133.068756,34.6624985,34209,mixed,False,False
51337097,40.0,95.75,30.6,117.33333333333333,-1.9390093701108515,0.38646834708207295,283.68333333333334,133.09375,34.6624985,34208,residential,False,False
51337099,19.0,15.0,14.0,10.0,0.48542682717024166,0.4405725913859814,58.0,133.118744,34.6624985,34208,mixed,False,False
51337103,64.16666666666667,39.25,101.58333333333333,58.25,0.8023337652447755,-0.6627677750379481,263.25,133.168747,34.5875015,34208,office,False,False
51337104,12.5,15.666666666666666,19.0,14.0,0.4405725913859814,-0.6040713236688607,61.166666666666664,133.181244,34.5875015,34208,mixed,False,False
51337105,38.27272727272727,39.72727272727273,51.72727272727273,53.0,-0.035067230893914475,-0.43460841924018584,182.72727272727272,133.193756,34.5875015,34208,mixed,False,False
51337107,27.666666666666668,28.75,17.5,18.333333333333332,-0.06711419585853691,0.6607939136808023,92.25,133.21875,34.5875015,34208,leisure,False,False
51337108,56.666666666666664,86.83333333333333,33.27272727272727,68.6,-1.0438684516387047,0.7681602157698003,245.37272727272727,133.231247,34.5875015,34208,leisure,False,False
51337109,455.5833333333333,449.4166666666667,1442.4166666666667,522.0833333333334,1.4661359630364132,-1.662701097046053,2869.5,133.243744,34.5875015,34208,office,False,False
51337111,54.666666666666664,45.5,61.583333333333336,18.5,1.735014687796045,-0.17187854952806741,180.25,133.143753,34.5958328,34462,office,False,False
51337113,47.625,25.75,34.0,44.333333333333336,-0.3828570935296941,0.4861843462429825,151.70833333333334,133.168747,34.5958328,34208,mixed,False,False
51337114,64.16666666666667,54.44444444444444,105.25,63.09090909090909,0.7383161891254323,-0.7139242882052885,286.9520202020202,133.181244,34.5958328,34208,office,False,False
51337115,31.571428571428573,48.6,24.5,52.25,-1.0926492879656746,0.3658377932186192,156.92142857142858,133.193756,34.5958328,34208,residential,False,False
51337117,24.25,14.0,48.4,35.875,0.43202821571154426,-0.9970223002001046,122.525,133.21875,34.5958328,34208,mixed,False,False
51337119,275.3333333333333,248.0,273.4166666666667,216.83333333333334,0.3345146318006246,0.010078092901025293,1013.5833333333333,133.243744,34.5958328,34208,mixed,False,False
51337124,164.41666666666666,334.75,130.33333333333334,338.25,-1.3758838273903409,0.3351504434162063,967.75,133.181244,34.6041679,34208,residential,False,False
51337126,14.428571428571429,16.833333333333332,13.0,12.0,0.11547721741993588,0.15041684255309853,56.26190476190476,133.206253,34.6041679,34208,mixed,False,False
51337134,206.58333333333334,504.8333333333333,277.0,530.75,-0.9381464898561895,-0.42316211068362225,1519.1666666666667,133.181244,34.6124992,34208,residential,False,False
51337135,17.5,14.0,16.77777777777778,20.0,-0.2534483570045958,0.060803279062199754,68.27777777777777,133.193756,34.6124992,34208,mixed,False,False
51337144,32.333333333333336,27.666666666666668,17.5,32.0,-0.8707169830550335,0.8856673245210052,109.50000000000001,133.181244,34.6208344,34208,leisure,False,False
51337145,160.16666666666666,230.66666666666666,119.91666666666667,233.0,-0.9582977686351386,0.4175417440334525,743.75,133.193756,34.6208344,34208,residential,False,False
51337154,24.0,25.0,15.0,18.666666666666668,-0.31550182572792956,0.6780719051126377,82.66666666666667,133.181244,34.6291656,34208,leisure,False,False
51337155,390.6666666666667,568.0,249.25,526.0,-1.0774692948941065,0.6483446593028959,1733.9166666666667,133.193756,34.6291656,34208,leisure,False,False
51337157,16.285714285714285,50.5,18.5,49.916666666666664,-1.4319963264386797,-0.18391827352181236,135.20238095238093,133.21875,34.6291656,34208,residential,False,False
51337164,12.666666666666666,21.0,10.0,16.166666666666668,-0.6930222465786093,0.3410369178350669,59.833333333333336,133.181244,34.6375008,34208,residential,False,False
51337165,19.857142857142858,47.7,17.857142857142858,45.4,-1.3461910297990696,0.15315678806142052,130.81428571428572,133.193756,34.6375008,34208,residential,False,False
51337167,106.5,78.88888888888889,93.75,62.7,0.5803532474685665,0.1839628348425949,341.83888888888885,133.21875,34.6375008,34208,mixed,False,False
51337174,84.9090909090909,80.63636363636364,70.1,109.0,-0.6368417856536658,0.2765045819491038,344.6454545454545,133.181244,34.6458321,34208,residential,False,False
51337175,39.333333333333336,64.1,26.75,36.1,-0.43245994559866185,0.5562135622395383,166.28333333333333,133.193756,34.6458321,34208,mixed,False,False
51337184,42.666666666666664,60.25,35.09090909090909,35.0,0.0037424016858168692,0.28201208064806044,173.00757575757575,133.181244,34.6541672,34208,mixed,False,False
51337190,21.0,20.6,13.4,22.0,-0.7152705230668871,0.64815632720835,77.0,133.131256,34.6624985,34208,leisure,False,False
51337195,25.333333333333332,30.5,15.666666666666666,20.0,-0.35230174393088115,0.693338661765948,91.5,133.193756,34.6624985,34545,leisure,False,False
51337197,14.666666666666666,22.0,10.0,12.0,-0.2630344058337938,0.5525410230287786,58.666666666666664,133.21875,34.6624985,34545,mixed,False,False
51337200,232.58333333333334,155.91666666666666,1347.1666666666667,255.16666666666666,2.40041656482258,-2.5341087232563004,1990.8333333333335,133.256256,34.5875015,34207,office,False,False
51337201,251.33333333333334,501.6666666666667,172.75,484.5833333333333,-1.488059075251166,0.5409163121592496,1410.3333333333333,133.268753,34.5875015,34207,residential,False,False
51337202,159.33333333333334,306.0,136.08333333333334,324.75,-1.2548391406073423,0.22755773241905353,926.1666666666667,133.28125,34.5875015,34207,residential,False,False
51337204,211.25,261.5833333333333,198.58333333333334,269.25,-0.43920179907509255,0.08920679570043197,940.6666666666667,133.306244,34.5875015,34207,mixed,False,False
51337206,22.454545454545453,19.666666666666668,13.333333333333334,26.0,-0.9634741239748859,0.7519700187811741,81.45454545454545,133.331253,34.5875015,34207,leisure,False,False
51337208,679.25,867.0833333333334,548.3333333333334,834.8333333333334,-0.6064350276352978,0.30888948232052715,2929.5000000000005,133.356247,34.5875015,34207,residential,False,False
51337209,136.0,161.66666666666666,194.41666666666666,167.58333333333334,0.21427322567884713,-0.5155452500127037,659.6666666666666,133.368744,34.5875015,34207,mixed,False,False
51337210,399.8333333333333,599.1666666666666,248.33333333333334,561.75,-1.1776502945515395,0.6871208269439104,1809.0833333333335,133.256256,34.5958328,34207,leisure,False,False
51337211,470.75,577.9166666666666,539.8333333333334,562.9166666666666,-0.06040730141786014,-0.1975529674598023,2151.4166666666665,133.268753,34.5958328,34207,mixed,False,False
51337212,15.333333333333334,17.0,82.0,16.11111111111111,2.3475679160454614,-2.418952549282227,130.44444444444446,133.28125,34.5958328,34207,office,False,False
51337214,93.75,125.0,31.7,125.83333333333333,-1.9889593982392402,1.5643358501311984,376.2833333333333,133.306244,34.5958328,34207,leisure,False,False
51337216,42.083333333333336,24.857142857142858,31.333333333333332,22.5,0.4777732546268065,0.42555072596151994,120.77380952380952,133.331253,34.5958328,34207,mixed,False,False
51337217,21.727272727272727,18.333333333333332,15.0,28.0,-0.9004643264490856,0.5345445937349328,83.06060606060605,133.34375,34.5958328,34207,residential,False,False
51337218,401.0,359.1666666666667,251.33333333333334,294.6666666666667,-0.22948184612276734,0.6740002139074122,1306.1666666666667,133.356247,34.5958328,34207,leisure,False,False
51337219,30.875,25.0,51.75,40.5,0.3536369546147004,-0.7451197259146476,148.125,133.368744,34.5958328,34207,mixed,False,False
51337220,181.0,247.08333333333334,128.58333333333334,291.25,-1.1795543936920636,0.4932860412336266,847.9166666666667,133.256256,34.6041679,34207,residential,False,False
51337221,137.41666666666666,100.66666666666667,223.41666666666666,95.83333333333333,1.2211373581508236,-0.7011798205450942,557.3333333333333,133.268753,34.6041679,34207,office,False,False
51337222,48.5,16.0,51.5,18.0,1.5165755257409061,-0.08658768499609067,134.0,133.28125,34.6041679,34207,office,False,False
51337224,40.44444444444444,71.57142857142857,36.9,62.625,-0.7631178820221747,0.1323207275833503,211.540873015873,133.306244,34.6041679,34207,residential,False,False
51337225,22.0,21.0,16.9,11.0,0.6195197227575245,0.3804802772424755,70.9,133.318756,34.6041679,34207,office,False,False
51337227,96.83333333333333,65.0,31.545454545454547,38.5,-0.28742630675393765,1.618071618742409,231.87878787878788,133.34375,34.6041679,34207,leisure,False,False
51337228,26.727272727272727,30.2,37.72727272727273,27.4,0.4614319195238255,-0.4972951813979227,122.05454545454545,133.356247,34.6041679,34207,mixed,False,False
51337230,103.83333333333333,136.91666666666666,94.58333333333333,133.58333333333334,-0.4980821279762709,0.13461177084572448,468.91666666666663,133.256256,34.6124992,34207,mixed,False,False
51337235,29.416666666666668,20.4,32.833333333333336,22.0,0.5776577000979228,-0.15852744618519604,104.65,133.318756,34.6124992,34207,mixed,False,False
51337238,34.5,14.75,44.75,19.428571428571427,1.2037078580715213,-0.37529132048608743,113.42857142857143,133.356247,34.6124992,34207,office,False,False
51337239,61.083333333333336,52.75,54.75,81.58333333333333,-0.5754154892813654,0.15791982781148228,250.16666666666666,133.368744,34.6124992,34207,mixed,False,False
51337245,24.5,15.0,18.25,11.5,0.6662626028230043,0.42488528523519103,69.25,133.318756,34.6208344,34207,office,False,False
51337254,21.0,12.0,39.0,12.0,1.7004397181410922,-0.8930847960834881,84.0,133.306244,34.6291656,34207,office,False,False
51337255,30.818181818181817,16.555555555555557,16.818181818181817,12.5,0.42809365210428996,0.8737600026200318,76.6919191919192,133.318756,34.6291656,34207,leisure,False,False
51337264,15.857142857142858,18.5,12.571428571428571,12.0,0.06711419585853703,0.3349842477128088,58.92857142857143,133.306244,34.6375008,34207,mixed,False,False
51337274,31.0,26.833333333333332,19.75,18.666666666666668,0.08138832684065486,0.6504155622097723,96.25,133.306244,34.6458321,34545,leisure,False,False
51337284,41.5,16.142857142857142,24.0,11.5,1.0614005446641432,0.7900769306257687,93.14285714285714,133.306244,34.6541672,34545,office,False,False
51337294,31.666666666666668,22.666666666666668,20.333333333333332,16.0,0.34577483684173,0.6391182707680617,90.66666666666667,133.306244,34.6624985,34545,leisure,False,False
51337300,86.33333333333333,120.33333333333333,34.5,121.5,-1.816288046827612,1.3233213301872286,362.66666666666663,133.381256,34.5875015,34207,leisure,False,False
51337301,340.0,21.77777777777778,130.41666666666666,22.833333333333332,2.513914858859454,1.3824064950388772,515.0277777777778,133.393753,34.5875015,34207,office,False,False
51337310,84.83333333333333,109.66666666666667,80.08333333333333,109.75,-0.454647009482764,0.08312922530194494,384.3333333333333,133.381256,34.5958328,34207,mixed,False,False
51337311,38.75,21.0,19.0,12.0,0.6629650127224292,1.0281968918306519,90.75,133.393753,34.5958328,34207,office,False,False
51337321,63.9,91.41666666666667,66.875,96.4,-0.5275661600540901,-0.06565105522887718,318.5916666666667,133.393753,34.6041679,34207,mixed,False,False
51337330,22.125,17.75,11.5,11.5,0.0,0.9440435940259847,62.875,133.381256,34.6124992,34207,leisure,False,False
51337350,13.666666666666666,12.0,11.0,11.0,0.0,0.3131578852596303,47.666666666666664,133.381256,34.6291656,34207,mixed,False,False
51337360,38.5,37.0,72.0,71.0,0.020177881937630274,-0.903138460747411,218.5,133.381256,34.6375008,34207,mixed,False,False
51337380,90.91666666666667,127.66666666666667,52.166666666666664,125.5,-1.26648720773931,0.8014165393909891,396.25,133.381256,34.6541672,34207,leisure,False,False
51337381,76.91666666666667,96.0,191.66666666666666,107.41666666666667,0.8353815974700866,-1.3172313081859632,472.0,133.393753,34.6541672,34207,office,False,False
51337390,59.916666666666664,56.916666666666664,35.142857142857146,55.666666666666664,-0.66358220847126,0.7697258764365057,207.64285714285714,133.381256,34.6624985,34207,leisure,False,False
51337391,52.916666666666664,86.33333333333333,34.285714285714285,76.41666666666667,-1.156279749322984,0.6261146073874575,249.95238095238096,133.393753,34.6624985,34207,leisure,False,False
52320103,33.416666666666664,33.54545454545455,17.833333333333332,29.0,-0.7014765094475814,0.9059914400537734,113.79545454545455,132.168747,34.6708336,34369,leisure,False,False
52320104,33.3,34.2,32.5,22.0,0.5629361943911573,0.035082459155445105,122.0,132.181244,34.6708336,34369,mixed,False,False
52320113,73.375,56.375,26.166666666666668,19.166666666666668,0.4491306979472517,1.4875584449395811,175.08333333333334,132.168747,34.6791649,34369,leisure,False,False
52320114,39.888888888888886,23.375,16.714285714285715,14.4,0.21501289097085052,1.2549052348549383,94.3781746031746,132.181244,34.6791649,34369,leisure,False,False
52320123,67.72727272727273,22.857142857142858,13.555555555555555,13.5,0.005924833957105502,2.320852660591653,117.63997113997115,132.168747,34.6875,34369,leisure,False,False
52320132,308.2,31.0,114.33333333333333,11.0,3.3776706468143587,1.430620786175767,464.5333333333333,132.15625,34.6958351,34369,office,False,False
52320143,59.416666666666664,47.083333333333336,26.083333333333332,33.083333333333336,-0.34297635021033956,1.1877394195112698,165.66666666666669,132.168747,34.7041664,34369,leisure,False,False
52320144,17.0,17.5,10.0,13.0,-0.3785116232537297,0.765534746362977,57.5,132.181244,34.7041664,34369,leisure,False,False
52320148,127.8,19.0,46.333333333333336,17.0,1.4465157307520118,1.4637654540572809,210.13333333333333,132.231247,34.7041664,34369,office,False,False
52320153,205.91666666666666,310.9166666666667,106.6,310.0,-1.540060777402424,0.9498531667358148,933.4333333333334,132.168747,34.7125015,34369,leisure,False,False
52320154,54.27272727272727,51.1,33.888888888888886,42.888888888888886,-0.3397916048178317,0.6794150716195717,182.15050505050505,132.181244,34.7125015,34369,leisure,False,False
52320155,25.181818181818183,17.2,12.5,10.0,0.32192809488736235,1.0104543576371665,64.88181818181819,132.193756,34.7125015,34369,leisure,False,False
52320158,313.57142857142856,56.833333333333336,85.83333333333333,26.0,1.7230264032083322,1.869184181015692,482.2380952380952,132.231247,34.7125015,34369,office,False,False
52320159,182.5,67.33333333333333,48.0,19.0,1.3370349872775706,1.9267901530462235,316.8333333333333,132.243744,34.7125015,34369,office,False,False
52320162,62.5,53.5,56.0,78.0,-0.47804729680464425,0.15842936260448298,250.0,132.15625,34.7208328,34369,mixed,False,False
52320165,23.0,22.333333333333332,13.0,13.0,0.0,0.8231222379159207,71.33333333333333,132.193756,34.7208328,34369,leisure,False,False
52320169,63.0,53.4,22.333333333333332,51.0,-1.1912986522348794,1.4961532337633003,189.73333333333332,132.243744,34.7208328,34369,leisure,False,False
52320177,24.166666666666668,51.25,15.8,72.66666666666667,-2.20136917076603,0.6130939360040378,163.88333333333333,132.21875,34.7291679,34369,leisure,False,False
52320178,93.91666666666667,158.25,78.41666666666667,189.8,-1.2752477701263665,0.2602208874436842,520.3833333333334,132.231247,34.7291679,34369,residential,False,False
52320179,76.0,91.33333333333333,47.5,65.5,-0.4635673932065025,0.6780719051126377,280.3333333333333,132.243744,34.7291679,34369,leisure,False,False
52320188,104.16666666666667,130.25,77.81818181818181,147.27272727272728,-0.9203111113708403,0.42071451106444374,459.50757575757575,132.231247,34.7374992,34369,residential,False,False
52320197,46.9,35.5,32.0,11.0,1.5405683813627027,0.5515160176280142,125.4,132.21875,34.7458344,34369,office,False,False
52320204,43.5,43.81818181818182,36.0,56.18181818181818,-0.6421064078247648,0.27301849440641585,179.5,132.306244,34.6708336,34368,residential,False,False
52320214,21.5,16.0,15.0,17.666666666666668,-0.2360673582335246,0.5193741590935794,70.16666666666667,132.306244,34.6791649,34368,mixed,False,False
52320261,13.0,23.25,16.0,25.0,-0.6438561897747247,-0.2995602818589078,77.25,132.268753,34.7208328,34369,residential,False,False
52320262,87.75,87.5,80.91666666666667,86.33333333333333,-0.09348080226736152,0.11696223560652465,342.5,132.28125,34.7208328,34369,mixed,False,False
52320263,109.16666666666667,31.25,25.833333333333332,21.333333333333332,0.27612440527423754,2.0792266911505752,187.58333333333334,132.293747,34.7208328,34369,leisure,False,False
52320265,33.18181818181818,34.166666666666664,35.0,36.18181818181818,-0.04790998496138509,-0.07696198181488416,138.53030303030303,132.318756,34.7208328,34369,mixed,False,False
52320267,70.5,25.916666666666668,140.66666666666666,47.833333333333336,1.5561922620314972,-0.9965853355872353,284.9166666666667,132.34375,34.7208328,34369,office,False,False
52320270,131.08333333333334,135.375,131.33333333333334,108.33333333333333,0.2777559115405597,-0.0027488640406896623,506.125,132.256256,34.7291679,34369,mixed,False,False
52320271,25.90909090909091,31.625,33.09090909090909,23.444444444444443,0.4971888342965264,-0.3529765311465923,114.06944444444444,132.268753,34.7291679,34369,mixed,False,False
52320272,91.83333333333333,40.55555555555556,248.16666666666666,45.8,2.4378898446513624,-1.4342195300109424,426.3555555555555,132.28125,34.7291679,34369,office,False,False
52320273,53.5,22.0,18.2,13.75,0.4045068317866742,1.5556004410898132,107.45,132.293747,34.7291679,34369,leisure,False,False
52320274,59.5,75.57142857142857,43.5,60.0,-0.46394709975979026,0.4518742674592152,238.57142857142856,132.306244,34.7291679,34369,mixed,False,False
52320275,78.25,137.5,94.16666666666667,128.75,-0.4512840654891867,-0.2671257096487756,438.6666666666667,132.318756,34.7291679,34369,mixed,False,False
52320276,66.5,60.5,54.75,65.72727272727273,-0.26363315871264725,0.2804953759000162,247.47727272727275,132.331253,34.7291679,34369,mixed,False,False
52320277,140.25,375.3333333333333,146.16666666666666,385.5,-1.3991165181914575,-0.05961357111478396,1047.25,132.34375,34.7291679,34369,residential,False,False
52320283,28.666666666666668,45.142857142857146,21.6,66.8,-1.6288167903105835,0.40834284670483545,162.20952380952383,132.293747,34.7374992,34369,residential,False,False
52320286,24.833333333333332,20.333333333333332,15.5,12.0,0.3692338096657191,0.6800097093541301,72.66666666666666,132.331253,34.7374992,34369,leisure,False,False
52320287,24.6,18.0,13.4,25.0,-0.8996950942043145,0.8764253148814675,81.0,132.34375,34.7374992,34369,leisure,False,False
52320288,23.5,16.333333333333332,14.0,13.5,0.05246741989413548,0.7472339296200333,67.33333333333333,132.356247,34.7374992,34369,leisure,False,False
52320289,15.5,48.5,19.0,23.0,-0.27563444261342734,-0.2937312030567103,106.0,132.368744,34.7374992,34369,mixed,False,False
52320296,16.5,47.0,14.0,10.0,0.48542682717024166,0.23703919730084938,87.5,132.331253,34.7458344,34369,mixed,False,False
52320298,114.08333333333333,218.5,208.25,225.58333333333334,-0.11534398612825995,-0.8682284548288042,766.4166666666667,132.356247,34.7458344,34369,mixed,False,False
52320299,30.666666666666668,24.333333333333332,16.571428571428573,11.0,0.5911944544326708,0.8879733822658885,82.57142857142857,132.368744,34.7458344,34369,office,False,False
52320302,228.83333333333334,374.5833333333333,382.0833333333333,381.4166666666667,0.0025194418817548673,-0.7395901083353159,1366.9166666666667,132.40625,34.6708336,34369,mixed,False,False
52320305,108.16666666666667,257.8333333333333,23.555555555555557,313.1666666666667,-3.7327913975780125,2.1991167141570958,702.7222222222222,132.443756,34.6708336,34369,leisure,False,False
52320306,21.666666666666668,31.25,13.0,26.875,-1.0477531314483681,0.7369655941662062,92.79166666666667,132.456253,34.6708336,34369,leisure,False,False
52320309,20.75,177.16666666666666,24.5,179.16666666666666,-2.870448599640458,-0.23967041276828338,401.5833333333333,132.493744,34.6708336,34369,residential,False,False
52320312,163.5,305.0833333333333,46.083333333333336,322.5,-2.8069821807970654,1.8269736559845315,837.1666666666665,132.40625,34.6791649,34369,leisure,False,False
52320313,23.818181818181817,14.333333333333334,13.333333333333334,10.5,0.344648171387446,0.8370257887339467,61.98484848484849,132.418747,34.6791649,34369,leisure,False,False
52320329,119.5,158.2,25.363636363636363,177.11111111111111,-2.8038212193562693,2.236177114788858,480.17474747474745,132.493744,34.6875,34369,leisure,False,False
52320333,24.333333333333332,37.333333333333336,20.75,19.5,0.0896372124846764,0.22982262681193621,101.91666666666666,132.418747,34.6958351,34369,mixed,False,False
52320338,156.58333333333334,26.77777777777778,100.0,26.0,1.9434164716336326,0.6469306609241747,309.36111111111114,132.481247,34.6958351,34369,office,False,False
52320344,20.142857142857142,43.0,29.0,37.875,-0.3851929883453787,-0.5257845647863828,130.01785714285714,132.431244,34.7041664,34369,mixed,False,False
52320347,32.125,54.0,14.375,38.333333333333336,-1.415037499278844,1.1601344982495028,138.83333333333334,132.46875,34.7041664,34369,leisure,False,False
52320348,48.333333333333336,37.09090909090909,34.083333333333336,30.666666666666668,0.15239507688473608,0.5039520570731855,150.17424242424244,132.481247,34.7041664,34369,mixed,False,False
52320355,86.16666666666667,65.81818181818181,79.08333333333333,76.0,0.05737426285636778,0.12375619329382526,307.0681818181818,132.443756,34.7125015,34369,mixed,False,False
52320356,57.666666666666664,78.75,43.18181818181818,28.5,0.5994620704162712,0.41731364233455553,208.09848484848484,132.456253,34.7125015,34369,office,False,False
52320357,34.0,27.75,12.571428571428571,20.5,-0.7054753080383906,1.4353861446706462,94.82142857142857,132.46875,34.7125015,34369,leisure,False,False
52320358,44.6,49.857142857142854,44.57142857142857,53.75,-0.27014555278481617,0.0009245082282981475,192.77857142857144,132.481247,34.7125015,34369,mixed,False,False
52320359,80.08333333333333,32.0,188.58333333333334,50.25,1.9080066773668078,-1.235628248493142,350.9166666666667,132.493744,34.7125015,34369,office,False,False
52320363,10.0,21.0,21.333333333333332,10.0,1.0931094043914815,-1.0931094043914815,62.33333333333333,132.418747,34.7208328,34369,office,False,False
52320366,16.5,42.0,12.0,14.0,-0.22239242133644802,0.45943161863729726,84.5,132.456253,34.7208328,34369,mixed,False,False
52320370,28.90909090909091,37.75,26.666666666666668,42.333333333333336,-0.6667565918848035,0.1164857424808518,135.6590909090909,132.381256,34.7291679,34369,residential,False,False
52320374,19.5,16.0,16.0,14.0,0.19264507794239583,0.28540221886224837,65.5,132.431244,34.7291679,34369,mixed,False,False
52320384,58.166666666666664,16.333333333333332,35.25,13.5,1.384663850235325,0.7225693730897025,123.24999999999999,132.431244,34.7374992,34369,office,False,False
52320389,39.0,43.0,36.0,36.0,0.0,0.11547721741993588,154.0,132.493744,34.7374992,34369,mixed,False,False
52320394,41.0,14.666666666666666,14.5,21.333333333333332,-0.5570565041512717,1.4995710094905115,91.5,132.431244,34.7458344,34369,leisure,False,False
52320399,31.166666666666668,20.4,21.166666666666668,12.25,0.7890123419358016,0.5582097731154708,84.98333333333335,132.493744,34.7458344,34369,office,False,False
52320400,17.8,95.75,16.0,125.33333333333333,-2.969626350956481,0.15380533607903546,254.88333333333333,132.506256,34.6708336,34369,residential,False,False
52320401,69.41666666666667,111.5,53.333333333333336,104.91666666666667,-0.9761344728316542,0.3802445904781852,339.1666666666667,132.518753,34.6708336,34369,residential,False,False
52320402,1299.4166666666667,581.0833333333334,1204.8333333333333,686.25,0.8120274405412871,0.10903052503739828,3771.5833333333335,132.53125,34.6708336,34369,office,False,False
52320403,673.5,543.5,1726.1666666666667,733.5,1.2347028968456906,-1.3578219170567773,3676.666666666667,132.543747,34.6708336,34369,office,False,False
52320404,22.818181818181817,24.5,26.181818181818183,15.666666666666666,0.7408670318485341,-0.19838144749154055,89.16666666666667,132.556244,34.6708336,34369,office,False,False
52320407,81.5,44.142857142857146,35.333333333333336,15.666666666666666,1.173331602885562,1.2057702003890345,176.64285714285714,132.59375,34.6708336,34214,office,False,False
52320411,261.5,270.9166666666667,283.9166666666667,251.83333333333334,0.17299828693151745,-0.118656595128249,1068.1666666666667,132.518753,34.6791649,34369,mixed,False,False
52320412,1086.1666666666667,1042.6666666666667,931.3333333333334,1007.5,-0.11341031872702266,0.22187597420693486,4067.666666666667,132.53125,34.6791649,34369,mixed,False,False
52320413,773.0,789.6666666666666,803.0833333333334,844.5833333333334,-0.07269007859789686,-0.05508128511036095,3210.3333333333335,132.543747,34.6791649,34369,mixed,False,False
52320414,1248.1666666666667,1239.4166666666667,1785.5,1346.3333333333333,0.40729248860413525,-0.5165175449808068,5619.416666666667,132.556244,34.6791649,34369,mixed,False,False
52320415,154.08333333333334,39.75,712.5833333333334,68.75,3.3736271219226883,-2.2093479216516707,975.1666666666667,132.568756,34.6791649,34369,office,False,False
52320416,24.857142857142858,13.5,23.166666666666668,13.0,0.8335388538612591,0.10161000178877302,74.52380952380953,132.581253,34.6791649,34369,office,False,False
52320420,22.2,22.0,18.285714285714285,22.4,-0.29278174922784583,0.2798426935203478,84.88571428571429,132.506256,34.6875,34369,mixed,False,False
52320421,802.1666666666666,932.8333333333334,1013.25,948.5833333333334,0.09514374987131335,-0.33701625280312464,3696.8333333333335,132.518753,34.6875,34369,mixed,False,False
52320422,794.5,1068.0,696.8333333333334,1102.25,-0.6615659342927663,0.18923358202553758,3661.5833333333335,132.53125,34.6875,34369,residential,False,False
52320423,299.25,97.5,80.83333333333333,79.0,0.033097688176230995,1.8883290005901683,556.5833333333333,132.543747,34.6875,34369,leisure,False,False
52320424,285.25,253.41666666666666,305.8333333333333,191.75,0.6735190795064855,-0.10051877072073719,1036.25,132.556244,34.6875,34369,office,False,False
52320425,146.16666666666666,33.583333333333336,329.75,62.416666666666664,2.4013694415139497,-1.173758317527968,571.9166666666667,132.568756,34.6875,34369,office,False,False
52320426,37.916666666666664,24.0,29.5,13.166666666666666,1.1638248019058945,0.36211718500306117,104.58333333333333,132.581253,34.6875,34369,office,False,False
52320430,19.5,18.0,15.625,15.333333333333334,0.027184829326230394,0.31961793420016127,68.45833333333334,132.506256,34.6958351,34369,mixed,False,False
52320431,108.75,65.54545454545455,136.33333333333334,59.75,1.190127724239844,-0.32612294148450205,370.37878787878793,132.518753,34.6958351,34369,office,False,False
52320432,44.8,41.2,45.75,44.4,0.04321206682129895,-0.030273011113800864,176.14999999999998,132.53125,34.6958351,34369,mixed,False,False
52320434,76.25,152.83333333333334,173.0,158.0,0.1308474794596218,-1.181962795186476,560.0833333333334,132.556244,34.6958351,34369,mixed,False,False
52320436,24.333333333333332,13.0,20.22222222222222,13.6,0.5723348923934068,0.2669924194024771,71.15555555555555,132.581253,34.6958351,34214,mixed,False,False
52320437,70.08333333333333,28.5,54.833333333333336,27.333333333333332,1.004391769117158,0.3540182165199026,180.75,132.59375,34.6958351,34214,office,False,False
52320438,141.41666666666666,102.16666666666667,77.91666666666667,126.33333333333333,-0.6972314833960925,0.8599482947676641,447.8333333333333,132.606247,34.6958351,34214,leisure,False,False
52320440,222.0,67.45454545454545,251.91666666666666,73.18181818181819,1.7833894085418687,-0.18238689655644502,614.5530303030304,132.506256,34.7041664,34369,office,False,False
52320444,25.0,40.6,15.333333333333334,39.0,-1.3468027635263917,0.7052567344388679,119.93333333333334,132.556244,34.7041664,34369,leisure,False,False
52320446,28.833333333333332,26.142857142857142,38.0,23.5,0.693338661765948,-0.3982617865280172,116.47619047619047,132.581253,34.7041664,34214,office,False,False
52320447,47.0,74.0,14.5,66.0,-2.1864131242308815,1.696607856550065,201.5,132.59375,34.7041664,34214,leisure,False,False
52320448,78.33333333333333,95.77777777777777,55.166666666666664,75.25,-0.44789477067364064,0.505829539757782,304.52777777777777,132.606247,34.7041664,34214,mixed,False,False
52320449,30.25,20.0,19.916666666666668,15.666666666666666,0.34627795630311137,0.6029589300150019,85.83333333333334,132.618744,34.7041664,34214,leisure,False,False
52320450,70.5,66.0,55.833333333333336,50.27272727272727,0.15135073302656898,0.336496567774815,242.60606060606062,132.506256,34.7125015,34369,mixed,False,False
52320454,47.6,185.58333333333334,19.285714285714285,170.5,-3.1441672540309455,1.3034289934273544,422.9690476190476,132.556244,34.7125015,34369,leisure,False,False
52320458,254.0,346.3333333333333,90.0,310.3333333333333,-1.785821760507963,1.4968315904424911,1000.6666666666665,132.606247,34.7125015,34214,leisure,False,False
52320459,401.5,313.3333333333333,380.6666666666667,357.6666666666667,0.08991257460632074,0.07687174287562779,1453.1666666666667,132.618744,34.7125015,34214,mixed,False,False
52320460,56.666666666666664,67.14285714285714,28.0,42.2,-0.5918161717622188,1.0170735133589415,194.0095238095238,132.506256,34.7208328,34369,leisure,False,False
52320461,59.0,106.0,68.0,159.0,-1.225420114034016,-0.2048197918884981,392.0,132.518753,34.7208328,34369,residential,False,False
52320468,136.25,198.66666666666666,58.166666666666664,196.0,-1.7525891186267124,1.2279916941757927,589.0833333333333,132.606247,34.7208328,34214,leisure,False,False
52320469,59.416666666666664,103.75,39.666666666666664,108.41666666666667,-1.4505874834098522,0.5829405031359446,311.25,132.618744,34.7208328,34214,residential,False,False
52320470,45.166666666666664,24.4,26.666666666666668,15.333333333333334,0.7983661388303495,0.7602209464665091,111.56666666666666,132.506256,34.7291679,34369,office,False,False
52320471,80.58333333333333,147.0,27.727272727272727,161.91666666666666,-2.545873871051237,1.5391757649427336,417.2272727272727,132.518753,34.7291679,34369,leisure,False,False
52320472,42.0,20.0,25.333333333333332,16.5,0.6185708933639757,0.729352410056331,103.83333333333333,132.53125,34.7291679,34369,office,False,False
52320479,49.22222222222222,189.36363636363637,27.285714285714285,224.5,-3.0404977287630026,0.8511639811345615,490.3715728715729,132.618744,34.7291679,34214,leisure,False,False
52320480,22.666666666666668,20.5,15.7,14.0,0.16533773194666057,0.5298076865249187,72.86666666666667,132.506256,34.7374992,34369,mixed,False,False
52320481,24.555555555555557,20.333333333333332,23.166666666666668,22.666666666666668,0.03147823147316791,0.08399898594676805,90.72222222222221,132.518753,34.7374992,34369,mixed,False,False
52320482,49.27272727272727,50.5,55.36363636363637,43.4,0.3512436617119184,-0.16814937655246098,198.53636363636363,132.53125,34.7374992,34369,mixed,False,False
52320483,48.22222222222222,129.9,17.0,134.6,-2.9850717584726154,1.5041633897518276,329.72222222222223,132.543747,34.7374992,34369,leisure,False,False
52320489,20.5,32.0,13.333333333333334,22.4,-0.7484612330040353,0.6205864104518775,88.23333333333333,132.618744,34.7374992,34214,leisure,False,False
52320490,14.333333333333334,14.5,15.666666666666666,18.666666666666668,-0.2527660703799669,-0.1283240969755393,63.16666666666667,132.506256,34.7458344,34369,mixed,False,False
52320491,18.833333333333332,20.25,62.25,36.0,0.7900769306257687,-1.7247854703740495,137.33333333333331,132.518753,34.7458344,34369,office,False,False
52320501,25.0,15.333333333333334,40.0,22.0,0.8624964762500651,-0.6780719051126377,102.33333333333333,132.643753,34.6708336,34214,office,False,False
52320504,99.91666666666667,63.27272727272727,155.58333333333334,78.41666666666667,0.9884552994976652,-0.6388902688119784,397.18939393939394,132.681244,34.6708336,34214,office,False,False
52320505,874.0833333333334,1492.0833333333333,604.0,1416.0833333333333,-1.2292857126288206,0.5332222803535223,4386.25,132.693756,34.6708336,34214,residential,False,False
52320506,1892.75,1450.4166666666667,1986.8333333333333,1522.3333333333333,0.3841865673577923,-0.06998698814203015,6852.333333333333,132.706253,34.6708336,34214,mixed,False,False
52320507,580.5,607.6666666666666,942.5833333333334,698.4166666666666,0.4325321848532667,-0.699324104894795,2829.1666666666665,132.71875,34.6708336,34214,mixed,False,False
52320509,53.666666666666664,33.0,35.166666666666664,28.5,0.3032466738212873,0.6098176894074319,150.33333333333331,132.743744,34.6708336,34214,leisure,False,False
52320510,92.33333333333333,138.0,78.58333333333333,136.91666666666666,-0.8010028042749777,0.2326282053740917,445.8333333333333,132.631256,34.6791649,34214,residential,False,False
52320511,119.66666666666667,203.41666666666666,159.58333333333334,216.33333333333334,-0.438945991186819,-0.4152886429892681,699.0,132.643753,34.6791649,34214,mixed,False,False
52320512,33.63636363636363,54.0,28.555555555555557,54.111111111111114,-0.9221534128884641,0.23625029412744894,170.3030303030303,132.65625,34.6791649,34214,residential,False,False
52320513,29.25,25.857142857142858,26.25,32.3,-0.2992167421404398,0.15611920191728193,113.65714285714286,132.668747,34.6791649,34214,mixed,False,False
52320514,224.08333333333334,229.16666666666666,167.58333333333334,210.91666666666666,-0.33179442580533197,0.4191566735675212,831.75,132.681244,34.6791649,34214,mixed,False,False
52320516,26.333333333333332,75.5,19.25,49.0,-1.3479233034203069,0.45203170676104526,170.08333333333331,132.706253,34.6791649,34214,residential,False,False
52320517,41.916666666666664,38.142857142857146,38.666666666666664,30.2,0.35654184996869925,0.11643359467795499,148.92619047619047,132.71875,34.6791649,34214,mixed,False,False
52320518,82.0,53.25,81.33333333333333,51.09090909090909,0.670780135258101,0.01177716777635377,267.67424242424244,132.731247,34.6791649,34214,office,False,False
52320519,64.91666666666667,28.545454545454547,65.16666666666667,34.75,0.9071212238626888,-0.005545279245683109,193.37878787878788,132.743744,34.6791649,34214,office,False,False
52320523,272.0833333333333,379.75,285.1666666666667,367.3333333333333,-0.3652844640817441,-0.06775676805562053,1304.3333333333333,132.668747,34.6875,34214,mixed,False,False
52320524,24.0,21.857142857142858,20.5,25.333333333333332,-0.3054130081043456,0.2274104961030724,91.69047619047619,132.681244,34.6875,34214,mixed,False,False
52320529,19.5,27.25,11.0,19.666666666666668,-0.838248930003388,0.8259706002249511,77.41666666666667,132.743744,34.6875,34214,leisure,False,False
52320532,26.5,40.333333333333336,26.25,26.5,-0.01367493689707654,0.013674936897076493,119.58333333333334,132.65625,34.6958351,34214,mixed,False,False
52320542,49.0,21.428571428571427,291.0833333333333,27.75,3.3908725603236025,-2.5705785825585004,389.26190476190476,132.65625,34.7041664,34214,office,False,False
52320548,64.58333333333333,112.25,40.25,108.75,-1.4339547126214738,0.6821731213258267,325.8333333333333,132.731247,34.7041664,34214,leisure,False,False
52320549,161.91666666666666,231.41666666666666,160.33333333333334,215.91666666666666,-0.42940021641005216,0.014177101815302552,769.5833333333333,132.743744,34.7041664,34214,mixed,False,False
52320550,49.916666666666664,17.0,34.833333333333336,14.166666666666666,1.297968195943181,0.5190530607079028,115.91666666666666,132.631256,34.7125015,34214,office,False,False
52320551,49.916666666666664,30.4,39.25,19.6,1.001838999663781,0.34682894317600244,139.16666666666666,132.643753,34.7125015,34214,office,False,False
52320552,20.8,23.833333333333332,19.6,29.166666666666668,-0.5734668618833266,0.08572987402588404,93.39999999999999,132.65625,34.7125015,34214,mixed,False,False
52320558,29.25,45.3,21.22222222222222,37.2,-0.8097268896272328,0.4628608929899682,132.97222222222223,132.731247,34.7125015,34214,residential,False,False
52320559,23.272727272727273,27.333333333333332,14.5,22.2,-0.6145067763351715,0.6825873862351306,87.30606060606061,132.743744,34.7125015,34214,leisure,False,False
52320560,368.8333333333333,166.08333333333334,150.83333333333334,165.16666666666666,-0.1309672652159202,1.2900137538304437,850.9166666666666,132.631256,34.7208328,34214,leisure,False,False
52320561,330.1666666666667,510.3333333333333,272.0833333333333,516.5833333333334,-0.9249525122117142,0.27914588845569344,1629.1666666666667,132.643753,34.7208328,34214,residential,False,False
52320562,465.0,444.0,414.25,478.5,-0.2080172272645738,0.16672901877394186,1801.75,132.65625,34.7208328,34214,mixed,False,False
52320563,265.3333333333333,186.91666666666666,290.1666666666667,189.0,0.6184955627088723,-0.12907586710745253,931.4166666666666,132.668747,34.7208328,34214,office,False,False
52320564,248.25,74.54545454545455,257.5833333333333,45.416666666666664,2.503745519193935,-0.05324553060869323,625.7954545454545,132.681244,34.7208328,34214,office,False,False
52320565,27.727272727272727,16.333333333333332,23.4,13.833333333333334,0.7583596940702735,0.24479718911690923,81.2939393939394,132.693756,34.7208328,34214,office,False,False
52320569,111.5,47.0,28.555555555555557,15.5,0.8815032373646906,1.965200352168739,202.55555555555554,132.743744,34.7208328,34214,office,False,False
52320570,161.58333333333334,131.91666666666666,280.8333333333333,222.66666666666666,0.3348285835951684,-0.7974357879624281,797.0,132.631256,34.7291679,34214,mixed,False,False
52320571,53.583333333333336,60.166666666666664,39.18181818181818,65.81818181818181,-0.748301827994107,0.4515999861549903,218.75,132.643753,34.7291679,34214,residential,False,False
52320572,20.333333333333332,26.666666666666668,11.0,15.0,-0.4474589769712214,0.8863432182044327,73.0,132.65625,34.7291679,34214,leisure,False,False
52320573,16.0,19.666666666666668,11.0,40.6,-1.8839762036605165,0.5405683813627028,87.26666666666667,132.668747,34.7291679,34214,residential,False,False
52320575,78.41666666666667,24.4,232.5,50.81818181818182,2.193814051789501,-1.567998493988013,386.1348484848485,132.693756,34.7291679,34214,office,False,False
52320576,37.083333333333336,17.166666666666668,34.333333333333336,18.0,0.9316130250197499,0.11116099867054183,106.58333333333334,132.706253,34.7291679,34214,office,False,False
52320579,29.625,47.0,26.90909090909091,51.5,-0.9364787801915658,0.13872150190660643,155.0340909090909,132.743744,34.7291679,34214,residential,False,False
52320583,22.5,24.285714285714285,10.0,28.666666666666668,-1.5193741590935794,1.1699250014423124,85.45238095238096,132.668747,34.7374992,34214,leisure,False,False
52320585,51.27272727272727,82.625,79.63636363636364,91.33333333333333,-0.19771414127549425,-0.6352357072023798,304.86742424242425,132.693756,34.7374992,34214,mixed,False,False
52320586,192.25,183.58333333333334,119.83333333333333,179.25,-0.5809438489837633,0.6819543282436848,674.9166666666666,132.706253,34.7374992,34214,leisure,False,False
52320587,35.09090909090909,12.5,20.333333333333332,26.0,-0.3546648812993621,0.7872505817890532,93.92424242424242,132.71875,34.7374992,34214,leisure,False,False
52320589,151.91666666666666,186.0,196.16666666666666,241.25,-0.29844902783815475,-0.36879975899930983,775.3333333333333,132.743744,34.7374992,34214,mixed,False,False
52320594,24.22222222222222,38.2,13.5,35.142857142857146,-1.3802720811181675,0.8433718211711455,111.06507936507937,132.681244,34.7458344,34214,leisure,False,False
52320595,39.416666666666664,22.8,130.66666666666666,36.6,1.8359755999973717,-1.729013470775813,229.48333333333332,132.693756,34.7458344,34214,office,False,False
52320596,68.27272727272727,23.0,29.727272727272727,11.5,1.3701532508037724,1.199522272016189,132.5,132.706253,34.7458344,34214,office,False,False
52320597,147.91666666666666,27.555555555555557,59.5,13.75,2.1134580497832838,1.313823045250307,248.72222222222223,132.71875,34.7458344,34214,office,False,False
52320598,266.4166666666667,34.0,99.91666666666667,19.571428571428573,2.3519762817901446,1.4148870853662967,419.9047619047619,132.731247,34.7458344,34214,office,False,False
52320599,95.33333333333333,19.0,24.363636363636363,17.0,0.5191947305701358,1.968251264236758,155.6969696969697,132.743744,34.7458344,34214,leisure,False,False
52320605,108.0,33.55555555555556,378.4166666666667,27.857142857142858,3.7638564290111716,-1.8089443185397094,547.8293650793651,132.818756,34.6708336,34209,office,False,False
52320606,111.58333333333333,99.66666666666667,390.8333333333333,83.8,2.221531367869593,-1.8084319620784284,685.8833333333333,132.831253,34.6708336,34209,office,False,False
52320607,28.11111111111111,23.0,21.75,18.0,0.27301849440641585,0.3701250774032694,90.86111111111111,132.84375,34.6708336,34209,mixed,False,False
52320608,167.33333333333334,229.5,170.16666666666666,260.3333333333333,-0.6134115872641779,-0.024223596927029273,827.3333333333334,132.856247,34.6708336,34209,residential,False,False
52320609,51.333333333333336,43.166666666666664,28.75,58.583333333333336,-1.026928327407004,0.83633398902937,181.83333333333334,132.868744,34.6708336,34209,leisure,False,False
52320610,18.272727272727273,23.0,13.142857142857142,13.666666666666666,-0.05638246989751877,0.47541303854222267,68.08225108225108,132.756256,34.6791649,34214,mixed,False,False
52320614,44.2,34.666666666666664,26.0,25.11111111111111,0.05018575716821689,0.7655347463629772,129.9777777777778,132.806244,34.6791649,34209,leisure,False,False
52320616,15.333333333333334,18.5,12.5,15.0,-0.2630344058337938,0.2947432655611321,61.333333333333336,132.831253,34.6791649,34209,mixed,False,False
52320619,39.416666666666664,42.2,29.166666666666668,26.333333333333332,0.14743036365522605,0.4344852615070661,137.11666666666667,132.868744,34.6791649,34209,mixed,False,False
52320620,390.5833333333333,528.4166666666666,252.25,484.0833333333333,-0.9404011546930634,0.6307761196515108,1655.333333333333,132.756256,34.6875,34214,leisure,False,False
52320621,17.625,32.666666666666664,14.444444444444445,13.25,0.12452235702294284,0.28710854081265125,77.98611111111111,132.768753,34.6875,34214,mixed,False,False
52320622,26.545454545454547,25.285714285714285,18.2,29.5,-0.6967765040505075,0.5445263949313862,99.53116883116883,132.78125,34.6875,34214,residential,False,False
52320624,77.0,117.0,64.0,110.77777777777777,-0.7915246929558835,0.2667865406949014,368.77777777777777,132.806244,34.6875,34214,residential,False,False
52320626,33.3,24.857142857142858,23.0,23.75,-0.04629365227393495,0.5338883161268868,104.90714285714286,132.831253,34.6875,34209,mixed,False,False
52320627,58.0,54.285714285714285,57.36363636363637,44.5,0.3663311453788541,0.015916418782320238,214.14935064935065,132.84375,34.6875,34209,mixed,False,False
52320629,23.0,20.6,24.0,35.666666666666664,-0.5715419849588345,-0.061400544664143256,103.26666666666665,132.868744,34.6875,34209,mixed,False,False
52320630,1095.5,1077.4166666666667,1103.8333333333333,1081.8333333333333,0.02904410205527736,-0.010932873181827424,4358.583333333333,132.756256,34.6958351,34214,mixed,False,False
52320631,115.18181818181819,152.25,75.4,134.83333333333334,-0.8385407733275193,0.6112765721222103,477.66515151515154,132.768753,34.6958351,34214,leisure,False,False
52320636,65.75,171.58333333333334,100.41666666666667,169.58333333333334,-0.7559956480362855,-0.6109359411038654,507.33333333333337,132.831253,34.6958351,34209,residential,False,False
52320637,19.5,13.25,11.0,21.0,-0.9328858041414629,0.8259706002249511,64.75,132.84375,34.6958351,34209,leisure,False,False
52320639,20.09090909090909,17.333333333333332,12.125,24.333333333333332,-1.0049492159717333,0.7285580985670067,73.88257575757575,132.868744,34.6958351,34209,leisure,False,False
52320640,308.5,336.9166666666667,347.9166666666667,373.1666666666667,-0.10107833060382057,-0.17347130237820288,1366.5000000000002,132.756256,34.7041664,34214,mixed,False,False
52320641,281.0,542.6666666666666,209.33333333333334,560.1666666666666,-1.4200540784163747,0.42476807205045514,1593.1666666666665,132.768753,34.7041664,34214,residential,False,False
52320649,132.41666666666666,130.91666666666666,120.5,135.0,-0.16392626082086925,0.13605157239740112,518.8333333333333,132.868744,34.7041664,34209,mixed,False,False
52320650,37.166666666666664,35.5,28.0,36.0,-0.36257007938470825,0.4085824771415444,136.66666666666666,132.756256,34.7125015,34214,mixed,False,False
52320651,331.9166666666667,338.1666666666667,662.9166666666666,408.0,0.7002583725257582,-0.998006450854224,1741.0,132.768753,34.7125015,34214,office,False,False
52320652,22.0,23.5,21.0,17.375,0.2733763500552529,0.06711419585853703,83.875,132.78125,34.7125015,34209,mixed,False,False
52320660,11.0,23.666666666666668,10.0,18.666666666666668,-0.9004643264490856,0.13750352374993502,63.33333333333334,132.756256,34.7208328,34214,residential,False,False
52320661,117.58333333333333,41.583333333333336,88.33333333333333,46.583333333333336,0.9231440766073713,0.41265372314670273,294.0833333333333,132.768753,34.7208328,34214,office,False,False
52320662,106.41666666666667,123.5,107.58333333333333,117.25,-0.12413332792934206,-0.01573047560446676,454.75,132.78125,34.7208328,34209,mixed,False,False
52320672,98.0,69.58333333333333,90.75,51.09090909090909,0.8288310364121219,0.11088410611945757,309.42424242424244,132.78125,34.7291679,34214,office,False,False
52320673,85.3,110.2,44.4,120.5,-1.4404015647672181,0.9419860649681843,360.4,132.793747,34.7291679,34209,leisure,False,False
52320674,31.0,25.0,19.666666666666668,28.25,-0.5224984137745026,0.65651576174619,103.91666666666667,132.806244,34.7291679,34209,leisure,False,False
52320675,114.18181818181819,136.4,73.25,136.9090909090909,-0.9023175816123832,0.640432275832082,460.7409090909091,132.818756,34.7291679,34209,leisure,False,False
52320682,206.25,235.75,56.333333333333336,237.58333333333334,-2.076372887655768,1.87233337357215,735.9166666666667,132.78125,34.7374992,34214,leisure,False,False
52320683,463.5,465.0,500.1666666666667,362.1666666666667,0.46575514441700544,-0.10983957425160151,1790.8333333333335,132.793747,34.7374992,34209,mixed,False,False
52320684,97.33333333333333,87.41666666666667,108.58333333333333,85.08333333333333,0.35185421769033315,-0.15779680968811735,378.4166666666667,132.806244,34.7374992,34209,mixed,False,False
52320693,177.0,108.08333333333333,206.08333333333334,137.25,0.586421684663583,-0.21947847358578434,628.4166666666667,132.793747,34.7458344,34209,office,False,False
52320694,267.4166666666667,250.58333333333334,276.1666666666667,219.5,0.3313182569649376,-0.04644981293964437,1013.6666666666667,132.806244,34.7458344,34209,mixed,False,False
52320698,78.08333333333333,123.83333333333333,14.5,114.83333333333333,-2.985416676855563,2.4289617418104585,331.24999999999994,132.856247,34.7458344,34209,leisure,False,False
52320703,51.18181818181818,34.666666666666664,22.4,66.25,-1.5644217222803198,1.1921326662726905,174.49848484848485,132.918747,34.6708336,34462,leisure,False,False
52320705,22.0,26.5,11.0,32.0,-1.5405683813627027,1.0,91.5,132.943756,34.6708336,34209,leisure,False,False
52320706,17.666666666666668,16.666666666666668,13.666666666666666,16.0,-0.22741049610307254,0.37036844994511553,64.0,132.956253,34.6708336,34209,mixed,False,False
52320707,43.0,31.88888888888889,14.5,12.5,0.21412480535284734,1.5682837595745258,101.88888888888889,132.96875,34.6708336,34209,leisure,False,False
52320723,210.16666666666666,19.333333333333332,37.72727272727273,25.0,0.5936797178222651,2.4778541520100736,292.2272727272727,132.918747,34.6875,34209,office,False,False
52320729,25.0,20.6,24.333333333333332,29.8,-0.29237836741593837,0.0389941316158638,99.73333333333332,132.993744,34.6875,34209,mixed,False,False
52320736,22.2,21.3,21.9,22.2,-0.019628806748932675,0.01962880674893263,87.6,132.956253,34.6958351,34209,mixed,False,False
52320737,15.5,48.57142857142857,32.0,65.25,-1.0279059965698845,-1.0458036896131249,161.32142857142856,132.96875,34.6958351,34209,residential,False,False
52320738,13.8,18.5,16.5,22.0,-0.4150374992788438,-0.25779775746764666,70.8,132.981247,34.6958351,34209,mixed,False,False
52320740,24.7,24.6,16.0,17.0,-0.08746284125033943,0.6264391366973152,82.30000000000001,132.881256,34.7041664,34209,leisure,False,False
52320747,23.833333333333332,101.0,53.714285714285715,117.875,-1.1338800310550634,-1.1723250935628002,296.42261904761904,132.96875,34.7041664,34209,residential,False,False
52320748,140.0,160.27272727272728,141.66666666666666,156.45454545454547,-0.14324323309899847,-0.017073513358941406,598.3939393939394,132.981247,34.7041664,34209,mixed,False,False
52320751,27.2,23.0,16.90909090909091,14.0,0.2723722704131301,0.6858075538922428,81.10909090909091,132.893753,34.7125015,34209,leisure,False,False
52320758,15.5,27.5,24.5,57.0,-1.2181801700495334,-0.6605135337283329,124.5,132.981247,34.7125015,34209,residential,False,False
52320759,220.25,270.8333333333333,114.83333333333333,264.6666666666667,-1.2046350244386668,0.9396005369372785,870.5833333333333,132.993744,34.7125015,34209,leisure,False,False
52320761,130.41666666666666,58.90909090909091,74.0,26.454545454545453,1.4840096413579633,0.8175310754698746,289.780303030303,132.893753,34.7208328,34209,office,False,False
52320762,27.5,38.5,15.375,10.0,0.6205864104518776,0.8388452081854197,91.375,132.90625,34.7208328,34209,office,False,False
52320769,545.4166666666666,488.5,693.0833333333334,457.8333333333333,0.5982063216047502,-0.3456700398480032,2184.8333333333335,132.993744,34.7208328,34209,office,False,False
52320771,17.666666666666668,10.0,16.0,11.333333333333334,0.49749965947081665,0.1429579538420431,55.0,132.893753,34.7291679,34209,mixed,False,False
52320778,120.83333333333333,37.333333333333336,311.1666666666667,42.666666666666664,2.866506212226202,-1.3646690273239053,512.0,132.981247,34.7291679,34209,office,False,False
52320779,467.1666666666667,552.3333333333334,242.08333333333334,477.8333333333333,-0.9810037409486324,0.9484335807406027,1739.4166666666665,132.993744,34.7291679,34209,leisure,False,False
52320781,41.5,25.8,18.0,14.4,0.32192809488736235,1.2051144299046124,99.7,132.893753,34.7374992,34209,leisure,False,False
52320782,15.0,13.0,12.25,11.5,0.09114788805819543,0.29218075149331035,51.75,132.90625,34.7374992,34209,mixed,False,False
52320785,82.0,50.2,18.75,65.5,-1.8046043110415695,2.128733314122203,216.45,132.943756,34.7374992,34209,leisure,False,False
52320787,35.0,19.166666666666668,36.833333333333336,19.0,0.9550125452266899,-0.073657041725309,110.00000000000001,132.96875,34.7374992,34209,office,False,False
52320788,128.25,64.54545454545455,148.41666666666666,42.666666666666664,1.798471801101619,-0.2106942847734086,383.8787878787879,132.981247,34.7374992,34209,office,False,False
52320791,120.25,136.75,45.166666666666664,115.91666666666667,-1.3597576631883677,1.4127065431373265,418.08333333333337,132.893753,34.7458344,34209,leisure,False,False
52320792,96.33333333333333,152.91666666666666,86.91666666666667,139.66666666666666,-0.6842829911795858,0.14840223998091295,475.83333333333326,132.90625,34.7458344,34209,residential,False,False
52320793,12.0,25.666666666666668,11.0,20.0,-0.862496476250065,0.12553088208385882,68.66666666666667,132.918747,34.7458344,34209,residential,False,False
52320795,25.0,23.333333333333332,15.777777777777779,19.25,-0.2869644226325315,0.6640340717123548,83.36111111111111,132.943756,34.7458344,34209,leisure,False,False
52320796,106.41666666666667,149.33333333333334,91.33333333333333,146.16666666666666,-0.6784009494842062,0.2205107267421971,493.25,132.956253,34.7458344,34209,residential,False,False
52320797,265.0833333333333,334.6666666666667,192.33333333333334,342.5833333333333,-0.8328461479184548,0.4628371478940307,1134.6666666666667,132.96875,34.7458344,34209,residential,False,False
52320798,39.666666666666664,30.142857142857142,94.83333333333333,28.25,1.747143379170238,-1.2574670789986384,192.89285714285714,132.981247,34.7458344,34209,office,False,False
52321206,34.0,30.5,16.5,18.0,-0.12553088208385899,1.043068721891886,99.0,132.331253,34.7541656,34369,leisure,False,False
52321209,35.285714285714285,18.0,29.714285714285715,19.0,0.6451572826399027,0.2479275134435855,102.0,132.368744,34.7541656,34369,office,False,False
52321214,23.0,10.0,14.0,19.0,-0.4405725913859815,0.7162070339994087,66.0,132.306244,34.7625008,34369,leisure,False,False
52321217,34.63636363636363,16.0,36.666666666666664,10.0,1.874469117916141,-0.08218164394747864,97.3030303030303,132.34375,34.7625008,34369,office,False,False
52321222,16.5,13.0,22.5,16.0,0.4918530963296747,-0.4474589769712214,68.0,132.28125,34.7708321,34369,mixed,False,False
52321224,29.0,21.75,12.333333333333334,13.0,-0.07594885323329845,1.2334901302197785,76.08333333333334,132.306244,34.7708321,34369,leisure,False,False
52321234,48.5,29.5,17.5,17.666666666666668,-0.013674936897076702,1.4706298252421612,113.16666666666667,132.306244,34.7791672,34369,leisure,False,False
52321235,121.0,116.4,63.333333333333336,100.4,-0.664722351453618,0.9339701296648029,401.1333333333333,132.318756,34.7791672,34369,leisure,False,False
52321245,165.2,51.25,70.6,17.333333333333332,2.026119060963882,1.2264735981482653,304.3833333333333,132.318756,34.7874985,34369,office,False,False
52321306,17.0,41.0,25.666666666666668,23.666666666666668,0.11703942119021915,-0.5943611987234058,107.33333333333334,132.456253,34.7541656,34369,mixed,False,False
52321309,94.16666666666667,69.9090909090909,104.41666666666667,76.54545454545455,0.4479633941716055,-0.14906364201931044,345.03787878787875,132.493744,34.7541656,34369,mixed,False,False
52321315,12.0,15.0,10.0,10.0,0.0,0.2630344058337938,47.0,132.443756,34.7625008,34369,mixed,False,False
52321316,35.888888888888886,38.4,31.333333333333332,29.285714285714285,0.09750117350863914,0.19583900229513126,134.9079365079365,132.456253,34.7625008,34369,mixed,False,False
52321317,14.333333333333334,11.0,13.25,12.0,0.1429579538420431,0.11338179941774255,50.583333333333336,132.46875,34.7625008,34369,mixed,False,False
52321318,109.25,65.5,218.08333333333334,74.75,1.5447340341287736,-0.9972462388262804,467.58333333333337,132.481247,34.7625008,34369,office,False,False
52321319,461.25,329.5,450.9166666666667,345.75,0.3831315841108011,0.03268807568646307,1587.4166666666667,132.493744,34.7625008,34369,mixed,False,False
52321325,53.5,11.0,70.0,17.0,2.041820175694627,-0.3878160305438196,151.5,132.443756,34.7708321,34369,office,False,False
52321326,137.33333333333334,139.0,84.66666666666667,41.81818181818182,1.0176637537439317,0.6978158404110525,402.81818181818187,132.456253,34.7708321,34369,office,False,False
52321327,418.3333333333333,339.9166666666667,441.3333333333333,311.5,0.5026365530620597,-0.07721575796908342,1511.0833333333333,132.46875,34.7708321,34369,mixed,False,False
52321328,118.25,57.81818181818182,106.75,51.25,1.0586121601150444,0.14760411371890467,334.0681818181818,132.481247,34.7708321,34369,office,False,False
52321334,91.14285714285714,98.42857142857143,90.625,102.71428571428571,-0.18065585347939686,0.008220506804968233,382.91071428571433,132.431244,34.7791672,34369,mixed,False,False
52321335,147.25,176.41666666666666,113.41666666666667,149.33333333333334,-0.39690357055360953,0.37663497304762206,586.4166666666666,132.443756,34.7791672,34369,mixed,False,False
52321336,94.41666666666667,41.583333333333336,77.5,26.636363636363637,1.5407991694892869,0.2848452398251219,240.13636363636365,132.456253,34.7791672,34369,office,False,False
52321337,77.8,89.81818181818181,33.55555555555556,30.666666666666668,0.1298802825469098,1.2132185122160628,231.84040404040405,132.46875,34.7791672,34369,leisure,False,False
52321344,55.166666666666664,67.2,53.5,65.0,-0.28090082662730764,0.044257919684914576,240.86666666666667,132.431244,34.7874985,34369,mixed,False,False
52321345,151.08333333333334,206.08333333333334,81.54545454545455,195.58333333333334,-1.2621070695200503,0.8896681527410379,634.2954545454546,132.443756,34.7874985,34369,leisure,False,False
52321348,103.41666666666667,171.33333333333334,21.75,169.41666666666666,-2.9614885032748477,2.2493814035604722,465.91666666666663,132.481247,34.7874985,34369,leisure,False,False
52321350,313.5,21.5,98.0,27.0,1.8598223419517397,1.6776117886868307,460.0,132.381256,34.7958336,34369,office,False,False
52321354,119.25,140.36363636363637,140.75,143.83333333333334,-0.031263136377569264,-0.23914565607471794,544.1969696969697,132.431244,34.7958336,34369,mixed,False,False
52321400,20.666666666666668,16.333333333333332,13.8,13.5,0.03170885972733836,0.5826374477749123,64.3,132.506256,34.7541656,34369,mixed,False,False
52321406,45.0,49.0,17.0,54.0,-1.6674246609131291,1.4043902550793352,165.0,132.581253,34.7541656,34214,leisure,False,False
52321407,18.5,32.25,15.0,18.333333333333332,-0.2895066171949848,0.3025627700204313,84.08333333333333,132.59375,34.7541656,34214,mixed,False,False
52321409,13.666666666666666,41.0,16.77777777777778,17.0,-0.018983103367572796,-0.29589023398583914,88.44444444444444,132.618744,34.7541656,34214,mixed,False,False
52321410,69.83333333333333,75.5,57.416666666666664,58.5,-0.026967047600269484,0.2824462609950602,261.25,132.506256,34.7625008,34369,mixed,False,False
52321417,78.16666666666667,132.36363636363637,74.72727272727273,128.8,-0.7854258181828692,0.06491864674983477,414.0575757575758,132.59375,34.7625008,34214,residential,False,False
52321418,14.0,15.0,19.428571428571427,22.0,-0.17932369944456203,-0.47275299713513097,70.42857142857143,132.606247,34.7625008,34214,mixed,False,False
52321419,24.916666666666668,35.45454545454545,27.75,27.0,0.03952836418663728,-0.15537669287315697,115.12121212121212,132.618744,34.7625008,34214,mixed,False,False
52321421,127.5,240.91666666666666,119.58333333333333,234.58333333333334,-0.972084185404542,0.09248091601696413,722.5833333333334,132.518753,34.7708321,34369,residential,False,False
52321428,47.416666666666664,33.375,171.58333333333334,41.2,2.058193181615242,-1.8554432723256724,293.57500000000005,132.606247,34.7708321,34214,office,False,False
52321430,154.58333333333334,151.83333333333334,108.33333333333333,124.91666666666667,-0.2054887600320428,0.512907563592349,539.6666666666667,132.506256,34.7791672,34369,mixed,False,False
52321438,77.83333333333333,180.5,82.66666666666667,185.75,-1.1679845908728772,-0.08691757067721347,526.75,132.606247,34.7791672,34214,residential,False,False
52321504,55.75,140.5,28.25,165.0,-2.546143251830628,0.980720937505117,389.5,132.681244,34.7541656,34214,leisure,False,False
52321505,52.333333333333336,26.0,24.272727272727273,25.0,-0.042591876724467966,1.1083939351202143,127.60606060606061,132.693756,34.7541656,34214,leisure,False,False
52321507,99.83333333333333,226.08333333333334,55.416666666666664,236.5,-2.0934483436719997,0.8492016624002336,617.8333333333334,132.71875,34.7541656,34214,leisure,False,False
52321508,141.25,43.333333333333336,78.25,26.875,1.541825997343158,0.8520882103699318,289.7083333333333,132.731247,34.7541656,34214,office,False,False
52321509,112.58333333333333,22.8,54.166666666666664,13.333333333333334,2.0223678130284544,1.0555160514098676,202.88333333333333,132.743744,34.7541656,34214,office,False,False
52321510,19.2,21.5,16.857142857142858,15.0,0.16839753169571864,0.18774627852955672,72.55714285714285,132.631256,34.7625008,34214,mixed,False,False
52321513,29.833333333333332,36.666666666666664,62.0,43.25,0.5195680827501505,-1.055343033843775,171.75,132.668747,34.7625008,34214,mixed,False,False
52321514,111.0,123.66666666666667,43.583333333333336,76.33333333333333,-0.8085366518500025,1.3487112308243208,354.5833333333333,132.681244,34.7625008,34214,leisure,False,False
52321517,53.72727272727273,17.333333333333332,57.36363636363637,21.0,1.4497471535664914,-0.09448187480501669,149.42424242424244,132.71875,34.7625008,34214,office,False,False
52321518,19.857142857142858,19.5,60.8,25.0,1.2821432287814984,-1.6144132678903198,125.15714285714286,132.731247,34.7625008,34214,office,False,False
52321521,19.875,18.0,20.272727272727273,24.5,-0.27324156283220075,-0.02858532599865216,82.64772727272728,132.643753,34.7708321,34214,mixed,False,False
52321522,10.0,13.0,15.428571428571429,20.2,-0.38875080775856785,-0.6256044852185021,58.628571428571426,132.65625,34.7708321,34214,mixed,False,False
52321523,102.41666666666667,189.83333333333334,85.66666666666667,192.66666666666666,-1.1693011333068006,0.2576446511787835,570.5833333333334,132.668747,34.7708321,34214,residential,False,False
52321524,16.5,12.5,18.0,10.0,0.8479969065549501,-0.12553088208385899,57.0,132.681244,34.7708321,34214,office,False,False
52321525,23.285714285714285,22.5,13.25,28.5,-1.1049695596015425,0.8134527776102742,87.53571428571428,132.693756,34.7708321,34214,leisure,False,False
52321526,22.75,23.75,18.333333333333332,31.0,-0.7577990975833719,0.3113974273951929,95.83333333333333,132.706253,34.7708321,34214,residential,False,False
52321527,76.83333333333333,50.7,68.33333333333333,37.22222222222222,0.8764253148814675,0.1691428409238921,233.08888888888885,132.71875,34.7708321,34214,office,False,False
52321528,25.0,20.166666666666668,54.0,22.375,1.2710717248992123,-1.1110313123887439,121.54166666666667,132.731247,34.7708321,34214,office,False,False
52321533,136.75,212.66666666666666,112.75,162.58333333333334,-0.5280519386324893,0.27841339953717564,624.75,132.668747,34.7791672,34214,mixed,False,False
52321535,33.0,50.2,21.0,66.33333333333333,-1.6593446970437322,0.6520766965796931,170.53333333333333,132.693756,34.7791672,34214,leisure,False,False
52321538,48.166666666666664,82.83333333333333,17.5,90.41666666666667,-2.3692338096657193,1.4606801648345562,238.91666666666669,132.731247,34.7791672,34214,leisure,False,False
52321539,27.75,21.2,20.5,20.0,0.03562390973072122,0.43686386173202235,89.45,132.743744,34.7791672,34214,mixed,False,False
52321546,13.666666666666666,17.0,15.833333333333334,23.0,-0.5386688484472211,-0.2123036037128643,69.5,132.706253,34.7874985,34214,mixed,False,False
52321548,36.90909090909091,47.36363636363637,17.5,26.1,-0.5766948847375557,1.0766212816029124,127.87272727272727,132.731247,34.7874985,34214,leisure,False,False
52321549,29.25,26.285714285714285,11.0,29.333333333333332,-1.415037499278844,1.4109331009461072,95.86904761904762,132.743744,34.7874985,34214,leisure,False,False
52321557,40.5,69.66666666666667,74.66666666666667,114.25,-0.6136579337216217,-0.8825424184518231,299.08333333333337,132.71875,34.7958336,34214,residential,False,False
52321575,61.75,81.58333333333333,36.714285714285715,60.416666666666664,-0.7186050570448664,0.7500976044484037,240.46428571428572,132.693756,34.8125,34214,leisure,False,False
52321576,23.333333333333332,40.0,18.6,41.5,-1.1578087151262557,0.32708980000314103,123.43333333333334,132.706253,34.8125,34214,residential,False,False
52321577,20.142857142857142,19.333333333333332,14.75,17.0,-0.2048197918884981,0.4495533809793482,71.22619047619047,132.71875,34.8125,34214,mixed,False,False
52321578,21.714285714285715,21.5,17.5,27.6,-0.6573133449458404,0.3112895744410149,88.31428571428572,132.731247,34.8125,34214,residential,False,False
52321579,11.0,29.0,14.5,12.5,0.21412480535284734,-0.39854937649027494,67.0,132.743744,34.8125,34209,mixed,False,False
52321583,53.4,63.25,28.142857142857142,64.8,-1.20322501059849,0.9240709394014195,209.59285714285713,132.668747,34.8208351,34214,leisure,False,False
52321584,16.0,33.0,16.666666666666668,13.0,0.3584539709124765,-0.058893689053568565,78.66666666666667,132.681244,34.8208351,34214,mixed,False,False
52321585,38.0,92.0,35.8,115.0,-1.6836023685674812,0.08603983106669155,280.8,132.693756,34.8208351,34214,residential,False,False
52321586,30.454545454545453,44.3,18.0,31.88888888888889,-0.825056923791063,0.7586606652655251,124.64343434343434,132.706253,34.8208351,34209,leisure,False,False
52321587,31.5,19.75,13.333333333333334,19.5,-0.5484366246960422,1.2403143293337102,84.08333333333334,132.71875,34.8208351,34209,leisure,False,False
52321593,24.0,16.0,15.333333333333334,24.0,-0.6463630453852993,0.6463630453852993,79.33333333333334,132.668747,34.8291664,34214,leisure,False,False
52321594,19.0,16.5,38.25,36.5,0.0675632838126345,-1.0094603292490663,110.25,132.681244,34.8291664,34214,mixed,False,False
52321596,32.857142857142854,26.875,34.6,25.2,0.45734830413680816,-0.07456500386259131,119.53214285714284,132.706253,34.8291664,34214,mixed,False,False
52321597,44.416666666666664,59.916666666666664,23.4,23.375,0.0015421648084053892,0.9245925973419775,151.10833333333332,132.71875,34.8291664,34214,leisure,False,False
52321598,43.5,54.333333333333336,28.2,46.2,-0.712197689017264,0.6253202383372971,172.23333333333335,132.731247,34.8291664,34209,leisure,False,False
52321600,56.25,21.833333333333332,59.25,18.125,1.7088341588833247,-0.07496205768122212,155.45833333333334,132.756256,34.7541656,34214,office,False,False
52321601,50.666666666666664,22.0,38.166666666666664,17.4,1.1332258864144218,0.40872372534664153,128.23333333333332,132.768753,34.7541656,34209,office,False,False
52321602,23.8,15.666666666666666,35.5,10.0,1.8278190246173196,-0.5768574510841009,84.96666666666667,132.78125,34.7541656,34209,office,False,False
52321604,22.333333333333332,27.88888888888889,48.416666666666664,36.7,0.3997236947275221,-1.1163051629467564,135.3388888888889,132.806244,34.7541656,34209,mixed,False,False
52321605,19.5,19.0,18.125,20.333333333333332,-0.16586574682679558,0.10549312884731378,76.95833333333333,132.818756,34.7541656,34209,mixed,False,False
52321609,21.818181818181817,34.18181818181818,17.0,36.666666666666664,-1.1089343715531639,0.3599961357208816,109.66666666666666,132.868744,34.7541656,34209,residential,False,False
52321612,115.58333333333333,42.36363636363637,109.41666666666667,30.833333333333332,1.827269740376575,0.07910087143071577,298.1969696969697,132.78125,34.7625008,34209,office,False,False
52321613,37.083333333333336,21.0,28.166666666666668,24.5,0.20120709144581986,0.39678208957157574,110.75,132.793747,34.7625008,34209,mixed,False,False
52321614,26.583333333333332,18.666666666666668,31.666666666666668,15.333333333333334,1.0462936522739348,-0.25244299456607855,92.25,132.806244,34.7625008,34209,office,False,False
52321615,131.91666666666666,118.08333333333333,143.75,106.66666666666667,0.4304525516655314,-0.12393510641571265,500.4166666666667,132.818756,34.7625008,34209,mixed,False,False
52321619,15.8,15.25,20.75,17.166666666666668,0.27350140488486246,-0.39318677805718405,68.96666666666667,132.868744,34.7625008,34209,mixed,False,False
52321623,27.0,12.0,20.083333333333332,13.666666666666666,0.5553373316118779,0.4269606666546632,72.75,132.793747,34.7708321,34209,mixed,False,False
52321624,66.83333333333333,33.18181818181818,59.25,27.0,1.1338557467347907,0.1737526768355048,186.2651515151515,132.806244,34.7708321,34209,office,False,False
52321625,175.08333333333334,125.41666666666667,167.91666666666666,148.91666666666666,0.17324020437383916,0.060296323257716354,617.3333333333333,132.818756,34.7708321,34209,mixed,False,False
52321626,141.66666666666666,79.63636363636364,106.16666666666667,68.25,0.6374299206152918,0.4161694687687636,395.719696969697,132.831253,34.7708321,34209,office,False,False
52321629,19.666666666666668,13.5,30.4,20.5,0.5684474139381395,-0.6283188699155379,84.06666666666666,132.868744,34.7708321,34209,mixed,False,False
52321636,346.25,165.0,255.91666666666666,140.0,0.8702472793097519,0.43613996468183236,907.1666666666666,132.831253,34.7791672,34209,office,False,False
52321637,189.0,64.0,135.33333333333334,61.72727272727273,1.1325372708565857,0.4818690077570524,450.06060606060606,132.84375,34.7791672,34209,office,False,False
52321638,48.833333333333336,47.09090909090909,49.333333333333336,32.09090909090909,0.6203981102739106,-0.014696511206701837,177.34848484848487,132.856247,34.7791672,34209,office,False,False
52321639,2605.4166666666665,1589.0,2304.5833333333335,1657.3333333333333,0.47564214055080273,0.17700817519520876,8156.333333333334,132.868744,34.7791672,34209,mixed,False,False
52321645,213.22222222222223,218.55555555555554,178.125,233.22222222222223,-0.38881524591037564,0.2594677908136016,843.125,132.818756,34.7874985,34209,mixed,False,False
52321646,76.41666666666667,47.5,84.33333333333333,25.272727272727273,1.7385216198869435,-0.14221565109925557,233.52272727272725,132.831253,34.7874985,34209,office,False,False
52321647,70.08333333333333,40.333333333333336,66.58333333333333,29.8,1.1598487666320212,0.07391029732716746,206.79999999999998,132.84375,34.7874985,34209,office,False,False
52321648,953.3333333333334,509.6666666666667,991.75,608.6666666666666,0.7043241328822148,-0.05699575120068504,3063.4166666666665,132.856247,34.7874985,34209,office,False,False
52321649,1180.5,749.75,1305.9166666666667,826.25,0.6604125666348737,-0.14566479680128508,4062.416666666667,132.868744,34.7874985,34209,office,False,False
52321651,38.36363636363637,27.2,21.22222222222222,19.0,0.15957631314985082,0.8541637434764517,105.78585858585859,132.768753,34.7958336,34214,leisure,False,False
52321652,153.36363636363637,176.9090909090909,143.72727272727272,172.36363636363637,-0.2621215965398885,0.09362260592919504,646.3636363636364,132.78125,34.7958336,34209,mixed,False,False
52321655,21.2,20.0,10.0,11.0,-0.13750352374993496,1.0840642647884746,62.2,132.818756,34.7958336,34209,leisure,False,False
52321656,206.33333333333334,215.5,221.0,160.91666666666666,0.45773261116193753,-0.09906946089832308,803.75,132.831253,34.7958336,34209,mixed,False,False
52321657,550.25,1063.75,445.0833333333333,1114.25,-1.323925577441676,0.3060117617205789,3173.333333333333,132.84375,34.7958336,34209,residential,False,False
52321658,963.25,1480.5,864.1666666666666,1787.1666666666667,-1.0482926944455453,0.15660069768011808,5095.083333333334,132.856247,34.7958336,34209,residential,False,False
52321659,448.8333333333333,437.0,530.9166666666666,489.0,0.11865096643281113,-0.24230560760452938,1905.75,132.868744,34.7958336,34209,mixed,False,False
52321661,25.0,15.0,91.91666666666667,66.08333333333333,0.4760400198874043,-1.8783983850955017,198.0,132.768753,34.8041649,34214,mixed,False,False
52321666,75.16666666666667,29.333333333333332,94.66666666666667,24.333333333333332,1.959922560624665,-0.3327634962493011,223.50000000000003,132.831253,34.8041649,34209,office,False,False
52321667,1839.9166666666667,2032.0,1790.8333333333333,2042.8333333333333,-0.189940428176016,0.0390093484214182,7705.583333333333,132.84375,34.8041649,34209,mixed,False,False
52321668,6571.166666666667,5385.166666666667,8032.25,6034.166666666667,0.4126496282062385,-0.28965463905330874,26022.750000000004,132.856247,34.8041649,34209,mixed,False,False
52321669,3029.0833333333335,2041.75,2799.5833333333335,2104.1666666666665,0.41196314240226395,0.11366914433523675,9974.583333333334,132.868744,34.8041649,34209,mixed,False,False
52321675,21.9,29.0,22.9,35.0,-0.6120073237353849,-0.06441672849577051,108.8,132.818756,34.8125,34209,residential,False,False
52321676,429.5,454.1666666666667,393.6666666666667,518.0833333333334,-0.39620961414028827,0.12568357246246237,1795.4166666666667,132.831253,34.8125,34209,mixed,False,False
52321677,2013.25,2291.1666666666665,1969.6666666666667,2341.0,-0.2491734362589808,0.03157483520369962,8615.083333333334,132.84375,34.8125,34209,mixed,False,False
52321678,1239.8333333333333,1748.1666666666667,1508.5,1905.5833333333333,-0.3371180037451946,-0.2829684995290359,6402.083333333333,132.856247,34.8125,34209,mixed,False,False
52321679,1409.3333333333333,1322.75,1114.5833333333333,1394.3333333333333,-0.32307101158080115,0.338508390319449,5241.0,132.868744,34.8125,34209,mixed,False,False
52321685,80.16666666666667,54.45454545454545,63.25,84.45454545454545,-0.41710959305104556,0.3419370083545758,282.32575757575756,132.818756,34.8208351,34209,mixed,False,False
52321686,211.91666666666666,339.9166666666667,87.0,364.0,-2.064851144349968,1.2844097501202218,1002.8333333333333,132.831253,34.8208351,34209,leisure,False,False
52321687,123.91666666666667,114.41666666666667,142.91666666666666,107.16666666666667,0.41531793373222714,-0.20580392900775585,488.4166666666667,132.84375,34.8208351,34209,mixed,False,False
52321694,64.58333333333333,51.083333333333336,62.666666666666664,55.166666666666664,0.1839014448704198,0.043463648483962544,233.5,132.806244,34.8291664,34209,mixed,False,False
52321695,10.0,17.0,10.0,11.0,-0.13750352374993496,0.0,48.0,132.818756,34.8291664,34209,mixed,False,False
52321697,178.08333333333334,191.58333333333334,155.25,148.58333333333334,0.06332097131664274,0.1979592337181734,673.5000000000001,132.84375,34.8291664,34209,mixed,False,False
52321698,52.0,47.2,30.833333333333332,36.333333333333336,-0.2368028642606144,0.7540207583459363,166.36666666666667,132.856247,34.8291664,34209,leisure,False,False
52321701,70.66666666666667,20.0,25.5,46.0,-0.8511366140855172,1.4705326118705475,162.16666666666669,132.893753,34.7541656,34209,leisure,False,False
52321702,206.5,340.8333333333333,105.0,356.75,-1.7645241018096407,0.9757524537533226,1009.0833333333333,132.90625,34.7541656,34209,leisure,False,False
52321703,89.33333333333333,102.8,97.08333333333333,71.36363636363636,0.44403451367879426,-0.1200250490838701,360.580303030303,132.918747,34.7541656,34209,mixed,False,False
52321705,81.5,46.44444444444444,57.166666666666664,25.272727272727273,1.177592811365446,0.5116258887794216,210.3838383838384,132.943756,34.7541656,34209,office,False,False
52321706,59.916666666666664,20.6,33.25,27.142857142857142,0.29278174922784594,0.849603024216952,140.9095238095238,132.956253,34.7541656,34209,leisure,False,False
52321707,39.75,46.888888888888886,75.83333333333333,44.55555555555556,0.7672268093522943,-0.931877279080547,207.02777777777777,132.96875,34.7541656,34209,office,False,False
52321710,18.9,19.75,15.0,22.25,-0.5688428353578793,0.3334237337251918,75.9,132.881256,34.7625008,34209,mixed,False,False
52321711,61.083333333333336,19.0,23.583333333333332,18.333333333333332,0.36329852930722273,1.3730111453019296,122.0,132.893753,34.7625008,34209,leisure,False,False
52321712,26.166666666666668,44.0,27.333333333333332,35.5,-0.3771576156077545,-0.06293125572645658,133.0,132.90625,34.7625008,34209,mixed,False,False
52321713,28.0,17.666666666666668,61.416666666666664,17.4,1.8195429074125475,-1.1332033863163093,124.48333333333333,132.918747,34.7625008,34209,office,False,False
52321715,163.25,129.63636363636363,148.41666666666666,113.0,0.39333033796527483,0.13742988116596805,554.3030303030303,132.943756,34.7625008,34209,mixed,False,False
52321716,802.6666666666666,931.1666666666666,764.5,938.1666666666666,-0.2953277407858561,0.07028448467774116,3436.4999999999995,132.956253,34.7625008,34209,mixed,False,False
52321717,169.33333333333334,107.0,142.58333333333334,98.16666666666667,0.5385002206589526,0.2480606422827525,517.0833333333334,132.96875,34.7625008,34209,mixed,False,False
52321718,33.81818181818182,53.333333333333336,24.833333333333332,51.63636363636363,-1.0561094811263794,0.4455211727297289,163.62121212121212,132.981247,34.7625008,34209,residential,False,False
52321719,220.25,315.75,168.91666666666666,284.9166666666667,-0.7542283339664958,0.38283033617467105,989.8333333333334,132.993744,34.7625008,34209,residential,False,False
52321720,114.33333333333333,124.91666666666667,69.16666666666667,153.75,-1.1524375747134712,0.7250972399385249,462.1666666666667,132.881256,34.7708321,34209,leisure,False,False
52321721,112.16666666666667,73.45454545454545,93.0,40.81818181818182,1.1880187950041816,0.2703413827811296,319.43939393939394,132.893753,34.7708321,34209,office,False,False
52321722,33.2,21.25,43.0,23.0,0.9027027986450852,-0.3731534182425355,120.45,132.90625,34.7708321,34209,office,False,False
52321723,274.5833333333333,374.0,292.6666666666667,349.75,-0.2570656183505513,-0.09201437963994431,1291.0,132.918747,34.7708321,34209,mixed,False,False
52321724,166.33333333333334,170.66666666666666,134.33333333333334,158.5,-0.23866550233259595,0.3082599768092932,629.8333333333334,132.931244,34.7708321,34209,mixed,False,False
52321725,58.416666666666664,56.81818181818182,40.416666666666664,35.1,0.20347931093613544,0.5314296969361331,190.75151515151515,132.943756,34.7708321,34209,mixed,False,False
52321726,153.75,231.66666666666666,91.0,198.66666666666666,-1.126411379542309,0.7566479600279059,675.0833333333333,132.956253,34.7708321,34209,leisure,False,False
52321727,120.25,45.0,306.0833333333333,62.81818181818182,2.28467039825954,-1.3478875962404595,534.1515151515151,132.96875,34.7708321,34209,office,False,False
52321728,17.285714285714285,36.0,13.571428571428571,19.166666666666668,-0.4980268639498755,0.3490076289436466,86.02380952380952,132.981247,34.7708321,34209,mixed,False,False
52321729,22.7,19.0,12.0,17.0,-0.5025003405291831,0.9196578916823964,70.7,132.993744,34.7708321,34209,leisure,False,False
52321730,850.0,955.25,737.9166666666666,932.3333333333334,-0.3373879468369153,0.20400494010694378,3475.5,132.881256,34.7791672,34209,mixed,False,False
52321731,254.83333333333334,332.6666666666667,277.3333333333333,318.5833333333333,-0.20004976669355665,-0.12206702678028733,1183.4166666666667,132.893753,34.7791672,34209,mixed,False,False
52321732,638.9166666666666,874.0833333333334,453.1666666666667,883.0,-0.962371692344862,0.4955860284809602,2849.166666666667,132.90625,34.7791672,34209,residential,False,False
52321733,391.3333333333333,531.1666666666666,480.25,555.5,-0.2100012977235648,-0.29538761127663116,1958.25,132.918747,34.7791672,34209,mixed,False,False
52321734,182.58333333333334,285.25,95.33333333333333,286.6666666666667,-1.588321512811071,0.9375024322118332,849.8333333333334,132.931244,34.7791672,34209,leisure,False,False
52321735,17.666666666666668,30.0,11.0,14.0,-0.34792330342030686,0.6835263352047458,72.66666666666667,132.943756,34.7791672,34209,leisure,False,False
52321736,36.8,35.4,22.0,19.75,0.15565087046019427,0.7422022425323532,113.94999999999999,132.956253,34.7791672,34209,leisure,False,False
52321737,28.545454545454547,27.0,26.0,24.875,0.06381509759744344,0.1347494121132376,106.42045454545455,132.96875,34.7791672,34209,mixed,False,False
52321738,28.272727272727273,29.25,18.666666666666668,22.333333333333332,-0.25873426840016817,0.5989467301568573,98.52272727272728,132.981247,34.7791672,34209,leisure,False,False
52321739,11.0,23.0,78.83333333333333,23.0,1.777171916561226,-2.841302253980942,135.83333333333331,132.993744,34.7791672,34209,office,False,False
52321740,960.25,248.5,3502.9166666666665,496.4166666666667,2.818933208907034,-1.8670747033983792,5208.083333333333,132.881256,34.7874985,34209,office,False,False
52321741,179.0,30.363636363636363,371.9166666666667,31.0,3.584639280143824,-1.0550198132664426,612.2803030303031,132.893753,34.7874985,34209,office,False,False
52321742,153.83333333333334,293.1666666666667,166.16666666666666,307.5833333333333,-0.8883463278474127,-0.11126285675242148,920.75,132.90625,34.7874985,34209,residential,False,False
52321743,85.33333333333333,24.9,51.083333333333336,30.8,0.7299223171620863,0.7402567363092184,192.11666666666667,132.918747,34.7874985,34209,office,False,False
52321744,20.375,25.714285714285715,11.166666666666666,19.5,-0.8042755291256322,0.8676014644944613,76.75595238095238,132.931244,34.7874985,34209,leisure,False,False
52321745,21.666666666666668,42.666666666666664,28.0,31.88888888888889,-0.18762700317577133,-0.3699496097503057,124.22222222222223,132.943756,34.7874985,34209,mixed,False,False
52321746,88.54545454545455,111.4,49.0,72.5,-0.5651992458997263,0.8536364993298367,321.4454545454546,132.956253,34.7874985,34209,leisure,False,False
52321747,23.181818181818183,24.0,20.4,22.8,-0.16046467219324625,0.18442457113742758,90.38181818181819,132.96875,34.7874985,34209,mixed,False,False
52321748,252.66666666666666,292.9166666666667,146.5,287.4166666666667,-0.9722430583174494,0.7863346830276875,979.5,132.981247,34.7874985,34209,leisure,False,False
52321750,354.3333333333333,349.0,683.3333333333334,366.4166666666667,0.8991043771801611,-0.9474823128617039,1753.0833333333333,132.881256,34.7958336,34209,office,False,False
52321751,145.91666666666666,51.416666666666664,142.33333333333334,32.416666666666664,2.1344659146342986,0.03587110881306737,372.0833333333333,132.893753,34.7958336,34209,office,False,False
52321752,213.5,32.111111111111114,39.5,19.25,1.0369942074822016,2.4343115114433878,304.3611111111111,132.90625,34.7958336,34209,office,False,False
52321753,141.08333333333334,65.33333333333333,143.33333333333334,83.75,0.7752130635231695,-0.02282659169381865,433.5,132.918747,34.7958336,34209,office,False,False
52321754,38.27272727272727,89.27272727272727,16.4,76.58333333333333,-2.223334640837157,1.2226208946983776,220.52878787878785,132.931244,34.7958336,34209,leisure,False,False
52321756,76.41666666666667,242.41666666666666,161.08333333333334,236.08333333333334,-0.5514889641668628,-1.0758479986161815,716.0,132.956253,34.7958336,34209,mixed,False,False
52321758,32.44444444444444,31.5,26.22222222222222,25.6,0.03464614280689097,0.307181509518176,115.76666666666667,132.981247,34.7958336,34209,mixed,False,False
52321760,2619.3333333333335,2456.4166666666665,2176.5833333333335,2450.5,-0.17101089010210674,0.2671344104298808,9702.833333333334,132.881256,34.8041649,34209,mixed,False,False
52321761,877.8333333333334,1421.25,815.25,1475.9166666666667,-0.8562968250404253,0.1067045176843352,4590.25,132.893753,34.8041649,34209,residential,False,False
52321762,538.0833333333334,390.6666666666667,347.5833333333333,353.0,-0.02230927710311094,0.630470714858124,1629.3333333333333,132.90625,34.8041649,34209,leisure,False,False
52321763,470.0833333333333,630.8333333333334,294.5833333333333,565.1666666666666,-0.9400005693286696,0.6742407219081019,1960.6666666666665,132.918747,34.8041649,34209,leisure,False,False
52321764,119.33333333333333,244.41666666666666,70.66666666666667,267.4166666666667,-1.919987619718608,0.755895322701057,701.8333333333334,132.931244,34.8041649,34209,leisure,False,False
52321768,37.4,71.5,28.285714285714285,39.5,-0.48177905015509753,0.40296466697826877,176.68571428571428,132.981247,34.8041649,34209,mixed,False,False
52321769,19.2,19.0,16.0,11.0,0.5405683813627028,0.2630344058337938,65.2,132.993744,34.8041649,34209,mixed,False,False
52321770,1917.5,2203.5,1435.0833333333333,2258.3333333333335,-0.6541239310771187,0.41809206305997443,7814.416666666667,132.881256,34.8125,34209,residential,False,False
52321771,564.9166666666666,881.8333333333334,316.9166666666667,882.9166666666666,-1.4781737436289408,0.8339345318201369,2646.5833333333335,132.893753,34.8125,34209,leisure,False,False
52321772,28.333333333333332,19.0,18.818181818181817,13.0,0.5336156207209357,0.5903730965545176,79.15151515151516,132.90625,34.8125,34209,leisure,False,False
52321773,126.58333333333333,158.16666666666666,22.363636363636363,156.16666666666666,-2.803859850236088,2.5008607670789846,463.280303030303,132.918747,34.8125,34209,leisure,False,False
52321774,265.75,216.16666666666666,251.66666666666666,228.25,0.14089928350706304,0.07855554803981968,961.8333333333333,132.931244,34.8125,34209,mixed,False,False
52321775,26.857142857142858,31.333333333333332,15.4,29.5,-0.9377846035543023,0.8023754838124942,103.09047619047618,132.943756,34.8125,34210,leisure,False,False
52321779,110.33333333333333,116.58333333333333,118.33333333333333,136.66666666666666,-0.20780488511340164,-0.10098780758482674,481.91666666666663,132.993744,34.8125,34210,mixed,False,False
52321783,15.5,20.0,14.8,11.0,0.4280936521042902,0.06667103964528757,61.3,132.918747,34.8208351,34209,mixed,False,False
52321784,78.75,75.58333333333333,45.583333333333336,73.25,-0.6843223323508473,0.7887734963158785,273.1666666666667,132.931244,34.8208351,34210,leisure,False,False
52321785,66.16666666666667,63.72727272727273,34.583333333333336,51.90909090909091,-0.5859102912124144,0.9360276709086707,216.38636363636365,132.943756,34.8208351,34210,leisure,False,False
52321786,19.0,20.75,11.5,21.333333333333332,-0.891475543221831,0.7243655573865726,72.58333333333333,132.956253,34.8208351,34210,leisure,False,False
52321788,101.75,93.7,310.25,114.54545454545455,1.437511000380375,-1.6084024158641097,620.2454545454545,132.981247,34.8208351,34210,office,False,False
52321789,34.6,21.5,37.416666666666664,21.333333333333332,0.8105716347411469,-0.1129090012706284,114.85,132.993744,34.8208351,34210,office,False,False
52321792,36.333333333333336,25.0,26.333333333333332,13.0,1.0183785293148546,0.4644035765998237,100.66666666666666,132.90625,34.8291664,34209,office,False,False
52321795,137.25,118.16666666666667,65.91666666666667,131.08333333333334,-0.9917690709428949,1.058090955253563,452.4166666666667,132.943756,34.8291664,34210,leisure,False,False
52321796,331.0,181.33333333333334,193.33333333333334,141.75,0.44774166435154955,0.7757408175134393,847.4166666666667,132.956253,34.8291664,34210,leisure,False,False
52321797,42.25,36.125,58.833333333333336,32.8,0.8429379628193029,-0.47768243626783985,170.00833333333333,132.96875,34.8291664,34210,office,False,False
52321798,189.33333333333334,135.45454545454547,457.0,148.75,1.619304496862764,-1.2712657362745436,930.5378787878789,132.981247,34.8291664,34210,office,False,False
52321799,19.571428571428573,23.333333333333332,18.75,46.666666666666664,-1.3155018257279294,0.06185847040704195,108.32142857142856,132.993744,34.8291664,34210,residential,False,False
52322501,38.166666666666664,98.0,24.8,119.2,-2.2649722100752863,0.6219730718762747,280.16666666666663,132.643753,34.8375015,34214,leisure,False,False
52322507,52.27272727272727,39.27272727272727,24.666666666666668,20.666666666666668,0.25525705524207465,1.0834956622866467,136.87878787878788,132.71875,34.8375015,34214,leisure,False,False
52322536,30.285714285714285,28.25,37.8,17.666666666666668,1.097356375491667,-0.31974879682811513,114.00238095238095,132.706253,34.8624992,34209,office,False,False
52322546,73.83333333333333,18.2,171.66666666666666,31.75,2.4347814345772587,-1.2172657335155623,295.45,132.706253,34.8708344,34209,office,False,False
52322547,79.5,133.66666666666666,160.58333333333334,123.0,0.384663850235325,-1.0142954002902096,496.75,132.71875,34.8708344,34209,mixed,False,False
52322558,58.5,45.1,62.75,44.1,0.5088368032806138,-0.10117883436736755,210.45,132.731247,34.8791656,34209,mixed,False,False
52322564,27.0,21.833333333333332,19.0,14.0,0.4405725913859814,0.506959988719883,81.83333333333333,132.681244,34.8875008,34209,mixed,False,False
52322565,16.5,14.5,10.5,10.0,0.070389327891398,0.6520766965796931,51.5,132.693756,34.8875008,34209,leisure,False,False
52322569,143.4,123.36363636363636,146.33333333333334,109.66666666666667,0.4161333558001168,-0.029213414999659647,522.7636363636364,132.743744,34.8875008,34209,mixed,False,False
52322573,25.333333333333332,31.0,20.666666666666668,19.5,0.0838315908034707,0.29373120305671,96.5,132.668747,34.8958321,34209,mixed,False,False
52322574,17.5,20.0,34.5,12.333333333333334,1.4840335918703755,-0.9792414398332026,84.33333333333334,132.681244,34.8958321,34209,office,False,False
52322576,20.2,37.666666666666664,10.5,31.2,-1.5711567011961256,0.943965965085672,99.56666666666666,132.706253,34.8958321,34209,leisure,False,False
52322579,62.09090909090909,177.83333333333334,12.8,190.5,-3.8955752823806846,2.2782382445401557,443.22424242424245,132.743744,34.8958321,34209,leisure,False,False
52322585,11.0,18.0,27.0,13.0,1.0544477840223765,-1.2954558835261714,69.0,132.693756,34.9041672,34209,office,False,False
52322586,29.0,19.0,15.0,13.0,0.20645087746742624,0.9510903995190536,76.0,132.706253,34.9041672,34209,leisure,False,False
52322587,152.8,297.3,19.6,296.6,-3.9195930383394226,2.9627189839205403,766.3000000000001,132.71875,34.9041672,34209,leisure,False,False
52322588,28.8,31.0,15.0,42.111111111111114,-1.4892384411202608,0.9411063109464316,116.91111111111111,132.731247,34.9041672,34209,leisure,False,False
52322604,27.583333333333332,26.375,37.583333333333336,27.285714285714285,0.4619472165560803,-0.4462962164481633,118.82738095238095,132.806244,34.8375015,34209,mixed,False,False
52322607,20.75,20.25,10.0,18.0,-0.84799690655495,1.0531113364595626,69.0,132.84375,34.8375015,34209,leisure,False,False
52322608,204.0,177.58333333333334,207.08333333333334,188.91666666666666,0.13246146070886272,-0.021642293756996858,777.5833333333334,132.856247,34.8375015,34209,mixed,False,False
52322614,33.5,18.0,144.25,24.8,2.5401592931459698,-2.10633831818771,220.55,132.806244,34.8458328,34209,office,False,False
52322618,17.22222222222222,19.333333333333332,14.666666666666666,11.0,0.41503749927884376,0.2317302859157842,62.222222222222214,132.856247,34.8458328,34209,mixed,False,False
52322623,114.5,31.875,43.833333333333336,24.666666666666668,0.8294656236633525,1.3852472995257978,214.875,132.793747,34.8541679,34209,office,False,False
52322626,13.8,37.666666666666664,31.0,58.0,-0.9037846847406971,-1.1675999484960684,140.46666666666667,132.831253,34.8541679,34209,residential,False,False
52322627,25.5,20.0,19.3,17.5,0.1412459254357518,0.40189639959077755,82.3,132.84375,34.8541679,34209,mixed,False,False
52322633,132.16666666666666,108.16666666666667,65.33333333333333,84.0,-0.3625700793847084,1.0164672115887703,389.6666666666667,132.793747,34.8624992,34209,leisure,False,False
52322634,29.833333333333332,36.375,14.142857142857142,31.125,-1.1380002340460755,1.0768515785210948,111.47619047619047,132.806244,34.8624992,34209,leisure,False,False
52322637,204.08333333333334,224.58333333333334,199.75,223.5,-0.16207932825534105,0.03096286491484529,851.9166666666667,132.84375,34.8624992,34209,mixed,False,False
52322642,30.333333333333332,19.833333333333332,27.416666666666668,25.0,0.13312508323936062,0.14585086646345455,102.58333333333333,132.78125,34.8708344,34209,mixed,False,False
52322643,118.75,154.08333333333334,71.41666666666667,159.25,-1.1569606688649565,0.7335948098269663,503.5,132.793747,34.8708344,34209,leisure,False,False
52322644,90.58333333333333,155.5,12.25,151.91666666666666,-3.6324265012027697,2.8864638801909446,410.25,132.806244,34.8708344,34209,leisure,False,False
52322647,62.583333333333336,108.91666666666667,60.083333333333336,119.91666666666667,-0.9969954274994755,0.05881364827344926,351.5,132.84375,34.8708344,34209,residential,False,False
52322648,28.166666666666668,124.58333333333333,13.25,131.16666666666666,-3.307336870223131,1.0879964809978289,297.16666666666663,132.856247,34.8708344,34209,leisure,False,False
52322652,174.75,180.83333333333334,288.9166666666667,177.08333333333334,0.7062249952904069,-0.7253609751062409,821.5833333333334,132.78125,34.8791656,34209,office,False,False
52322653,75.91666666666667,94.75,74.91666666666667,25.1,1.5775993457298816,0.01912993828760329,270.68333333333334,132.793747,34.8791656,34209,office,False,False
52322656,107.58333333333333,155.33333333333334,66.16666666666667,178.33333333333334,-1.4303998841455514,0.7012780881642326,507.41666666666663,132.831253,34.8791656,34209,leisure,False,False
52322657,87.25,172.41666666666666,57.166666666666664,177.25,-1.63253955178786,0.6099809607579961,494.08333333333326,132.84375,34.8791656,34209,leisure,False,False
52322658,55.166666666666664,99.91666666666667,37.583333333333336,98.91666666666667,-1.3961205963865257,0.5537037835518367,291.5833333333333,132.856247,34.8791656,34209,residential,False,False
52322662,74.41666666666667,66.11111111111111,77.75,60.333333333333336,0.3658873837685534,-0.06321690573053583,278.6111111111111,132.78125,34.8875008,34209,mixed,False,False
52322666,15.25,16.0,17.5,16.666666666666668,0.0703893278913977,-0.19854567938208015,65.41666666666667,132.831253,34.8875008,34209,mixed,False,False
52322667,82.91666666666667,140.75,49.083333333333336,114.08333333333333,-1.2167829074274388,0.7564288916005505,386.8333333333333,132.84375,34.8875008,34209,leisure,False,False
52322668,20.75,21.5,11.0,17.0,-0.6280312226130421,0.9156078127096275,70.25,132.856247,34.8875008,34209,leisure,False,False
52322677,123.16666666666667,59.666666666666664,43.166666666666664,26.0,0.7314060688243055,1.5126222664595972,251.99999999999997,132.84375,34.8958321,34209,office,False,False
52322678,60.75,73.5,31.90909090909091,54.77777777777778,-0.7796232332683357,0.9289169019385174,220.9368686868687,132.856247,34.8958321,34209,leisure,False,False
52322703,37.583333333333336,16.5,29.0,16.0,0.8579809951275721,0.3740401274066528,99.08333333333334,132.918747,34.8375015,34210,office,False,False
52322706,54.333333333333336,28.90909090909091,64.41666666666667,36.44444444444444,0.82173510002792,-0.24559644969376979,184.10353535353536,132.956253,34.8375015,34210,office,False,False
52322707,225.75,233.08333333333334,348.5833333333333,244.08333333333334,0.5141298047646681,-0.6267776044420206,1051.5,132.96875,34.8375015,34210,mixed,False,False
52322708,43.416666666666664,28.714285714285715,31.166666666666668,31.5,-0.015347964333435986,0.47824510239087137,134.79761904761907,132.981247,34.8375015,34210,mixed,False,False
52322709,550.1666666666666,251.66666666666666,110.33333333333333,72.58333333333333,0.6041584982083531,2.318000016415318,984.7499999999999,132.993744,34.8375015,34210,office,False,False
52322710,19.0,17.0,13.0,17.0,-0.38702312310924736,0.5474877953024933,66.0,132.881256,34.8458328,34209,mixed,False,False
52322713,54.72727272727273,118.75,26.444444444444443,116.0,-2.133088233261941,1.0492952962567739,315.9217171717172,132.918747,34.8458328,34210,leisure,False,False
52322716,26.5,21.75,13.0,22.0,-0.758991900496205,1.027480736422107,83.25,132.956253,34.8458328,34210,leisure,False,False
52322717,22.875,28.0,25.25,20.833333333333332,0.27738969881086384,-0.14251164446775225,96.95833333333333,132.96875,34.8458328,34210,mixed,False,False
52322718,393.8333333333333,498.8333333333333,244.25,505.6666666666667,-1.049828117557492,0.6892266612843052,1642.5833333333333,132.981247,34.8458328,34210,leisure,False,False
52322719,245.25,217.5,132.16666666666666,264.4166666666667,-1.0004547502136596,0.8918947712364165,859.3333333333334,132.993744,34.8458328,34210,leisure,False,False
52322720,25.5,24.666666666666668,16.0,14.0,0.19264507794239583,0.6724253419714956,80.16666666666667,132.881256,34.8541679,34209,leisure,False,False
52322721,36.54545454545455,32.77777777777778,35.55555555555556,33.5,0.08591390298727762,0.039616979096581365,138.37878787878788,132.893753,34.8541679,34210,mixed,False,False
52322722,40.083333333333336,25.6,23.083333333333332,18.666666666666668,0.3063872439915841,0.7961509177208538,107.43333333333334,132.90625,34.8541679,34210,leisure,False,False
52322726,16.5,12.0,12.0,22.0,-0.8744691179161412,0.45943161863729726,62.5,132.956253,34.8541679,34210,residential,False,False
52322727,81.25,41.2,115.75,42.5,1.4454774471225347,-0.5105724753444195,280.7,132.96875,34.8541679,34210,office,False,False
52322729,360.5833333333333,447.6666666666667,323.9166666666667,473.1666666666667,-0.5467257413851945,0.1547100130826939,1605.3333333333335,132.993744,34.8541679,34210,mixed,False,False
52322730,11.666666666666666,26.0,11.0,17.0,-0.6280312226130421,0.08488889758651294,65.66666666666666,132.881256,34.8624992,34209,residential,False,False
52322732,101.16666666666667,82.18181818181819,59.333333333333336,55.833333333333336,0.0877161456212631,0.7698192752892844,298.5151515151515,132.90625,34.8624992,34210,leisure,False,False
52322733,109.44444444444444,137.0,65.14285714285714,101.85714285714286,-0.6448682522791465,0.7485198207942887,413.44444444444446,132.918747,34.8624992,34210,leisure,False,False
52322738,101.66666666666667,127.25,104.0,141.36363636363637,-0.44282752823957566,-0.0327367864119996,474.28030303030306,132.981247,34.8624992,34210,mixed,False,False
52322742,74.83333333333333,88.625,60.416666666666664,89.5,-0.5669410930831159,0.30873444983885007,313.375,132.90625,34.8708344,34210,mixed,False,False
52322745,28.571428571428573,16.6,13.0,11.0,0.24100809950379498,1.1360615495760285,69.17142857142858,132.943756,34.8708344,34210,leisure,False,False
52322746,20.6,27.11111111111111,23.25,34.1,-0.5525410230287788,-0.17458637881217523,105.06111111111112,132.956253,34.8708344,34210,mixed,False,False
52322747,21.125,45.57142857142857,12.2,32.285714285714285,-1.4040147976820596,0.7920701936066604,111.18214285714285,132.96875,34.8708344,34210,leisure,False,False
52322749,17.4,19.75,29.833333333333332,11.5,1.3752913204860873,-0.7778378755817345,78.48333333333332,132.993744,34.8708344,34210,office,False,False
52322753,16.0,19.0,18.333333333333332,18.0,0.02647221136119086,-0.1963972128035033,71.33333333333333,132.918747,34.8791656,34210,mixed,False,False
52322756,27.25,35.8,28.714285714285715,42.25,-0.5571826671608597,-0.07551244434439817,134.01428571428573,132.956253,34.8791656,34210,mixed,False,False
52322757,11.0,14.0,14.5,19.0,-0.3899465183160133,-0.39854937649027494,58.5,132.96875,34.8791656,34210,mixed,False,False
52322758,24.75,21.666666666666668,16.5,14.0,0.23703919730084938,0.5849625007211562,76.91666666666667,132.981247,34.8791656,34210,leisure,False,False
52322759,122.0,184.58333333333334,176.0,213.58333333333334,-0.27922364393312404,-0.5286942810744109,696.1666666666667,132.993744,34.8791656,34210,mixed,False,False
52322761,57.833333333333336,23.333333333333332,42.25,20.0,1.078951341394822,0.45294991557492054,143.41666666666669,132.893753,34.8875008,34210,office,False,False
52322762,77.25,168.16666666666666,77.0,145.16666666666666,-0.914779867182807,0.00467648720947324,467.58333333333326,132.90625,34.8875008,34210,residential,False,False
52322763,157.41666666666666,170.58333333333334,220.25,183.8181818181818,0.26086254565469624,-0.48455372325320023,732.0681818181819,132.918747,34.8875008,34210,mixed,False,False
52322764,31.8,32.0,18.666666666666668,27.5,-0.5589672921882116,0.768562439060545,109.96666666666667,132.931244,34.8875008,34210,leisure,False,False
52322767,61.142857142857146,123.5,27.0,174.0,-2.6880559936852597,1.1792245621800743,385.64285714285717,132.96875,34.8875008,34210,leisure,False,False
52322771,26.75,15.5,14.916666666666666,11.0,0.4394216579058029,0.8426137098580468,68.16666666666666,132.893753,34.8958321,34210,leisure,False,False
52322773,26.25,24.0,22.625,14.5,0.6418648919556332,0.2143996305829172,87.375,132.918747,34.8958321,34210,office,False,False
52322780,84.0,27.75,73.16666666666667,23.8,1.620224960393621,0.19920279396455823,208.71666666666667,132.881256,34.9041672,34210,office,False,False
52322781,123.41666666666667,280.1666666666667,150.75,299.6666666666667,-0.9912006128932065,-0.28862076733239317,854.0,132.893753,34.9041672,34210,residential,False,False
52322783,20.75,17.666666666666668,15.0,17.0,-0.18057224564182092,0.4681488357384062,70.41666666666667,132.918747,34.9041672,34210,mixed,False,False
52322784,19.0,20.0,16.25,14.75,0.13972476366661318,0.22555970041513107,70.0,132.931244,34.9041672,34210,mixed,False,False
52322790,270.3333333333333,213.91666666666666,240.16666666666666,202.08333333333334,0.24908558821289511,0.17070348404252553,926.4999999999999,132.881256,34.9124985,34210,mixed,False,False
52322791,78.9090909090909,79.0,52.5,63.1,-0.26532258242906404,0.5878740961410593,273.5090909090909,132.893753,34.9124985,34210,leisure,False,False
52322792,65.0,81.0,30.0,87.27272727272727,-1.5405683813627027,1.1154772174199359,263.27272727272725,132.90625,34.9124985,34210,leisure,False,False
52322794,72.63636363636364,67.75,65.41666666666667,73.08333333333333,-0.15988418866574347,0.15103373123284639,278.8863636363636,132.931244,34.9124985,34210,mixed,False,False
52323538,114.1,124.0,85.125,125.125,-0.5557152708239225,0.4226439933892482,448.35,132.731247,34.9458351,34209,mixed,False,False
52323539,30.0,31.0,14.8,22.6,-0.6107255967862378,1.019365324866931,98.4,132.743744,34.9458351,34209,leisure,False,False
52323606,131.4,91.0,92.85714285714286,91.28571428571429,0.02462378696882247,0.5008804795767545,406.5428571428572,132.831253,34.9208336,34209,mixed,False,False
52323616,48.5,66.5,30.166666666666668,49.833333333333336,-0.7241557871148996,0.6850294558250785,195.0,132.831253,34.9291649,34209,leisure,False,False
52323629,268.0,310.0833333333333,264.0,311.8333333333333,-0.24023722316117438,0.021695071099318976,1153.9166666666665,132.868744,34.9375,34210,mixed,False,False
52323635,53.36363636363637,142.66666666666666,27.9,145.33333333333334,-2.381028607113945,0.9355918575309299,369.26363636363635,132.818756,34.9458351,34209,leisure,False,False
52323638,15.0,10.0,12.0,12.0,0.0,0.32192809488736235,49.0,132.856247,34.9458351,34210,mixed,False,False
52323659,19.363636363636363,18.0,15.125,12.0,0.33390073655343844,0.3564147643139465,64.48863636363636,132.868744,34.9625015,34210,mixed,False,False
52323669,66.75,24.0,34.0,16.0,1.0874628412503393,0.9732330904372145,140.75,132.868744,34.9708328,34210,office,False,False
52323689,34.166666666666664,15.0,20.083333333333332,10.0,1.005998740621443,0.7665907632754844,79.25,132.868744,34.9874992,34210,office,False,False
52323699,61.583333333333336,20.77777777777778,37.0,11.666666666666666,1.6651328494051396,0.735014687796045,131.02777777777777,132.868744,34.9958344,34210,office,False,False
52323700,45.833333333333336,37.857142857142854,24.166666666666668,19.6,0.30216484006593225,0.9233787183970875,127.45714285714286,132.881256,34.9208336,34210,leisure,False,False
52323701,59.63636363636363,154.08333333333334,41.6,158.75,-1.9321011584057983,0.5196087627270566,414.069696969697,132.893753,34.9208336,34210,residential,False,False
52323702,36.5,44.0,41.4,43.75,-0.07965224922036591,-0.1817343037319456,165.65,132.90625,34.9208336,34210,mixed,False,False
52323710,43.166666666666664,19.8,21.666666666666668,13.0,0.7369655941662062,0.9944404746580993,97.63333333333334,132.881256,34.9291649,34210,office,False,False
52323720,46.75,18.6,21.333333333333332,14.5,0.5570565041512717,1.131856960608793,101.18333333333334,132.881256,34.9375,34210,leisure,False,False
52323749,15.333333333333334,16.666666666666668,22.333333333333332,27.0,-0.2737608124268523,-0.5425272344007593,81.33333333333333,132.993744,34.9541664,34210,mixed,False,False
52323753,16.0,15.0,18.0,26.0,-0.5305147166987798,-0.16992500144231246,75.0,132.918747,34.9625015,34210,mixed,False,False
52323768,19.5,23.333333333333332,35.6,19.0,0.9058778226354499,-0.8684031172167872,97.43333333333332,132.981247,34.9708328,34210,office,False,False
52323769,19.333333333333332,16.0,37.166666666666664,18.5,1.0064840335701988,-0.9429189047927328,91.0,132.993744,34.9708328,34210,office,False,False
52323778,29.2,21.0,54.083333333333336,14.5,1.8991311721504103,-0.8892157032853274,118.78333333333335,132.981247,34.9791679,34210,office,False,False
52323779,32.375,17.333333333333332,21.545454545454547,18.4,0.22767776909131163,0.587496657425592,89.65378787878787,132.993744,34.9791679,34210,leisure,False,False
52323788,23.9,25.5,75.66666666666667,41.2,0.8770135542739028,-1.6626472734763729,166.26666666666668,132.981247,34.9874992,34210,office,False,False
52323789,131.25,208.33333333333334,166.58333333333334,207.91666666666666,-0.3197613434799951,-0.3439266434699865,714.0833333333334,132.993744,34.9874992,34210,mixed,False,False
52323798,15.833333333333334,29.22222222222222,14.0,23.833333333333332,-0.7675539139996291,0.17753818555218753,82.88888888888889,132.981247,34.9958344,34210,residential,False,False
52323799,31.555555555555557,46.833333333333336,28.125,58.63636363636363,-1.0599425404562821,0.16604092684533256,165.1502525252525,132.993744,34.9958344,34210,residential,False,False
52324609,30.666666666666668,22.0,20.0,22.0,-0.13750352374993496,0.6166713604484945,94.66666666666667,132.868744,35.0041656,34210,leisure,False,False
52324619,26.444444444444443,18.75,30.6,23.0,0.4118977917482767,-0.21056698593965836,98.79444444444445,132.868744,35.0125008,34210,mixed,False,False
52324629,39.888888888888886,35.36363636363637,32.857142857142854,42.5,-0.37125580725093077,0.27977990349396786,150.60966810966812,132.868744,35.0208321,34210,mixed,False,False
52324708,14.666666666666666,29.0,12.0,10.0,0.2630344058337938,0.28950661719498477,65.66666666666666,132.981247,35.0041656,34210,mixed,False,False
52324710,34.5,16.0,18.166666666666668,10.0,0.861293729168408,0.9253026327223989,78.66666666666667,132.881256,35.0125008,34210,office,False,False
52324720,546.5833333333334,180.08333333333334,284.75,114.33333333333333,1.3164497662564558,0.9407456272875231,1125.75,132.881256,35.0208321,34210,office,False,False
52324723,75.0,98.8,39.333333333333336,46.0,-0.22588140741632776,0.9311381418551956,259.1333333333333,132.918747,35.0208321,34210,leisure,False,False
52324730,90.0,82.5,58.083333333333336,64.27272727272727,-0.14608244102483442,0.6318007511824076,294.8560606060606,132.881256,35.0291672,34210,leisure,False,False
52324731,54.666666666666664,34.111111111111114,32.0,26.6,0.2666456593861727,0.7725895038969275,147.3777777777778,132.893753,35.0291672,34210,leisure,False,False
52324732,44.75,37.55555555555556,31.75,86.33333333333333,-1.4431611001932316,0.49513109049209053,200.38888888888886,132.90625,35.0291672,34210,residential,False,False
52324733,41.0,39.2,15.0,26.0,-0.7935491225325738,1.4506614090095653,121.2,132.918747,35.0291672,34210,leisure,False,False
52324734,34.0,17.0,13.0,10.0,0.37851162325372983,1.3870231231092474,74.0,132.931244,35.0291672,34210,leisure,False,False
52324735,18.857142857142858,26.0,16.0,12.0,0.41503749927884376,0.23703919730084938,72.85714285714286,132.943756,35.0291672,34210,mixed,False,False
52324739,19.25,13.0,11.0,21.0,-0.9328858041414629,0.8073549220576041,64.25,132.993744,35.0291672,34210,leisure,False,False
52324741,66.66666666666667,33.8,36.416666666666664,35.375,0.041868725947559846,0.8723667202741265,172.25833333333333,132.893753,35.0374985,34210,leisure,False,False
52324742,178.58333333333334,164.5,202.25,140.72727272727272,0.5232377549228646,-0.17954225847458613,686.0606060606061,132.90625,35.0374985,34210,mixed,False,False
52324743,52.18181818181818,26.333333333333332,32.833333333333336,30.0,0.1301987231267017,0.6683859893031704,141.34848484848484,132.918747,35.0374985,34210,leisure,False,False
52324744,16.0,30.666666666666668,15.0,19.8,-0.40053792958372875,0.09310940439148145,81.46666666666667,132.931244,35.0374985,34210,mixed,False,False
52324745,26.0,14.5,18.0,11.0,0.7104933828050152,0.5305147166987798,69.5,132.943756,35.0374985,34210,office,False,False
52324746,22.857142857142858,22.75,29.4,26.5,0.14982379538580284,-0.36317107711924373,101.50714285714285,132.956253,35.0374985,34210,mixed,False,False
52324747,20.5,15.0,14.5,18.0,-0.3119440063147402,0.49957100949051153,68.0,132.96875,35.0374985,34210,mixed,False,False
52324751,28.583333333333332,38.5,19.0,12.333333333333334,0.623436648535792,0.5891747520080706,98.41666666666667,132.893753,35.0458336,34210,office,False,False
52324752,115.33333333333333,128.7,92.16666666666667,129.22222222222223,-0.4875372105173551,0.3234925574020176,465.4222222222222,132.90625,35.0458336,34210,mixed,False,False
52324753,124.58333333333333,198.75,19.571428571428573,180.5,-3.2051778659842483,2.6702901074613883,523.4047619047619,132.918747,35.0458336,34210,leisure,False,False
52324762,36.916666666666664,24.714285714285715,24.90909090909091,23.0,0.11503850826621655,0.5675999235106325,109.54004329004329,132.90625,35.0541649,34210,mixed,False,False
52324772,72.91666666666667,66.0909090909091,32.333333333333336,59.833333333333336,-0.8879271916359235,1.1732263645325633,231.17424242424244,132.90625,35.0625,34210,leisure,False,False
52324773,42.7,112.3,24.3,106.8,-2.135883428081773,0.8132797560147096,286.1,132.918747,35.0625,34210,leisure,False,False
52324781,65.91666666666667,20.333333333333332,33.0,13.0,1.3439544012173612,0.9981772643931823,132.25,132.893753,35.0708351,34210,office,False,False
52324782,218.5,284.4166666666667,198.16666666666666,269.6666666666667,-0.44446289268432193,0.14091897047609872,970.75,132.90625,35.0708351,34210,mixed,False,False
52324791,45.583333333333336,25.2,23.0,19.6,0.23078020682916683,0.9868725660143877,113.38333333333334,132.893753,35.0791664,34210,leisure,False,False
52325702,72.58333333333333,202.16666666666666,67.75,216.33333333333334,-1.674963125924111,0.09941736652383674,558.8333333333334,132.90625,35.0875015,34210,residential,False,False
52330004,32.916666666666664,25.4,13.75,10.6,0.37536735384882286,1.2593866288186493,82.66666666666666,133.056244,34.6708336,34209,leisure,False,False
52330005,26.285714285714285,26.625,15.0,17.5,-0.22239242133644802,0.8093164383908902,85.41071428571428,133.068756,34.6708336,34209,leisure,False,False
52330008,48.5,40.44444444444444,20.818181818181817,36.625,-0.8149846849626013,1.2201406727274813,146.38762626262627,133.106247,34.6708336,34208,leisure,False,False
52330009,66.75,151.63636363636363,43.583333333333336,143.08333333333334,-1.7150071877551927,0.6149912961617687,405.0530303030303,133.118744,34.6708336,34208,leisure,False,False
52330014,26.916666666666668,11.5,15.090909090909092,14.0,0.10825289065202343,0.8348200412631412,67.50757575757576,133.056244,34.6791649,34209,leisure,False,False
52330015,451.3333333333333,492.5833333333333,297.5,411.3333333333333,-0.46741832023295576,0.6013036646585347,1652.7499999999998,133.068756,34.6791649,34209,leisure,False,False
52330016,14.25,15.25,18.0,14.0,0.36257007938470837,-0.33703498727757075,61.5,133.081253,34.6791649,34209,mixed,False,False
52330019,175.33333333333334,57.25,384.3333333333333,65.25,2.558308300360731,-1.1322578083594694,682.1666666666666,133.118744,34.6791649,34208,office,False,False
52330023,40.75,27.8,26.75,14.5,0.8834859912735749,0.6072611678299307,109.8,133.043747,34.6875,34209,office,False,False
52330025,50.25,162.91666666666666,33.333333333333336,168.66666666666666,-2.339137384919585,0.59215800212536,415.16666666666663,133.068756,34.6875,34209,leisure,False,False
52330026,24.666666666666668,25.333333333333332,28.666666666666668,22.666666666666668,0.3388019134517585,-0.2168113890731482,101.33333333333333,133.081253,34.6875,34209,mixed,False,False
52330029,183.91666666666666,159.16666666666666,270.0833333333333,176.66666666666666,0.6123747558672789,-0.5543523910382265,789.8333333333333,133.118744,34.6875,34208,office,False,False
52330031,87.66666666666667,138.58333333333334,66.63636363636364,144.72727272727272,-1.1189552324098369,0.39571871907463146,437.6136363636364,133.018753,34.6958351,34209,residential,False,False
52330032,43.0,39.5,27.5,75.0,-1.4474589769712214,0.6449050411774384,185.0,133.03125,34.6958351,34209,leisure,False,False
52330033,23.1,16.5,17.571428571428573,15.666666666666666,0.16553323232515488,0.39466136324705947,72.83809523809524,133.043747,34.6958351,34209,mixed,False,False
52330035,31.5,25.166666666666668,24.8,18.0,0.46234321405720047,0.3450117080004035,99.46666666666667,133.068756,34.6958351,34209,mixed,False,False
52330036,41.0,46.416666666666664,78.58333333333333,121.33333333333333,-0.6266806795235996,-0.9385994553358568,287.3333333333333,133.081253,34.6958351,34209,residential,False,False
52330037,46.888888888888886,52.333333333333336,56.142857142857146,83.83333333333333,-0.5784215088833683,-0.2598563929361297,239.1984126984127,133.09375,34.6958351,34209,mixed,False,False
52330038,26.125,30.2,23.25,25.333333333333332,-0.12380620161439793,0.16820032097285123,104.90833333333333,133.106247,34.6958351,34208,mixed,False,False
52330039,624.5,551.3333333333334,965.8333333333334,606.6666666666666,0.6708702108077756,-0.6290726835647206,2748.3333333333335,133.118744,34.6958351,34208,office,False,False
52330042,54.583333333333336,49.857142857142854,36.083333333333336,35.57142857142857,0.020613703995092148,0.5971278816980876,176.0952380952381,133.03125,34.7041664,34209,leisure,False,False
52330043,231.5,299.5,98.45454545454545,222.5,-1.1762756168827302,1.2334824742892063,851.9545454545455,133.043747,34.7041664,34209,leisure,False,False
52330045,99.0,46.9,64.41666666666667,37.25,0.7901935827415297,0.6199945168759182,247.5666666666667,133.068756,34.7041664,34209,office,False,False
52330046,519.75,649.25,378.5,623.75,-0.7206746102388911,0.45752455287263827,2171.25,133.081253,34.7041664,34209,residential,False,False
52330048,159.0,79.0909090909091,314.9166666666667,65.91666666666667,2.2562549187871697,-0.98594334725445,618.9242424242425,133.106247,34.7041664,34208,office,False,False
52330049,64.9090909090909,40.333333333333336,29.583333333333332,21.714285714285715,0.4461401222849067,1.1336359317209141,156.5400432900433,133.118744,34.7041664,34208,leisure,False,False
52330050,128.66666666666666,209.5,64.08333333333333,214.16666666666666,-1.740712856119414,1.005617249306254,616.4166666666666,133.006256,34.7125015,34209,leisure,False,False
52330051,29.583333333333332,13.0,18.90909090909091,10.0,0.9190800046164327,0.6457046141670932,71.49242424242425,133.018753,34.7125015,34209,office,False,False
52330054,73.41666666666667,162.33333333333334,43.3,188.5,-2.1221255934293017,0.7617405883598951,467.55000000000007,133.056244,34.7125015,34209,leisure,False,False
52330055,39.75,15.333333333333334,123.0,22.0,2.4830828867019425,-1.6296315500548846,200.08333333333334,133.068756,34.7125015,34209,office,False,False
52330058,126.5,221.66666666666666,30.454545454545453,210.0,-2.785659850958285,2.0544079079864725,588.6212121212121,133.106247,34.7125015,34208,leisure,False,False
52330059,24.333333333333332,13.333333333333334,16.333333333333332,24.0,-0.5552151573271044,0.5751147147648091,77.99999999999999,133.118744,34.7125015,34208,mixed,False,False
52330060,43.25,21.4,24.083333333333332,15.0,0.683072586171004,0.844665045857202,103.73333333333332,133.006256,34.7208328,34209,office,False,False
52330068,22.8,18.25,25.5,28.0,-0.13492958008610853,-0.1614634226941162,94.55,133.106247,34.7208328,34208,mixed,False,False
52330069,131.25,147.83333333333334,90.16666666666667,153.25,-0.7652209805851223,0.5416513294478258,522.5,133.118744,34.7208328,34208,residential,False,False
52330071,60.583333333333336,58.833333333333336,63.083333333333336,70.16666666666667,-0.15352693308066445,-0.05833793606613737,252.66666666666669,133.018753,34.7291679,34209,mixed,False,False
52330073,134.4,133.2,145.25,145.25,0.0,-0.11200502551313088,558.0999999999999,133.043747,34.7291679,34209,mixed,False,False
52330077,44.625,42.5,25.09090909090909,29.5,-0.23355021122096958,0.830687425888228,141.7159090909091,133.09375,34.7291679,34209,leisure,False,False
52330079,12.5,22.5,11.0,14.0,-0.34792330342030686,0.18442457113742758,60.0,133.118744,34.7291679,34208,mixed,False,False
52330082,74.08333333333333,46.1,36.8,32.857142857142854,0.16349873228287956,1.0094432469389634,189.84047619047615,133.03125,34.7374992,34209,leisure,False,False
52330083,26.142857142857142,21.5,17.5,18.0,-0.04064198449734593,0.5790618992814718,83.14285714285714,133.043747,34.7374992,34209,mixed,False,False
52330084,26.25,23.0,26.5,23.75,0.15806484623225123,-0.01367493689707654,99.5,133.056244,34.7374992,34209,mixed,False,False
52330092,50.833333333333336,67.0,46.54545454545455,70.0,-0.5887146355822637,0.1271345503663896,234.37878787878788,133.03125,34.7458344,34209,residential,False,False
52330093,22.4,29.0,32.4,28.0,0.21056698593965814,-0.5324950808270207,111.8,133.043747,34.7458344,34209,mixed,False,False
52330096,30.571428571428573,31.0,11.666666666666666,18.0,-0.6256044852185021,1.3897915481197327,91.23809523809524,133.081253,34.7458344,34209,leisure,False,False
52330100,77.91666666666667,99.11111111111111,32.916666666666664,103.42857142857143,-1.6517446226822925,1.2431137117105338,313.3730158730159,133.131256,34.6708336,34208,leisure,False,False
52330102,15.833333333333334,17.4,18.25,15.0,0.28293396327149856,-0.20493145127022547,66.48333333333333,133.15625,34.6708336,34208,mixed,False,False
52330103,18.2,28.5,17.0,11.0,0.6280312226130421,0.09840370406099447,74.7,133.168747,34.6708336,34208,office,False,False
52330106,39.25,70.45454545454545,37.7,60.416666666666664,-0.6803820657998384,0.0581281305103251,207.8212121212121,133.206253,34.6708336,34545,residential,False,False
52330107,20.5,22.5,14.142857142857142,16.5,-0.22239242133644802,0.5355503065960783,73.64285714285714,133.21875,34.6708336,34545,mixed,False,False
52330110,36.09090909090909,22.6,39.833333333333336,14.0,1.5085493852019882,-0.14234072875393183,112.52424242424243,133.131256,34.6791649,34208,office,False,False
52330111,140.83333333333334,257.0833333333333,62.333333333333336,260.9166666666667,-2.065513333251033,1.17591307128191,721.1666666666667,133.143753,34.6791649,34208,leisure,False,False
52330115,47.36363636363637,49.36363636363637,100.5,107.0,-0.09041529522221826,-1.0853437475377177,304.22727272727275,133.193756,34.6791649,34545,mixed,False,False
52330116,180.33333333333334,500.3333333333333,97.5,506.0833333333333,-2.375900839379306,0.8871919693560485,1284.25,133.206253,34.6791649,34545,leisure,False,False
52330117,47.25,60.0,66.41666666666667,36.916666666666664,0.8472730254354537,-0.49123098904824314,210.58333333333334,133.21875,34.6791649,34545,office,False,False
52330118,121.71428571428571,153.85714285714286,40.8,193.0,-2.241959790183947,1.576857451084101,509.3714285714286,133.231247,34.6791649,34545,leisure,False,False
52330120,27.0,25.857142857142858,27.0,23.555555555555557,0.19689204904258162,0.0,103.41269841269842,133.131256,34.6875,34208,mixed,False,False
52330124,63.166666666666664,117.54545454545455,167.33333333333334,114.0,0.5536910390648742,-1.4054895157796805,462.0454545454546,133.181244,34.6875,34208,mixed,False,False
52330125,25.375,31.5,21.181818181818183,18.4,0.20312066484733263,0.2605813911681932,96.45681818181818,133.193756,34.6875,34208,mixed,False,False
52330128,78.83333333333333,129.58333333333334,93.08333333333333,109.33333333333333,-0.23213853413476893,-0.23971709714391976,410.83333333333337,133.231247,34.6875,34545,mixed,False,False
52330130,192.58333333333334,196.91666666666666,445.25,192.25,1.2116320131397922,-1.209132757355144,1027.0,133.131256,34.6958351,34208,office,False,False
52330134,42.6,29.333333333333332,130.58333333333334,10.666666666666666,3.6137894644725805,-1.6160454384129481,213.18333333333334,133.181244,34.6958351,34208,office,False,False
52330135,11.0,16.0,10.0,11.0,-0.13750352374993496,0.13750352374993502,48.0,133.193756,34.6958351,34208,mixed,False,False
52330136,14.5,41.0,10.0,12.0,-0.2630344058337938,0.5360529002402097,77.5,133.206253,34.6958351,34545,mixed,False,False
52330137,165.33333333333334,47.81818181818182,124.33333333333333,26.9,2.20853505186482,0.4111644901316377,364.3848484848485,133.21875,34.6958351,34545,office,False,False
52330138,76.25,61.36363636363637,69.72727272727273,44.27272727272727,0.6553048054205913,0.1290142835846124,251.61363636363637,133.231247,34.6958351,34545,office,False,False
52330139,503.5833333333333,680.5833333333334,388.3333333333333,727.5833333333334,-0.905816946674887,0.37493498715802887,2300.0833333333335,133.243744,34.6958351,34545,residential,False,False
52330140,53.583333333333336,20.875,108.41666666666667,18.4,2.558808884826989,-1.016730319389848,201.275,133.131256,34.7041664,34208,office,False,False
52330141,11.0,16.0,13.5,13.4,0.01072640659305833,-0.29545588352617136,53.9,133.143753,34.7041664,34208,mixed,False,False
52330142,14.0,14.0,12.0,10.0,0.2630344058337938,0.22239242133644802,50.0,133.15625,34.7041664,34208,mixed,False,False
52330146,42.5,52.0,36.333333333333336,72.0,-0.9867031773865421,0.22616911208193155,202.83333333333334,133.206253,34.7041664,34545,residential,False,False
52330149,368.25,463.75,514.0833333333334,420.3333333333333,0.2904683706023043,-0.4813167151735187,1766.4166666666667,133.243744,34.7041664,34545,mixed,False,False
52330150,18.9,16.2,18.666666666666668,21.0,-0.16992500144231226,0.017921907997262315,74.76666666666667,133.131256,34.7125015,34208,mixed,False,False
52330151,69.88888888888889,113.0,84.55555555555556,129.25,-0.6121928282537016,-0.27483643662425644,396.69444444444446,133.143753,34.7125015,34208,residential,False,False
52330160,20.333333333333332,13.0,15.666666666666666,16.5,-0.07476776840197223,0.3761484858852489,65.5,133.131256,34.7208328,34208,mixed,False,False
52330161,23.0,24.6,23.5,38.333333333333336,-0.7059386985455817,-0.031026895620624544,109.43333333333334,133.143753,34.7208328,34208,residential,False,False
52330170,27.0,32.5,15.5,59.5,-1.9406214529210681,0.8006911917765933,134.5,133.131256,34.7291679,34208,leisure,False,False
52330172,68.25,20.0,127.5,30.8,2.049494991051319,-0.9015962959390055,246.55,133.15625,34.7291679,34208,office,False,False
52330173,82.125,128.16666666666666,67.8,122.83333333333333,-0.857344940124932,0.2765361920733481,400.92499999999995,133.168747,34.7291679,34545,residential,False,False
52330174,44.416666666666664,13.75,84.33333333333333,11.0,2.9385994553358565,-0.9250018519351344,153.5,133.181244,34.7291679,34545,office,False,False
52330181,196.66666666666666,392.75,160.5,389.25,-1.278123741956734,0.29317915640574427,1139.1666666666665,133.143753,34.7374992,34208,residential,False,False
52330182,23.2,24.285714285714285,20.555555555555557,19.857142857142858,0.049870308408096656,0.17459644116620976,87.8984126984127,133.15625,34.7374992,34208,mixed,False,False
52330183,15.333333333333334,18.0,13.0,10.0,0.37851162325372983,0.23815973719476458,56.333333333333336,133.168747,34.7374992,34545,mixed,False,False
52330189,11.0,11.0,12.0,11.0,0.12553088208385882,-0.12553088208385899,45.0,133.243744,34.7374992,34545,mixed,False,False
52330191,79.08333333333333,130.16666666666666,148.33333333333334,136.75,0.11730200234004759,-0.907397248832651,494.33333333333337,133.143753,34.7458344,34208,mixed,False,False
52330192,117.66666666666667,63.81818181818182,132.33333333333334,89.2,0.5690608913888593,-0.16947082387177753,403.01818181818186,133.15625,34.7458344,34208,mixed,False,False
52330203,146.75,40.7,84.41666666666667,22.333333333333332,1.918329268343366,0.7977607350300701,294.2,133.293747,34.6708336,34545,office,False,False
52330204,56.09090909090909,16.0,23.363636363636363,10.0,1.2242648356692185,1.26350212995554,105.45454545454545,133.306244,34.6708336,34545,office,False,False
52330213,160.25,177.0909090909091,118.41666666666667,160.83333333333334,-0.4416942929126625,0.43645220809711677,616.5909090909091,133.293747,34.6791649,34545,mixed,False,False
52330214,98.83333333333333,66.08333333333333,55.333333333333336,27.75,0.9956610642756627,0.8368488631990787,248.0,133.306244,34.6791649,34545,office,False,False
52330215,123.5,33.25,40.4,10.0,2.01435529297707,1.6120838437202454,207.15,133.318756,34.6791649,34545,office,False,False
52330221,20.333333333333332,21.0,16.5,11.0,0.5849625007211562,0.3013807174832766,68.83333333333333,133.268753,34.6875,34545,office,False,False
52330222,24.444444444444443,13.75,32.083333333333336,11.0,1.5443205162238105,-0.3923174227787606,81.27777777777777,133.28125,34.6875,34545,office,False,False
52330223,114.75,112.41666666666667,113.75,97.0,0.229809892898931,0.012627608327749291,437.9166666666667,133.293747,34.6875,34545,mixed,False,False
52330225,26.714285714285715,28.5,37.0,32.0,0.20945336562894978,-0.4699138277989172,124.21428571428572,133.318756,34.6875,34545,mixed,False,False
52330230,43.90909090909091,18.0,123.5,29.285714285714285,2.0762420541368356,-1.4919194713862018,214.69480519480518,133.256256,34.6958351,34545,office,False,False
52330231,12.0,16.666666666666668,24.555555555555557,25.0,-0.025878631825605333,-1.033015057227963,78.22222222222223,133.268753,34.6958351,34545,mixed,False,False
52330234,36.0,28.0,12.666666666666666,12.5,0.019108822947704423,1.506959988719883,89.16666666666666,133.306244,34.6958351,34545,leisure,False,False
52330235,109.66666666666667,186.25,66.45454545454545,186.33333333333334,-1.4874459948068939,0.7226852956989452,548.7045454545455,133.318756,34.6958351,34545,leisure,False,False
52330236,28.666666666666668,43.5,12.0,29.0,-1.273018494406416,1.2563397532597855,113.16666666666667,133.331253,34.6958351,34545,leisure,False,False
52330240,238.83333333333334,39.27272727272727,583.0833333333334,73.5,2.987885930757235,-1.2876978820526102,934.689393939394,133.256256,34.7041664,34545,office,False,False
52330250,20.0,24.0,29.0,22.0,0.3985493764902748,-0.5360529002402097,95.0,133.256256,34.7125015,34545,mixed,False,False
52330252,11.0,12.0,14.25,10.0,0.5109619192773793,-0.3734583955274445,47.25,133.28125,34.7125015,34545,mixed,False,False
52330253,28.555555555555557,25.0,12.857142857142858,11.0,0.2250665556347733,1.1512013734794952,77.41269841269842,133.293747,34.7125015,34545,leisure,False,False
52330254,23.428571428571427,27.333333333333332,19.833333333333332,11.0,0.85042364394949,0.24034181997369217,81.59523809523809,133.306244,34.7125015,34545,office,False,False
52330261,25.0,28.0,71.25,23.666666666666668,1.590033490268578,-1.5109619192773793,147.91666666666669,133.268753,34.7208328,34545,office,False,False
52330263,41.25,32.0,25.083333333333332,21.2,0.24266481636270895,0.7176650382072699,119.53333333333333,133.293747,34.7208328,34545,leisure,False,False
52330264,16.333333333333332,10.0,13.5,10.5,0.36257007938470837,0.27485984123058327,50.33333333333333,133.306244,34.7208328,34545,mixed,False,False
52330272,29.727272727272727,16.0,84.5,17.0,2.313416595031845,-1.507164229421399,147.22727272727272,133.28125,34.7291679,34545,office,False,False
52330273,102.0,156.1818181818182,164.25,156.8,0.06696781109448352,-0.6873242183508341,579.2318181818182,133.293747,34.7291679,34545,mixed,False,False
52330274,29.416666666666668,55.111111111111114,35.916666666666664,44.77777777777778,-0.3181294687177132,-0.28801968581791776,165.22222222222223,133.306244,34.7291679,34545,mixed,False,False
52330282,130.41666666666666,229.5,127.25,233.91666666666666,-0.8783290017156729,0.03546259502312909,721.0833333333333,133.28125,34.7374992,34545,residential,False,False
52330283,152.83333333333334,192.16666666666666,202.41666666666666,165.5,0.290496867107491,-0.40536885104081055,712.9166666666666,133.293747,34.7374992,34545,mixed,False,False
52330284,89.08333333333333,125.58333333333333,90.58333333333333,136.25,-0.5889386953581357,-0.02409008730681862,441.49999999999994,133.306244,34.7374992,34545,residential,False,False
52330285,96.36363636363636,109.5,93.41666666666667,108.27272727272727,-0.21291801714254602,0.044808868728993645,407.5530303030303,133.318756,34.7374992,34545,mixed,False,False
52330291,32.5,30.0,12.0,10.0,0.2630344058337938,1.4374053123072985,84.5,133.268753,34.7458344,34545,leisure,False,False
52330292,40.5,37.25,28.4,21.0,0.4355016018385593,0.512030978267305,127.15,133.28125,34.7458344,34545,mixed,False,False
52330294,151.0,53.0,124.33333333333333,22.75,2.4502746793353856,0.28033541979099746,351.0833333333333,133.306244,34.7458344,34545,office,False,False
52330295,220.33333333333334,222.0,79.83333333333333,213.5,-1.4191729146054664,1.4646246157715115,735.6666666666666,133.318756,34.7458344,34545,leisure,False,False
52331001,36.0,18.0,13.0,17.0,-0.38702312310924736,1.4694852833012202,84.0,133.018753,34.7541656,34209,leisure,False,False
52331009,13.666666666666666,26.0,19.666666666666668,16.0,0.29768054864068516,-0.5250910447437577,75.33333333333334,133.118744,34.7541656,34210,mixed,False,False
52331022,17.0,13.5,10.5,21.0,-1.0,0.6951454184715792,62.0,133.03125,34.7708321,34210,leisure,False,False
52331027,17.714285714285715,15.2,15.625,18.0,-0.20414071678022527,0.181057103667184,66.53928571428571,133.09375,34.7708321,34210,mixed,False,False
52331028,13.333333333333334,18.0,11.0,10.0,0.13750352374993502,0.27753397552890896,52.333333333333336,133.106247,34.7708321,34210,mixed,False,False
52331033,51.27272727272727,87.16666666666667,16.8,130.75,-2.9602778083555434,1.6097304058700983,285.98939393939395,133.043747,34.7791672,34210,leisure,False,False
52331034,64.66666666666667,182.66666666666666,18.0,177.25,-3.2997168157972037,1.8450253400236594,442.58333333333337,133.056244,34.7791672,34210,leisure,False,False
52331035,25.714285714285715,21.8,13.666666666666666,22.8,-0.738372415380452,0.9119086703751431,83.98095238095239,133.068756,34.7791672,34210,leisure,False,False
52331036,39.0,76.0,25.75,81.0,-1.6533494757014062,0.59890169167903,221.75,133.081253,34.7791672,34210,leisure,False,False
52331037,25.0,24.2,17.0,19.4,-0.19052190604942576,0.5563933485243854,85.6,133.09375,34.7791672,34210,mixed,False,False
52331043,20.5,24.166666666666668,13.0,14.0,-0.1069152039165119,0.6571122864769915,71.66666666666667,133.043747,34.7874985,34210,leisure,False,False
52331044,96.75,83.66666666666667,77.33333333333333,104.33333333333333,-0.4320378518050463,0.3231712617379944,362.0833333333333,133.056244,34.7874985,34210,mixed,False,False
52331045,89.16666666666667,39.2,46.25,33.72727272727273,0.4555377025328061,0.9470511200510411,208.34393939393937,133.068756,34.7874985,34210,leisure,False,False
52331046,50.166666666666664,83.41666666666667,16.333333333333332,88.0,-2.4296842752432455,1.618909832644494,237.91666666666669,133.081253,34.7874985,34210,leisure,False,False
52331059,146.33333333333334,214.58333333333334,175.5,240.08333333333334,-0.4520642241341535,-0.26221259149035864,776.5000000000001,133.118744,34.7958336,34210,mixed,False,False
52331069,36.5,43.285714285714285,32.0,40.5,-0.3398500028846248,0.18982455888001723,152.28571428571428,133.118744,34.8041649,34210,mixed,False,False
52331070,28.875,29.5,34.166666666666664,48.0,-0.4904449019368665,-0.24276855736823216,140.54166666666666,133.006256,34.8125,34210,mixed,False,False
52331071,224.5,443.25,45.916666666666664,423.8333333333333,-3.2064072381189486,2.2896256268911457,1137.5,133.018753,34.8125,34210,leisure,False,False
52331072,54.0,176.16666666666666,13.25,174.08333333333334,-3.715713821782753,2.0269670476002695,417.5,133.03125,34.8125,34210,leisure,False,False
52331073,33.111111111111114,100.33333333333333,27.6,77.28571428571429,-1.4855334998784044,0.2626471571290425,238.33015873015876,133.043747,34.8125,34210,residential,False,False
52331080,91.75,42.666666666666664,61.5,31.363636363636363,0.9714935723110057,0.5771217475039729,227.28030303030303,133.006256,34.8208351,34210,office,False,False
52331081,409.5,52.666666666666664,241.16666666666666,37.0,2.7044333401816187,0.7638329358304402,740.3333333333333,133.018753,34.8208351,34210,office,False,False
52331082,16.6,13.0,18.0,24.0,-0.4150374992788438,-0.11681366498274987,71.6,133.03125,34.8208351,34210,mixed,False,False
52331083,81.08333333333333,40.875,96.0,70.66666666666667,0.4420045468791131,-0.24362900666120096,288.625,133.043747,34.8208351,34210,mixed,False,False
52331084,46.0,20.0,15.5,15.0,0.04730571477835682,1.5693656456701377,96.5,133.056244,34.8208351,34210,leisure,False,False
52331085,31.2,30.0,18.285714285714285,22.428571428571427,-0.2946207488916269,0.7708290460324901,101.91428571428571,133.068756,34.8208351,34210,leisure,False,False
52331086,156.0,75.44444444444444,154.25,105.625,0.5463191479798711,0.01627553971283032,491.31944444444446,133.081253,34.8208351,34210,mixed,False,False
52331090,432.0,565.6666666666666,371.4166666666667,576.1666666666666,-0.6334476426497441,0.21799275727197023,1945.25,133.006256,34.8291664,34210,residential,False,False
52331091,25.1,15.666666666666666,13.428571428571429,23.5,-0.8073549220576042,0.9023815294433765,77.6952380952381,133.018753,34.8291664,34210,leisure,False,False
52331093,58.666666666666664,21.583333333333332,33.583333333333336,28.11111111111111,0.2566049545548135,0.8047955901093298,141.94444444444446,133.043747,34.8291664,34210,leisure,False,False
52331095,32.25,26.166666666666668,22.181818181818183,22.666666666666668,-0.03119462160359417,0.539921536497665,103.26515151515152,133.068756,34.8291664,34210,mixed,False,False
52331096,16.25,90.57142857142857,12.0,63.285714285714285,-2.398845465776258,0.4374053123072984,182.10714285714283,133.081253,34.8291664,34210,residential,False,False
52331098,90.6,136.0,93.81818181818181,140.45454545454547,-0.5821638673684829,-0.05035649162708412,460.8727272727273,133.106247,34.8291664,34210,mixed,False,False
52331122,45.8,62.90909090909091,51.0,49.22222222222222,0.05118745485878952,-0.15514964876191414,208.93131313131315,133.15625,34.7708321,34210,mixed,False,False
52331124,15.857142857142858,17.25,22.625,18.0,0.32992088564089295,-0.5127849427907034,73.73214285714286,133.181244,34.7708321,34545,mixed,False,False
52331125,34.45454545454545,39.75,24.75,21.8,0.18310039019004548,0.47726579945418485,120.75454545454545,133.193756,34.7708321,34545,mixed,False,False
52331126,21.4,36.0,16.0,13.666666666666666,0.22741049610307268,0.4195388915137845,87.06666666666666,133.206253,34.7708321,34545,mixed,False,False
52331134,16.2,31.333333333333332,44.2,16.5,1.421580345145616,-1.448052556506807,108.23333333333333,133.181244,34.7791672,34545,office,False,False
52331136,227.08333333333334,324.9166666666667,236.25,324.5,-0.45790414889070347,-0.057092505277940124,1112.75,133.206253,34.7791672,34545,mixed,False,False
52331143,14.0,18.333333333333332,28.375,16.25,0.8041806742624605,-1.0191935652333108,76.95833333333333,133.168747,34.7874985,34545,office,False,False
52331144,36.5,45.333333333333336,17.666666666666668,52.0,-1.557481764299049,1.0468666050379742,151.5,133.181244,34.7874985,34545,leisure,False,False
52331153,20.125,18.8,90.5,16.5,2.455451767724752,-2.1689290089685884,145.925,133.168747,34.7958336,34545,office,False,False
52331157,28.5,28.5,13.25,45.666666666666664,-1.7851491276761713,1.1049695596015425,115.91666666666666,133.21875,34.7958336,34545,leisure,False,False
52331159,13.0,25.0,10.0,23.714285714285715,-1.2457564144019584,0.37851162325372983,71.71428571428572,133.243744,34.7958336,34545,residential,False,False
52331160,17.625,36.0,22.0,43.625,-0.987651607572355,-0.3198802662385037,119.25,133.131256,34.8041649,34210,residential,False,False
52331163,48.36363636363637,27.0,211.83333333333334,13.5,3.9718983121203344,-2.1309349974199105,300.6969696969697,133.168747,34.8041649,34545,office,False,False
52331164,47.916666666666664,23.8,163.66666666666666,15.5,3.4004204032066614,-1.7721610684829554,250.88333333333333,133.181244,34.8041649,34545,office,False,False
52331167,50.0,30.0,34.5,32.0,0.10852445677816905,0.5353317329965557,146.5,133.21875,34.8041649,34545,mixed,False,False
52331174,15.0,19.0,22.375,16.75,0.41772658680648395,-0.576925181655738,73.125,133.181244,34.8125,34545,mixed,False,False
52331175,89.8,110.75,56.333333333333336,204.0,-1.8565084064104673,0.6727266042927563,460.8833333333333,133.193756,34.8125,34545,leisure,False,False
52331183,39.0,31.0,12.0,48.5,-2.0149503414659713,1.7004397181410922,130.5,133.168747,34.8208351,34545,leisure,False,False
52331187,13.8,17.285714285714285,12.0,15.0,-0.3219280948873623,0.20163386116965068,58.08571428571428,133.21875,34.8208351,34545,mixed,False,False
52331193,19.75,53.166666666666664,20.0,33.2,-0.7311832415722002,-0.01814734671025936,126.11666666666667,133.168747,34.8291664,34545,residential,False,False
52331195,37.5,68.0,16.6,26.666666666666668,-0.6838542577066437,1.1757073540363183,148.76666666666665,133.193756,34.8291664,34545,leisure,False,False
52331197,69.75,167.5,14.5,167.75,-3.5321879610726112,2.2661403167016156,419.5,133.21875,34.8291664,34545,leisure,False,False
52331201,28.833333333333332,34.333333333333336,23.5,29.8,-0.3426515738971618,0.29507687523793097,116.46666666666667,133.268753,34.7541656,34545,mixed,False,False
52331202,36.083333333333336,47.25,29.454545454545453,22.166666666666668,0.4100984494672938,0.2928423297582415,134.95454545454547,133.28125,34.7541656,34545,mixed,False,False
52331204,13.666666666666666,15.625,12.5,15.666666666666666,-0.3257701611817565,0.12873331412220274,57.45833333333333,133.306244,34.7541656,34545,mixed,False,False
52331205,36.416666666666664,42.63636363636363,25.0,35.666666666666664,-0.512648295905266,0.5426707790047174,139.71969696969697,133.318756,34.7541656,34545,mixed,False,False
52331212,69.27272727272727,64.5,27.0,67.25,-1.3165748603931555,1.359328066692556,228.02272727272725,133.28125,34.7625008,34545,leisure,False,False
52331214,97.22222222222223,186.33333333333334,29.333333333333332,168.6,-2.522991608138579,1.728745087361238,481.48888888888894,133.306244,34.7625008,34545,leisure,False,False
52331215,27.0,34.4,16.833333333333332,22.0,-0.38618263660665875,0.6816385201328301,100.23333333333332,133.318756,34.7625008,34545,leisure,False,False
52331216,88.33333333333333,173.91666666666666,29.083333333333332,168.8181818181818,-2.5372057558096275,1.6027653232409094,460.1515151515151,133.331253,34.7625008,34545,leisure,False,False
52331222,120.91666666666667,98.0,121.16666666666667,100.66666666666667,0.26740681459451543,-0.002979749852849986,440.75,133.28125,34.7708321,34545,mixed,False,False
52331223,53.888888888888886,191.66666666666666,24.333333333333332,191.55555555555554,-2.976756999487925,1.1470538774733166,461.44444444444446,133.293747,34.7708321,34545,leisure,False,False
52331224,71.6,216.2,31.1,198.27272727272728,-2.672499760760213,1.2030450071336536,517.1727272727273,133.306244,34.7708321,34545,leisure,False,False
52331226,30.625,26.8,14.166666666666666,17.0,-0.26303440583379395,1.1122095035860249,88.59166666666667,133.331253,34.7708321,34545,leisure,False,False
52331227,210.33333333333334,230.0909090909091,273.5,208.83333333333334,0.3891888241918521,-0.3788633285311636,922.7575757575759,133.34375,34.7708321,34545,mixed,False,False
52331231,156.33333333333334,181.25,114.25,107.08333333333333,0.09346021169798541,0.4524312567361507,558.9166666666666,133.268753,34.7791672,34545,mixed,False,False
52331232,323.5833333333333,389.0833333333333,416.25,376.5,0.1448004072866962,-0.3633129707713032,1505.4166666666665,133.28125,34.7791672,34545,mixed,False,False
52331233,40.166666666666664,33.166666666666664,30.666666666666668,33.5,-0.12748973512191566,0.38932738017294866,137.5,133.293747,34.7791672,34545,mixed,False,False
52331234,29.0,52.0,19.333333333333332,29.0,-0.5849625007211563,0.5849625007211562,129.33333333333331,133.306244,34.7791672,34545,leisure,False,False
52331236,68.77777777777777,22.428571428571427,17.142857142857142,16.5,0.05514155419246085,2.004334924221038,124.84920634920634,133.331253,34.7791672,34545,leisure,False,False
52331237,107.08333333333333,57.666666666666664,67.41666666666667,47.09090909090909,0.5176567226595647,0.6675567516512627,279.25757575757575,133.34375,34.7791672,34545,leisure,False,False
52331239,12.0,17.5,11.833333333333334,11.0,0.10535300014622884,0.020177881937630274,52.333333333333336,133.368744,34.7791672,34545,mixed,False,False
52331241,448.75,373.0,336.9166666666667,314.9166666666667,0.09742168501173319,0.413520141159875,1473.5833333333335,133.268753,34.7874985,34545,mixed,False,False
52331242,114.66666666666667,337.75,61.0,350.25,-2.521503902867932,0.9105649164180556,863.6666666666666,133.28125,34.7874985,34545,leisure,False,False
52331245,21.0,41.25,11.0,31.8,-1.5315232417596958,0.932885804141463,105.05,133.318756,34.7874985,34545,leisure,False,False
52331246,35.583333333333336,170.33333333333334,34.45454545454545,155.83333333333334,-2.177237634520049,0.046507339365539975,396.2045454545455,133.331253,34.7874985,34545,residential,False,False
52331247,19.428571428571427,15.0,16.77777777777778,13.0,0.3680400197416745,0.2116281813099687,64.2063492063492,133.34375,34.7874985,34545,mixed,False,False
52331248,25.77777777777778,34.27272727272727,22.8,37.0,-0.6984914463515703,0.17709407440788036,119.85050505050506,133.356247,34.7874985,34545,residential,False,False
52331250,232.75,357.6666666666667,218.91666666666666,374.25,-0.773620521645941,0.08839937314631809,1183.5833333333333,133.256256,34.7958336,34545,residential,False,False
52331251,96.25,102.2,36.416666666666664,98.2,-1.4311241506478887,1.4021876668028217,333.06666666666666,133.268753,34.7958336,34545,leisure,False,False
52331252,23.428571428571427,16.5,19.333333333333332,11.0,0.8135868757691187,0.2771785881540637,70.26190476190476,133.28125,34.7958336,34545,office,False,False
52331253,134.16666666666666,26.4,120.58333333333333,22.5,2.4220336094808936,0.15399576647025473,303.65,133.293747,34.7958336,34545,office,False,False
52331257,63.625,71.28571428571429,59.44444444444444,56.22222222222222,0.08040150659419902,0.09805176622949853,250.57738095238096,133.34375,34.7958336,34545,mixed,False,False
52331261,50.09090909090909,34.77777777777778,28.09090909090909,20.0,0.49010331437971494,0.8344454806667833,132.95959595959596,133.268753,34.8041649,34545,leisure,False,False
52331272,23.625,17.0,13.0,15.0,-0.20645087746742632,0.8618027060799804,68.625,133.28125,34.8125,34545,leisure,False,False
52331281,232.08333333333334,252.75,186.0,250.75,-0.4309470795041492,0.3193403003982065,921.5833333333334,133.268753,34.8208351,34545,mixed,False,False
52331282,38.1,32.55555555555556,16.77777777777778,21.5,-0.3577850168193312,1.1832393547231932,108.93333333333334,133.28125,34.8208351,34545,leisure,False,False
52331291,86.33333333333333,113.9,90.91666666666667,115.81818181818181,-0.34924505801655187,-0.07462709863705357,406.96818181818185,133.268753,34.8291664,34545,mixed,False,False
52331292,17.0,20.0,10.5,11.0,-0.06711419585853691,0.6951454184715792,58.5,133.28125,34.8291664,34545,leisure,False,False
52331293,26.6,24.375,27.25,21.8,0.32192809488736235,-0.03482998416309902,100.025,133.293747,34.8291664,34545,mixed,False,False
52331295,17.0,16.0,23.0,12.0,0.9385994553358568,-0.43609911480667357,68.0,133.318756,34.8291664,34545,office,False,False
52332000,383.5833333333333,193.91666666666666,61.833333333333336,200.0,-1.6935433138750775,2.633083350603083,839.3333333333333,133.006256,34.8375015,34210,leisure,False,False
52332001,213.58333333333334,188.16666666666666,225.5,246.33333333333334,-0.12748443016961383,-0.07832836068495966,873.5833333333334,133.018753,34.8375015,34210,mixed,False,False
52332002,137.91666666666666,42.833333333333336,452.5,57.5,2.9762839310261926,-1.7141209809971438,690.75,133.03125,34.8375015,34210,office,False,False
52332003,55.333333333333336,21.857142857142858,61.416666666666664,22.75,1.4327636681752172,-0.15048137774814474,161.35714285714286,133.043747,34.8375015,34210,office,False,False
52332004,17.0,15.666666666666666,13.0,12.0,0.11547721741993588,0.38702312310924725,57.666666666666664,133.056244,34.8375015,34210,mixed,False,False
52332006,61.27272727272727,43.916666666666664,43.75,27.727272727272727,0.6579772980193775,0.48596205071223236,176.66666666666666,133.081253,34.8375015,34210,office,False,False
52332010,312.8333333333333,67.16666666666667,140.58333333333334,65.16666666666667,1.1092194609802135,1.1539686765433084,585.7499999999999,133.006256,34.8458328,34210,office,False,False
52332011,1691.9166666666667,1196.9166666666667,1858.0,1470.4166666666667,0.33752547743672257,-0.13509198973282793,6217.250000000001,133.018753,34.8458328,34210,mixed,False,False
52332012,245.75,290.75,312.8333333333333,299.6666666666667,0.06203562931642664,-0.34820282776913747,1149.0,133.03125,34.8458328,34210,mixed,False,False
52332013,22.0,21.5,33.333333333333336,10.0,1.7369655941662063,-0.5994620704162714,86.83333333333334,133.043747,34.8458328,34210,office,False,False
52332015,48.5,104.0,61.0,90.0,-0.5611157587667883,-0.3308244953757586,303.5,133.068756,34.8458328,34210,mixed,False,False
52332016,204.83333333333334,326.75,157.33333333333334,332.8333333333333,-1.0809755680821311,0.3806261510108203,1021.75,133.081253,34.8458328,34210,residential,False,False
52332017,27.375,18.0,26.857142857142858,11.5,1.2236719735630204,0.027553129981140075,83.73214285714286,133.09375,34.8458328,34210,office,False,False
52332020,2523.0,2414.9166666666665,3476.0,2520.8333333333335,0.46352734559887476,-0.4622878758380997,10934.75,133.006256,34.8541679,34210,mixed,False,False
52332021,2669.0,3353.9166666666665,4051.4166666666665,3604.9166666666665,0.168460556489404,-0.6021271606902354,13679.249999999998,133.018753,34.8541679,34210,mixed,False,False
52332022,429.6666666666667,133.25,219.08333333333334,153.25,0.5155926622061083,0.9717381217436051,935.25,133.03125,34.8541679,34210,leisure,False,False
52332023,210.41666666666666,281.1666666666667,88.83333333333333,286.8333333333333,-1.6910396592810277,1.2440759497673435,867.25,133.043747,34.8541679,34210,leisure,False,False
52332024,19.625,24.5,19.5,22.0,-0.17402939977504894,0.009218530029378632,85.625,133.056244,34.8541679,34210,mixed,False,False
52332026,23.0,17.0,12.2,14.5,-0.24917175245204837,0.914752713381489,66.7,133.081253,34.8541679,34210,leisure,False,False
52332027,38.27272727272727,20.714285714285715,37.916666666666664,21.0,0.852442811586142,0.0134845700641966,117.90367965367966,133.09375,34.8541679,34210,office,False,False
52332030,1525.8333333333333,1274.0,2112.4166666666665,1357.9166666666667,0.6374994829826253,-0.4692970439238525,6270.166666666666,133.006256,34.8624992,34210,office,False,False
52332031,1418.1666666666667,1769.6666666666667,1889.6666666666667,1998.75,-0.08096626526942406,-0.41410467658948796,7076.250000000001,133.018753,34.8624992,34210,mixed,False,False
52332032,73.25,65.72727272727273,76.75,117.08333333333333,-0.6092970690169528,-0.06733799094793154,332.81060606060606,133.03125,34.8624992,34210,residential,False,False
52332033,134.5,143.16666666666666,111.41666666666667,160.66666666666666,-0.5281055861366086,0.27164111318442746,549.75,133.043747,34.8624992,34210,mixed,False,False
52332034,146.66666666666666,161.66666666666666,73.5,158.0,-1.1041084033407387,0.996724867967139,539.8333333333333,133.056244,34.8624992,34210,leisure,False,False
52332035,33.166666666666664,47.0,17.0,25.25,-0.5707486415014552,0.9641992785721533,122.41666666666666,133.068756,34.8624992,34210,leisure,False,False
52332036,59.55555555555556,13.5,33.333333333333336,10.0,1.7369655941662063,0.8372704999618915,116.38888888888889,133.081253,34.8624992,34210,office,False,False
52332038,39.5,26.2,27.25,29.0,-0.08979667035064569,0.5355964234001765,121.95,133.106247,34.8624992,34210,mixed,False,False
52332040,533.25,749.0,344.3333333333333,800.3333333333334,-1.216795149365357,0.6310062121966683,2426.916666666667,133.006256,34.8708344,34210,leisure,False,False
52332042,25.142857142857142,24.666666666666668,52.90909090909091,29.285714285714285,0.8533185468231447,-1.0733670276912934,132.00432900432898,133.03125,34.8708344,34210,office,False,False
52332043,34.0,31.666666666666668,29.5,47.666666666666664,-0.6922657866953917,0.2048197918884982,142.83333333333331,133.043747,34.8708344,34210,residential,False,False
52332044,113.83333333333333,132.41666666666666,71.91666666666667,75.58333333333333,-0.07174199134956734,0.6625250191111353,393.75,133.056244,34.8708344,34210,leisure,False,False
52332045,35.875,36.77777777777778,15.8,14.75,0.0992096039278993,1.183054273385947,103.20277777777778,133.068756,34.8708344,34210,leisure,False,False
52332049,20.6,15.0,16.88888888888889,12.0,0.493040011280117,0.286569920294583,64.4888888888889,133.118744,34.8708344,34210,mixed,False,False
52332050,263.8333333333333,361.0,230.0,371.1666666666667,-0.6904332911222585,0.19799298847164956,1226.0,133.006256,34.8791656,34210,residential,False,False
52332054,23.5,22.666666666666668,21.6,16.333333333333332,0.4032120638820543,0.12162944440153096,84.10000000000001,133.056244,34.8791656,34210,mixed,False,False
52332055,173.41666666666666,211.83333333333334,258.5,196.66666666666666,0.3944118267868873,-0.5759217213007563,840.4166666666666,133.068756,34.8791656,34210,mixed,False,False
52332056,252.58333333333334,241.91666666666666,163.58333333333334,205.45454545454547,-0.32879348192023794,0.6267336793181578,863.5378787878788,133.081253,34.8791656,34210,leisure,False,False
52332060,81.16666666666667,200.91666666666666,117.5,206.33333333333334,-0.8123161519281088,-0.5337014852038138,605.9166666666667,133.006256,34.8875008,34210,residential,False,False
52332065,85.66666666666667,215.625,31.545454545454547,224.25,-2.8296039409782976,1.4413018145317582,557.0871212121212,133.068756,34.8875008,34210,leisure,False,False
52332066,75.58333333333333,222.33333333333334,34.583333333333336,221.16666666666666,-2.676985129135906,1.1279912142942352,553.6666666666666,133.081253,34.8875008,34210,leisure,False,False
52332070,29.727272727272727,24.25,24.5,37.5,-0.6141088463806726,0.27900536274557713,115.97727272727272,133.006256,34.8958321,34210,residential,False,False
52332071,16.8,17.333333333333332,12.0,22.666666666666668,-0.9175378398080271,0.4854268271702419,68.8,133.018753,34.8958321,34210,residential,False,False
52332076,57.0,35.72727272727273,26.818181818181817,28.2,-0.07248373189952488,1.0877504885528353,147.74545454545455,133.081253,34.8958321,34210,leisure,False,False
52332078,21.0,21.75,11.0,15.0,-0.4474589769712214,0.932885804141463,68.75,133.106247,34.8958321,34210,leisure,False,False
52332081,85.27272727272727,60.25,138.83333333333334,82.7,0.7473947603604791,-0.7031976907663123,367.0560606060606,133.018753,34.9041672,34210,office,False,False
52332085,54.75,57.5,48.5,51.5,-0.08658768499609067,0.1748742174140457,212.25,133.068756,34.9041672,34210,mixed,False,False
52332086,23.0,18.666666666666668,14.857142857142858,22.5,-0.5987683002461867,0.6304771599735248,79.02380952380953,133.081253,34.9041672,34210,leisure,False,False
52332087,90.45454545454545,101.0,56.81818181818182,98.27272727272727,-0.7904384281852008,0.6708403358815617,346.54545454545456,133.09375,34.9041672,34210,leisure,False,False
52332090,17.285714285714285,27.8,14.5,23.666666666666668,-0.7068036236559538,0.25352732008941814,83.25238095238096,133.006256,34.9124985,34210,residential,False,False
52332091,114.72727272727273,169.8181818181818,32.5,167.1818181818182,-2.362906332746186,1.8196967633167973,484.22727272727275,133.018753,34.9124985,34210,leisure,False,False
52332097,30.5,28.166666666666668,19.125,23.0,-0.26617411336436103,0.6733494948702347,100.79166666666667,133.09375,34.9124985,34210,leisure,False,False
52332098,41.75,57.625,33.666666666666664,31.714285714285715,0.08618803773813655,0.3104553104434137,164.75595238095238,133.106247,34.9124985,34210,mixed,False,False
52332103,44.25,194.58333333333334,54.0,201.5,-1.8997485263644989,-0.28728195208047114,494.33333333333337,133.168747,34.8375015,34545,residential,False,False
52332106,56.09090909090909,20.75,44.0,14.4,1.6114347120823471,0.35026344187482356,135.2409090909091,133.206253,34.8375015,34545,office,False,False
52332107,153.25,215.16666666666666,83.9,140.58333333333334,-0.7446828520139487,0.8691443581383206,592.9,133.21875,34.8375015,34545,leisure,False,False
52332109,19.25,21.0,10.5,10.5,0.0,0.874469117916141,61.25,133.243744,34.8375015,34210,leisure,False,False
52332116,31.714285714285715,14.0,17.25,13.0,0.40808473863707684,0.8785364875143329,75.96428571428572,133.206253,34.8458328,34545,leisure,False,False
52332117,83.0,48.888888888888886,30.4,38.833333333333336,-0.35322422537690107,1.4490400127907017,201.12222222222223,133.21875,34.8458328,34545,leisure,False,False
52332118,438.4166666666667,357.5833333333333,312.0,226.16666666666666,0.4641597141645503,0.49075661515138486,1334.1666666666665,133.231247,34.8458328,34210,mixed,False,False
52332119,16.2,21.2,15.0,12.333333333333334,0.28239973070072494,0.11103131238874364,64.73333333333333,133.243744,34.8458328,34210,mixed,False,False
52332126,138.16666666666666,50.416666666666664,81.66666666666667,40.0,1.0297473433940523,0.7585903524931797,310.25,133.206253,34.8541679,34545,office,False,False
52332128,62.666666666666664,142.16666666666666,60.5,133.16666666666666,-1.138225954932226,0.05076311368188672,398.5,133.231247,34.8541679,34210,residential,False,False
52332129,152.41666666666666,159.41666666666666,156.41666666666666,172.75,-0.1432914662785405,-0.03737357508215788,640.9999999999999,133.243744,34.8541679,34210,mixed,False,False
52332134,67.33333333333333,95.5,33.25,44.0,-0.40414918313610754,1.017966546529449,240.08333333333331,133.181244,34.8624992,34210,leisure,False,False
52332139,33.875,12.0,32.3,17.5,0.884179242861596,0.06868678154730917,95.675,133.243744,34.8624992,34210,office,False,False
52332140,18.0,11.5,12.5,13.0,-0.056583528366367424,0.5260688116675876,55.0,133.131256,34.8708344,34210,mixed,False,False
52332141,19.0,12.0,17.666666666666668,14.0,0.3356030317844391,0.10496955960154247,62.66666666666667,133.143753,34.8708344,34210,mixed,False,False
52332142,21.0,15.5,11.555555555555555,12.75,-0.14191062527271586,0.8618027060799804,60.80555555555556,133.15625,34.8708344,34210,leisure,False,False
52332143,53.0,26.333333333333332,38.333333333333336,16.166666666666668,1.2455772087572476,0.46739290433998015,133.83333333333334,133.168747,34.8708344,34210,office,False,False
52332144,26.0,13.5,25.818181818181817,17.5,0.5610324839224182,0.010124217273707341,82.81818181818181,133.181244,34.8708344,34210,mixed,False,False
52332145,57.083333333333336,30.0,29.25,40.333333333333336,-0.4635360169700339,0.9646329575433283,156.66666666666669,133.193756,34.8708344,34210,leisure,False,False
52332150,19.4,18.0,13.5,10.0,0.43295940727610627,0.5230972451362966,60.9,133.131256,34.8791656,34210,mixed,False,False
52332151,16.333333333333332,26.5,17.333333333333332,38.0,-1.1324502960236495,-0.08572987402588397,98.16666666666666,133.143753,34.8791656,34210,residential,False,False
52332154,22.272727272727273,18.5,17.25,21.0,-0.2837929660005913,0.36868186358710425,79.02272727272728,133.181244,34.8791656,34210,mixed,False,False
52332155,28.4,22.0,21.5,16.8,0.3558754268106999,0.4015542699152218,88.69999999999999,133.193756,34.8791656,34210,mixed,False,False
52332165,27.444444444444443,41.25,25.5,33.333333333333336,-0.3864683470820731,0.10601688817086974,127.52777777777777,133.193756,34.8875008,34210,mixed,False,False
52332166,31.666666666666668,36.6,15.4,20.0,-0.3770696490798233,1.0400346618022527,103.66666666666666,133.206253,34.8875008,34210,leisure,False,False
52332171,35.0,35.5,28.0,30.5,-0.12338241550528213,0.32192809488736235,129.0,133.143753,34.8958321,34210,mixed,False,False
52332175,19.25,23.666666666666668,21.5,23.285714285714285,-0.11510847747137551,-0.15947821400719653,87.70238095238095,133.193756,34.8958321,34210,mixed,False,False
52332176,14.857142857142858,29.5,14.5,17.8,-0.2958243409514633,0.035103800955916045,76.65714285714286,133.206253,34.8958321,34210,mixed,False,False
52332177,20.0,16.333333333333332,18.2,14.5,0.32788555018376164,0.13606154957602856,69.03333333333333,133.21875,34.8958321,34210,mixed,False,False
52332178,26.666666666666668,17.0,48.25,17.142857142857142,1.4929213637171659,-0.8554914431018742,109.05952380952381,133.231247,34.8958321,34210,office,False,False
52332179,151.66666666666666,243.0,137.91666666666666,279.6666666666667,-1.0199114987452433,0.1371072333914785,812.25,133.243744,34.8958321,34210,residential,False,False
52332189,19.666666666666668,25.125,23.375,22.0,0.0874628412503394,-0.24921391124695147,90.16666666666667,133.243744,34.9041672,34210,mixed,False,False
52332198,235.08333333333334,411.5,194.66666666666666,413.5833333333333,-1.087172180417103,0.27216639170555434,1254.8333333333335,133.231247,34.9124985,34210,residential,False,False
52332199,21.285714285714285,20.75,14.428571428571429,10.0,0.5289284658068283,0.5609570377103669,66.46428571428572,133.243744,34.9124985,34210,mixed,False,False
52332201,45.7,36.25,40.77777777777778,40.75,0.0009830971698228848,0.16441100876980688,163.47777777777776,133.268753,34.8375015,34210,mixed,False,False
52332203,17.1,20.0,24.333333333333332,43.0,-0.8214026965432368,-0.5089376381603254,104.43333333333334,133.293747,34.8375015,34545,residential,False,False
52332205,30.75,14.5,16.0,11.0,0.5405683813627028,0.9425145053392399,72.25,133.318756,34.8375015,34545,leisure,False,False
52332211,44.857142857142854,108.625,45.666666666666664,99.25,-1.1199256149035872,-0.025803755405347604,298.3988095238095,133.268753,34.8458328,34210,residential,False,False
52332213,31.0,22.0,20.555555555555557,18.666666666666668,0.13906403773755197,0.5927398513128753,92.22222222222223,133.293747,34.8458328,34545,leisure,False,False
52332223,21.428571428571427,17.25,17.666666666666668,11.333333333333334,0.6404576133128598,0.2785058145962336,67.67857142857143,133.293747,34.8541679,34210,office,False,False
52332230,63.0,78.14285714285714,61.25,60.714285714285715,0.012673830035110521,0.04064198449734577,263.1071428571429,133.256256,34.8624992,34210,mixed,False,False
52332233,16.25,34.0,15.833333333333334,27.5,-0.7964666059148678,0.03747470541866265,93.58333333333334,133.293747,34.8624992,34210,residential,False,False
52332240,22.2,26.0,28.916666666666668,22.25,0.37809592089070704,-0.3813415803943613,99.36666666666667,133.256256,34.8708344,34210,mixed,False,False
52332241,21.5,25.25,11.25,15.5,-0.46234321405720047,0.9344116583724233,73.5,133.268753,34.8708344,34210,leisure,False,False
52332243,74.0909090909091,85.5,91.0,108.14285714285714,-0.24899992772943125,-0.2965700097175535,358.73376623376623,133.293747,34.8708344,34210,mixed,False,False
52332251,31.583333333333332,41.625,66.5,45.416666666666664,0.5501325165580571,-1.074190898051254,185.125,133.268753,34.8791656,34210,mixed,False,False
52332252,16.666666666666668,16.5,20.8,13.0,0.6780719051126377,-0.3196179342001612,66.96666666666667,133.28125,34.8791656,34210,office,False,False
52332261,137.5,180.83333333333334,205.16666666666666,173.16666666666666,0.24463510758024556,-0.577364737351279,696.6666666666666,133.268753,34.8875008,34210,mixed,False,False
52332262,573.6666666666666,199.25,670.0,175.33333333333334,1.9340607967739887,-0.22394840402608748,1618.25,133.28125,34.8875008,34210,office,False,False
52332270,78.58333333333333,92.33333333333333,86.66666666666667,114.83333333333333,-0.40599235967583674,-0.14125385235335813,372.41666666666663,133.256256,34.8958321,34210,mixed,False,False
52332271,1092.0833333333333,1110.3333333333333,1161.4166666666667,1051.6666666666667,0.14320813790819534,-0.08880269456232713,4415.5,133.268753,34.8958321,34210,mixed,False,False
52332272,1211.0,1070.0,1501.1666666666667,1137.8333333333333,0.39979490956249625,-0.3098852956872404,4920.0,133.28125,34.8958321,34210,mixed,False,False
52332273,24.7,25.5,20.88888888888889,14.0,0.577308928177721,0.24177528646199034,85.08888888888889,133.293747,34.8958321,34210,mixed,False,False
52332280,34.666666666666664,39.142857142857146,43.166666666666664,45.4,-0.072774605438155,-0.31636856954546183,162.37619047619046,133.256256,34.9041672,34210,mixed,False,False
52332281,644.4166666666666,1201.5833333333333,658.9166666666666,1287.5833333333333,-0.9664978836649167,-0.032102211602326784,3792.5,133.268753,34.9041672,34210,residential,False,False
52332282,130.91666666666666,115.58333333333333,101.08333333333333,100.08333333333333,0.014343399414876232,0.373103630173686,447.66666666666663,133.28125,34.9041672,34210,mixed,False,False
52332283,45.833333333333336,25.88888888888889,73.66666666666667,26.636363636363637,1.467614822885325,-0.6846147509794096,172.02525252525254,133.293747,34.9041672,34210,office,False,False
52332290,212.33333333333334,297.8333333333333,160.25,317.3333333333333,-0.9856747159680463,0.40600651491640327,987.75,133.256256,34.9124985,34210,residential,False,False
52332291,26.75,47.666666666666664,36.55555555555556,47.75,-0.38541005574281956,-0.4505517858917823,158.72222222222223,133.268753,34.9124985,34210,mixed,False,False
52333008,21.2,36.0,24.0,15.0,0.6780719051126377,-0.1789701410453194,96.2,133.106247,34.9208336,34210,office,False,False
52333009,80.41666666666667,99.58333333333333,41.666666666666664,98.27272727272727,-1.2378974051564222,0.9486008474933558,319.93939393939394,133.118744,34.9208336,34210,leisure,False,False
52333018,26.454545454545453,79.0909090909091,34.75,98.0,-1.495768771391701,-0.39349734845252093,238.29545454545453,133.106247,34.9291649,34210,residential,False,False
52333019,164.0,214.91666666666666,228.58333333333334,193.0,0.24411936885904076,-0.4790244015090374,800.5,133.118744,34.9291649,34210,mixed,False,False
52333028,88.66666666666667,241.83333333333334,50.44444444444444,220.16666666666666,-2.1258287646770686,0.8136964489314309,601.1111111111111,133.106247,34.9375,34210,leisure,False,False
52333029,536.0833333333334,626.75,600.5,663.6666666666666,-0.14429456929371226,-0.16370696308015148,2427.0,133.118744,34.9375,34210,mixed,False,False
52333036,22.75,18.0,20.333333333333332,14.0,0.538419914784126,0.16201980335696628,75.08333333333333,133.081253,34.9458351,34210,mixed,False,False
52333038,148.33333333333334,147.5,147.0,145.5,0.014797001928080483,0.01302668029623975,588.3333333333334,133.106247,34.9458351,34210,mixed,False,False
52333039,236.75,192.25,250.16666666666666,167.75,0.5765768046993487,-0.07952514543114725,846.9166666666666,133.118744,34.9458351,34210,mixed,False,False
52333049,182.08333333333334,355.75,236.58333333333334,363.6666666666667,-0.6202682525992156,-0.37774956933643095,1138.0833333333335,133.118744,34.9541664,34210,residential,False,False
52333056,22.333333333333332,19.0,18.666666666666668,18.0,0.052467419894135794,0.2587342684001683,78.0,133.081253,34.9625015,34210,mixed,False,False
52333062,21.0,22.333333333333332,16.25,12.0,0.4374053123072984,0.3699496097503059,71.58333333333333,133.03125,34.9708328,34210,mixed,False,False
52333072,22.5,24.6,16.0,11.0,0.5405683813627028,0.4918530963296747,74.1,133.03125,34.9791679,34210,mixed,False,False
52333080,26.272727272727273,47.714285714285715,14.666666666666666,33.25,-1.1808133175850486,0.8410249459472405,121.90367965367966,133.006256,34.9874992,34210,leisure,False,False
52333081,93.0,129.36363636363637,72.0909090909091,124.9090909090909,-0.7929892331141216,0.36741337404135016,419.3636363636364,133.018753,34.9874992,34210,residential,False,False
52333082,46.333333333333336,87.83333333333333,31.25,74.5,-1.2533842358000744,0.5681942873402643,239.91666666666669,133.03125,34.9874992,34210,residential,False,False
52333091,91.25,168.25,33.166666666666664,162.91666666666666,-2.296328271651066,1.4600905339448869,455.5833333333333,133.018753,34.9958344,34210,leisure,False,False
52333104,12.0,22.0,15.0,19.0,-0.34103691783506696,-0.3219280948873623,68.0,133.181244,34.9208336,34210,mixed,False,False
52333108,19.714285714285715,52.0,18.6,52.42857142857143,-1.4950506145649396,0.083938818499896,142.74285714285716,133.231247,34.9208336,34210,residential,False,False
52333109,15.666666666666666,25.666666666666668,21.8,21.0,0.053938807110803844,-0.47662987893308295,84.13333333333333,133.243744,34.9208336,34210,mixed,False,False
52333118,152.0,288.1666666666667,132.41666666666666,265.8333333333333,-1.0054372993037126,0.1989866048162227,838.4166666666667,133.231247,34.9291649,34210,residential,False,False
52333126,46.25,37.8,26.6,34.8,-0.3876610603475385,0.7980271199024848,145.45,133.206253,34.9375,34210,leisure,False,False
52333127,17.625,19.75,18.714285714285715,21.2,-0.17992428019599047,-0.08651672708105275,77.28928571428571,133.21875,34.9375,34210,mixed,False,False
52333128,152.75,181.25,167.0,180.41666666666666,-0.11148451641887877,-0.12867572265532265,681.4166666666666,133.231247,34.9375,34210,mixed,False,False
52333130,23.142857142857142,28.6,25.0,21.0,0.2515387669959644,-0.11136110894770408,97.74285714285713,133.131256,34.9458351,34210,mixed,False,False
52333135,40.0,141.33333333333334,26.666666666666668,132.16666666666666,-2.309248960816616,0.5849625007211562,340.16666666666663,133.193756,34.9458351,34210,leisure,False,False
52333137,444.5,466.75,424.25,458.3333333333333,-0.11148255303556465,0.06726875928710663,1793.8333333333333,133.21875,34.9458351,34210,mixed,False,False
52333138,19.25,12.5,20.5,19.5,0.0721497857558354,-0.09076546392318241,71.75,133.231247,34.9458351,34210,mixed,False,False
52333139,12.0,22.0,13.0,26.0,-1.0,-0.1154772174199359,73.0,133.243744,34.9458351,34210,residential,False,False
52333140,45.90909090909091,79.18181818181819,41.0,83.7,-1.0296037130448978,0.163155954383776,249.7909090909091,133.131256,34.9541664,34210,residential,False,False
52333146,22.7,24.8,19.8,22.25,-0.16830490577415042,0.1971918672113053,89.55,133.206253,34.9541664,34210,mixed,False,False
52333150,17.666666666666668,18.375,16.2,17.833333333333332,-0.13858257768272836,0.12503604584478067,70.075,133.131256,34.9625015,34210,mixed,False,False
52333156,33.6,25.75,15.454545454545455,18.5,-0.25949404812854526,1.1204300103909937,93.30454545454546,133.206253,34.9625015,34210,leisure,False,False
52333157,16.0,20.5,13.833333333333334,15.0,-0.11681366498274987,0.20992306937423136,65.33333333333334,133.21875,34.9625015,34210,mixed,False,False
52333158,127.91666666666667,159.16666666666666,64.5,96.72727272727273,-0.5846235614406384,0.9878331841131315,448.3106060606061,133.231247,34.9625015,34210,leisure,False,False
52333166,69.0,77.0,24.5,40.0,-0.7072182507721541,1.4938146126629608,210.5,133.206253,34.9708328,34210,leisure,False,False
52333167,18.727272727272727,15.5,18.5,13.0,0.5090136474878577,0.01761554291697125,65.72727272727272,133.21875,34.9708328,34210,mixed,False,False
52333170,15.375,16.0,18.75,19.0,-0.019108822947704676,-0.2863041851566411,69.125,133.131256,34.9791679,34210,mixed,False,False
52333178,27.428571428571427,42.8,12.571428571428571,38.111111111111114,-1.600063068150807,1.1255308820838588,120.91111111111111,133.231247,34.9791679,34210,leisure,False,False
52333179,111.25,178.66666666666666,23.0,176.5,-2.9399624172141676,2.274099569796747,489.41666666666663,133.243744,34.9791679,34210,leisure,False,False
52333181,19.2,28.5,14.4,13.0,0.14755718841385793,0.41503749927884376,75.1,133.143753,34.9874992,34210,mixed,False,False
52333187,27.75,23.4,23.375,16.666666666666668,0.488000770834068,0.2475214064624694,91.19166666666666,133.21875,34.9874992,34210,mixed,False,False
52333188,37.5,110.5,19.875,121.0909090909091,-2.6070637931496097,0.9159357352115255,288.9659090909091,133.231247,34.9874992,34210,leisure,False,False
52333189,53.0,99.5,104.0,152.0,-0.5474877953024933,-0.9725192635778931,408.5,133.243744,34.9874992,34210,mixed,False,False
52333190,16.0,15.0,13.25,18.0,-0.4420045468791131,0.27207954543680074,62.25,133.131256,34.9958344,34210,mixed,False,False
52333191,25.818181818181817,23.5,20.0,27.0,-0.43295940727610627,0.36838740598002234,96.31818181818181,133.143753,34.9958344,34210,mixed,False,False
52333196,90.91666666666667,84.54545454545455,125.08333333333333,111.2,0.16973278306338693,-0.4602728752970811,411.74545454545455,133.206253,34.9958344,34210,mixed,False,False
52333197,62.666666666666664,28.714285714285715,115.41666666666667,26.0,2.1502680420743023,-0.8810814092589134,232.79761904761907,133.21875,34.9958344,34210,office,False,False
52333199,81.0,95.7,77.0,117.57142857142857,-0.6106071576691201,0.07306346218972339,371.27142857142854,133.243744,34.9958344,34210,residential,False,False
52333201,164.08333333333334,178.75,68.25,170.75,-1.3229846273702381,1.2655277542605452,581.8333333333334,133.268753,34.9208336,34210,leisure,False,False
52333282,22.0,16.0,15.0,18.0,-0.2630344058337938,0.5525410230287786,71.0,133.28125,34.9874992,34210,mixed,False,False
52333290,31.375,34.285714285714285,21.3,19.8,0.10535300014622853,0.5587620286122961,106.76071428571427,133.256256,34.9958344,34210,mixed,False,False
52334049,16.5,19.0,15.0,13.5,0.15200309344505006,0.13750352374993502,64.0,133.118744,35.0374985,34210,mixed,False,False
52334059,96.55555555555556,134.42857142857142,80.85714285714286,130.5,-0.6906026757956062,0.25598404459780955,442.3412698412699,133.118744,35.0458336,34210,residential,False,False
52334072,57.42857142857143,25.75,17.5,13.333333333333334,0.3923174227787603,1.7144137521763583,114.01190476190476,133.03125,35.0625,34210,leisure,False,False
52334085,119.9,39.25,46.2,16.333333333333332,1.5000736031346433,1.3758669019981662,221.68333333333334,133.068756,35.0708351,34210,office,False,False
52334086,124.0909090909091,46.7,53.57142857142857,14.166666666666666,1.9189634279090935,1.2118617538442784,238.52900432900435,133.081253,35.0708351,34210,office,False,False
52334101,33.63636363636363,34.5,23.416666666666668,21.5,0.12319906479767219,0.5224860223792449,113.05303030303031,133.143753,35.0041656,34210,mixed,False,False
52334102,32.333333333333336,30.454545454545453,33.25,23.09090909090909,0.5260293673663211,-0.040332094035218015,119.12878787878789,133.15625,35.0041656,34210,mixed,False,False
52334103,16.75,34.0,15.2,16.0,-0.07400058144377693,0.1400897719015493,81.95,133.168747,35.0041656,34210,mixed,False,False
52334106,157.16666666666666,181.66666666666666,143.33333333333334,169.41666666666666,-0.24120165025527204,0.13292111108563615,651.5833333333333,133.206253,35.0041656,34210,mixed,False,False
52334110,31.333333333333332,39.25,80.0,25.0,1.6780719051126378,-1.352301743930881,175.58333333333334,133.131256,35.0125008,34210,office,False,False
52334112,88.36363636363636,113.45454545454545,86.83333333333333,117.45454545454545,-0.4357816744992757,0.025203823411131553,406.10606060606057,133.15625,35.0125008,34210,mixed,False,False
52334115,14.5,17.333333333333332,17.333333333333332,18.6,-0.1017534988007332,-0.2574962222923638,67.76666666666667,133.193756,35.0125008,34210,mixed,False,False
52334122,20.5,23.25,25.0,38.0,-0.6040713236688607,-0.2863041851566411,106.75,133.15625,35.0208321,34210,residential,False,False
52334132,31.166666666666668,29.142857142857142,22.3,30.11111111111111,-0.4332522348786167,0.48296015413353804,112.72063492063492,133.15625,35.0291672,34210,mixed,False,False
52334133,93.41666666666667,89.0,79.5,86.91666666666667,-0.12867798651425424,0.2327251067999152,348.83333333333337,133.168747,35.0291672,34210,mixed,False,False
52334137,21.0,39.0,27.0,24.0,0.16992500144231237,-0.36257007938470825,111.0,133.21875,35.0291672,34210,mixed,False,False
52334145,212.625,62.0,102.5,49.0,1.0647702553902378,1.0526873261579388,426.125,133.193756,35.0374985,34210,office,False,False
52334146,25.0,16.0,12.5,22.5,-0.84799690655495,1.0,76.0,133.206253,35.0374985,34210,leisure,False,False
52334154,25.0,26.555555555555557,26.666666666666668,24.0,0.15200309344505006,-0.09310940439148147,102.22222222222223,133.181244,35.0458336,34210,mixed,False,False
52334155,138.33333333333334,189.75,26.3,191.25,-2.862325043175074,2.395014131108191,545.6333333333333,133.193756,35.0458336,34210,leisure,False,False
52334156,26.727272727272727,96.6,16.0,118.25,-2.885696373339395,0.7402407261990671,257.5772727272727,133.206253,35.0458336,34210,leisure,False,False
52334164,115.81818181818181,98.9,117.5,123.0,-0.0659975587742401,-0.020799002945996646,455.21818181818185,133.181244,35.0541649,34210,mixed,False,False
52334165,70.3,32.0,22.0,25.5,-0.21299372333419825,1.6760211655478756,149.8,133.193756,35.0541649,34210,leisure,False,False
52334201,87.0,81.66666666666667,92.0,100.33333333333333,-0.12509521998153297,-0.0806184602082846,361.0,133.268753,35.0041656,34210,mixed,False,False
52334212,73.0,43.0,58.0,54.0,0.10309349296410372,0.33184356375244506,228.0,133.28125,35.0125008,34210,mixed,False,False
