unit,area,residents
E02000001,LMA4896,4758
E02000002,LMA6780,2479
E02000003,LMA6780,4535
E02000004,LMA6780,2857
E02000005,LMA6780,3593
E02000007,LMA6780,3317
E02000008,LMA6780,4554
E02000009,LMA6780,3495
E02000010,LMA6780,3432
E02000011,LMA6780,2777
E02000012,LMA6780,4258
E02000013,LMA6780,3316
E02000014,LMA6780,3795
E02000015,LMA6780,2886
E02000016,LMA6780,3243
E02000017,LMA4896,3753
E02000018,LMA6780,3430
E02000019,LMA6780,3437
E02000020,LMA6780,3643
E02000021,LMA6780,3326
E02000022,LMA4896,3006
E02000023,LMA6780,2402
E02000024,LMA4896,5228
E02000025,LMA4896,4078
E02000026,LMA4896,3041
E02000027,LMA4896,4200
E02000028,LMA4896,3207
E02000029,LMA4896,4205
E02000030,LMA4896,4211
E02000031,LMA4896,3543
E02000032,LMA4896,3824
E02000033,LMA4896,4070
E02000034,LMA4896,4210
E02000035,LMA4896,4091
E02000036,LMA4896,4975
E02000037,LMA4896,4437
E02000038,LMA4896,5342
E02000039,LMA4896,3342
E02000040,LMA4896,3163
E02000041,LMA4896,4153
E02000042,LMA4896,5556
E02000043,LMA4896,3772
E02000044,LMA4896,3625
E02000045,LMA4896,5100
E02000046,LMA4896,3955
E02000047,LMA4896,4973
E02000048,LMA4896,4878
E02000049,LMA4896,3217
E02000050,LMA4896,5007
E02000051,LMA4896,4315
E02000052,LMA4896,5461
E02000053,LMA4896,4159
E02000054,LMA4896,3637
E02000055,LMA4896,5314
E02000056,LMA4896,4458
E02000057,LMA4896,3427
E02000058,LMA4896,5032
E02000059,LMA4896,4973
E02000060,LMA4896,4587
E02000061,LMA4896,4212
E02000062,LMA4896,2971
E02000063,LMA4896,3238
E02000064,LMA4896,2884
E02000065,LMA4272,3276
E02000066,LMA4272,4041
E02000067,LMA4272,4072
E02000068,LMA4272,3267
E02000069,LMA4272,2799
E02000070,LMA4272,3815
E02000071,LMA4272,3549
E02000072,LMA4272,4685
E02000073,LMA4272,5142
E02000074,LMA4272,3378
E02000075,LMA4272,3946
E02000077,LMA4272,3888
E02000078,LMA4272,4016
E02000079,LMA4272,3935
E02000080,LMA4272,4587
E02000081,LMA4272,3523
E02000082,LMA4272,4626
E02000083,LMA4272,4622
E02000084,LMA4272,5447
E02000085,LMA4272,4022
E02000086,LMA4272,3826
E02000087,LMA4272,3708
E02000088,LMA4272,3960
E02000089,LMA4272,3834
E02000090,LMA4272,4271
E02000091,LMA4272,4499
E02000092,LMA4272,2805
E02000093,LMA4896,5233
E02000094,LMA4896,4102
E02000095,LMA4896,4595
E02000096,LMA4896,3815
E02000097,LMA4896,4093
E02000098,LMA4896,3708
E02000099,LMA4896,4085
E02000100,LMA4896,4214
E02000101,LMA4896,3966
E02000102,LMA4896,3160
E02000103,LMA4896,3639
E02000104,LMA4896,3110
E02000105,LMA4896,4342
E02000106,LMA4896,4508
E02000107,LMA4896,5712
E02000108,LMA4896,3100
E02000109,LMA4896,4706
E02000110,LMA4896,4358
E02000111,LMA4896,4736
E02000112,LMA4896,4725
E02000113,LMA4896,3407
E02000114,LMA4896,4964
E02000115,LMA4896,4739
E02000116,LMA4896,3769
E02000117,LMA4896,4585
E02000118,LMA4896,4445
E02000119,LMA4896,2525
E02000120,LMA4896,5504
E02000121,LMA4896,4446
E02000122,LMA4896,4173
E02000123,LMA4896,6598
E02000124,LMA4896,5874
E02000125,LMA4896,5879
E02000126,LMA4896,3209
E02000127,LMA4896,3656
E02000128,LMA4896,3738
E02000130,LMA4896,4218
E02000131,LMA4896,4978
E02000132,LMA4896,4892
E02000133,LMA4896,4681
E02000134,LMA4896,5811
E02000135,LMA4896,4231
E02000136,LMA4272,2365
E02000137,LMA4896,4130
E02000138,LMA4896,4275
E02000139,LMA4896,4117
E02000140,LMA4272,3226
E02000141,LMA4896,3682
E02000142,LMA4272,4176
E02000144,LMA4272,4740
E02000145,LMA4272,3309
E02000146,LMA4896,4329
E02000147,LMA4896,3768
E02000148,LMA4272,3129
E02000149,LMA4272,3606
E02000150,LMA4896,4074
E02000151,LMA4896,3575
E02000152,LMA4272,2893
E02000153,LMA4896,3866
E02000154,LMA4272,3994
E02000155,LMA4272,3233
E02000156,LMA4896,5854
E02000157,LMA4272,3706
E02000158,LMA4272,3119
E02000159,LMA4272,3217
E02000160,LMA4896,3904
E02000161,LMA4272,4191
E02000162,LMA4272,3069
E02000163,LMA4272,3809
E02000165,LMA6417,3944
E02000166,LMA4896,3974
E02000167,LMA4896,4371
E02000168,LMA4896,4498
E02000169,LMA4896,3691
E02000170,LMA4896,5008
E02000171,LMA4896,4264
E02000172,LMA4896,4235
E02000173,LMA4896,4355
E02000174,LMA4896,4621
E02000175,LMA4896,5506
E02000176,LMA4896,3969
E02000177,LMA4896,4113
E02000178,LMA4896,4892
E02000179,LMA4896,3070
E02000180,LMA4896,4018
E02000181,LMA4896,4840
E02000182,LMA4896,3122
E02000183,LMA4896,4281
E02000184,LMA4896,3986
E02000185,LMA4896,3769
E02000186,LMA4896,3614
E02000187,LMA4896,2910
E02000188,LMA4896,2979
E02000189,LMA4896,2200
E02000190,LMA4896,2820
E02000191,LMA4896,3098
E02000192,LMA4896,3477
E02000193,LMA4896,4141
E02000194,LMA4896,4577
E02000195,LMA4896,4477
E02000196,LMA6417,3400
E02000197,LMA4896,4152
E02000198,LMA6417,3641
E02000199,LMA6417,3938
E02000200,LMA6417,4065
E02000201,LMA6417,3765
E02000202,LMA6417,3965
E02000203,LMA6417,3498
E02000204,LMA6417,4122
E02000206,LMA6417,4165
E02000207,LMA6417,4051
E02000208,LMA6417,4175
E02000209,LMA6417,3706
E02000210,LMA6417,4337
E02000211,LMA6417,4167
E02000212,LMA6417,3745
E02000213,LMA6417,4270
E02000214,LMA6417,3227
E02000215,LMA6417,5730
E02000216,LMA6417,3285
E02000217,LMA6417,5026
E02000218,LMA6417,2858
E02000219,LMA6417,3804
E02000220,LMA6417,5577
E02000221,LMA6417,4394
E02000222,LMA6417,4371
E02000223,LMA6417,2776
E02000224,LMA6417,4199
E02000225,LMA6417,3257
E02000226,LMA6417,3844
E02000227,LMA6417,5888
E02000228,LMA6417,3703
E02000229,LMA6417,2401
E02000230,LMA6417,5025
E02000231,LMA6417,3787
E02000232,LMA6417,2948
E02000233,LMA6417,2979
E02000234,LMA6417,3987
E02000235,LMA6417,3526
E02000236,LMA6417,3924
E02000237,LMA6417,3463
E02000238,LMA4896,4700
E02000239,LMA4896,4720
E02000240,LMA4896,4424
E02000241,LMA4896,3345
E02000242,LMA4896,3319
E02000243,LMA4896,4182
E02000244,LMA4896,3746
E02000245,LMA4896,3354
E02000246,LMA4896,3501
E02000247,LMA4896,4481
E02000248,LMA4896,3840
E02000249,LMA4896,3654
E02000250,LMA4896,3351
E02000251,LMA4896,3851
E02000252,LMA4896,4914
E02000253,LMA4896,4053
E02000254,LMA4896,4143
E02000255,LMA4896,4466
E02000256,LMA4896,4935
E02000257,LMA4896,7550
E02000258,LMA4896,3282
E02000259,LMA4896,3352
E02000260,LMA4896,3730
E02000261,LMA4896,5276
E02000262,LMA4896,4714
E02000263,LMA4896,4810
E02000264,LMA4896,4515
E02000265,LMA4896,5898
E02000266,LMA4896,4612
E02000267,LMA4896,3774
E02000268,LMA4896,5080
E02000269,LMA4896,4691
E02000270,LMA4896,3470
E02000271,LMA4896,3824
E02000272,LMA4896,3639
E02000274,LMA4896,5324
E02000275,LMA4896,3070
E02000276,LMA4896,3846
E02000277,LMA4896,3162
E02000278,LMA4896,3264
E02000279,LMA4896,4615
E02000280,LMA4896,4119
E02000281,LMA4896,3939
E02000282,LMA4896,3268
E02000283,LMA4896,3419
E02000284,LMA4896,4215
E02000285,LMA4896,3277
E02000286,LMA4896,4311
E02000287,LMA4896,3049
E02000288,LMA4896,4178
E02000289,LMA4896,3070
E02000290,LMA3190,2627
E02000291,LMA4896,4187
E02000292,LMA4896,4513
E02000293,LMA4896,3045
E02000294,LMA4896,3530
E02000295,LMA4896,3958
E02000296,LMA4896,4607
E02000297,LMA4896,4714
E02000298,LMA4896,4143
E02000299,LMA4896,3641
E02000300,LMA4896,3360
E02000301,LMA4896,3689
E02000302,LMA4896,3843
E02000303,LMA4896,2946
E02000304,LMA4896,4114
E02000305,LMA4896,4691
E02000306,LMA4896,3089
E02000307,LMA4896,4191
E02000308,LMA4896,3790
E02000309,LMA4896,4020
E02000311,LMA4896,4584
E02000312,LMA4896,5767
E02000313,LMA4896,2768
E02000314,LMA4896,5570
E02000315,LMA4896,3485
E02000316,LMA4896,5666
E02000317,LMA4896,3105
E02000318,LMA4896,4334
E02000319,LMA4896,5047
E02000320,LMA4896,2967
E02000321,LMA4896,3034
E02000323,LMA4896,4409
E02000324,LMA4896,3093
E02000326,LMA4896,3639
E02000327,LMA4896,2794
E02000328,LMA4896,3440
E02000329,LMA4896,2846
E02000331,LMA4896,3660
E02000332,LMA4896,3567
E02000333,LMA4896,3516
E02000334,LMA4896,3016
E02000335,LMA4896,3365
E02000337,LMA4896,3522
E02000339,LMA4896,2926
E02000340,LMA4896,3052
E02000341,LMA4896,3108
E02000342,LMA4896,2667
E02000343,LMA4896,2981
E02000344,LMA4896,3185
E02000345,LMA4896,3124
E02000346,LMA4896,2355
E02000347,LMA4896,3029
E02000348,LMA4896,2815
E02000350,LMA4896,5083
E02000351,LMA4896,5354
E02000352,LMA4896,3300
E02000353,LMA4896,4605
E02000354,LMA4896,4351
E02000355,LMA4896,4359
E02000356,LMA4896,4325
E02000357,LMA4896,2096
E02000358,LMA4896,5980
E02000359,LMA4896,3125
E02000360,LMA4896,5140
E02000361,LMA4896,4155
E02000362,LMA4896,2824
E02000363,LMA4896,4048
E02000364,LMA4896,4958
E02000365,LMA4896,7537
E02000366,LMA4896,3892
E02000367,LMA4896,5535
E02000368,LMA4896,4293
E02000369,LMA4896,5687
E02000370,LMA4896,3989
E02000371,LMA4896,7088
E02000372,LMA4896,4154
E02000373,LMA4896,2506
E02000374,LMA4896,3334
E02000375,LMA4896,3790
E02000376,LMA4896,4095
E02000377,LMA4896,4439
E02000378,LMA4896,4035
E02000379,LMA4896,4033
E02000380,LMA4896,3331
E02000381,LMA4896,4507
E02000382,LMA4896,3339
E02000383,LMA4896,5278
E02000384,LMA4896,3725
E02000385,LMA4896,4220
E02000386,LMA4896,4027
E02000387,LMA4896,3402
E02000388,LMA4896,4908
E02000389,LMA4896,4625
E02000390,LMA4896,3616
E02000391,LMA4896,4205
E02000392,LMA4896,5519
E02000393,LMA4896,3776
E02000394,LMA4896,4068
E02000395,LMA4896,3497
E02000396,LMA4896,3464
E02000397,LMA4896,4045
E02000398,LMA4896,2451
E02000400,LMA4896,3763
E02000401,LMA4896,2423
E02000402,LMA4896,2391
E02000403,LMA4896,3883
E02000404,LMA4896,3219
E02000405,LMA4896,3596
E02000406,LMA4896,3241
E02000407,LMA4896,2936
E02000408,LMA4896,2831
E02000409,LMA4896,2599
E02000410,LMA4896,3859
E02000411,LMA4896,3088
E02000412,LMA4896,3240
E02000413,LMA4896,3750
E02000414,LMA4896,3373
E02000415,LMA4896,3486
E02000416,LMA4896,3885
E02000417,LMA4896,3930
E02000418,LMA4896,3070
E02000419,LMA4896,4462
E02000420,LMA4896,3414
E02000421,LMA4896,3092
E02000422,LMA4896,3430
E02000423,LMA4896,3696
E02000424,LMA4896,4108
E02000425,LMA4896,2738
E02000426,LMA4896,3681
E02000427,LMA4896,3982
E02000428,LMA4896,3125
E02000429,LMA4896,4164
E02000430,LMA4896,4838
E02000431,LMA4896,4325
E02000432,LMA4896,3925
E02000433,LMA3190,3609
E02000434,LMA4896,4150
E02000435,LMA4896,3297
E02000436,LMA4896,2902
E02000437,LMA4896,3941
E02000438,LMA4896,3532
E02000439,LMA4896,3914
E02000440,LMA4896,4687
E02000441,LMA4896,3100
E02000442,LMA4896,4177
E02000443,LMA4896,4168
E02000444,LMA4896,3992
E02000445,LMA4896,4714
E02000447,LMA4896,3472
E02000448,LMA4896,3254
E02000449,LMA4896,3926
E02000451,LMA4896,3268
E02000452,LMA4896,4403
E02000453,LMA4896,3899
E02000454,LMA4896,3469
E02000455,LMA4896,4199
E02000456,LMA4896,3559
E02000457,LMA4896,2977
E02000459,LMA4896,3820
E02000460,LMA4896,2778
E02000461,LMA4896,3451
E02000462,LMA4896,3068
E02000463,LMA4896,3766
E02000464,LMA6780,2657
E02000465,LMA6780,3423
E02000466,LMA6780,3684
E02000467,LMA6780,3849
E02000468,LMA6780,3642
E02000469,LMA6780,2684
E02000470,LMA6780,3927
E02000471,LMA6780,3582
E02000472,LMA6780,4450
E02000473,LMA6780,4879
E02000474,LMA6780,3949
E02000475,LMA6780,4713
E02000476,LMA6780,4197
E02000477,LMA6780,4805
E02000478,LMA6780,2853
E02000479,LMA6780,4282
E02000480,LMA6780,4815
E02000481,LMA6780,3587
E02000482,LMA6780,2980
E02000483,LMA6780,3721
E02000484,LMA6780,4306
E02000485,LMA6780,3969
E02000486,LMA6780,3737
E02000487,LMA6780,3768
E02000488,LMA6780,3778
E02000489,LMA6780,3769
E02000490,LMA6780,3611
E02000491,LMA6780,3860
E02000492,LMA6780,3016
E02000493,LMA6780,2909
E02000494,LMA3190,3628
E02000495,LMA5320,4776
E02000496,LMA4896,3741
E02000497,LMA4896,4205
E02000498,LMA4896,3024
E02000499,LMA4896,3866
E02000500,LMA4896,4026
E02000501,LMA4896,4256
E02000502,LMA4896,4055
E02000503,LMA3190,5095
E02000504,LMA4896,3610
E02000506,LMA4896,3812
E02000507,LMA4896,4015
E02000508,LMA4896,4079
E02000509,LMA4896,4179
E02000510,LMA4896,4205
E02000511,LMA4896,4524
E02000512,LMA4896,3582
E02000513,LMA4896,3784
E02000514,LMA4896,4447
E02000515,LMA4896,5074
E02000516,LMA4896,3834
E02000517,LMA4896,3685
E02000518,LMA4896,3920
E02000519,LMA4896,3693
E02000520,LMA4896,4893
E02000521,LMA4896,4374
E02000522,LMA4896,4016
E02000523,LMA4896,4402
E02000524,LMA4896,3435
E02000525,LMA4896,4229
E02000526,LMA4896,4792
E02000528,LMA4896,5226
E02000529,LMA4896,3810
E02000530,LMA4896,2584
E02000531,LMA4896,5547
E02000532,LMA4896,4829
E02000533,LMA4896,4717
E02000534,LMA4896,4422
E02000535,LMA4896,4470
E02000536,LMA4896,4370
E02000537,LMA4896,4558
E02000538,LMA4896,4106
E02000539,LMA4896,5661
E02000540,LMA4896,4749
E02000541,LMA4896,4147
E02000542,LMA4896,4555
E02000543,LMA4896,6204
E02000544,LMA4896,4206
E02000545,LMA4896,3974
E02000546,LMA4896,4608
E02000547,LMA4896,4647
E02000548,LMA4896,4398
E02000549,LMA4896,5422
E02000550,LMA4896,5043
E02000551,LMA4896,3744
E02000552,LMA4896,4367
E02000553,LMA4896,3202
E02000554,LMA4896,4254
E02000555,LMA4896,4765
E02000556,LMA4896,5511
E02000557,LMA4896,4245
E02000558,LMA4896,3490
E02000559,LMA4896,5327
E02000560,LMA4896,4062
E02000561,LMA4896,4340
E02000562,LMA4896,4080
E02000563,LMA4896,4011
E02000564,LMA4896,6237
E02000565,LMA4896,3931
E02000566,LMA4896,4882
E02000567,LMA4896,5841
E02000568,LMA4896,3948
E02000569,LMA4896,5139
E02000570,LMA4896,5326
E02000571,LMA4896,4032
E02000572,LMA4896,3358
E02000573,LMA4896,5250
E02000574,LMA4896,4500
E02000575,LMA4896,6181
E02000576,LMA4896,4306
E02000577,LMA4896,2867
E02000578,LMA4896,2268
E02000579,LMA4896,4400
E02000580,LMA4896,4725
E02000581,LMA4896,2910
E02000582,LMA4896,4487
E02000583,LMA4896,3987
E02000584,LMA4896,4502
E02000585,LMA4896,4285
E02000586,LMA4896,4048
E02000587,LMA4896,3790
E02000588,LMA4896,4620
E02000589,LMA4896,4384
E02000590,LMA4896,3462
E02000591,LMA4896,3607
E02000592,LMA4896,3823
E02000593,LMA4896,4424
E02000594,LMA4896,3882
E02000595,LMA4896,3927
E02000596,LMA4896,4261
E02000597,LMA4896,3273
E02000598,LMA6417,3925
E02000599,LMA6417,3173
E02000600,LMA6417,4203
E02000601,LMA6417,5507
E02000602,LMA6417,4715
E02000603,LMA6417,3707
E02000604,LMA6417,4341
E02000605,LMA6417,3925
E02000606,LMA6417,5793
E02000607,LMA6417,3411
E02000608,LMA6417,4110
E02000609,LMA6417,3426
E02000610,LMA6417,4253
E02000611,LMA6417,3644
E02000612,LMA6417,4104
E02000613,LMA6417,4189
E02000614,LMA6417,4279
E02000615,LMA6417,3921
E02000616,LMA6417,3334
E02000617,LMA6417,4281
E02000619,LMA4896,3999
E02000620,LMA4896,5306
E02000621,LMA4896,6270
E02000622,LMA4896,4822
E02000623,LMA4896,4017
E02000624,LMA4896,4173
E02000625,LMA4896,4096
E02000626,LMA4896,3578
E02000627,LMA4896,5570
E02000628,LMA4896,4569
E02000629,LMA4896,5914
E02000630,LMA4896,4708
E02000631,LMA4896,4989
E02000632,LMA4896,6865
E02000633,LMA4896,4675
E02000634,LMA4896,4001
E02000635,LMA4896,5307
E02000636,LMA4896,4935
E02000637,LMA4896,5536
E02000638,LMA4896,5376
E02000639,LMA4896,3952
E02000640,LMA4896,5508
E02000641,LMA4896,3847
E02000642,LMA4896,4993
E02000643,LMA4896,4699
E02000644,LMA4896,4682
E02000645,LMA4896,4907
E02000646,LMA4896,5491
E02000647,LMA4896,4401
E02000648,LMA4896,3181
E02000649,LMA4896,6392
E02000650,LMA4896,3703
E02000651,LMA4896,4517
E02000652,LMA4896,3466
E02000653,LMA4896,4229
E02000654,LMA4896,3343
E02000655,LMA4896,4078
E02000657,LMA4896,4863
E02000658,LMA4896,4403
E02000659,LMA4896,3912
E02000660,LMA4896,4836
E02000661,LMA4896,3656
E02000662,LMA4896,4251
E02000663,LMA4896,3869
E02000664,LMA4896,4977
E02000665,LMA4896,4330
E02000666,LMA4896,3714
E02000667,LMA4896,3484
E02000668,LMA4896,3491
E02000669,LMA4896,4065
E02000670,LMA4896,2968
E02000671,LMA4896,4553
E02000672,LMA4896,3994
E02000673,LMA4896,4456
E02000674,LMA4896,3913
E02000675,LMA4896,4195
E02000676,LMA4896,4170
E02000677,LMA4896,3436
E02000678,LMA4896,2600
E02000679,LMA4896,3937
E02000680,LMA4896,3254
E02000681,LMA4896,3592
E02000682,LMA4896,3325
E02000683,LMA4896,2731
E02000685,LMA4896,3651
E02000686,LMA4896,2726
E02000687,LMA4896,3851
E02000689,LMA4896,4711
E02000690,LMA4896,2500
E02000691,LMA4896,4402
E02000692,LMA4896,4416
E02000693,LMA4896,5907
E02000694,LMA4896,5346
E02000695,LMA4896,4236
E02000696,LMA4896,4395
E02000697,LMA4896,5328
E02000698,LMA4896,3966
E02000699,LMA4896,4612
E02000700,LMA6417,4304
E02000701,LMA4896,3962
E02000702,LMA4896,3543
E02000703,LMA4896,3980
E02000704,LMA6417,4494
E02000705,LMA4896,3954
E02000706,LMA4896,3794
E02000707,LMA4896,3298
E02000708,LMA6417,4330
E02000709,LMA6417,3971
E02000710,LMA6417,3819
E02000711,LMA6417,3861
E02000712,LMA6417,4046
E02000713,LMA6417,3978
E02000714,LMA4896,3754
E02000715,LMA4896,2607
E02000716,LMA4896,2947
E02000717,LMA4896,3124
E02000718,LMA4896,2274
E02000719,LMA4896,3910
E02000720,LMA4896,3254
E02000721,LMA4896,3711
E02000722,LMA4896,4202
E02000723,LMA4896,4310
E02000724,LMA4896,3613
E02000725,LMA4896,4865
E02000726,LMA4896,4884
E02000727,LMA4896,3422
E02000728,LMA4896,3386
E02000729,LMA4896,3210
E02000730,LMA4896,3643
E02000731,LMA4896,4234
E02000732,LMA4896,2767
E02000733,LMA4896,4276
E02000734,LMA4896,3222
E02000735,LMA4896,3102
E02000736,LMA4896,3175
E02000737,LMA4896,3748
E02000738,LMA4896,3609
E02000739,LMA4896,3097
E02000740,LMA4896,2958
E02000741,LMA4896,3458
E02000742,LMA4896,3108
E02000743,LMA4896,3121
E02000744,LMA4896,3342
E02000745,LMA4896,3776
E02000746,LMA4896,3150
E02000747,LMA4896,5388
E02000748,LMA4896,2879
E02000749,LMA4896,3278
E02000750,LMA4896,5768
E02000751,LMA4896,5266
E02000752,LMA4896,2823
E02000753,LMA4896,2649
E02000754,LMA4896,3276
E02000755,LMA4896,2595
E02000756,LMA4896,6098
E02000757,LMA4896,6529
E02000758,LMA4896,2597
E02000759,LMA4896,6099
E02000760,LMA4896,3021
E02000762,LMA4896,2877
E02000763,LMA4896,3130
E02000764,LMA4896,6448
E02000765,LMA4896,2833
E02000767,LMA4896,3396
E02000768,LMA4896,2937
E02000769,LMA4896,6464
E02000770,LMA4896,3198
E02000772,LMA4896,3237
E02000773,LMA4896,3890
E02000774,LMA4896,2946
E02000776,LMA4896,2678
E02000777,LMA4896,2956
E02000779,LMA4896,3201
E02000780,LMA4896,5549
E02000781,LMA4896,5713
E02000782,LMA4896,3279
E02000783,LMA4896,2429
E02000784,LMA4896,5155
E02000785,LMA4896,5302
E02000786,LMA4896,6055
E02000787,LMA4896,5903
E02000788,LMA4896,4742
E02000789,LMA4896,3384
E02000790,LMA4896,3546
E02000791,LMA4896,3497
E02000792,LMA4896,3954
E02000793,LMA4896,4133
E02000794,LMA4896,3663
E02000795,LMA4896,3083
E02000796,LMA4896,4907
E02000797,LMA4896,4405
E02000798,LMA4896,5741
E02000799,LMA4896,3403
E02000800,LMA4896,2541
E02000801,LMA4896,3733
E02000802,LMA4896,3564
E02000803,LMA4896,4678
E02000804,LMA4896,3904
E02000805,LMA4896,5098
E02000806,LMA4896,5212
E02000807,LMA4896,5424
E02000808,LMA4896,5346
E02000809,LMA4896,8315
E02000810,LMA4896,4723
E02000812,LMA4896,5323
E02000813,LMA4896,4201
E02000814,LMA4896,5598
E02000815,LMA4896,3503
E02000816,LMA4896,4413
E02000817,LMA4896,2767
E02000818,LMA4896,3647
E02000819,LMA4896,3816
E02000820,LMA4896,4420
E02000821,LMA4896,3506
E02000822,LMA4896,3628
E02000823,LMA4896,3899
E02000824,LMA4896,3870
E02000825,LMA4896,4017
E02000826,LMA4896,4216
E02000827,LMA4896,4842
E02000828,LMA4896,3690
E02000829,LMA4896,4937
E02000830,LMA4896,5002
E02000831,LMA4896,5034
E02000832,LMA4896,4522
E02000833,LMA4896,3722
E02000834,LMA4896,5631
E02000835,LMA4896,3643
E02000836,LMA4896,4731
E02000837,LMA4896,4694
E02000838,LMA4896,5047
E02000839,LMA4896,3910
E02000840,LMA6417,3722
E02000841,LMA6417,4049
E02000842,LMA6417,4026
E02000843,LMA6417,4151
E02000844,LMA6417,3916
E02000845,LMA6417,4819
E02000846,LMA6417,3564
E02000847,LMA6417,4521
E02000848,LMA6417,4179
E02000849,LMA6417,3910
E02000850,LMA6417,5406
E02000851,LMA6417,4312
E02000852,LMA6417,4144
E02000853,LMA6417,4088
E02000854,LMA6417,3844
E02000855,LMA6417,4013
E02000856,LMA6417,4426
E02000857,LMA6417,4398
E02000858,LMA6417,3333
E02000859,LMA6417,3977
E02000860,LMA6417,4033
E02000861,LMA6417,3890
E02000863,LMA6417,3190
E02000864,LMA4896,3605
E02000865,LMA4896,3141
E02000866,LMA4896,4988
E02000867,LMA4896,5511
E02000868,LMA4896,3501
E02000869,LMA4896,2896
E02000870,LMA4896,3084
E02000871,LMA4896,3342
E02000872,LMA4896,3881
E02000873,LMA4896,3265
E02000874,LMA4896,2718
E02000875,LMA4896,3677
E02000876,LMA4896,3263
E02000877,LMA4896,3765
E02000878,LMA4896,5100
E02000879,LMA4896,3064
E02000880,LMA4896,2489
E02000881,LMA4896,2467
E02000882,LMA4896,3116
E02000883,LMA4896,2731
E02000884,LMA4896,5085
E02000885,LMA4896,2545
E02000886,LMA4896,3935
E02000887,LMA4896,3447
E02000888,LMA4896,4057
E02000889,LMA4896,3695
E02000890,LMA4896,4031
E02000891,LMA4896,7327
E02000893,LMA4896,3427
E02000894,LMA4896,6257
E02000895,LMA4896,3399
E02000896,LMA4896,4372
E02000897,LMA4896,3557
E02000898,LMA4896,3565
E02000899,LMA4896,3827
E02000900,LMA4896,3596
E02000901,LMA4896,4808
E02000902,LMA4896,3772
E02000903,LMA4896,3594
E02000904,LMA4896,3925
E02000905,LMA4896,4506
E02000906,LMA4896,4354
E02000907,LMA4896,3898
E02000908,LMA4896,5487
E02000909,LMA4896,4421
E02000910,LMA4896,5350
E02000911,LMA4896,5261
E02000912,LMA4896,4003
E02000913,LMA4896,4019
E02000914,LMA4896,4417
E02000915,LMA4896,4463
E02000916,LMA4896,4293
E02000917,LMA4896,4569
E02000918,LMA4896,4656
E02000919,LMA4896,4816
E02000920,LMA4896,4450
E02000921,LMA4896,4850
E02000922,LMA4896,5073
E02000923,LMA4896,4675
E02000924,LMA4896,6322
E02000925,LMA4896,3943
E02000926,LMA4896,5800
E02000927,LMA4896,4178
E02000928,LMA4896,5146
E02000929,LMA4896,3395
E02000930,LMA4896,6860
E02000931,LMA4896,5742
E02000932,LMA4896,7388
E02000933,LMA4896,5179
E02000934,LMA4896,6437
E02000935,LMA4896,2761
E02000936,LMA4896,5324
E02000937,LMA4896,4579
E02000938,LMA4896,4600
E02000939,LMA4896,4248
E02000940,LMA4896,4526
E02000941,LMA4896,5938
E02000942,LMA4896,5650
E02000943,LMA4896,5542
E02000944,LMA4896,3664
E02000945,LMA4896,3430
E02000946,LMA4896,4777
E02000947,LMA4896,5628
E02000948,LMA4896,6786
E02000949,LMA4896,6014
E02000950,LMA4896,4283
E02000951,LMA4896,4080
E02000952,LMA4896,3710
E02000953,LMA4896,4432
E02000954,LMA4896,3456
E02000955,LMA4896,3181
E02000956,LMA4896,3934
E02000957,LMA4896,5863
E02000958,LMA4896,4026
E02000959,LMA4896,3597
E02000960,LMA4896,3178
E02000961,LMA4896,4327
E02000962,LMA4896,3826
E02000963,LMA4896,4172
E02000964,LMA4896,5793
E02000965,LMA4896,5116
E02000966,LMA4896,5546
E02000967,LMA4896,3993
E02000968,LMA4896,4744
E02000969,LMA4896,3483
E02000970,LMA4896,5525
E02000971,LMA4896,4587
E02000972,LMA4896,5003
E02000973,LMA4896,5947
E02000974,LMA4896,4107
E02000975,LMA4896,5361
E02000976,LMA4896,5600
E02000977,LMA4896,4473
E02000978,LMA4896,4299
E02000979,LMA4896,4348
E02000980,LMA4896,4521
E02000981,LMA4896,5667
E02000982,LMA4896,4016
E02000983,LMA4896,4316
E02000984,LMA3736,4209
E02000985,LMA3736,3681
E02000986,LMA3736,4260
E02000987,LMA3736,3414
E02000988,LMA3736,3691
E02000989,LMA3736,3913
E02000990,LMA3736,4071
E02000991,LMA3736,3829
E02000992,LMA3736,2945
E02000993,LMA3736,2758
E02000994,LMA3736,2729
E02000995,LMA3736,3470
E02000996,LMA3736,2782
E02000997,LMA3736,2716
E02000998,LMA3736,3452
E02000999,LMA3736,2424
E02001000,LMA3736,4146
E02001001,LMA3736,3738
E02001002,LMA3736,4450
E02001003,LMA3736,3408
E02001004,LMA3736,2663
E02001005,LMA3736,3033
E02001006,LMA3736,2938
E02001007,LMA3736,4952
E02001008,LMA3736,2579
E02001009,LMA3736,2902
E02001010,LMA3736,2460
E02001011,LMA3736,5433
E02001012,LMA3736,3385
E02001013,LMA3736,2870
E02001014,LMA3736,4084
E02001015,LMA3736,3461
E02001016,LMA3736,3149
E02001017,LMA3736,5431
E02001018,LMA3736,4111
E02001019,LMA5148,4652
E02001020,LMA5148,2798
E02001021,LMA5148,4270
E02001022,LMA5148,3611
E02001023,LMA5148,2750
E02001024,LMA5148,4267
E02001025,LMA5148,3090
E02001026,LMA5148,3678
E02001027,LMA5148,3505
E02001028,LMA5148,3536
E02001029,LMA5148,3059
E02001030,LMA5148,3090
E02001031,LMA5148,3095
E02001032,LMA5148,3706
E02001033,LMA5148,2652
E02001034,LMA5148,3325
E02001035,LMA5148,3516
E02001036,LMA5148,3509
E02001037,LMA5148,3548
E02001038,LMA5148,2699
E02001039,LMA5148,3658
E02001040,LMA5148,3007
E02001041,LMA5148,3663
E02001042,LMA5148,3250
E02001043,LMA5148,2626
E02001044,LMA5148,3733
E02001045,LMA5148,3004
E02001046,LMA5148,3713
E02001047,LMA5148,4057
E02001048,LMA5148,3562
E02001049,LMA5148,4345
E02001050,LMA5148,2952
E02001051,LMA5148,3534
E02001052,LMA5148,4230
E02001053,LMA5148,3121
E02001055,LMA5148,3272
E02001056,LMA5148,2529
E02001057,LMA5148,3827
E02001059,LMA5148,3827
E02001061,LMA5148,3280
E02001062,LMA3736,2988
E02001063,LMA3736,3808
E02001064,LMA5148,3032
E02001065,LMA5148,3730
E02001066,LMA3736,3813
E02001067,LMA5148,3212
E02001068,LMA3736,2781
E02001069,LMA3736,3952
E02001070,LMA3736,3852
E02001071,LMA2893,4639
E02001072,LMA3736,4488
E02001073,LMA3736,5566
E02001074,LMA3736,4647
E02001075,LMA2893,3661
E02001076,LMA5148,3872
E02001077,LMA3736,4257
E02001078,LMA2893,4444
E02001079,LMA3736,3534
E02001080,LMA5148,3907
E02001081,LMA3736,3546
E02001082,LMA2893,3978
E02001083,LMA3736,5160
E02001084,LMA2893,4175
E02001085,LMA2893,3065
E02001086,LMA3736,3316
E02001087,LMA2893,5630
E02001088,LMA3736,3825
E02001089,LMA2893,4099
E02001090,LMA3736,3540
E02001091,LMA3736,3994
E02001092,LMA3736,3794
E02001093,LMA3736,3976
E02001094,LMA3736,3161
E02001095,LMA3736,3510
E02001096,LMA3736,3347
E02001097,LMA3736,3545
E02001098,LMA5148,2825
E02001099,LMA5148,3025
E02001100,LMA5148,2835
E02001101,LMA5148,3032
E02001102,LMA5148,3286
E02001103,LMA5148,2848
E02001104,LMA5148,3446
E02001105,LMA5148,2892
E02001106,LMA5148,2879
E02001107,LMA5148,2731
E02001108,LMA5148,2111
E02001109,LMA5148,3342
E02001110,LMA5148,3376
E02001111,LMA5148,1936
E02001112,LMA5148,3247
E02001113,LMA5148,2597
E02001114,LMA5148,3430
E02001115,LMA5148,2963
E02001116,LMA5148,2426
E02001117,LMA5148,2962
E02001118,LMA5148,3273
E02001119,LMA5148,2930
E02001121,LMA5148,2041
E02001123,LMA5148,2445
E02001124,LMA5148,2238
E02001125,LMA5148,3940
E02001126,LMA5148,2833
E02001127,LMA5148,2698
E02001128,LMA5148,3612
E02001129,LMA5148,2596
E02001130,LMA5148,2887
E02001131,LMA5148,2446
E02001132,LMA5148,3129
E02001133,LMA5148,3172
E02001134,LMA5148,3181
E02001135,LMA5148,2397
E02001136,LMA5148,4186
E02001137,LMA5148,3344
E02001138,LMA5148,4417
E02001139,LMA5148,2895
E02001140,LMA5148,3056
E02001141,LMA5148,4068
E02001142,LMA5148,2730
E02001143,LMA5148,3895
E02001144,LMA5148,2885
E02001145,LMA5148,3605
E02001146,LMA5148,2825
E02001147,LMA5148,3479
E02001148,LMA5148,4451
E02001149,LMA5148,4096
E02001150,LMA5148,3696
E02001151,LMA5148,4666
E02001152,LMA5148,4120
E02001153,LMA5148,3723
E02001154,LMA5148,5072
E02001155,LMA5148,3342
E02001156,LMA5148,4568
E02001157,LMA3736,2553
E02001158,LMA3736,2381
E02001159,LMA3736,2638
E02001160,LMA3736,2256
E02001161,LMA3736,2932
E02001162,LMA3736,2549
E02001163,LMA3736,4602
E02001164,LMA3736,3040
E02001165,LMA3736,2889
E02001166,LMA3736,2308
E02001167,LMA3736,2755
E02001168,LMA3736,4395
E02001169,LMA3736,5682
E02001170,LMA3736,4967
E02001171,LMA3736,2898
E02001172,LMA3736,4131
E02001173,LMA3736,2858
E02001174,LMA3736,2997
E02001175,LMA3736,3136
E02001176,LMA3736,5373
E02001177,LMA3736,5508
E02001178,LMA5148,6140
E02001179,LMA3736,2734
E02001180,LMA3736,1934
E02001181,LMA3736,2329
E02001182,LMA3736,2547
E02001183,LMA3736,2960
E02001184,LMA3736,6086
E02001185,LMA3736,4593
E02001186,LMA3736,4881
E02001187,LMA2893,3576
E02001188,LMA2893,3755
E02001189,LMA2893,4334
E02001190,LMA2893,2190
E02001191,LMA2893,2801
E02001192,LMA2893,3511
E02001193,LMA2893,3170
E02001194,LMA2893,2903
E02001195,LMA2893,3853
E02001196,LMA2893,3511
E02001197,LMA2893,3101
E02001198,LMA2893,3215
E02001199,LMA2893,4206
E02001200,LMA2893,2736
E02001201,LMA2893,3105
E02001202,LMA2893,3239
E02001203,LMA2893,2863
E02001204,LMA2893,4740
E02001205,LMA2893,4033
E02001206,LMA2893,3241
E02001207,LMA2893,3736
E02001208,LMA2893,3805
E02001209,LMA2893,4058
E02001210,LMA2893,3010
E02001211,LMA2893,2846
E02001212,LMA2893,2567
E02001213,LMA2893,4677
E02001214,LMA2893,3212
E02001215,LMA2893,2742
E02001216,LMA2893,3636
E02001217,LMA2893,3301
E02001218,LMA2893,2759
E02001219,LMA2893,2671
E02001220,LMA2893,2787
E02001221,LMA2893,2939
E02001222,LMA2893,2811
E02001223,LMA2893,3294
E02001224,LMA2893,2637
E02001225,LMA2893,3586
E02001226,LMA2893,3280
E02001227,LMA2893,2719
E02001228,LMA2893,2508
E02001229,LMA5148,5305
E02001230,LMA5148,2934
E02001231,LMA5148,3502
E02001232,LMA5148,3492
E02001233,LMA5148,3337
E02001234,LMA5148,3175
E02001235,LMA5148,3188
E02001236,LMA5148,2337
E02001237,LMA5148,3294
E02001238,LMA5148,3760
E02001239,LMA5148,4292
E02001240,LMA5148,3067
E02001241,LMA5148,3697
E02001242,LMA5148,2954
E02001243,LMA5148,4077
E02001244,LMA5148,2793
E02001245,LMA5148,3852
E02001246,LMA5148,3139
E02001247,LMA5148,3324
E02001248,LMA5148,4640
E02001249,LMA5148,3044
E02001250,LMA5148,3385
E02001251,LMA5148,2959
E02001252,LMA5148,3674
E02001253,LMA5148,2618
E02001254,LMA5148,2719
E02001255,LMA5148,2089
E02001256,LMA5148,4098
E02001257,LMA5148,3723
E02001258,LMA5148,3578
E02001259,LMA3736,4088
E02001260,LMA3736,3845
E02001261,LMA3736,4142
E02001262,LMA3736,3510
E02001263,LMA3736,4040
E02001264,LMA3736,4091
E02001265,LMA3736,4061
E02001266,LMA3736,3168
E02001267,LMA3736,3780
E02001268,LMA3736,3584
E02001269,LMA3736,4003
E02001270,LMA3736,4267
E02001271,LMA3736,3192
E02001272,LMA3736,4089
E02001273,LMA3736,4981
E02001274,LMA3736,3751
E02001275,LMA3736,3343
E02001276,LMA3736,3679
E02001277,LMA3736,4271
E02001278,LMA3736,4380
E02001279,LMA3736,4438
E02001280,LMA3736,3746
E02001281,LMA3736,3804
E02001282,LMA3736,5230
E02001283,LMA3736,4268
E02001284,LMA5148,4153
E02001285,LMA5148,3812
E02001286,LMA5148,3484
E02001287,LMA3736,2954
E02001288,LMA3736,3655
E02001289,LMA3736,5099
E02001290,LMA3736,2915
E02001291,LMA3736,3389
E02001292,LMA3736,4000
E02001293,LMA3736,3054
E02001294,LMA3736,3955
E02001295,LMA3736,2958
E02001296,LMA3736,2941
E02001297,LMA3736,3095
E02001298,LMA3736,3199
E02001299,LMA3736,4330
E02001300,LMA3736,3599
E02001301,LMA3736,3744
E02001302,LMA3736,3409
E02001303,LMA3736,3400
E02001304,LMA3736,5869
E02001305,LMA3736,4107
E02001306,LMA3736,3674
E02001307,LMA3736,6284
E02001308,LMA3736,2888
E02001309,LMA3736,3944
E02001310,LMA3736,3906
E02001311,LMA3736,4040
E02001312,LMA3736,3687
E02001313,LMA3736,3305
E02001314,LMA3736,4346
E02001315,LMA3736,3919
E02001316,LMA3736,3137
E02001317,LMA3736,3871
E02001318,LMA3736,3562
E02001319,LMA3736,3197
E02001320,LMA3736,3596
E02001321,LMA3736,4201
E02001322,LMA3736,3634
E02001323,LMA3736,3508
E02001324,LMA3736,3982
E02001325,LMA3736,3900
E02001326,LMA3736,3792
E02001327,LMA6872,2650
E02001328,LMA6872,5117
E02001329,LMA6872,2902
E02001330,LMA6872,3675
E02001331,LMA6872,3812
E02001332,LMA6872,2473
E02001333,LMA6872,3218
E02001334,LMA6872,1733
E02001335,LMA3736,3751
E02001336,LMA6872,2158
E02001337,LMA6872,2578
E02001338,LMA6872,2472
E02001339,LMA6872,2754
E02001340,LMA6872,4441
E02001341,LMA6872,2692
E02001342,LMA6872,3421
E02001343,LMA6872,3642
E02001344,LMA6872,2456
E02001345,LMA6872,2921
E02001346,LMA6872,2893
E02001347,LMA6872,3379
E02001348,LMA6872,3468
E02001349,LMA6872,4065
E02001350,LMA6872,3094
E02001351,LMA6872,3313
E02001352,LMA6872,3002
E02001353,LMA6872,3964
E02001354,LMA6872,3103
E02001355,LMA6872,2791
E02001356,LMA6872,1901
E02001357,LMA6872,2464
E02001358,LMA6872,2879
E02001359,LMA6872,2768
E02001360,LMA6872,2983
E02001361,LMA6872,3139
E02001362,LMA6872,3219
E02001363,LMA6872,2925
E02001364,LMA6872,1780
E02001365,LMA6872,3551
E02001366,LMA6872,3848
E02001367,LMA6872,4491
E02001368,LMA6872,1898
E02001369,LMA6872,2905
E02001370,LMA6872,1737
E02001371,LMA6872,2941
E02001372,LMA6872,2690
E02001373,LMA6872,4008
E02001374,LMA6872,3363
E02001375,LMA6872,2992
E02001376,LMA6872,3011
E02001377,LMA6872,3284
E02001378,LMA6872,3510
E02001380,LMA6872,3724
E02001381,LMA6872,3921
E02001382,LMA6872,3647
E02001383,LMA6872,2944
E02001384,LMA6872,4080
E02001385,LMA6872,2159
E02001386,LMA6872,2766
E02001387,LMA6872,4084
E02001388,LMA6872,4233
E02001389,LMA6872,3081
E02001390,LMA6872,2892
E02001391,LMA6872,2265
E02001392,LMA6872,2626
E02001393,LMA6872,3689
E02001394,LMA6872,4409
E02001395,LMA6872,3157
E02001396,LMA6872,3882
E02001397,LMA6872,3445
E02001398,LMA6872,3884
E02001399,LMA6872,3535
E02001400,LMA6872,2932
E02001401,LMA6872,3616
E02001402,LMA6872,4279
E02001403,LMA6872,2704
E02001404,LMA6872,2902
E02001405,LMA6872,3294
E02001406,LMA3736,3499
E02001407,LMA3736,2767
E02001408,LMA3736,2894
E02001409,LMA3736,4368
E02001410,LMA3736,2646
E02001411,LMA3736,2731
E02001412,LMA3736,4092
E02001413,LMA3736,4545
E02001414,LMA3736,2381
E02001415,LMA3736,2990
E02001416,LMA3736,2239
E02001417,LMA3736,3063
E02001418,LMA3736,2391
E02001419,LMA3736,2623
E02001420,LMA3736,4803
E02001421,LMA3736,5031
E02001422,LMA3736,2438
E02001423,LMA3736,2922
E02001424,LMA3736,5851
E02001425,LMA3736,4905
E02001426,LMA3736,2525
E02001427,LMA3736,4551
E02001428,LMA3736,2440
E02001429,LMA6872,2963
E02001430,LMA6872,3279
E02001431,LMA6872,2848
E02001432,LMA6872,3813
E02001433,LMA6872,3659
E02001434,LMA6872,3581
E02001435,LMA6872,3818
E02001436,LMA6872,4201
E02001437,LMA6872,3849
E02001438,LMA6872,3759
E02001439,LMA6872,2602
E02001440,LMA6872,2393
E02001441,LMA6872,2853
E02001442,LMA6872,2521
E02001443,LMA6872,2526
E02001444,LMA6872,2597
E02001445,LMA6872,3421
E02001446,LMA6872,3235
E02001447,LMA6872,2678
E02001448,LMA6872,3403
E02001449,LMA6872,4355
E02001450,LMA6872,3824
E02001451,LMA6872,2427
E02001452,LMA6872,2363
E02001453,LMA6872,4282
E02001454,LMA6872,3411
E02001455,LMA6872,3641
E02001456,LMA6872,3715
E02001457,LMA6872,2769
E02001458,LMA6872,3874
E02001459,LMA6872,3184
E02001460,LMA6872,3155
E02001461,LMA6872,3018
E02001462,LMA6872,2856
E02001463,LMA6872,2726
E02001464,LMA6872,2777
E02001465,LMA6872,2310
E02001466,LMA6872,3641
E02001467,LMA6872,3380
E02001468,LMA6872,3520
E02001469,LMA6872,3756
E02001470,LMA6872,4216
E02001471,LMA6872,3080
E02001472,LMA6872,3327
E02001473,LMA6872,3445
E02001474,LMA6872,2417
E02001475,LMA6872,2234
E02001476,LMA6872,2994
E02001477,LMA6872,2349
E02001478,LMA6872,3229
E02001479,LMA6872,3123
E02001480,LMA6872,3622
E02001481,LMA6872,3819
E02001482,LMA6872,2536
E02001483,LMA6872,3661
E02001484,LMA6872,3454
E02001485,LMA6872,2477
E02001486,LMA6872,3808
E02001487,LMA6872,3641
E02001488,LMA6872,3980
E02001489,LMA6872,3901
E02001490,LMA6872,4346
E02001491,LMA6872,2649
E02001492,LMA6872,3400
E02001493,LMA6872,2820
E02001494,LMA6872,3130
E02001495,LMA6872,3489
E02001496,LMA6872,2809
E02001497,LMA6872,3315
E02001498,LMA6872,3624
E02001499,LMA6872,3058
E02001500,LMA6872,3454
E02001501,LMA6872,3716
E02001502,LMA6872,3899
E02001503,LMA6872,3252
E02001504,LMA6872,3322
E02001505,LMA6872,2803
E02001506,LMA6872,3832
E02001507,LMA6872,3550
E02001508,LMA6872,3710
E02001509,LMA4004,2843
E02001510,LMA4004,2600
E02001511,LMA4004,2785
E02001512,LMA4004,3614
E02001513,LMA4004,3788
E02001514,LMA4004,2963
E02001515,LMA5674,3394
E02001516,LMA4004,2725
E02001517,LMA4004,3791
E02001518,LMA4004,4755
E02001519,LMA4004,2696
E02001520,LMA4004,5096
E02001521,LMA4004,5701
E02001522,LMA4004,3205
E02001523,LMA4004,3367
E02001524,LMA4004,2822
E02001525,LMA4004,2268
E02001526,LMA4004,2141
E02001527,LMA4004,2793
E02001528,LMA4004,4298
E02001529,LMA4004,3768
E02001530,LMA4004,2569
E02001531,LMA5674,2836
E02001532,LMA4004,4911
E02001533,LMA4004,3301
E02001534,LMA4004,4190
E02001535,LMA4004,3187
E02001536,LMA4004,3954
E02001537,LMA4004,3995
E02001538,LMA4004,3410
E02001539,LMA2682,2392
E02001540,LMA2682,5075
E02001541,LMA2682,4836
E02001542,LMA2682,2850
E02001543,LMA2682,3456
E02001544,LMA2682,3709
E02001545,LMA2682,4236
E02001546,LMA2682,3677
E02001547,LMA2682,4531
E02001548,LMA2682,3064
E02001549,LMA2682,2974
E02001550,LMA2682,3546
E02001551,LMA2682,2924
E02001552,LMA2682,3702
E02001553,LMA2682,4325
E02001554,LMA2682,3165
E02001555,LMA2682,2795
E02001556,LMA2682,3888
E02001557,LMA2682,4768
E02001558,LMA2682,2931
E02001559,LMA2682,3882
E02001560,LMA2682,4188
E02001561,LMA4004,2746
E02001562,LMA2682,2384
E02001563,LMA2682,3424
E02001564,LMA2682,3729
E02001565,LMA2682,3327
E02001566,LMA4004,3859
E02001567,LMA4004,3882
E02001568,LMA4004,2396
E02001569,LMA4004,3803
E02001570,LMA4004,2488
E02001571,LMA4004,2890
E02001572,LMA4004,3074
E02001573,LMA4004,3400
E02001574,LMA2682,3154
E02001575,LMA2682,2817
E02001576,LMA2682,2852
E02001577,LMA4004,2953
E02001578,LMA4004,4557
E02001579,LMA4004,3852
E02001580,LMA4004,3691
E02001581,LMA4004,2586
E02001582,LMA4004,3096
E02001583,LMA4004,2608
E02001584,LMA4004,3848
E02001585,LMA4004,2614
E02001586,LMA4004,3602
E02001587,LMA4004,2236
E02001588,LMA4004,2898
E02001589,LMA4004,4219
E02001590,LMA4004,2414
E02001591,LMA4004,3131
E02001592,LMA4004,4308
E02001593,LMA4004,2672
E02001594,LMA4004,2446
E02001595,LMA4004,4461
E02001596,LMA4004,3923
E02001597,LMA4004,3720
E02001598,LMA4004,4157
E02001599,LMA4004,3077
E02001600,LMA4004,4472
E02001601,LMA4004,2345
E02001602,LMA4004,4207
E02001603,LMA4004,2889
E02001604,LMA4004,4283
E02001605,LMA4004,3637
E02001606,LMA4004,3511
E02001607,LMA4004,4039
E02001608,LMA4004,3513
E02001609,LMA4004,3882
E02001610,LMA4004,4061
E02001611,LMA4004,3397
E02001612,LMA4004,2874
E02001613,LMA4004,5135
E02001614,LMA4004,5890
E02001615,LMA4004,3756
E02001616,LMA4004,3106
E02001617,LMA4004,2197
E02001618,LMA4004,5014
E02001619,LMA4004,3663
E02001620,LMA4004,2524
E02001621,LMA4004,2058
E02001622,LMA4004,3700
E02001623,LMA4004,2538
E02001624,LMA4004,4546
E02001625,LMA4004,2839
E02001626,LMA4004,3083
E02001627,LMA4004,3350
E02001628,LMA4004,1869
E02001629,LMA4004,2369
E02001630,LMA4004,2874
E02001631,LMA4004,3966
E02001632,LMA4004,3616
E02001633,LMA4004,3703
E02001634,LMA4004,5234
E02001635,LMA4004,2664
E02001636,LMA4004,3267
E02001637,LMA4004,1965
E02001638,LMA4004,2736
E02001639,LMA4004,3149
E02001640,LMA4004,3262
E02001642,LMA4004,4559
E02001643,LMA4004,3004
E02001646,LMA4004,3512
E02001647,LMA4004,2797
E02001648,LMA4004,3322
E02001649,LMA4004,3459
E02001650,LMA4004,3700
E02001651,LMA4004,3768
E02001652,LMA4004,4965
E02001653,LMA4004,2864
E02001654,LMA4004,2935
E02001655,LMA4004,3318
E02001656,LMA4004,4269
E02001657,LMA4004,4820
E02001658,LMA4004,1931
E02001659,LMA4004,2690
E02001660,LMA4004,5161
E02001661,LMA4004,3306
E02001662,LMA4004,3496
E02001663,LMA4004,4426
E02001664,LMA4004,2973
E02001665,LMA4004,4523
E02001666,LMA4004,2940
E02001669,LMA4004,4336
E02001670,LMA4004,2231
E02001671,LMA4004,3067
E02001672,LMA4004,2769
E02001673,LMA4004,3226
E02001674,LMA4004,4277
E02001675,LMA4004,4198
E02001676,LMA4004,2937
E02001678,LMA4004,4646
E02001679,LMA4004,2587
E02001680,LMA4004,2274
E02001681,LMA4004,3507
E02001682,LMA5608,3722
E02001683,LMA5608,4681
E02001684,LMA5608,3104
E02001685,LMA5608,3611
E02001686,LMA5608,3489
E02001688,LMA5608,3662
E02001689,LMA5608,3298
E02001690,LMA5608,3671
E02001691,LMA5608,4096
E02001692,LMA5608,2543
E02001693,LMA5608,2287
E02001694,LMA5608,3245
E02001695,LMA5608,3288
E02001696,LMA5608,3830
E02001697,LMA5608,4022
E02001698,LMA5608,3224
E02001699,LMA5608,3141
E02001700,LMA5608,5324
E02001701,LMA5608,3187
E02001702,LMA5608,3014
E02001703,LMA5608,2556
E02001704,LMA5608,3035
E02001705,LMA5608,3130
E02001706,LMA2493,2899
E02001707,LMA2493,3765
E02001708,LMA5608,4901
E02001709,LMA5608,4919
E02001710,LMA5608,4086
E02001711,LMA5608,4013
E02001712,LMA5608,4958
E02001713,LMA5608,5188
E02001714,LMA5608,5049
E02001715,LMA5608,4750
E02001718,LMA5608,2267
E02001719,LMA5608,4581
E02001720,LMA5608,3823
E02001721,LMA5608,4695
E02001722,LMA5608,3998
E02001723,LMA5608,2742
E02001724,LMA5608,4037
E02001725,LMA5608,5315
E02001726,LMA5608,4859
E02001727,LMA5608,3861
E02001728,LMA5608,4530
E02001729,LMA5608,4288
E02001730,LMA5608,5134
E02001731,LMA5608,4160
E02001732,LMA5608,1993
E02001733,LMA5608,4692
E02001734,LMA5608,2972
E02001735,LMA5608,2179
E02001736,LMA5608,4222
E02001737,LMA5608,1979
E02001738,LMA5608,2402
E02001739,LMA5608,3521
E02001740,LMA5608,2842
E02001741,LMA5608,3134
E02001742,LMA5608,2998
E02001743,LMA5608,3957
E02001744,LMA5608,3180
E02001745,LMA5608,3257
E02001746,LMA5608,3961
E02001747,LMA5608,2779
E02001748,LMA5608,3778
E02001749,LMA5608,3127
E02001750,LMA5608,3148
E02001751,LMA5608,2774
E02001752,LMA5608,2691
E02001753,LMA5608,3156
E02001754,LMA5608,3164
E02001755,LMA5608,4093
E02001756,LMA5608,4474
E02001757,LMA5608,2733
E02001758,LMA5608,2883
E02001759,LMA5608,3297
E02001760,LMA5608,3010
E02001761,LMA5608,2555
E02001762,LMA5608,3102
E02001763,LMA5608,2709
E02001764,LMA5608,3172
E02001765,LMA5608,3135
E02001766,LMA5608,3385
E02001767,LMA5608,3427
E02001768,LMA2423,3815
E02001769,LMA2423,2960
E02001770,LMA2423,3339
E02001771,LMA2423,2472
E02001772,LMA2423,2381
E02001773,LMA2423,2535
E02001774,LMA2423,2411
E02001775,LMA2423,2234
E02001776,LMA2423,3895
E02001777,LMA2423,3170
E02001778,LMA2423,2772
E02001779,LMA2423,2162
E02001780,LMA2423,2017
E02001781,LMA2423,2116
E02001782,LMA2423,3561
E02001783,LMA2423,2497
E02001784,LMA2423,2817
E02001785,LMA2423,3351
E02001786,LMA2423,3008
E02001787,LMA2423,2488
E02001788,LMA2423,2780
E02001789,LMA2423,2755
E02001790,LMA2423,2735
E02001791,LMA2423,2852
E02001792,LMA2423,3337
E02001793,LMA2423,3244
E02001794,LMA2423,3263
E02001795,LMA2423,3184
E02001796,LMA2423,4273
E02001797,LMA2423,2959
E02001798,LMA2423,3551
E02001799,LMA2423,4149
E02001800,LMA2423,3533
E02001801,LMA2423,2766
E02001802,LMA2423,2310
E02001803,LMA2423,3623
E02001804,LMA2423,2778
E02001805,LMA2423,2614
E02001806,LMA2423,3077
E02001807,LMA2423,3408
E02001808,LMA2423,2740
E02001809,LMA2423,3137
E02001810,LMA2423,4504
E02001811,LMA2423,3656
E02001812,LMA2423,4831
E02001813,LMA2423,3751
E02001814,LMA2423,2810
E02001815,LMA2423,5297
E02001816,LMA2423,2773
E02001817,LMA2423,2722
E02001818,LMA2423,3792
E02001819,LMA2423,3369
E02001820,LMA2423,3781
E02001821,LMA2423,3018
E02001822,LMA2423,3717
E02001823,LMA2423,3195
E02001824,LMA2423,3612
E02001825,LMA2423,3056
E02001826,LMA2423,2508
E02001827,LMA6620,2777
E02001828,LMA6620,3138
E02001829,LMA6620,4243
E02001830,LMA6620,4515
E02001831,LMA6620,4771
E02001832,LMA6620,4145
E02001833,LMA6620,2889
E02001834,LMA6620,2564
E02001835,LMA6620,4326
E02001836,LMA6620,4589
E02001837,LMA6620,3743
E02001838,LMA6620,4011
E02001839,LMA6620,3030
E02001840,LMA6620,3077
E02001841,LMA6620,2965
E02001842,LMA6620,3656
E02001843,LMA6620,3142
E02001844,LMA6620,4833
E02001845,LMA6620,3137
E02001846,LMA6620,3197
E02001847,LMA6620,2776
E02001848,LMA6620,2398
E02001849,LMA6620,3010
E02001850,LMA6620,3528
E02001851,LMA6620,3943
E02001852,LMA6620,2875
E02001854,LMA6620,3464
E02001855,LMA6620,3648
E02001856,LMA6620,3827
E02001857,LMA6620,5362
E02001858,LMA6620,3522
E02001859,LMA6620,2981
E02001860,LMA6620,3011
E02001861,LMA6620,3010
E02001862,LMA6620,3546
E02001863,LMA6620,1989
E02001864,LMA6620,1734
E02001865,LMA6620,3521
E02001866,LMA6620,2430
E02001867,LMA6620,1815
E02001868,LMA6620,3126
E02001869,LMA6620,1672
E02001870,LMA6620,3653
E02001871,LMA6620,2865
E02001872,LMA6620,2675
E02001873,LMA6620,3618
E02001874,LMA6620,2243
E02001875,LMA6620,2781
E02001876,LMA6620,3162
E02001877,LMA6620,2425
E02001878,LMA6620,2402
E02001879,LMA6620,3183
E02001880,LMA6620,3209
E02001881,LMA6620,2480
E02001882,LMA6620,2975
E02001883,LMA6620,3101
E02001884,LMA6620,2234
E02001886,LMA6620,4076
E02001888,LMA6620,2437
E02001889,LMA6620,2157
E02001890,LMA6620,4874
E02001892,LMA6620,3174
E02001893,LMA6620,3441
E02001895,LMA6620,2924
E02001896,LMA6620,2422
E02001897,LMA6620,1948
E02001898,LMA6620,3157
E02001899,LMA6620,4007
E02001900,LMA6620,2488
E02001901,LMA6620,4490
E02001902,LMA6620,2965
E02001903,LMA6620,1783
E02001904,LMA6620,2681
E02001905,LMA6620,3587
E02001906,LMA6620,4248
E02001907,LMA6620,4556
E02001908,LMA6620,2188
E02001909,LMA6620,2005
E02001910,LMA6620,1985
E02001911,LMA6620,2959
E02001913,LMA6620,2813
E02001914,LMA6620,2695
E02001915,LMA6620,5447
E02001916,LMA6620,3082
E02001918,LMA6620,4283
E02001919,LMA6620,2970
E02001920,LMA6620,2954
E02001921,LMA6620,3211
E02001922,LMA6620,3318
E02001923,LMA6620,3752
E02001924,LMA6620,2698
E02001925,LMA6620,2907
E02001926,LMA6620,3217
E02001927,LMA6620,3088
E02001928,LMA6620,2956
E02001929,LMA6620,3676
E02001930,LMA6620,4075
E02001931,LMA6620,3441
E02001932,LMA6620,2713
E02001933,LMA6620,3456
E02001934,LMA6620,3035
E02001935,LMA6620,3212
E02001936,LMA6620,2876
E02001937,LMA6620,3076
E02001938,LMA6620,4067
E02001939,LMA6620,2277
E02001941,LMA6620,2389
E02001942,LMA6620,3097
E02001943,LMA6620,2978
E02001944,LMA6620,3889
E02001945,LMA6620,3124
E02001946,LMA6620,3749
E02001947,LMA6620,2034
E02001948,LMA6620,3613
E02001949,LMA6620,2499
E02001950,LMA6620,4096
E02001951,LMA6620,3081
E02001952,LMA6620,3402
E02001953,LMA6620,3213
E02001954,LMA6620,2785
E02001955,LMA6620,2835
E02001956,LMA6620,3107
E02001957,LMA6620,3850
E02001958,LMA5790,3500
E02001959,LMA5790,2930
E02001961,LMA5790,2919
E02001962,LMA5790,2269
E02001963,LMA5790,2855
E02001964,LMA5790,2557
E02001965,LMA5790,4044
E02001966,LMA5790,2196
E02001967,LMA5790,2918
E02001968,LMA5790,3226
E02001969,LMA5790,2732
E02001970,LMA5790,2438
E02001971,LMA5790,2876
E02001972,LMA5790,3077
E02001973,LMA5790,3513
E02001974,LMA5790,4817
E02001975,LMA5790,3905
E02001976,LMA5790,3320
E02001977,LMA5790,3911
E02001978,LMA5790,3166
E02001979,LMA5790,2761
E02001980,LMA5790,2927
E02001981,LMA5790,3621
E02001982,LMA5790,3660
E02001983,LMA5790,3837
E02001984,LMA5790,4381
E02001985,LMA5790,3233
E02001986,LMA5790,3119
E02001987,LMA5790,2761
E02001988,LMA5790,3039
E02001989,LMA5790,2800
E02001990,LMA5790,4799
E02001991,LMA5790,4235
E02001992,LMA5790,3918
E02001993,LMA5790,2974
E02001994,LMA5790,3756
E02001995,LMA5790,3215
E02001996,LMA5790,2445
E02001997,LMA5790,3947
E02001998,LMA5790,2865
E02001999,LMA5790,2995
E02002000,LMA6620,3270
E02002001,LMA6620,2719
E02002002,LMA6620,3242
E02002003,LMA6620,4100
E02002004,LMA6620,3178
E02002005,LMA6620,2919
E02002006,LMA6620,3037
E02002007,LMA6620,3878
E02002008,LMA6620,4620
E02002009,LMA6620,2402
E02002010,LMA6620,2837
E02002011,LMA6620,2962
E02002012,LMA6620,2999
E02002013,LMA6620,3130
E02002014,LMA6620,2671
E02002015,LMA6620,2856
E02002016,LMA6620,3118
E02002017,LMA6620,3575
E02002018,LMA6620,4273
E02002019,LMA6620,3283
E02002020,LMA6620,4718
E02002021,LMA6620,3173
E02002022,LMA6620,3894
E02002023,LMA6620,2684
E02002024,LMA6620,3940
E02002025,LMA6620,3746
E02002026,LMA6620,3724
E02002027,LMA6620,3381
E02002028,LMA6620,2636
E02002029,LMA6620,2752
E02002030,LMA6620,2936
E02002031,LMA6620,2893
E02002032,LMA6620,4365
E02002033,LMA6620,3591
E02002034,LMA6620,3987
E02002035,LMA6620,3019
E02002036,LMA6620,2516
E02002037,LMA6620,2797
E02002038,LMA6620,4308
E02002039,LMA6620,2832
E02002040,LMA6620,2809
E02002041,LMA6620,2620
E02002042,LMA6620,3930
E02002043,LMA2863,3568
E02002044,LMA6620,3315
E02002045,LMA6620,3305
E02002046,LMA6620,1980
E02002047,LMA2863,2589
E02002048,LMA6620,3108
E02002049,LMA6620,2728
E02002051,LMA6620,1941
E02002052,LMA6620,4255
E02002053,LMA6620,2738
E02002054,LMA6620,2485
E02002055,LMA6620,3863
E02002056,LMA6620,3292
E02002057,LMA6620,3632
E02002058,LMA6620,5392
E02002059,LMA6620,4334
E02002060,LMA6620,2294
E02002061,LMA6620,2068
E02002062,LMA6620,2595
E02002063,LMA6620,4136
E02002064,LMA6620,5398
E02002065,LMA6620,4141
E02002066,LMA6620,2733
E02002067,LMA2863,2413
E02002068,LMA6620,3948
E02002069,LMA2863,2746
E02002070,LMA6620,3229
E02002071,LMA2863,2646
E02002072,LMA6620,3898
E02002073,LMA6620,3004
E02002074,LMA6620,3386
E02002075,LMA2863,3776
E02002076,LMA6620,5501
E02002077,LMA2863,4432
E02002078,LMA6620,2950
E02002079,LMA6620,3477
E02002080,LMA2863,2850
E02002081,LMA6620,2682
E02002082,LMA6620,2332
E02002083,LMA6620,3032
E02002084,LMA6620,2519
E02002085,LMA6620,2537
E02002086,LMA6620,2085
E02002087,LMA6620,2370
E02002088,LMA6620,3751
E02002089,LMA6620,3763
E02002090,LMA6620,2944
E02002091,LMA6620,3346
E02002092,LMA6620,3295
E02002093,LMA6620,3063
E02002094,LMA6620,2911
E02002095,LMA6620,4397
E02002096,LMA6620,4540
E02002097,LMA6620,3334
E02002098,LMA6620,4377
E02002099,LMA6620,3096
E02002101,LMA6620,2852
E02002102,LMA6620,4215
E02002103,LMA6620,3010
E02002104,LMA6620,3322
E02002105,LMA5790,3934
E02002106,LMA6620,4346
E02002107,LMA6620,3194
E02002108,LMA6620,4728
E02002109,LMA6620,5276
E02002110,LMA2863,3300
E02002111,LMA2863,2378
E02002112,LMA2863,2573
E02002113,LMA2863,2943
E02002114,LMA2863,2613
E02002115,LMA2863,2499
E02002116,LMA2863,3215
E02002117,LMA2863,2784
E02002118,LMA2863,2716
E02002119,LMA2863,2726
E02002120,LMA2863,3136
E02002121,LMA2863,2220
E02002122,LMA2863,1901
E02002123,LMA2863,2889
E02002124,LMA2863,2900
E02002125,LMA2863,2736
E02002126,LMA2863,2317
E02002127,LMA2863,2766
E02002128,LMA2863,2505
E02002129,LMA2863,2799
E02002130,LMA2863,2468
E02002131,LMA2863,3703
E02002132,LMA2863,2509
E02002133,LMA2863,2891
E02002134,LMA2863,3441
E02002135,LMA2863,2516
E02002136,LMA2863,3417
E02002137,LMA6620,3016
E02002138,LMA2863,2725
E02002139,LMA2863,3508
E02002140,LMA2863,2804
E02002141,LMA6620,3386
E02002142,LMA2863,2487
E02002143,LMA2863,3015
E02002144,LMA6620,3030
E02002145,LMA2863,2751
E02002146,LMA2863,2599
E02002147,LMA2863,3036
E02002148,LMA6620,5315
E02002149,LMA2863,4538
E02002150,LMA2863,2519
E02002151,LMA2863,2616
E02002152,LMA2863,2210
E02002153,LMA2863,3085
E02002154,LMA2863,2419
E02002155,LMA2863,1897
E02002156,LMA2863,3869
E02002157,LMA2863,3689
E02002158,LMA2863,3256
E02002159,LMA2863,2186
E02002160,LMA2863,3251
E02002161,LMA2863,2461
E02002162,LMA2863,3294
E02002163,LMA2863,4429
E02002164,LMA2863,2318
E02002165,LMA2863,3756
E02002166,LMA2863,3474
E02002167,LMA2863,3043
E02002168,LMA2863,3962
E02002169,LMA2863,4007
E02002170,LMA2863,2582
E02002171,LMA2863,2901
E02002174,LMA2863,3634
E02002175,LMA2863,2536
E02002176,LMA2863,3465
E02002177,LMA2863,3462
E02002178,LMA2863,3735
E02002179,LMA2863,3100
E02002180,LMA2863,2622
E02002181,LMA2863,2694
E02002182,LMA2863,2814
E02002183,LMA5648,2645
E02002184,LMA5648,5900
E02002185,LMA5648,2996
E02002186,LMA5648,6546
E02002187,LMA5648,2962
E02002188,LMA5648,3867
E02002189,LMA5648,2626
E02002190,LMA5648,4368
E02002191,LMA5648,3462
E02002192,LMA5648,4767
E02002193,LMA5648,2498
E02002194,LMA5648,3597
E02002195,LMA5648,3274
E02002196,LMA5648,3373
E02002197,LMA5648,4503
E02002198,LMA5648,4106
E02002199,LMA5648,3589
E02002200,LMA5648,4469
E02002201,LMA5648,6348
E02002202,LMA5648,3766
E02002203,LMA5648,3457
E02002204,LMA5648,5777
E02002205,LMA5648,5391
E02002206,LMA5648,4234
E02002207,LMA5648,2828
E02002208,LMA5648,3554
E02002209,LMA5648,2169
E02002210,LMA5648,3468
E02002211,LMA5648,2556
E02002212,LMA5648,2380
E02002213,LMA5648,3423
E02002214,LMA5648,2910
E02002215,LMA5648,3136
E02002216,LMA5648,2654
E02002217,LMA5648,2984
E02002218,LMA5648,3953
E02002219,LMA5648,2324
E02002220,LMA5648,2823
E02002221,LMA5648,4198
E02002222,LMA5648,3059
E02002223,LMA5648,2250
E02002224,LMA5648,2806
E02002225,LMA5648,4121
E02002226,LMA5648,4115
E02002227,LMA5648,2054
E02002228,LMA5648,2598
E02002229,LMA5648,3751
E02002230,LMA5648,2876
E02002231,LMA5648,5316
E02002232,LMA5648,2322
E02002233,LMA5648,2606
E02002234,LMA5648,2471
E02002235,LMA5648,2491
E02002236,LMA5648,2697
E02002237,LMA5648,3738
E02002238,LMA5648,2506
E02002239,LMA5648,4670
E02002240,LMA5648,5710
E02002241,LMA5648,5282
E02002242,LMA5648,3834
E02002243,LMA5648,4303
E02002244,LMA5648,3048
E02002245,LMA5648,2216
E02002246,LMA5648,5104
E02002247,LMA5648,4897
E02002248,LMA5648,3326
E02002249,LMA5648,2451
E02002250,LMA5648,4154
E02002251,LMA5648,3573
E02002252,LMA5648,2898
E02002253,LMA5648,2967
E02002254,LMA5648,3007
E02002255,LMA5648,2185
E02002256,LMA5148,4357
E02002257,LMA5648,2109
E02002258,LMA5648,4536
E02002259,LMA5648,3317
E02002260,LMA5648,4593
E02002261,LMA5648,4075
E02002262,LMA5648,3780
E02002263,LMA5648,3236
E02002264,LMA5648,3401
E02002265,LMA5148,2611
E02002266,LMA5648,2871
E02002267,LMA5648,3787
E02002268,LMA5648,4676
E02002269,LMA5648,5039
E02002270,LMA5648,4618
E02002271,LMA5648,3617
E02002272,LMA5648,4568
E02002273,LMA5648,3116
E02002274,LMA5648,3647
E02002275,LMA5648,4289
E02002276,LMA5648,3387
E02002277,LMA5648,2767
E02002278,LMA5648,3026
E02002279,LMA5648,2908
E02002280,LMA5648,2036
E02002281,LMA5648,4914
E02002282,LMA5648,2877
E02002283,LMA5648,2752
E02002284,LMA5648,3027
E02002285,LMA5648,4069
E02002286,LMA5648,2596
E02002287,LMA5648,2839
E02002288,LMA5648,4294
E02002289,LMA5648,2233
E02002290,LMA5648,3043
E02002291,LMA5648,3109
E02002292,LMA5648,2827
E02002293,LMA5648,2467
E02002294,LMA5648,3580
E02002295,LMA5648,2624
E02002296,LMA5648,3274
E02002297,LMA5648,3271
E02002298,LMA5648,3017
E02002299,LMA5648,2317
E02002300,LMA5648,3231
E02002301,LMA5648,2993
E02002302,LMA5648,3420
E02002303,LMA5648,3154
E02002304,LMA5648,3146
E02002305,LMA5648,2553
E02002306,LMA5648,3483
E02002307,LMA5648,2860
E02002308,LMA5648,3371
E02002309,LMA5648,2709
E02002310,LMA5648,2820
E02002311,LMA5648,3202
E02002312,LMA5648,3269
E02002313,LMA5648,2363
E02002314,LMA5648,2690
E02002315,LMA5648,3437
E02002316,LMA5648,3188
E02002317,LMA5648,2787
E02002318,LMA5648,2847
E02002319,LMA5648,3416
E02002320,LMA5648,3067
E02002321,LMA5648,3438
E02002322,LMA5648,3265
E02002323,LMA5648,4150
E02002324,LMA5648,3160
E02002325,LMA5648,4210
E02002326,LMA5648,3210
E02002327,LMA5648,5089
E02002328,LMA5648,3502
E02002329,LMA5648,6263
E02002330,LMA5648,3227
E02002331,LMA5648,2761
E02002332,LMA5648,2728
E02002333,LMA5648,4193
E02002334,LMA5648,3520
E02002335,LMA5648,3691
E02002336,LMA5648,3259
E02002337,LMA5648,3625
E02002338,LMA5648,3493
E02002339,LMA5648,2709
E02002340,LMA5648,2872
E02002341,LMA5648,3642
E02002342,LMA5648,2702
E02002343,LMA5648,3153
E02002344,LMA5648,3940
E02002345,LMA5648,2641
E02002346,LMA5648,2787
E02002347,LMA5648,2568
E02002348,LMA5648,2755
E02002349,LMA5648,2962
E02002350,LMA5648,2969
E02002351,LMA5648,2640
E02002352,LMA5648,3887
E02002353,LMA5648,3058
E02002354,LMA5648,3722
E02002356,LMA5648,3990
E02002357,LMA5648,4271
E02002358,LMA5648,3496
E02002359,LMA5648,3126
E02002360,LMA5648,3525
E02002361,LMA5648,2800
E02002362,LMA5648,3459
E02002363,LMA5648,4382
E02002364,LMA5648,2299
E02002366,LMA5648,3394
E02002367,LMA5648,2432
E02002368,LMA5648,4410
E02002369,LMA5648,2817
E02002370,LMA5648,2842
E02002371,LMA5648,4022
E02002373,LMA5648,4039
E02002374,LMA5648,3468
E02002375,LMA5648,2603
E02002376,LMA5648,2331
E02002377,LMA5648,2235
E02002379,LMA5648,1850
E02002380,LMA5648,2742
E02002381,LMA5648,3377
E02002382,LMA5648,2037
E02002383,LMA5648,2712
E02002384,LMA5648,3747
E02002385,LMA5648,4058
E02002386,LMA5648,4142
E02002387,LMA5648,2451
E02002388,LMA5648,3554
E02002389,LMA5648,2373
E02002390,LMA5648,2923
E02002391,LMA5648,4357
E02002392,LMA5648,2843
E02002393,LMA5648,3045
E02002394,LMA5648,2555
E02002395,LMA5648,3003
E02002396,LMA5648,4511
E02002397,LMA5648,3722
E02002398,LMA5648,3669
E02002399,LMA5648,2724
E02002400,LMA5648,3436
E02002401,LMA5648,2136
E02002402,LMA5648,3161
E02002403,LMA5648,2886
E02002404,LMA5648,4361
E02002405,LMA5648,3704
E02002406,LMA5648,3631
E02002407,LMA5648,2723
E02002408,LMA5648,3694
E02002409,LMA5648,2838
E02002410,LMA5648,3468
E02002411,LMA5648,3432
E02002412,LMA5648,3651
E02002414,LMA5648,2212
E02002415,LMA5648,2217
E02002416,LMA5648,2887
E02002417,LMA5648,3224
E02002418,LMA5648,3738
E02002419,LMA5648,3330
E02002420,LMA5648,3791
E02002421,LMA5648,2175
E02002422,LMA5648,3404
E02002423,LMA5648,2537
E02002424,LMA5648,4010
E02002425,LMA5648,4263
E02002426,LMA5648,3878
E02002427,LMA5648,3230
E02002428,LMA5648,3452
E02002429,LMA5648,4223
E02002430,LMA5648,2688
E02002431,LMA5648,4314
E02002432,LMA5648,3448
E02002433,LMA5648,3267
E02002434,LMA5648,4740
E02002435,LMA5648,3957
E02002436,LMA5648,3195
E02002437,LMA5648,3426
E02002438,LMA5648,2921
E02002439,LMA5648,3776
E02002440,LMA5648,3290
E02002441,LMA5648,3928
E02002442,LMA5648,3706
E02002443,LMA5648,3316
E02002444,LMA5648,3062
E02002445,LMA5648,3338
E02002446,LMA5648,3011
E02002447,LMA5648,2892
E02002448,LMA5648,3294
E02002449,LMA5648,4088
E02002450,LMA5648,3527
E02002451,LMA5648,3571
E02002452,LMA5648,3561
E02002453,LMA5648,4256
E02002454,LMA5648,3666
E02002455,LMA5648,2469
E02002456,LMA5648,3388
E02002457,LMA5648,3075
E02002458,LMA5648,4476
E02002459,LMA5648,4512
E02002460,LMA5648,3317
E02002461,LMA5648,4861
E02002462,LMA5648,3664
E02002463,LMA5648,3277
E02002464,LMA5648,3337
E02002465,LMA5648,2883
E02002466,LMA5648,4399
E02002467,LMA5648,3802
E02002468,LMA5648,3141
E02002469,LMA5648,2980
E02002470,LMA5648,2851
E02002471,LMA5648,5142
E02002472,LMA5648,2920
E02002473,LMA5648,3341
E02002474,LMA5648,2845
E02002475,LMA5648,2970
E02002476,LMA5648,2091
E02002477,LMA5648,2756
E02002478,LMA5648,2678
E02002479,LMA5648,3676
E02002480,LMA5648,2564
E02002481,LMA5648,2806
E02002482,LMA5648,2609
E02002483,LMA2423,4317
E02002484,LMA2423,3536
E02002485,LMA2423,2819
E02002487,LMA2423,2163
E02002488,LMA2423,2894
E02002489,LMA2423,2920
E02002490,LMA2423,2576
E02002491,LMA2423,2346
E02002492,LMA2423,2775
E02002493,LMA2423,3015
E02002494,LMA2423,2624
E02002496,LMA5658,3216
E02002497,LMA5658,2060
E02002498,LMA5658,2774
E02002499,LMA5658,2451
E02002500,LMA5658,2499
E02002501,LMA5658,2059
E02002502,LMA5658,3161
E02002503,LMA5658,2646
E02002504,LMA5658,4511
E02002505,LMA5658,2209
E02002506,LMA5658,1906
E02002507,LMA5658,2897
E02002508,LMA5658,2205
E02002509,LMA5658,2327
E02002510,LMA5658,2640
E02002512,LMA5658,2585
E02002513,LMA5658,3501
E02002514,LMA5658,4234
E02002515,LMA5658,2823
E02002516,LMA5658,2321
E02002517,LMA5658,2130
E02002518,LMA5658,5092
E02002519,LMA5658,2526
E02002520,LMA5658,5805
E02002521,LMA5658,2484
E02002523,LMA2423,1983
E02002524,LMA5658,2250
E02002525,LMA2423,3573
E02002526,LMA5658,3284
E02002527,LMA5658,1872
E02002529,LMA2423,2533
E02002530,LMA5658,2563
E02002532,LMA5658,2587
E02002533,LMA5658,2622
E02002534,LMA5658,2647
E02002535,LMA5658,5359
E02002536,LMA5658,4089
E02002537,LMA5658,3496
E02002538,LMA5658,2633
E02002539,LMA5658,4374
E02002540,LMA5658,3073
E02002541,LMA5658,2966
E02002542,LMA5658,3286
E02002543,LMA5658,3267
E02002544,LMA5658,3263
E02002545,LMA5658,2777
E02002546,LMA5658,3085
E02002547,LMA5658,2862
E02002548,LMA5658,3997
E02002549,LMA5658,3656
E02002550,LMA5658,2886
E02002551,LMA5658,2392
E02002552,LMA5658,3143
E02002553,LMA5658,2543
E02002554,LMA5658,2101
E02002555,LMA5658,4881
E02002556,LMA5658,3902
E02002557,LMA5658,7814
E02002558,LMA5658,4975
E02002559,LMA2493,4733
E02002560,LMA2493,3131
E02002561,LMA2493,2896
E02002562,LMA2493,2767
E02002563,LMA2493,2418
E02002564,LMA2493,4137
E02002565,LMA2493,2883
E02002566,LMA2493,3136
E02002567,LMA2493,2968
E02002568,LMA2493,2828
E02002569,LMA2493,3916
E02002570,LMA2493,3566
E02002571,LMA2493,2857
E02002572,LMA2493,2677
E02002573,LMA2493,4120
E02002574,LMA3736,3705
E02002575,LMA3736,5454
E02002576,LMA3736,3435
E02002577,LMA3736,3001
E02002578,LMA3736,3537
E02002579,LMA3736,3370
E02002580,LMA3736,3030
E02002581,LMA3736,3568
E02002582,LMA3736,4572
E02002583,LMA3736,2402
E02002584,LMA3736,3478
E02002585,LMA3736,5103
E02002586,LMA3736,3574
E02002587,LMA3736,2964
E02002588,LMA3736,3048
E02002589,LMA3736,3375
E02002590,LMA3736,3309
E02002591,LMA3736,3064
E02002592,LMA3736,3039
E02002593,LMA3736,2708
E02002594,LMA3736,2844
E02002595,LMA3736,3356
E02002596,LMA3736,4472
E02002597,LMA3736,3774
E02002598,LMA3736,4624
E02002599,LMA3736,5899
E02002600,LMA3736,4416
E02002601,LMA3736,4001
E02002602,LMA3736,3256
E02002603,LMA3736,3830
E02002604,LMA3736,3950
E02002605,LMA3736,4908
E02002606,LMA3736,5517
E02002607,LMA3736,5129
E02002608,LMA3736,4006
E02002609,LMA3736,3934
E02002610,LMA3736,6181
E02002611,LMA3736,3964
E02002612,LMA3736,4660
E02002613,LMA3736,3173
E02002614,LMA3736,2953
E02002615,LMA5148,4058
E02002616,LMA5148,3626
E02002617,LMA5148,2571
E02002618,LMA5148,2445
E02002619,LMA5148,3082
E02002620,LMA5148,2731
E02002621,LMA5148,2474
E02002622,LMA5148,3168
E02002623,LMA5148,4426
E02002624,LMA5148,4026
E02002625,LMA5148,4224
E02002626,LMA5148,3019
E02002627,LMA5148,4344
E02002628,LMA5148,3127
E02002629,LMA5148,2322
E02002630,LMA5148,2757
E02002631,LMA5148,4692
E02002632,LMA5148,3440
E02002633,LMA2572,3277
E02002634,LMA2572,3506
E02002635,LMA2572,3555
E02002636,LMA2572,3919
E02002637,LMA2572,2922
E02002638,LMA2572,2750
E02002639,LMA2572,1836
E02002640,LMA2572,2548
E02002641,LMA2572,4003
E02002642,LMA2572,2833
E02002643,LMA2572,3180
E02002644,LMA2572,4033
E02002645,LMA2572,2535
E02002646,LMA2572,2867
E02002647,LMA2572,3406
E02002648,LMA2572,3189
E02002649,LMA2572,3842
E02002650,LMA2572,3728
E02002651,LMA2572,3692
E02002652,LMA2606,5472
E02002653,LMA2606,2794
E02002654,LMA2606,2111
E02002655,LMA2606,3368
E02002656,LMA2606,2590
E02002657,LMA2606,3790
E02002658,LMA2606,3627
E02002659,LMA2606,3552
E02002660,LMA2606,2715
E02002661,LMA2606,3175
E02002662,LMA2606,2877
E02002663,LMA2606,2802
E02002664,LMA2606,4154
E02002665,LMA2606,4105
E02002666,LMA2606,3544
E02002667,LMA2606,3769
E02002668,LMA2606,2552
E02002669,LMA2606,4165
E02002670,LMA2606,3393
E02002671,LMA2606,3846
E02002672,LMA2606,2325
E02002673,LMA2606,3892
E02002674,LMA2606,3658
E02002675,LMA2606,3235
E02002676,LMA2606,3873
E02002677,LMA2606,4069
E02002678,LMA2606,3799
E02002679,LMA2606,3522
E02002680,LMA2606,3938
E02002681,LMA2606,3450
E02002682,LMA2606,3351
E02002684,LMA2615,3793
E02002685,LMA2615,3200
E02002686,LMA2615,2573
E02002687,LMA2615,2403
E02002688,LMA2615,2097
E02002689,LMA2615,2770
E02002691,LMA2615,3981
E02002692,LMA2606,4347
E02002693,LMA2606,3352
E02002694,LMA2606,5536
E02002695,LMA2606,3260
E02002696,LMA2606,3104
E02002697,LMA2606,3842
E02002698,LMA2606,3871
E02002699,LMA2606,4705
E02002700,LMA2606,2740
E02002701,LMA2606,4615
E02002702,LMA2606,5132
E02002703,LMA2606,4782
E02002704,LMA2606,3492
E02002705,LMA2606,2847
E02002706,LMA2606,3389
E02002707,LMA2606,3761
E02002708,LMA2606,2784
E02002709,LMA2606,3851
E02002710,LMA2606,3773
E02002711,LMA2606,3633
E02002712,LMA2606,3725
E02002714,LMA2606,3692
E02002715,LMA2606,6760
E02002716,LMA2606,4193
E02002717,LMA2606,3748
E02002718,LMA2606,3761
E02002719,LMA2606,3024
E02002720,LMA2606,3769
E02002721,LMA2606,3145
E02002722,LMA2606,3308
E02002723,LMA2606,4178
E02002724,LMA2606,4021
E02002725,LMA2606,3397
E02002726,LMA2657,4425
E02002727,LMA2657,1799
E02002728,LMA2657,3301
E02002729,LMA2657,2789
E02002730,LMA2657,3145
E02002731,LMA2657,2298
E02002732,LMA2657,3840
E02002733,LMA2657,2985
E02002734,LMA2657,2396
E02002735,LMA2657,2632
E02002736,LMA2657,2406
E02002737,LMA2657,3646
E02002738,LMA2657,3581
E02002739,LMA2657,2774
E02002740,LMA2657,2189
E02002741,LMA2657,4391
E02002742,LMA2657,2697
E02002743,LMA2657,2168
E02002744,LMA2657,2094
E02002745,LMA2657,3511
E02002746,LMA2657,4115
E02002747,LMA2657,3898
E02002748,LMA2657,3799
E02002749,LMA2682,4987
E02002750,LMA2682,3107
E02002751,LMA2682,2985
E02002752,LMA2657,3404
E02002753,LMA2682,4121
E02002754,LMA2682,4057
E02002755,LMA2682,3347
E02002756,LMA2682,3320
E02002757,LMA2682,3064
E02002758,LMA2682,3075
E02002759,LMA2682,4454
E02002760,LMA2682,2818
E02002761,LMA2682,3401
E02002762,LMA2682,2969
E02002763,LMA2682,3137
E02002764,LMA2682,2174
E02002765,LMA2682,2720
E02002766,LMA2682,4316
E02002767,LMA2682,3420
E02002768,LMA2682,3509
E02002769,LMA2682,2859
E02002770,LMA2682,3405
E02002771,LMA2682,3418
E02002772,LMA5648,3625
E02002773,LMA5648,2765
E02002774,LMA5648,3193
E02002775,LMA5648,2522
E02002776,LMA5648,3340
E02002777,LMA5648,4674
E02002778,LMA5648,4289
E02002779,LMA5648,4717
E02002780,LMA5648,4231
E02002781,LMA5648,5317
E02002782,LMA5648,2936
E02002783,LMA5648,5257
E02002784,LMA5648,5825
E02002785,LMA2606,3163
E02002786,LMA2606,4571
E02002787,LMA5648,4704
E02002788,LMA5648,5315
E02002789,LMA5648,4159
E02002790,LMA2606,5791
E02002791,LMA2606,3097
E02002792,LMA5648,3916
E02002793,LMA5648,4706
E02002794,LMA2606,2802
E02002795,LMA5648,3985
E02002796,LMA5320,2947
E02002797,LMA5320,3262
E02002798,LMA5320,6015
E02002799,LMA5320,2657
E02002800,LMA5320,3541
E02002801,LMA5320,3551
E02002802,LMA5320,3103
E02002803,LMA5320,3828
E02002804,LMA5320,3284
E02002805,LMA5320,2721
E02002806,LMA5320,3220
E02002807,LMA5320,4195
E02002808,LMA5320,5877
E02002809,LMA5320,3107
E02002810,LMA5320,4054
E02002811,LMA5320,3595
E02002812,LMA5320,3216
E02002813,LMA5320,3399
E02002814,LMA5320,3690
E02002815,LMA5320,2707
E02002816,LMA5320,4688
E02002817,LMA5320,2914
E02002818,LMA5320,2843
E02002819,LMA5320,3892
E02002820,LMA5320,4434
E02002821,LMA5320,4124
E02002822,LMA5320,3035
E02002823,LMA5320,3246
E02002824,LMA5320,4036
E02002825,LMA5320,4038
E02002826,LMA5320,3348
E02002827,LMA3162,3119
E02002828,LMA3162,3763
E02002829,LMA3162,4036
E02002830,LMA3162,4343
E02002831,LMA3162,2972
E02002832,LMA3162,3325
E02002833,LMA3162,3427
E02002834,LMA3162,4990
E02002835,LMA3162,6054
E02002836,LMA3162,3763
E02002837,LMA3162,2610
E02002838,LMA3162,2598
E02002839,LMA3162,3330
E02002842,LMA3162,3990
E02002843,LMA3162,4544
E02002844,LMA3162,3419
E02002845,LMA3162,4121
E02002846,LMA3162,3888
E02002847,LMA3162,3908
E02002848,LMA3162,3483
E02002849,LMA3162,6246
E02002851,LMA3162,3543
E02002852,LMA3162,2291
E02002853,LMA3162,4956
E02002854,LMA3162,3348
E02002855,LMA3162,3605
E02002856,LMA3162,5642
E02002857,LMA3162,3325
E02002858,LMA3162,3725
E02002860,LMA3162,3830
E02002861,LMA3162,2548
E02002862,LMA3162,3334
E02002863,LMA5354,4135
E02002864,LMA5354,2907
E02002865,LMA5354,3699
E02002866,LMA3162,3624
E02002867,LMA5491,3774
E02002868,LMA5320,2633
E02002869,LMA5320,2698
E02002871,LMA5320,3683
E02002872,LMA5320,3603
E02002873,LMA5320,3895
E02002874,LMA5320,3381
E02002875,LMA5320,3623
E02002876,LMA5320,3655
E02002877,LMA5320,4152
E02002878,LMA5320,2763
E02002879,LMA5320,4666
E02002880,LMA5320,3022
E02002881,LMA5320,2253
E02002882,LMA5320,4308
E02002883,LMA5320,3511
E02002884,LMA5320,2690
E02002885,LMA5320,2941
E02002886,LMA5320,3406
E02002887,LMA5320,2214
E02002888,LMA5320,2495
E02002889,LMA5320,2846
E02002890,LMA5320,3775
E02002891,LMA5320,3613
E02002892,LMA5320,2251
E02002893,LMA5320,3945
E02002894,LMA5320,3281
E02002895,LMA5320,3562
E02002896,LMA5320,4171
E02002897,LMA5320,3426
E02002898,LMA5320,3124
E02002899,LMA5320,2240
E02002901,LMA5320,2827
E02002902,LMA5320,3517
E02002903,LMA5320,2619
E02002904,LMA5320,2704
E02002905,LMA5909,3068
E02002906,LMA2836,2615
E02002907,LMA2836,2806
E02002908,LMA2836,4186
E02002909,LMA2836,5114
E02002910,LMA2836,3838
E02002911,LMA2836,4464
E02002912,LMA2836,3802
E02002913,LMA2836,2576
E02002914,LMA2836,4840
E02002915,LMA2836,3241
E02002916,LMA2836,5035
E02002917,LMA2836,3694
E02002918,LMA2836,2844
E02002919,LMA2836,4564
E02002920,LMA2836,3457
E02002921,LMA2836,3464
E02002922,LMA2836,3233
E02002923,LMA2836,4578
E02002924,LMA2836,3093
E02002925,LMA2836,5612
E02002926,LMA2836,5035
E02002927,LMA2836,5779
E02002928,LMA2863,2854
E02002929,LMA2863,2817
E02002930,LMA2863,2594
E02002931,LMA2863,3248
E02002932,LMA2863,3821
E02002933,LMA2863,4220
E02002934,LMA2863,3021
E02002935,LMA2863,3146
E02002936,LMA2863,3917
E02002937,LMA2863,5283
E02002938,LMA2863,2864
E02002939,LMA2863,2904
E02002940,LMA2863,3063
E02002941,LMA2863,4604
E02002942,LMA2863,3378
E02002943,LMA2863,5130
E02002944,LMA2863,3094
E02002945,LMA2863,4501
E02002946,LMA2863,4075
E02002947,LMA2863,2980
E02002948,LMA2863,2408
E02002949,LMA2863,2467
E02002950,LMA2863,2073
E02002951,LMA2893,3715
E02002952,LMA2893,2971
E02002953,LMA2893,2898
E02002954,LMA2893,3384
E02002955,LMA2893,2754
E02002956,LMA2893,3927
E02002957,LMA2893,4919
E02002958,LMA2893,3605
E02002959,LMA2893,3407
E02002960,LMA2893,2904
E02002961,LMA2893,2480
E02002962,LMA2893,2508
E02002963,LMA2893,3266
E02002964,LMA2893,3749
E02002965,LMA2893,2605
E02002966,LMA2893,3761
E02002967,LMA2893,3316
E02002968,LMA2893,4518
E02002969,LMA2893,4077
E02002970,LMA2893,3759
E02002971,LMA2893,2663
E02002972,LMA2893,2665
E02002973,LMA2893,3699
E02002974,LMA2893,2455
E02002975,LMA2893,4211
E02002976,LMA2893,2521
E02002977,LMA2893,2286
E02002978,LMA2893,2386
E02002979,LMA2893,2037
E02002980,LMA2893,2720
E02002981,LMA2893,3427
E02002982,LMA2893,2635
E02002983,LMA2893,2961
E02002984,LMA2893,3158
E02002985,LMA2916,2522
E02002986,LMA2916,2304
E02002987,LMA2916,2543
E02002988,LMA2916,2794
E02002989,LMA2916,2477
E02002990,LMA2916,3251
E02002991,LMA2916,5230
E02002992,LMA2916,2955
E02002993,LMA2916,2852
E02002994,LMA2916,4839
E02002995,LMA2916,2287
E02002996,LMA2916,3952
E02002997,LMA2916,2945
E02002998,LMA2916,2621
E02002999,LMA2916,2662
E02003000,LMA2916,4497
E02003001,LMA2916,2713
E02003002,LMA2916,2358
E02003003,LMA2916,2925
E02003004,LMA2916,3243
E02003005,LMA2916,3066
E02003006,LMA2916,4539
E02003007,LMA2916,4200
E02003008,LMA2916,2790
E02003009,LMA2916,3074
E02003010,LMA2916,3165
E02003011,LMA2916,2466
E02003012,LMA2916,4817
E02003013,LMA2916,5131
E02003014,LMA2916,3120
E02003015,LMA2916,2703
E02003016,LMA2916,3701
E02003017,LMA2916,2924
E02003018,LMA2916,2684
E02003019,LMA2916,4723
E02003020,LMA2916,2804
E02003021,LMA2916,3843
E02003022,LMA2916,2775
E02003023,LMA2916,2827
E02003024,LMA2916,3796
E02003025,LMA2916,2943
E02003026,LMA2916,3727
E02003027,LMA2916,6866
E02003028,LMA2916,4555
E02003029,LMA2916,2632
E02003030,LMA2916,3584
E02003031,LMA2916,5915
E02003032,LMA2916,3653
E02003033,LMA2916,4709
E02003034,LMA2916,6303
E02003036,LMA2916,4348
E02003037,LMA2916,5147
E02003038,LMA2916,3341
E02003039,LMA2916,3843
E02003040,LMA2916,4978
E02003041,LMA2916,3632
E02003043,LMA2916,5192
E02003044,LMA2916,3257
E02003045,LMA2916,3714
E02003046,LMA2916,5340
E02003047,LMA2916,5954
E02003048,LMA2916,4043
E02003049,LMA2916,3648
E02003050,LMA2916,5035
E02003051,LMA2916,3708
E02003052,LMA2916,3686
E02003053,LMA2916,4202
E02003054,LMA2916,3540
E02003055,LMA2916,3252
E02003056,LMA2916,2778
E02003057,LMA2916,2921
E02003058,LMA2916,4288
E02003059,LMA2916,2521
E02003060,LMA2916,5104
E02003061,LMA2916,2321
E02003062,LMA2916,2131
E02003063,LMA2916,3644
E02003064,LMA2916,2177
E02003065,LMA5933,4509
E02003066,LMA5933,2928
E02003067,LMA5933,3838
E02003068,LMA5933,3002
E02003069,LMA5933,2583
E02003070,LMA5933,6168
E02003071,LMA5933,3780
E02003072,LMA5933,4344
E02003073,LMA5933,3371
E02003074,LMA5933,4407
E02003075,LMA5933,2832
E02003076,LMA5933,4738
E02003077,LMA5933,3037
E02003078,LMA5933,3330
E02003079,LMA5933,5110
E02003080,LMA5933,3570
E02003081,LMA5933,4213
E02003082,LMA5933,4041
E02003084,LMA5933,4166
E02003085,LMA5933,2907
E02003086,LMA5933,2687
E02003087,LMA5933,4309
E02003088,LMA5915,3837
E02003089,LMA5933,2299
E02003090,LMA2916,3322
E02003091,LMA2916,3230
E02003092,LMA2916,4030
E02003093,LMA2916,3320
E02003094,LMA2916,4377
E02003095,LMA2916,3914
E02003096,LMA2916,3510
E02003097,LMA2916,3092
E02003098,LMA2916,6129
E02003099,LMA2916,3453
E02003100,LMA2916,5485
E02003101,LMA2916,6374
E02003102,LMA2916,3183
E02003103,LMA2916,4006
E02003104,LMA2916,4133
E02003105,LMA2916,2947
E02003106,LMA2916,5154
E02003107,LMA2916,5278
E02003108,LMA2916,4839
E02003109,LMA2916,2894
E02003110,LMA2916,5879
E02003111,LMA2916,3186
E02003112,LMA2916,2995
E02003113,LMA2916,5371
E02003114,LMA2916,3494
E02003115,LMA2916,4718
E02003116,LMA2916,3538
E02003117,LMA2916,4400
E02003118,LMA2916,5786
E02003119,LMA2916,5349
E02003120,LMA2916,4193
E02003121,LMA2916,5483
E02003122,LMA3040,2999
E02003123,LMA3040,3489
E02003124,LMA3040,3377
E02003125,LMA3040,2643
E02003126,LMA3040,3529
E02003127,LMA3040,3109
E02003128,LMA3040,3716
E02003129,LMA3040,2853
E02003130,LMA3040,4494
E02003131,LMA3040,3447
E02003132,LMA3040,3798
E02003133,LMA3040,3438
E02003134,LMA3040,2694
E02003135,LMA3040,3272
E02003136,LMA3040,3570
E02003137,LMA3040,3734
E02003138,LMA3040,3980
E02003139,LMA3040,3756
E02003140,LMA3040,3789
E02003141,LMA3040,4180
E02003142,LMA3040,4151
E02003143,LMA3040,3883
E02003144,LMA3040,3786
E02003145,LMA3040,3386
E02003146,LMA3040,4406
E02003147,LMA3040,3003
E02003148,LMA3040,3676
E02003149,LMA3040,4372
E02003150,LMA3040,5239
E02003151,LMA3040,3248
E02003152,LMA3040,4442
E02003153,LMA3040,3704
E02003154,LMA6698,2830
E02003155,LMA6698,2538
E02003156,LMA6698,4729
E02003157,LMA6698,2842
E02003158,LMA6698,2361
E02003159,LMA6698,2765
E02003161,LMA6698,3329
E02003163,LMA6698,3341
E02003164,LMA6698,3898
E02003165,LMA6698,3298
E02003166,LMA6698,4420
E02003167,LMA6698,3676
E02003168,LMA6698,3111
E02003169,LMA6698,2591
E02003170,LMA6698,3735
E02003171,LMA6698,2954
E02003172,LMA3107,2655
E02003173,LMA3107,2908
E02003174,LMA3107,3874
E02003175,LMA3107,4533
E02003176,LMA3107,2905
E02003177,LMA3107,4168
E02003178,LMA3107,3895
E02003179,LMA3107,2712
E02003180,LMA3107,4267
E02003181,LMA3107,4369
E02003182,LMA3107,3416
E02003183,LMA3107,3201
E02003184,LMA3107,4197
E02003185,LMA3107,3736
E02003186,LMA3107,4621
E02003187,LMA3107,4483
E02003188,LMA3107,5156
E02003189,LMA3107,3961
E02003190,LMA3107,5129
E02003191,LMA3107,3504
E02003192,LMA3107,5031
E02003194,LMA3107,2848
E02003195,LMA3107,2819
E02003196,LMA3107,4769
E02003197,LMA3107,3677
E02003198,LMA3107,3804
E02003199,LMA3107,4653
E02003200,LMA3107,4512
E02003201,LMA3107,5142
E02003202,LMA3107,3064
E02003203,LMA3107,4042
E02003204,LMA3107,4222
E02003205,LMA3107,4179
E02003206,LMA3107,4972
E02003207,LMA3107,3302
E02003208,LMA3107,5288
E02003209,LMA3107,2993
E02003210,LMA3107,4324
E02003211,LMA3107,3395
E02003212,LMA3139,4111
E02003214,LMA3139,2358
E02003215,LMA3139,3655
E02003216,LMA3139,4493
E02003217,LMA3139,3033
E02003218,LMA3139,2779
E02003219,LMA3139,3485
E02003220,LMA3139,5392
E02003221,LMA3139,3337
E02003222,LMA3139,3726
E02003223,LMA3139,5576
E02003224,LMA3139,4750
E02003225,LMA3139,3591
E02003226,LMA3139,4557
E02003227,LMA3139,2531
E02003228,LMA3139,3420
E02003229,LMA3139,3443
E02003230,LMA3139,4568
E02003231,LMA3139,3469
E02003232,LMA3139,4816
E02003233,LMA3139,4365
E02003234,LMA3139,4458
E02003235,LMA3139,3601
E02003236,LMA3139,5093
E02003237,LMA3162,3187
E02003238,LMA3162,3238
E02003239,LMA3162,4335
E02003240,LMA3162,3726
E02003241,LMA3162,3091
E02003242,LMA3162,3827
E02003243,LMA3162,3999
E02003244,LMA3162,3589
E02003245,LMA3162,3223
E02003246,LMA3162,3843
E02003247,LMA3162,3677
E02003248,LMA3162,4525
E02003249,LMA3162,4747
E02003250,LMA3162,4838
E02003251,LMA3162,3278
E02003252,LMA3162,5314
E02003253,LMA3162,4434
E02003254,LMA3162,4591
E02003255,LMA3162,4335
E02003257,LMA3162,3694
E02003258,LMA3190,4660
E02003259,LMA3190,3025
E02003260,LMA3190,3283
E02003261,LMA3190,2703
E02003262,LMA3190,4095
E02003263,LMA3190,5233
E02003264,LMA3190,4517
E02003265,LMA3190,4317
E02003266,LMA3190,3943
E02003267,LMA3190,4588
E02003268,LMA3190,4324
E02003269,LMA3190,4982
E02003270,LMA3190,3562
E02003271,LMA3190,5566
E02003272,LMA3190,3456
E02003273,LMA3190,4877
E02003274,LMA3190,3577
E02003275,LMA3190,5574
E02003276,LMA3190,3202
E02003277,LMA3190,4268
E02003278,LMA3190,5689
E02003279,LMA4896,4490
E02003280,LMA4896,4566
E02003281,LMA4896,4121
E02003282,LMA4896,4661
E02003283,LMA4896,4829
E02003284,LMA4896,5286
E02003285,LMA4896,5547
E02003286,LMA4896,4526
E02003287,LMA4896,3897
E02003288,LMA4896,4753
E02003289,LMA4896,5546
E02003290,LMA4896,5098
E02003291,LMA4896,5242
E02003292,LMA4896,5103
E02003293,LMA4896,5485
E02003294,LMA4896,4226
E02003295,LMA4896,4408
E02003296,LMA6780,3634
E02003297,LMA6780,3220
E02003298,LMA6780,3306
E02003299,LMA6780,3266
E02003300,LMA6780,4072
E02003301,LMA6780,4477
E02003302,LMA6780,4470
E02003303,LMA6780,3700
E02003304,LMA6780,4291
E02003305,LMA6780,2723
E02003307,LMA6780,4152
E02003308,LMA6780,3410
E02003309,LMA6780,3920
E02003310,LMA6780,6156
E02003311,LMA6780,4356
E02003312,LMA6780,4245
E02003313,LMA6780,5470
E02003314,LMA4272,2888
E02003315,LMA4272,2841
E02003316,LMA4272,4890
E02003317,LMA4272,2884
E02003318,LMA4272,2982
E02003319,LMA4272,3813
E02003320,LMA4272,4349
E02003321,LMA4272,2644
E02003322,LMA4272,2884
E02003323,LMA4272,3341
E02003324,LMA4272,4461
E02003325,LMA4272,3231
E02003326,LMA4272,3621
E02003327,LMA4272,3646
E02003328,LMA4272,3708
E02003329,LMA4272,3274
E02003330,LMA4272,3332
E02003331,LMA4272,3952
E02003332,LMA4272,2959
E02003333,LMA4272,2898
E02003334,LMA4272,2876
E02003335,LMA4272,2940
E02003336,LMA4272,2776
E02003337,LMA4272,3176
E02003338,LMA4272,3352
E02003339,LMA4272,3002
E02003340,LMA4272,3367
E02003341,LMA4272,2783
E02003342,LMA4272,3027
E02003343,LMA4272,2926
E02003344,LMA4272,3382
E02003345,LMA4272,3328
E02003346,LMA4272,2953
E02003347,LMA4272,3519
E02003348,LMA4272,4073
E02003349,LMA4272,3713
E02003350,LMA4272,3010
E02003351,LMA4272,4142
E02003352,LMA4896,2908
E02003353,LMA4708,5022
E02003354,LMA4708,5581
E02003355,LMA4708,3284
E02003356,LMA4896,3638
E02003357,LMA4708,4690
E02003358,LMA4708,4760
E02003359,LMA4896,4002
E02003360,LMA4708,5142
E02003361,LMA4896,4132
E02003362,LMA4896,3747
E02003363,LMA3139,3158
E02003364,LMA3139,3870
E02003365,LMA3139,3595
E02003366,LMA3139,4561
E02003367,LMA4708,3217
E02003368,LMA3139,3024
E02003369,LMA4708,2992
E02003370,LMA4708,3509
E02003371,LMA4708,3202
E02003372,LMA4708,4039
E02003373,LMA4708,4337
E02003374,LMA4708,3295
E02003375,LMA4708,3149
E02003376,LMA3139,3176
E02003377,LMA4708,5155
E02003378,LMA4708,3985
E02003379,LMA4708,3793
E02003380,LMA4708,4632
E02003381,LMA4708,3166
E02003382,LMA4708,3896
E02003383,LMA4708,3977
E02003384,LMA4708,3376
E02003385,LMA4708,4313
E02003386,LMA4708,4177
E02003387,LMA4708,4725
E02003388,LMA4708,2861
E02003389,LMA4708,3994
E02003390,LMA4708,3756
E02003391,LMA4708,4192
E02003392,LMA4708,4556
E02003393,LMA4708,4253
E02003394,LMA4708,3500
E02003395,LMA4708,5335
E02003396,LMA4708,5175
E02003397,LMA4708,3438
E02003398,LMA4708,5648
E02003399,LMA4708,7306
E02003400,LMA4708,4201
E02003401,LMA4708,4471
E02003402,LMA4708,5371
E02003403,LMA4708,4007
E02003404,LMA4708,2845
E02003405,LMA4708,4539
E02003406,LMA4708,3483
E02003407,LMA4896,4102
E02003408,LMA4896,4772
E02003409,LMA4896,5468
E02003410,LMA4896,4731
E02003411,LMA4896,4860
E02003412,LMA4896,4937
E02003413,LMA4896,5645
E02003414,LMA4896,6261
E02003415,LMA4896,5505
E02003416,LMA4896,4401
E02003417,LMA4896,4914
E02003418,LMA4896,4525
E02003419,LMA4896,3973
E02003420,LMA4896,3387
E02003421,LMA3139,2699
E02003422,LMA3139,5817
E02003423,LMA3139,2938
E02003424,LMA3139,4212
E02003425,LMA3139,5751
E02003426,LMA3139,4927
E02003427,LMA3139,3810
E02003428,LMA3139,4810
E02003429,LMA4896,3956
E02003430,LMA4896,3575
E02003431,LMA4896,3542
E02003432,LMA4896,4021
E02003433,LMA4896,3352
E02003434,LMA4896,4355
E02003435,LMA4896,3709
E02003436,LMA4896,4391
E02003437,LMA4896,3648
E02003438,LMA4896,4760
E02003439,LMA4708,2651
E02003440,LMA4708,4706
E02003441,LMA4708,3869
E02003442,LMA4708,4082
E02003443,LMA4708,2725
E02003444,LMA4708,4285
E02003445,LMA3139,4474
E02003446,LMA4708,4410
E02003447,LMA3139,5008
E02003448,LMA3139,3716
E02003449,LMA4708,4621
E02003450,LMA4708,5906
E02003451,LMA3139,3962
E02003452,LMA3139,3292
E02003453,LMA3139,3530
E02003454,LMA3139,3939
E02003455,LMA4708,3667
E02003456,LMA3139,3674
E02003457,LMA3139,5105
E02003458,LMA3139,4003
E02003459,LMA3535,4554
E02003460,LMA3535,4886
E02003461,LMA3535,3929
E02003462,LMA3535,4416
E02003463,LMA3535,3551
E02003464,LMA3535,3148
E02003465,LMA3535,3352
E02003466,LMA3535,3757
E02003467,LMA3535,2959
E02003468,LMA3535,3891
E02003469,LMA3535,3251
E02003470,LMA3535,2168
E02003471,LMA3535,3266
E02003472,LMA3535,4860
E02003473,LMA3535,3214
E02003474,LMA3535,4648
E02003475,LMA3535,8384
E02003476,LMA3535,3763
E02003477,LMA3535,6073
E02003478,LMA3535,3693
E02003479,LMA3535,3670
E02003480,LMA3535,4616
E02003481,LMA3535,2837
E02003482,LMA3535,3342
E02003483,LMA3535,5941
E02003484,LMA3535,3904
E02003485,LMA3535,3888
E02003486,LMA3535,5038
E02003487,LMA3535,3492
E02003488,LMA3535,3179
E02003489,LMA3535,3534
E02003490,LMA3190,2772
E02003491,LMA4272,3790
E02003492,LMA4272,2927
E02003493,LMA4272,3823
E02003494,LMA4272,3297
E02003495,LMA4272,3694
E02003496,LMA4272,3256
E02003497,LMA4272,3622
E02003498,LMA4272,3221
E02003499,LMA4272,3204
E02003500,LMA4272,4485
E02003501,LMA4272,4494
E02003502,LMA4272,3714
E02003503,LMA4272,4113
E02003504,LMA4272,4875
E02003505,LMA4272,4899
E02003506,LMA4272,3576
E02003507,LMA4272,4563
E02003508,LMA4272,4622
E02003509,LMA4272,5240
E02003510,LMA4272,4802
E02003511,LMA4272,4134
E02003512,LMA4272,4905
E02003513,LMA4272,3134
E02003514,LMA4272,5741
E02003515,LMA4272,3287
E02003516,LMA4272,5638
E02003517,LMA4272,6088
E02003518,LMA4272,4267
E02003519,LMA4272,5828
E02003520,LMA4272,4598
E02003521,LMA4272,4265
E02003522,LMA4272,3635
E02003523,LMA4272,4680
E02003524,LMA3501,3458
E02003525,LMA3501,2630
E02003526,LMA3501,3057
E02003527,LMA3501,2904
E02003529,LMA3501,3881
E02003530,LMA3501,3765
E02003531,LMA3501,4370
E02003532,LMA3501,4012
E02003533,LMA3501,2705
E02003534,LMA3501,4743
E02003535,LMA3501,4951
E02003536,LMA3501,2654
E02003537,LMA3501,5281
E02003538,LMA3501,5003
E02003539,LMA3501,4607
E02003540,LMA3501,4281
E02003541,LMA3501,3804
E02003542,LMA3501,4419
E02003543,LMA3501,4083
E02003544,LMA3501,3358
E02003545,LMA3501,3620
E02003546,LMA3501,4171
E02003547,LMA3501,4210
E02003548,LMA3501,3425
E02003549,LMA3501,3227
E02003550,LMA3501,4055
E02003551,LMA3501,2421
E02003552,LMA3501,2836
E02003553,LMA3501,2635
E02003554,LMA3501,3006
E02003555,LMA3501,3504
E02003556,LMA3501,2978
E02003557,LMA3501,2889
E02003558,LMA3501,3228
E02003559,LMA3501,3998
E02003560,LMA3501,2955
E02003561,LMA3501,3511
E02003562,LMA3501,4587
E02003563,LMA3501,3913
E02003564,LMA3501,3826
E02003565,LMA3501,3079
E02003566,LMA3501,2708
E02003567,LMA3501,3630
E02003568,LMA3501,5065
E02003569,LMA3501,4302
E02003570,LMA3501,4166
E02003571,LMA3501,3475
E02003572,LMA3501,3171
E02003573,LMA3501,3146
E02003574,LMA3501,4063
E02003575,LMA3501,2710
E02003576,LMA3501,4153
E02003577,LMA3501,5737
E02003578,LMA3501,3302
E02003579,LMA3501,4141
E02003580,LMA3501,2434
E02003581,LMA3501,3926
E02003582,LMA3501,3714
E02003583,LMA3501,2782
E02003584,LMA3501,2942
E02003585,LMA3501,2864
E02003586,LMA3501,3266
E02003587,LMA3501,3563
E02003588,LMA3501,3168
E02003589,LMA3501,3615
E02003590,LMA3501,2895
E02003591,LMA3501,4301
E02003592,LMA3501,3577
E02003593,LMA3501,2485
E02003594,LMA3501,3960
E02003595,LMA3501,3483
E02003596,LMA3501,3469
E02003597,LMA3501,2497
E02003598,LMA3501,3112
E02003599,LMA3190,2945
E02003600,LMA3190,3168
E02003601,LMA3190,3959
E02003602,LMA3535,3037
E02003603,LMA3190,5258
E02003604,LMA3190,3522
E02003605,LMA3535,3831
E02003606,LMA3190,3856
E02003607,LMA3535,4516
E02003608,LMA3190,6005
E02003609,LMA3190,5402
E02003610,LMA3190,3704
E02003611,LMA3190,4584
E02003612,LMA3190,5343
E02003613,LMA3190,3020
E02003614,LMA3190,4399
E02003615,LMA3190,4554
E02003616,LMA3535,2836
E02003617,LMA3535,4469
E02003618,LMA3535,4315
E02003619,LMA3535,5086
E02003620,LMA3535,3953
E02003621,LMA3535,3830
E02003622,LMA3535,3949
E02003623,LMA3535,4129
E02003624,LMA3535,2768
E02003625,LMA3535,3843
E02003626,LMA3535,2805
E02003627,LMA3535,4693
E02003628,LMA3535,3352
E02003629,LMA3535,4348
E02003630,LMA3535,4468
E02003631,LMA3535,2772
E02003632,LMA3535,3117
E02003633,LMA3535,3806
E02003634,LMA3535,4909
E02003635,LMA3535,2667
E02003636,LMA3190,3839
E02003637,LMA3190,4856
E02003638,LMA3190,3897
E02003639,LMA3190,4403
E02003640,LMA3190,3165
E02003641,LMA3190,3087
E02003642,LMA3190,3913
E02003643,LMA3190,5507
E02003644,LMA3190,4222
E02003645,LMA3190,3423
E02003646,LMA3190,4299
E02003647,LMA3190,4362
E02003648,LMA3190,2326
E02003649,LMA3190,3670
E02003650,LMA3190,3419
E02003651,LMA3190,3070
E02003652,LMA3139,4326
E02003653,LMA3139,3202
E02003654,LMA3139,2911
E02003655,LMA3139,5213
E02003656,LMA3139,2978
E02003657,LMA3139,3136
E02003658,LMA3139,3733
E02003659,LMA3139,4357
E02003660,LMA3190,5033
E02003661,LMA3139,2983
E02003662,LMA3139,3439
E02003663,LMA3139,2728
E02003664,LMA3139,2996
E02003665,LMA3139,3074
E02003666,LMA3139,3522
E02003667,LMA3139,5657
E02003668,LMA3139,4352
E02003669,LMA3139,3206
E02003670,LMA3139,4977
E02003671,LMA3139,3227
E02003672,LMA3139,5002
E02003673,LMA3139,4226
E02003674,LMA3139,2694
E02003675,LMA3139,4079
E02003676,LMA3139,4033
E02003677,LMA3139,4594
E02003678,LMA3139,2815
E02003679,LMA3139,3269
E02003680,LMA3139,4905
E02003681,LMA3139,4675
E02003682,LMA3139,3809
E02003683,LMA3139,2867
E02003685,LMA3139,3798
E02003686,LMA3139,3410
E02003687,LMA3139,2712
E02003688,LMA3139,5686
E02003689,LMA3139,4034
E02003690,LMA3190,3170
E02003691,LMA3139,3353
E02003692,LMA3139,4315
E02003693,LMA3139,3272
E02003694,LMA3139,4103
E02003695,LMA3139,5409
E02003696,LMA3139,3768
E02003697,LMA3139,3016
E02003698,LMA3139,4304
E02003699,LMA3139,3014
E02003701,LMA3139,5645
E02003702,LMA3139,4558
E02003703,LMA3139,4078
E02003704,LMA3139,3162
E02003705,LMA3139,3363
E02003706,LMA3139,3186
E02003707,LMA3139,3323
E02003708,LMA3139,4083
E02003709,LMA3139,2741
E02003710,LMA3139,5068
E02003711,LMA3139,4853
E02003712,LMA3139,3769
E02003713,LMA3139,2913
E02003714,LMA3139,3636
E02003715,LMA3139,3354
E02003716,LMA3139,2762
E02003717,LMA3139,4293
E02003718,LMA3139,2938
E02003719,LMA6141,4843
E02003720,LMA6141,4538
E02003721,LMA6141,4980
E02003722,LMA6141,4821
E02003723,LMA6141,2824
E02003724,LMA6141,5262
E02003725,LMA6141,4382
E02003726,LMA6141,4528
E02003727,LMA6141,5595
E02003728,LMA6141,4899
E02003729,LMA6141,4583
E02003730,LMA6141,3965
E02003731,LMA6141,4393
E02003732,LMA5434,4390
E02003733,LMA6141,4475
E02003734,LMA6141,5937
E02003735,LMA6141,4522
E02003736,LMA6141,5283
E02003737,LMA6141,6567
E02003738,LMA6141,3260
E02003739,LMA6141,3278
E02003740,LMA6141,3055
E02003742,LMA3651,2806
E02003743,LMA3651,4486
E02003744,LMA3651,5968
E02003745,LMA3651,4374
E02003746,LMA3651,3692
E02003747,LMA3162,5439
E02003748,LMA3651,3307
E02003749,LMA3162,3166
E02003750,LMA3651,3072
E02003751,LMA3651,3215
E02003752,LMA3651,5171
E02003753,LMA3162,5815
E02003754,LMA3162,3080
E02003755,LMA3162,4351
E02003756,LMA3162,3499
E02003757,LMA3162,3327
E02003758,LMA3162,5183
E02003759,LMA3162,3352
E02003760,LMA3162,3954
E02003761,LMA3162,3000
E02003762,LMA3162,4365
E02003763,LMA3162,5583
E02003764,LMA3162,5430
E02003765,LMA3162,3302
E02003766,LMA3162,3621
E02003767,LMA3162,3333
E02003768,LMA3162,4810
E02003769,LMA3162,3584
E02003770,LMA3162,4200
E02003771,LMA3162,3144
E02003772,LMA3162,3694
E02003773,LMA3162,5664
E02003774,LMA3162,2958
E02003775,LMA6141,3805
E02003776,LMA6141,3491
E02003777,LMA6141,3802
E02003778,LMA6141,3466
E02003779,LMA6141,2963
E02003780,LMA6141,5667
E02003781,LMA6141,3631
E02003783,LMA6141,3363
E02003784,LMA6141,4647
E02003785,LMA6141,4685
E02003786,LMA6141,3021
E02003787,LMA3190,3826
E02003788,LMA6141,3142
E02003789,LMA6141,3882
E02003790,LMA6141,4910
E02003791,LMA6141,4176
E02003792,LMA3190,4850
E02003793,LMA3190,3963
E02003794,LMA6872,4389
E02003795,LMA6872,2705
E02003796,LMA6872,3135
E02003797,LMA6872,4767
E02003798,LMA6872,2643
E02003799,LMA6872,3081
E02003800,LMA6872,2953
E02003801,LMA6872,3464
E02003802,LMA6872,4566
E02003803,LMA6872,4577
E02003804,LMA6872,3764
E02003805,LMA6872,2898
E02003806,LMA6872,3043
E02003807,LMA6872,3865
E02003808,LMA6872,3107
E02003809,LMA6872,3784
E02003810,LMA6872,3989
E02003811,LMA3736,2872
E02003812,LMA3736,2689
E02003813,LMA3736,3155
E02003814,LMA3736,3880
E02003815,LMA2893,3034
E02003816,LMA2893,3420
E02003817,LMA2893,3354
E02003818,LMA2893,2966
E02003819,LMA3736,2671
E02003820,LMA3736,3640
E02003821,LMA3736,2544
E02003822,LMA3736,5371
E02003823,LMA3736,2831
E02003824,LMA3736,2503
E02003825,LMA3736,4065
E02003826,LMA3736,3172
E02003827,LMA3736,3750
E02003828,LMA3736,2744
E02003829,LMA3736,2922
E02003830,LMA3736,3592
E02003831,LMA3736,4725
E02003832,LMA3736,3033
E02003833,LMA3736,3103
E02003834,LMA3736,3273
E02003835,LMA3736,3819
E02003836,LMA3736,3260
E02003837,LMA3736,6315
E02003838,LMA3736,3025
E02003839,LMA3736,3265
E02003840,LMA3736,4955
E02003841,LMA6872,3338
E02003842,LMA6872,2463
E02003843,LMA6872,2678
E02003844,LMA6872,3214
E02003845,LMA6872,3784
E02003846,LMA6872,2849
E02003847,LMA6872,5304
E02003848,LMA6872,2293
E02003849,LMA6872,2923
E02003850,LMA6872,2668
E02003851,LMA6872,3040
E02003852,LMA6872,3703
E02003853,LMA4004,2935
E02003854,LMA2893,3117
E02003855,LMA2893,3153
E02003856,LMA2893,5102
E02003857,LMA2893,3390
E02003858,LMA2893,3233
E02003859,LMA3736,5801
E02003860,LMA2893,3406
E02003861,LMA3736,2981
E02003862,LMA2893,2209
E02003863,LMA3736,3209
E02003864,LMA2893,3839
E02003865,LMA2893,4039
E02003866,LMA2893,2997
E02003867,LMA2893,3821
E02003868,LMA2893,4168
E02003869,LMA2893,3640
E02003870,LMA2893,5912
E02003871,LMA2893,3295
E02003872,LMA2893,4855
E02003873,LMA2893,2890
E02003874,LMA3736,4218
E02003875,LMA3736,3302
E02003876,LMA3736,2793
E02003877,LMA3736,4608
E02003878,LMA3736,4127
E02003879,LMA3736,3174
E02003880,LMA3736,2887
E02003881,LMA3736,3171
E02003882,LMA3736,4483
E02003883,LMA3736,5178
E02003884,LMA3736,3687
E02003885,LMA3736,2861
E02003886,LMA3736,3119
E02003887,LMA3736,3175
E02003888,LMA3736,2865
E02003889,LMA3736,2203
E02003890,LMA3736,2932
E02003891,LMA3736,2764
E02003892,LMA4129,2905
E02003893,LMA3040,3225
E02003894,LMA3040,3769
E02003895,LMA3040,3782
E02003896,LMA3040,2435
E02003897,LMA3040,2882
E02003898,LMA3040,3155
E02003899,LMA3040,2405
E02003900,LMA3040,3538
E02003901,LMA3040,3284
E02003902,LMA3040,2497
E02003903,LMA3040,3038
E02003904,LMA3040,2317
E02003905,LMA3854,3268
E02003906,LMA3854,2646
E02003907,LMA3854,3683
E02003908,LMA3854,3763
E02003909,LMA3854,4383
E02003910,LMA3854,3094
E02003911,LMA3854,3824
E02003912,LMA3869,3710
E02003913,LMA3854,2555
E02003914,LMA3854,3338
E02003915,LMA3854,3116
E02003916,LMA3854,2814
E02003917,LMA3854,3676
E02003918,LMA3854,3199
E02003919,LMA3854,2929
E02003920,LMA3854,3510
E02003921,LMA3854,2722
E02003922,LMA3854,3565
E02003923,LMA3854,3230
E02003924,LMA3854,2806
E02003925,LMA3854,3074
E02003926,LMA3854,3878
E02003927,LMA3854,3945
E02003928,LMA3854,5685
E02003929,LMA3854,3008
E02003930,LMA3854,4350
E02003931,LMA3837,4183
E02003932,LMA3837,3292
E02003933,LMA3841,3195
E02003934,LMA3841,3134
E02003935,LMA3841,4549
E02003936,LMA3841,3970
E02003937,LMA3841,2580
E02003938,LMA3869,3020
E02003939,LMA3841,3031
E02003940,LMA3869,2922
E02003941,LMA3869,3524
E02003942,LMA3869,3231
E02003943,LMA3854,3452
E02003944,LMA3854,4057
E02003945,LMA3854,2680
E02003946,LMA3854,3969
E02003947,LMA3854,3018
E02003948,LMA3854,3252
E02003949,LMA3854,2994
E02003950,LMA3854,2583
E02003951,LMA3854,2522
E02003952,LMA3869,3101
E02003953,LMA3869,5094
E02003954,LMA3869,3399
E02003955,LMA3869,4359
E02003956,LMA3869,3325
E02003957,LMA3869,4642
E02003958,LMA3869,3637
E02003959,LMA3869,3091
E02003960,LMA3869,2592
E02003961,LMA3869,4384
E02003962,LMA3869,2928
E02003963,LMA3869,3811
E02003964,LMA3869,3343
E02003965,LMA3902,5136
E02003966,LMA3902,3742
E02003967,LMA3879,4158
E02003968,LMA3879,4135
E02003969,LMA3879,2720
E02003970,LMA3879,3925
E02003971,LMA3879,3954
E02003972,LMA3879,4533
E02003973,LMA3879,3845
E02003974,LMA3879,3492
E02003975,LMA3879,3146
E02003976,LMA3879,3449
E02003977,LMA3888,3206
E02003978,LMA3888,2876
E02003979,LMA3888,3412
E02003980,LMA3888,2734
E02003981,LMA3888,3550
E02003982,LMA3888,3679
E02003983,LMA3888,3173
E02003984,LMA3888,2689
E02003985,LMA3888,2874
E02003986,LMA3888,3021
E02003987,LMA3902,3069
E02003988,LMA3902,3169
E02003989,LMA3902,3759
E02003990,LMA3902,4927
E02003991,LMA3902,4096
E02003992,LMA3902,4493
E02003993,LMA3902,4478
E02003994,LMA3902,3581
E02003995,LMA3902,4222
E02003996,LMA3902,5496
E02003997,LMA3902,4096
E02003998,LMA3902,2946
E02003999,LMA3902,4790
E02004000,LMA3911,2571
E02004001,LMA3911,2639
E02004002,LMA3911,5233
E02004003,LMA3911,5635
E02004004,LMA3911,4035
E02004005,LMA3911,3802
E02004006,LMA3911,4379
E02004007,LMA3911,4664
E02004008,LMA3917,3392
E02004009,LMA3917,3280
E02004010,LMA3917,3821
E02004011,LMA3917,4999
E02004012,LMA3917,2970
E02004013,LMA3917,5148
E02004014,LMA3917,3988
E02004015,LMA3923,3414
E02004016,LMA3923,4393
E02004017,LMA3923,4561
E02004018,LMA3923,4226
E02004019,LMA3923,4165
E02004020,LMA3923,4404
E02004021,LMA3923,2797
E02004022,LMA3888,2972
E02004023,LMA3923,2920
E02004024,LMA3923,3550
E02004025,LMA3923,3749
E02004026,LMA3888,3844
E02004027,LMA3923,3387
E02004028,LMA3888,3617
E02004029,LMA5320,2987
E02004030,LMA5320,2683
E02004031,LMA5320,2971
E02004032,LMA5320,4275
E02004033,LMA5320,4571
E02004034,LMA5320,3713
E02004035,LMA5320,3213
E02004036,LMA5320,4573
E02004037,LMA5320,4005
E02004038,LMA5320,3964
E02004039,LMA5320,4251
E02004040,LMA5320,4483
E02004041,LMA5320,3592
E02004043,LMA5320,3503
E02004044,LMA5320,3469
E02004045,LMA4004,4524
E02004046,LMA5320,2842
E02004047,LMA5320,2309
E02004048,LMA4004,2833
E02004049,LMA4004,3520
E02004050,LMA5320,2869
E02004051,LMA5320,3883
E02004052,LMA5320,3751
E02004053,LMA5320,3626
E02004054,LMA5320,4404
E02004055,LMA4004,3343
E02004056,LMA4004,3163
E02004057,LMA4004,3710
E02004058,LMA4004,3208
E02004059,LMA4004,3468
E02004060,LMA4004,3212
E02004061,LMA4004,3271
E02004062,LMA4004,3732
E02004063,LMA4004,3740
E02004064,LMA4004,4609
E02004065,LMA4004,3981
E02004066,LMA4004,5884
E02004067,LMA4004,2488
E02004068,LMA4004,3830
E02004069,LMA4004,3283
E02004070,LMA4004,3027
E02004071,LMA4004,2547
E02004072,LMA4004,4384
E02004073,LMA4004,4400
E02004074,LMA4004,2828
E02004075,LMA2893,3898
E02004076,LMA2893,3208
E02004077,LMA2893,3842
E02004078,LMA5320,2869
E02004080,LMA5320,4598
E02004081,LMA5320,2800
E02004082,LMA5320,3221
E02004083,LMA5320,3933
E02004084,LMA5320,2535
E02004085,LMA5320,4198
E02004086,LMA5320,3568
E02004087,LMA5320,3826
E02004088,LMA5320,4042
E02004089,LMA5320,3365
E02004090,LMA5320,2995
E02004091,LMA5320,4732
E02004092,LMA5320,4572
E02004093,LMA4004,3351
E02004094,LMA4004,3225
E02004095,LMA4004,4977
E02004096,LMA4004,4905
E02004097,LMA4004,4244
E02004098,LMA4004,3661
E02004100,LMA4004,3919
E02004102,LMA4004,4031
E02004103,LMA4004,3281
E02004104,LMA4004,3674
E02004105,LMA4004,5023
E02004106,LMA4004,3423
E02004108,LMA4004,3548
E02004109,LMA4004,3232
E02004110,LMA4004,3788
E02004111,LMA5320,2566
E02004112,LMA4004,3006
E02004113,LMA5320,3796
E02004114,LMA5320,3468
E02004115,LMA5320,4502
E02004116,LMA5320,3430
E02004117,LMA5320,3374
E02004118,LMA5790,3643
E02004119,LMA5790,5810
E02004120,LMA5790,3888
E02004121,LMA5320,3532
E02004122,LMA5790,3091
E02004123,LMA5790,3228
E02004124,LMA5790,3455
E02004125,LMA5790,4324
E02004126,LMA5790,3534
E02004128,LMA5790,4976
E02004129,LMA4061,2669
E02004130,LMA4061,2724
E02004131,LMA4061,2709
E02004132,LMA4061,4235
E02004133,LMA5954,3733
E02004134,LMA4061,3540
E02004135,LMA5954,3478
E02004136,LMA4061,3603
E02004137,LMA4061,2327
E02004138,LMA4061,2689
E02004139,LMA4061,2604
E02004140,LMA4061,1860
E02004141,LMA4061,2779
E02004142,LMA4061,3246
E02004143,LMA4061,3020
E02004144,LMA4061,3138
E02004145,LMA4061,2172
E02004146,LMA4061,3439
E02004147,LMA4061,3747
E02004148,LMA4061,2675
E02004149,LMA4061,3423
E02004150,LMA4061,3309
E02004151,LMA4061,3706
E02004152,LMA4061,3336
E02004153,LMA4061,4123
E02004154,LMA4061,4151
E02004155,LMA4061,3571
E02004156,LMA4061,4440
E02004157,LMA4061,3440
E02004158,LMA4061,4350
E02004159,LMA4061,5236
E02004160,LMA4061,3516
E02004161,LMA4061,3687
E02004162,LMA4061,3970
E02004163,LMA4061,3069
E02004164,LMA4061,3421
E02004165,LMA4061,3942
E02004166,LMA4061,3264
E02004167,LMA4061,3192
E02004168,LMA4061,2874
E02004169,LMA4061,3643
E02004170,LMA4061,3961
E02004171,LMA4061,3785
E02004172,LMA4061,3133
E02004173,LMA4061,3766
E02004174,LMA4061,3815
E02004175,LMA4081,2483
E02004176,LMA4081,2642
E02004177,LMA4081,2697
E02004178,LMA4081,2633
E02004179,LMA4081,4550
E02004180,LMA4081,3008
E02004181,LMA4081,2904
E02004182,LMA4081,2928
E02004183,LMA4081,2729
E02004184,LMA4081,4310
E02004185,LMA4081,2542
E02004186,LMA4081,4019
E02004187,LMA4081,4620
E02004188,LMA4081,3072
E02004189,LMA3040,3407
E02004190,LMA3040,3866
E02004191,LMA4100,3765
E02004192,LMA4100,3389
E02004193,LMA3040,6184
E02004194,LMA4100,3137
E02004195,LMA4100,2806
E02004196,LMA3040,3449
E02004197,LMA3040,2744
E02004198,LMA4100,2990
E02004199,LMA4100,2262
E02004200,LMA4100,2363
E02004201,LMA4061,2618
E02004202,LMA4061,4009
E02004203,LMA4061,2798
E02004204,LMA4061,4572
E02004205,LMA4061,2936
E02004206,LMA4061,2753
E02004207,LMA6698,2841
E02004208,LMA4061,3521
E02004209,LMA6698,4244
E02004210,LMA4061,2987
E02004211,LMA4061,2975
E02004212,LMA4061,3046
E02004213,LMA6698,2659
E02004214,LMA6698,3015
E02004215,LMA6698,2644
E02004216,LMA6698,2624
E02004217,LMA4061,3727
E02004218,LMA6698,2753
E02004219,LMA6698,2600
E02004220,LMA4123,2625
E02004221,LMA4123,2426
E02004222,LMA4123,2652
E02004223,LMA4123,5268
E02004224,LMA4123,2992
E02004225,LMA4123,2626
E02004226,LMA4123,3392
E02004227,LMA3837,4372
E02004228,LMA3837,3325
E02004229,LMA4129,3942
E02004230,LMA4129,3613
E02004231,LMA4129,3338
E02004232,LMA4129,3284
E02004233,LMA4129,5550
E02004234,LMA4129,2844
E02004235,LMA4129,2870
E02004236,LMA3107,2832
E02004237,LMA3107,3513
E02004238,LMA4689,2458
E02004239,LMA3107,2274
E02004240,LMA3107,2709
E02004241,LMA3107,4242
E02004242,LMA3107,2464
E02004243,LMA6529,3358
E02004244,LMA3107,3481
E02004245,LMA3107,3544
E02004246,LMA3107,2820
E02004247,LMA3107,3172
E02004248,LMA3107,3052
E02004249,LMA3107,2665
E02004250,LMA3107,2964
E02004251,LMA3107,3093
E02004252,LMA3107,3179
E02004253,LMA3107,3879
E02004254,LMA3107,5153
E02004255,LMA4160,3633
E02004256,LMA4160,4603
E02004257,LMA4160,3629
E02004258,LMA4160,4833
E02004259,LMA4160,3056
E02004260,LMA4160,4891
E02004261,LMA4160,5286
E02004262,LMA4160,3739
E02004263,LMA3107,2857
E02004264,LMA3107,3969
E02004265,LMA3107,3912
E02004266,LMA4184,4266
E02004267,LMA3107,2341
E02004268,LMA3107,4251
E02004269,LMA5954,3764
E02004270,LMA5954,3521
E02004271,LMA4174,4543
E02004272,LMA4184,5692
E02004273,LMA4174,2957
E02004274,LMA4174,2948
E02004275,LMA4174,3448
E02004276,LMA4174,2515
E02004277,LMA4184,4906
E02004278,LMA4184,4312
E02004279,LMA4184,3843
E02004280,LMA4184,3635
E02004281,LMA4184,3465
E02004282,LMA4184,3722
E02004283,LMA4184,3821
E02004284,LMA4184,4549
E02004285,LMA4184,3558
E02004286,LMA4184,2421
E02004287,LMA4184,2635
E02004288,LMA4184,2391
E02004289,LMA4184,3504
E02004290,LMA2493,3219
E02004291,LMA2493,3130
E02004292,LMA2493,3642
E02004293,LMA2493,4074
E02004294,LMA2493,4425
E02004295,LMA2493,3420
E02004296,LMA2493,3856
E02004297,LMA2493,4040
E02004298,LMA2493,4630
E02004299,LMA2493,3960
E02004300,LMA2493,3159
E02004301,LMA2493,3536
E02004302,LMA2493,3472
E02004303,LMA2493,5753
E02004304,LMA2493,4097
E02004305,LMA2493,3950
E02004306,LMA5661,2716
E02004307,LMA2493,3149
E02004308,LMA2493,3825
E02004309,LMA2493,2759
E02004310,LMA2493,3668
E02004311,LMA2493,4380
E02004312,LMA2493,3558
E02004313,LMA2493,2692
E02004314,LMA2493,2723
E02004315,LMA2493,4564
E02004316,LMA2493,2676
E02004317,LMA2493,3491
E02004318,LMA2493,2884
E02004319,LMA2493,3490
E02004320,LMA2423,4466
E02004321,LMA2423,3832
E02004322,LMA2423,2889
E02004323,LMA2423,3648
E02004324,LMA2423,2453
E02004325,LMA2423,3127
E02004326,LMA2423,2490
E02004327,LMA2423,2304
E02004328,LMA2423,3089
E02004329,LMA2423,3114
E02004330,LMA2423,2400
E02004331,LMA2493,2803
E02004332,LMA2423,3339
E02004333,LMA2493,3411
E02004334,LMA2493,3220
E02004335,LMA2493,2429
E02004336,LMA2493,2841
E02004337,LMA2493,4186
E02004338,LMA2493,3020
E02004339,LMA2493,3329
E02004340,LMA2493,4211
E02004341,LMA2493,4372
E02004342,LMA2493,2227
E02004343,LMA2493,2408
E02004344,LMA2493,3114
E02004345,LMA2493,6007
E02004346,LMA2493,2728
E02004347,LMA2493,2966
E02004348,LMA2493,3822
E02004349,LMA2493,3738
E02004350,LMA2493,4559
E02004351,LMA2493,2723
E02004352,LMA2493,3289
E02004353,LMA2493,3567
E02004354,LMA2493,4128
E02004355,LMA2493,2721
E02004356,LMA4272,3398
E02004357,LMA4272,3444
E02004358,LMA4272,3185
E02004359,LMA4272,3307
E02004361,LMA4272,3596
E02004362,LMA4272,4282
E02004363,LMA4272,3149
E02004364,LMA4272,3771
E02004365,LMA4272,3773
E02004366,LMA4272,3102
E02004367,LMA4272,2477
E02004368,LMA4272,4138
E02004369,LMA4272,4315
E02004370,LMA4272,2946
E02004371,LMA4272,3173
E02004372,LMA4272,2438
E02004373,LMA4272,3936
E02004374,LMA4272,3605
E02004375,LMA4272,3987
E02004376,LMA4272,3259
E02004377,LMA4272,5010
E02004378,LMA4272,4050
E02004379,LMA4272,3789
E02004380,LMA6417,4259
E02004381,LMA4272,4940
E02004382,LMA4272,3122
E02004383,LMA4272,3541
E02004384,LMA4272,3739
E02004385,LMA4272,3696
E02004386,LMA4272,3041
E02004387,LMA4272,2876
E02004388,LMA4272,2828
E02004389,LMA4272,4049
E02004390,LMA4272,3198
E02004391,LMA4272,2859
E02004392,LMA4272,4368
E02004393,LMA4272,2742
E02004394,LMA4272,3686
E02004395,LMA4272,3357
E02004396,LMA4272,3758
E02004397,LMA4272,3570
E02004398,LMA4272,3414
E02004399,LMA4272,2898
E02004400,LMA4272,3743
E02004401,LMA4272,2789
E02004402,LMA4272,3655
E02004403,LMA6417,3267
E02004404,LMA4272,3207
E02004405,LMA4272,2848
E02004406,LMA4272,3394
E02004407,LMA4272,3697
E02004408,LMA4272,4221
E02004409,LMA4272,2726
E02004410,LMA4272,3891
E02004411,LMA4272,4326
E02004412,LMA4272,3875
E02004413,LMA4272,3423
E02004414,LMA4272,3275
E02004415,LMA4272,3113
E02004416,LMA4272,3235
E02004417,LMA4272,2603
E02004418,LMA4272,2466
E02004419,LMA4272,2383
E02004420,LMA4272,4742
E02004421,LMA4272,3335
E02004422,LMA4272,4331
E02004423,LMA4272,3217
E02004424,LMA6780,3601
E02004425,LMA6780,3738
E02004426,LMA6780,3842
E02004427,LMA6780,3467
E02004428,LMA6780,2823
E02004429,LMA6780,3608
E02004430,LMA6780,4329
E02004431,LMA6780,4969
E02004432,LMA6780,3304
E02004433,LMA6780,4389
E02004434,LMA6780,4401
E02004435,LMA6780,3692
E02004436,LMA6780,3044
E02004437,LMA6780,3758
E02004438,LMA6780,3775
E02004439,LMA6780,3555
E02004440,LMA6780,3698
E02004441,LMA6780,3308
E02004442,LMA6780,3230
E02004443,LMA6780,4049
E02004444,LMA6780,4901
E02004445,LMA4896,3889
E02004446,LMA6141,3498
E02004447,LMA6141,2979
E02004448,LMA6780,3249
E02004449,LMA6780,4201
E02004450,LMA6780,3218
E02004451,LMA6780,4186
E02004452,LMA6780,4874
E02004453,LMA6780,3272
E02004454,LMA6780,4866
E02004455,LMA6780,3993
E02004456,LMA6780,4461
E02004457,LMA6780,5099
E02004458,LMA6780,4949
E02004459,LMA6780,5043
E02004460,LMA6780,4399
E02004461,LMA6780,2799
E02004462,LMA6780,5358
E02004463,LMA6780,3997
E02004464,LMA6780,4754
E02004465,LMA6780,2785
E02004466,LMA6780,3867
E02004467,LMA6780,3770
E02004468,LMA6780,4676
E02004469,LMA6780,3493
E02004470,LMA6780,6079
E02004471,LMA6780,3837
E02004472,LMA6780,3291
E02004473,LMA4896,3863
E02004474,LMA4896,3303
E02004475,LMA4896,3223
E02004476,LMA4896,3905
E02004477,LMA4896,2748
E02004478,LMA4896,3145
E02004479,LMA4896,3980
E02004480,LMA4896,3717
E02004481,LMA4896,2684
E02004482,LMA4896,3601
E02004483,LMA4896,3872
E02004484,LMA4896,3611
E02004485,LMA6780,3529
E02004486,LMA6780,4141
E02004487,LMA6780,3462
E02004488,LMA6780,4546
E02004489,LMA6780,4661
E02004490,LMA6780,3368
E02004491,LMA6780,3958
E02004492,LMA6780,5307
E02004493,LMA6780,5367
E02004494,LMA6780,5775
E02004495,LMA6780,3792
E02004496,LMA6780,3813
E02004497,LMA6780,3839
E02004498,LMA6780,4742
E02004499,LMA6780,3732
E02004500,LMA6780,4406
E02004501,LMA6780,3548
E02004502,LMA6780,3171
E02004503,LMA6780,4424
E02004504,LMA6780,4815
E02004505,LMA6780,2388
E02004506,LMA6780,3361
E02004507,LMA6780,5248
E02004508,LMA6780,3288
E02004509,LMA6780,6002
E02004512,LMA6780,5560
E02004513,LMA6780,4075
E02004514,LMA6780,2573
E02004515,LMA6780,3737
E02004516,LMA6780,6223
E02004517,LMA6780,4186
E02004518,LMA6780,3306
E02004519,LMA6780,3451
E02004520,LMA6780,3978
E02004521,LMA6780,4398
E02004522,LMA6780,4110
E02004523,LMA6780,4670
E02004524,LMA6780,4280
E02004525,LMA6780,3611
E02004526,LMA6780,3175
E02004527,LMA3190,4589
E02004528,LMA3190,4087
E02004529,LMA3190,3366
E02004530,LMA3190,2974
E02004531,LMA3190,3035
E02004532,LMA3190,3137
E02004533,LMA3190,3409
E02004534,LMA3190,4435
E02004535,LMA3190,2671
E02004536,LMA4896,2918
E02004537,LMA4896,4064
E02004538,LMA4896,4572
E02004539,LMA4896,3681
E02004540,LMA4896,3012
E02004541,LMA4896,5875
E02004542,LMA4896,3282
E02004543,LMA4896,3051
E02004544,LMA3190,3632
E02004545,LMA3190,3338
E02004546,LMA3190,3503
E02004547,LMA3190,4080
E02004548,LMA3190,4901
E02004549,LMA3190,3583
E02004550,LMA3190,3573
E02004551,LMA3190,3341
E02004552,LMA3190,3443
E02004553,LMA3190,3438
E02004554,LMA3190,3685
E02004555,LMA6780,3137
E02004556,LMA6780,3411
E02004557,LMA6780,4275
E02004558,LMA6780,2876
E02004559,LMA6780,3898
E02004560,LMA6780,4107
E02004561,LMA6780,5111
E02004562,LMA6780,3658
E02004563,LMA4896,3061
E02004564,LMA4896,4067
E02004565,LMA4896,7192
E02004566,LMA4896,2630
E02004567,LMA4896,3860
E02004568,LMA4896,4516
E02004569,LMA4896,3719
E02004570,LMA4896,4054
E02004571,LMA4896,3929
E02004572,LMA4896,3792
E02004573,LMA4486,2551
E02004574,LMA4486,3065
E02004575,LMA6780,5561
E02004576,LMA4486,3932
E02004577,LMA6780,2592
E02004578,LMA4486,2487
E02004579,LMA4486,3025
E02004580,LMA4486,4073
E02004581,LMA6780,3567
E02004582,LMA4486,2411
E02004583,LMA6780,3733
E02004584,LMA4486,2112
E02004585,LMA4486,3099
E02004586,LMA4486,2963
E02004587,LMA4486,2684
E02004588,LMA4486,2298
E02004589,LMA4486,2811
E02004590,LMA4486,2347
E02004591,LMA3190,3495
E02004592,LMA3190,6219
E02004593,LMA3190,4088
E02004594,LMA3190,4102
E02004595,LMA3190,6413
E02004596,LMA3190,4048
E02004597,LMA3190,3746
E02004598,LMA3190,5171
E02004599,LMA3190,3758
E02004600,LMA2836,3136
E02004601,LMA2836,2406
E02004602,LMA2836,3149
E02004603,LMA2836,3809
E02004604,LMA2836,3571
E02004605,LMA2836,2528
E02004606,LMA2836,5355
E02004607,LMA2836,5737
E02004608,LMA2836,5757
E02004609,LMA2836,3966
E02004610,LMA2836,4033
E02004611,LMA2836,5582
E02004612,LMA2836,4831
E02004613,LMA2836,2953
E02004614,LMA2916,2593
E02004615,LMA6620,3732
E02004616,LMA6620,4324
E02004617,LMA6620,3970
E02004618,LMA2916,3794
E02004619,LMA3139,3786
E02004620,LMA3139,4087
E02004621,LMA3139,2896
E02004622,LMA3139,3490
E02004623,LMA3139,3860
E02004624,LMA3139,3130
E02004625,LMA2916,4859
E02004626,LMA2836,4710
E02004627,LMA2836,2684
E02004628,LMA2836,3735
E02004629,LMA2836,5755
E02004630,LMA2836,3163
E02004631,LMA2836,2440
E02004632,LMA2836,4647
E02004633,LMA2836,3916
E02004634,LMA2836,4733
E02004635,LMA2836,3510
E02004636,LMA2916,4313
E02004637,LMA2916,4339
E02004638,LMA2916,2934
E02004639,LMA2916,4193
E02004640,LMA2916,3327
E02004641,LMA2916,3427
E02004642,LMA2916,6170
E02004643,LMA2916,3554
E02004644,LMA2916,4318
E02004645,LMA2836,5518
E02004646,LMA2916,3940
E02004647,LMA2916,2671
E02004648,LMA2916,2867
E02004649,LMA2916,4251
E02004650,LMA2916,5726
E02004651,LMA2916,4262
E02004652,LMA2916,2945
E02004653,LMA2916,3473
E02004654,LMA2916,5754
E02004655,LMA2916,3943
E02004656,LMA2916,5875
E02004657,LMA2916,3703
E02004658,LMA2916,3400
E02004659,LMA2916,3169
E02004660,LMA2916,2859
E02004661,LMA2916,4021
E02004662,LMA2916,3227
E02004663,LMA2916,3323
E02004664,LMA2916,3315
E02004665,LMA2916,4335
E02004666,LMA2836,6566
E02004667,LMA2836,5156
E02004668,LMA6620,3915
E02004669,LMA2836,3344
E02004670,LMA2836,6264
E02004671,LMA2836,3093
E02004672,LMA2836,6482
E02004673,LMA2836,2466
E02004674,LMA2836,4499
E02004675,LMA4708,3915
E02004676,LMA4708,4338
E02004677,LMA4708,3713
E02004678,LMA4708,3964
E02004679,LMA4708,4426
E02004680,LMA4708,4280
E02004681,LMA4708,5887
E02004682,LMA4708,4602
E02004683,LMA4708,3478
E02004684,LMA4708,4965
E02004685,LMA4708,4147
E02004686,LMA4708,4659
E02004687,LMA4708,3513
E02004688,LMA4708,3690
E02004689,LMA4708,2766
E02004690,LMA4708,4440
E02004691,LMA4708,3959
E02004692,LMA4708,3700
E02004693,LMA4708,3910
E02004694,LMA4708,3534
E02004695,LMA4708,5315
E02004696,LMA4708,3208
E02004697,LMA6417,2902
E02004698,LMA6417,2636
E02004699,LMA6417,5714
E02004700,LMA6417,3211
E02004702,LMA6417,4617
E02004703,LMA6417,5419
E02004704,LMA6417,3062
E02004705,LMA6417,4211
E02004706,LMA6417,3676
E02004707,LMA6417,5514
E02004708,LMA6417,4256
E02004709,LMA6417,3836
E02004710,LMA6417,3384
E02004712,LMA3501,4090
E02004713,LMA3501,4228
E02004714,LMA3501,4068
E02004715,LMA3501,4444
E02004716,LMA3501,4619
E02004717,LMA3501,4795
E02004718,LMA3501,5005
E02004719,LMA3501,5410
E02004720,LMA3501,5779
E02004721,LMA3501,5305
E02004722,LMA3501,3591
E02004723,LMA3501,4960
E02004724,LMA3501,3939
E02004725,LMA3501,2675
E02004726,LMA3501,3026
E02004727,LMA3501,4899
E02004728,LMA3501,4604
E02004729,LMA3501,3674
E02004730,LMA3501,4254
E02004731,LMA3501,4258
E02004732,LMA3501,4223
E02004733,LMA3501,3908
E02004734,LMA3501,5271
E02004735,LMA3501,3699
E02004736,LMA3501,4013
E02004737,LMA3501,3639
E02004738,LMA3501,3607
E02004739,LMA3501,3173
E02004740,LMA3501,3365
E02004741,LMA3501,3606
E02004742,LMA3501,3514
E02004743,LMA3501,4116
E02004744,LMA3501,3865
E02004745,LMA3501,4743
E02004746,LMA3501,5077
E02004747,LMA3501,3359
E02004748,LMA3501,4598
E02004749,LMA3501,3203
E02004750,LMA3501,3971
E02004751,LMA6417,4273
E02004752,LMA3139,4757
E02004753,LMA6417,5442
E02004754,LMA6417,2986
E02004755,LMA6417,6466
E02004756,LMA6417,4507
E02004757,LMA6417,3944
E02004758,LMA6417,3901
E02004759,LMA6417,4163
E02004760,LMA6417,4028
E02004761,LMA3139,3730
E02004764,LMA6417,3662
E02004765,LMA6417,3325
E02004766,LMA6417,2860
E02004767,LMA6417,2409
E02004768,LMA6417,2859
E02004769,LMA6417,2734
E02004770,LMA6417,2988
E02004771,LMA6417,3797
E02004772,LMA6417,4645
E02004774,LMA6417,4141
E02004775,LMA6417,4298
E02004776,LMA6417,2717
E02004777,LMA6417,2235
E02004778,LMA6417,2703
E02004779,LMA6529,5316
E02004780,LMA4689,3029
E02004781,LMA4689,4587
E02004782,LMA4689,3760
E02004783,LMA4689,3915
E02004784,LMA4689,2789
E02004785,LMA4689,2789
E02004786,LMA4689,4920
E02004787,LMA4689,3434
E02004788,LMA3107,3511
E02004789,LMA4689,4913
E02004790,LMA3107,3731
E02004791,LMA4689,2602
E02004792,LMA4689,4172
E02004793,LMA4689,3337
E02004794,LMA4689,3227
E02004795,LMA4689,3837
E02004796,LMA4689,4312
E02004797,LMA4689,3797
E02004798,LMA4689,2646
E02004799,LMA4689,3265
E02004800,LMA4689,2698
E02004801,LMA4689,2936
E02004802,LMA6417,3387
E02004803,LMA6417,3662
E02004804,LMA6417,4184
E02004805,LMA6417,4600
E02004806,LMA6417,4652
E02004807,LMA6417,4845
E02004808,LMA6417,5614
E02004809,LMA6417,5178
E02004810,LMA6417,4256
E02004811,LMA6417,4090
E02004812,LMA6417,3691
E02004813,LMA6417,3014
E02004814,LMA4708,3967
E02004815,LMA4708,3649
E02004816,LMA4708,4614
E02004817,LMA4708,4038
E02004818,LMA4708,5345
E02004819,LMA4708,4308
E02004820,LMA4708,3973
E02004821,LMA4708,2632
E02004822,LMA4708,3899
E02004823,LMA3501,4642
E02004824,LMA3501,2510
E02004825,LMA3501,5279
E02004826,LMA3501,3326
E02004827,LMA3501,4305
E02004828,LMA3501,3423
E02004829,LMA3501,3020
E02004830,LMA3501,3338
E02004831,LMA3501,3888
E02004832,LMA3139,4209
E02004833,LMA3501,4478
E02004834,LMA3501,3469
E02004835,LMA3501,4950
E02004836,LMA3501,2775
E02004837,LMA3501,3857
E02004838,LMA3501,4544
E02004839,LMA3501,4032
E02004840,LMA3501,4884
E02004841,LMA3501,5918
E02004842,LMA6417,4249
E02004843,LMA3190,3694
E02004844,LMA3190,3576
E02004845,LMA3190,3746
E02004846,LMA3190,3081
E02004847,LMA3190,4891
E02004848,LMA3190,3653
E02004849,LMA3190,3518
E02004850,LMA3190,3733
E02004851,LMA3190,2865
E02004852,LMA3190,3712
E02004853,LMA3190,2983
E02004854,LMA3190,3508
E02004855,LMA3190,3455
E02004856,LMA3190,2915
E02004857,LMA3190,2940
E02004858,LMA3190,2654
E02004859,LMA3190,2616
E02004860,LMA3190,3259
E02004861,LMA3190,2607
E02004862,LMA3190,3877
E02004863,LMA3190,3528
E02004864,LMA3190,3382
E02004865,LMA3190,2799
E02004866,LMA3190,3326
E02004867,LMA3190,2926
E02004868,LMA3190,2759
E02004869,LMA3190,2954
E02004870,LMA3190,4813
E02004871,LMA3190,2562
E02004872,LMA3190,3437
E02004873,LMA3190,5763
E02004874,LMA3190,3163
E02004875,LMA3190,4465
E02004876,LMA3190,4409
E02004877,LMA3190,2647
E02004878,LMA3190,3459
E02004879,LMA3190,3895
E02004880,LMA3190,4799
E02004881,LMA3190,3051
E02004882,LMA3190,4108
E02004883,LMA3190,2994
E02004884,LMA3190,5389
E02004885,LMA3190,4808
E02004886,LMA3190,2735
E02004887,LMA3190,3646
E02004888,LMA3190,4412
E02004889,LMA3190,5407
E02004890,LMA3190,4729
E02004891,LMA3190,3913
E02004892,LMA3190,2661
E02004893,LMA3190,3048
E02004894,LMA3190,4690
E02004895,LMA3190,4771
E02004896,LMA3190,3625
E02004897,LMA3190,3236
E02004898,LMA3190,3503
E02004899,LMA3190,2814
E02004900,LMA3190,3996
E02004901,LMA3190,3941
E02004902,LMA3190,3964
E02004903,LMA3190,3494
E02004904,LMA3190,3118
E02004905,LMA3190,3447
E02004906,LMA3190,5121
E02004907,LMA3190,4760
E02004908,LMA3190,4827
E02004909,LMA3190,2815
E02004910,LMA3190,5854
E02004911,LMA3190,3027
E02004912,LMA3190,5315
E02004913,LMA3190,8047
E02004914,LMA3190,3635
E02004915,LMA3190,2632
E02004916,LMA3190,3379
E02004917,LMA3190,3010
E02004918,LMA3190,4674
E02004919,LMA3190,3852
E02004920,LMA3190,5270
E02004921,LMA3190,3817
E02004922,LMA3190,4758
E02004923,LMA3190,5184
E02004924,LMA3190,3482
E02004925,LMA3190,3717
E02004926,LMA3190,3623
E02004927,LMA3190,3066
E02004928,LMA3190,3226
E02004929,LMA3190,3035
E02004930,LMA3190,3692
E02004931,LMA3190,3340
E02004932,LMA3190,3824
E02004933,LMA3190,3517
E02004934,LMA3190,3943
E02004935,LMA3190,4712
E02004936,LMA3190,3338
E02004937,LMA3190,3143
E02004938,LMA3190,3051
E02004939,LMA3190,3230
E02004940,LMA3190,3773
E02004941,LMA3190,5012
E02004942,LMA3190,3091
E02004943,LMA3190,3851
E02004944,LMA3190,3363
E02004945,LMA3190,6267
E02004946,LMA3190,3269
E02004947,LMA3190,3713
E02004948,LMA3190,3052
E02004949,LMA3190,4036
E02004950,LMA3190,3369
E02004951,LMA3190,3177
E02004952,LMA3190,3430
E02004953,LMA3190,2984
E02004954,LMA3190,3209
E02004955,LMA3190,3014
E02004956,LMA3190,4595
E02004957,LMA3190,4617
E02004958,LMA3190,3701
E02004959,LMA3190,2789
E02004960,LMA3190,2668
E02004961,LMA3190,4867
E02004962,LMA3190,4394
E02004963,LMA3190,3525
E02004964,LMA3190,2921
E02004965,LMA3190,3135
E02004966,LMA3190,3588
E02004967,LMA3190,3446
E02004968,LMA3190,3683
E02004969,LMA3190,3797
E02004970,LMA3190,3848
E02004971,LMA3190,3713
E02004972,LMA3190,3439
E02004973,LMA3190,4338
E02004974,LMA3190,4018
E02004975,LMA3190,3896
E02004976,LMA3190,4862
E02004977,LMA3190,4415
E02004978,LMA3190,4240
E02004979,LMA3190,3523
E02004980,LMA3190,2957
E02004981,LMA3190,3736
E02004982,LMA3190,2786
E02004983,LMA3190,3061
E02004984,LMA3190,3514
E02004985,LMA3190,3138
E02004986,LMA3190,3529
E02004987,LMA3190,3434
E02004988,LMA3190,3763
E02004989,LMA3190,5358
E02004990,LMA3190,3321
E02004991,LMA3190,3397
E02004992,LMA3190,3553
E02004993,LMA3190,2554
E02004994,LMA4896,2753
E02004995,LMA4896,2421
E02004996,LMA4896,3886
E02004997,LMA4896,3642
E02004998,LMA4896,3290
E02004999,LMA4896,6317
E02005000,LMA4896,4621
E02005001,LMA4896,4563
E02005002,LMA4896,4430
E02005003,LMA4896,3922
E02005004,LMA4896,6273
E02005005,LMA4896,3736
E02005006,LMA4896,2640
E02005007,LMA4896,4263
E02005008,LMA4896,3571
E02005009,LMA4896,2671
E02005010,LMA5033,3299
E02005011,LMA5033,3039
E02005012,LMA5033,3711
E02005013,LMA5033,3346
E02005014,LMA5033,3716
E02005015,LMA5033,4164
E02005016,LMA5033,3338
E02005017,LMA5033,3585
E02005018,LMA5033,3565
E02005019,LMA5033,2858
E02005020,LMA5033,3240
E02005021,LMA5033,3454
E02005022,LMA5033,3104
E02005023,LMA5033,3526
E02005025,LMA5033,3930
E02005026,LMA5033,3750
E02005027,LMA4995,2602
E02005028,LMA4272,3123
E02005029,LMA4272,5490
E02005030,LMA4272,5395
E02005031,LMA4272,3715
E02005032,LMA4272,5067
E02005033,LMA4272,3340
E02005034,LMA4272,3981
E02005035,LMA4272,4170
E02005036,LMA4272,2863
E02005037,LMA4272,3301
E02005038,LMA4272,2855
E02005039,LMA4272,3437
E02005040,LMA4272,3008
E02005041,LMA5033,3382
E02005042,LMA5033,3897
E02005043,LMA4995,3313
E02005044,LMA4995,3273
E02005045,LMA4995,3659
E02005046,LMA4995,2780
E02005047,LMA4995,3244
E02005048,LMA5033,3132
E02005049,LMA4995,2968
E02005050,LMA4995,4354
E02005051,LMA4995,5722
E02005052,LMA4995,3378
E02005053,LMA4995,4027
E02005054,LMA4995,3385
E02005055,LMA4272,3548
E02005056,LMA4272,4748
E02005057,LMA4272,5069
E02005058,LMA4272,3722
E02005059,LMA4272,5007
E02005060,LMA4272,3258
E02005061,LMA4272,2939
E02005062,LMA4272,3363
E02005063,LMA4272,3193
E02005064,LMA4272,3093
E02005065,LMA4272,3094
E02005066,LMA4272,3733
E02005067,LMA4272,3007
E02005068,LMA4272,3985
E02005069,LMA4272,4540
E02005070,LMA4272,3984
E02005071,LMA4272,5770
E02005072,LMA4272,3997
E02005073,LMA4272,6022
E02005074,LMA4272,3989
E02005075,LMA4272,4941
E02005076,LMA4272,4474
E02005077,LMA4272,3661
E02005078,LMA4272,3966
E02005079,LMA4272,3938
E02005080,LMA4272,4260
E02005081,LMA4272,3081
E02005082,LMA4272,4985
E02005083,LMA4272,3393
E02005084,LMA4272,3141
E02005085,LMA4272,3232
E02005086,LMA4272,3033
E02005087,LMA4272,3551
E02005088,LMA4272,4009
E02005089,LMA4272,3147
E02005090,LMA4272,2684
E02005091,LMA4272,3471
E02005093,LMA4272,2986
E02005094,LMA4272,4427
E02005095,LMA4272,3516
E02005096,LMA4272,4765
E02005097,LMA4272,4137
E02005098,LMA4272,4373
E02005099,LMA4272,4018
E02005100,LMA4272,4537
E02005101,LMA4272,3382
E02005102,LMA4995,3030
E02005103,LMA4995,4585
E02005104,LMA4995,3575
E02005105,LMA4995,3316
E02005106,LMA4995,4211
E02005107,LMA4995,6047
E02005109,LMA4995,2815
E02005110,LMA4995,3221
E02005111,LMA4995,2952
E02005112,LMA4995,2897
E02005113,LMA4995,2980
E02005114,LMA4995,2783
E02005115,LMA5033,2322
E02005116,LMA5033,2129
E02005117,LMA5033,2611
E02005118,LMA5033,4377
E02005119,LMA5033,2442
E02005120,LMA5033,2952
E02005121,LMA5033,6326
E02005122,LMA5033,3399
E02005123,LMA5033,5565
E02005124,LMA5033,3446
E02005125,LMA5033,3701
E02005126,LMA5033,3612
E02005127,LMA5033,4372
E02005128,LMA5033,3889
E02005129,LMA5033,5251
E02005130,LMA5033,3850
E02005131,LMA5033,2792
E02005132,LMA5033,3413
E02005133,LMA5033,3430
E02005134,LMA5033,2890
E02005135,LMA5033,3393
E02005136,LMA5033,3552
E02005137,LMA5033,2818
E02005138,LMA5033,3432
E02005139,LMA5033,3184
E02005140,LMA5033,3102
E02005141,LMA5033,3028
E02005142,LMA5033,3034
E02005143,LMA5033,3546
E02005144,LMA5033,3045
E02005145,LMA5033,3167
E02005146,LMA5033,3428
E02005147,LMA5033,3571
E02005148,LMA5033,3449
E02005149,LMA4272,5579
E02005150,LMA4272,5338
E02005151,LMA4272,6633
E02005153,LMA4272,4187
E02005154,LMA4272,5055
E02005155,LMA4272,5564
E02005156,LMA4272,3581
E02005157,LMA4272,2854
E02005158,LMA4272,3202
E02005159,LMA4272,3407
E02005160,LMA4272,5370
E02005161,LMA4272,4475
E02005162,LMA4272,5448
E02005163,LMA4272,4143
E02005164,LMA4272,3880
E02005165,LMA4272,3796
E02005166,LMA4272,3167
E02005167,LMA4272,3658
E02005168,LMA4272,4041
E02005169,LMA4272,5560
E02005170,LMA4272,4845
E02005171,LMA4272,2969
E02005172,LMA4272,4068
E02005173,LMA4272,4372
E02005174,LMA4272,3477
E02005175,LMA4272,4062
E02005176,LMA5148,4310
E02005177,LMA5148,2391
E02005178,LMA5148,2526
E02005179,LMA5148,4028
E02005180,LMA5148,3574
E02005181,LMA5148,2918
E02005182,LMA5148,2357
E02005183,LMA5148,2695
E02005184,LMA5148,2612
E02005185,LMA5148,3116
E02005186,LMA5148,3246
E02005189,LMA5148,2470
E02005190,LMA5148,3280
E02005191,LMA5148,4426
E02005192,LMA5148,4150
E02005193,LMA5148,4422
E02005194,LMA5148,3859
E02005195,LMA5148,3498
E02005196,LMA5148,3619
E02005197,LMA5148,3159
E02005198,LMA5148,4105
E02005199,LMA5148,3742
E02005200,LMA5148,4246
E02005201,LMA5148,3990
E02005202,LMA5148,4789
E02005203,LMA2572,3514
E02005204,LMA2572,5138
E02005205,LMA5148,3166
E02005206,LMA2572,3089
E02005207,LMA2572,3486
E02005208,LMA2572,4339
E02005209,LMA2572,3775
E02005210,LMA2572,4300
E02005211,LMA2572,3853
E02005212,LMA5148,5061
E02005213,LMA5148,5867
E02005214,LMA5148,3146
E02005215,LMA5148,5187
E02005216,LMA5148,2319
E02005217,LMA5148,3644
E02005218,LMA5148,3559
E02005219,LMA5148,4112
E02005220,LMA5148,3140
E02005221,LMA5121,4807
E02005222,LMA5121,2983
E02005223,LMA5121,3339
E02005224,LMA5121,1993
E02005225,LMA5121,2559
E02005226,LMA5121,3318
E02005228,LMA5121,2736
E02005229,LMA5121,2378
E02005230,LMA5121,2679
E02005231,LMA5121,3797
E02005233,LMA5121,2903
E02005234,LMA5121,3678
E02005235,LMA5121,2637
E02005236,LMA5121,5883
E02005237,LMA5121,4583
E02005238,LMA5121,2707
E02005239,LMA5121,4299
E02005240,LMA5148,2731
E02005241,LMA5148,2841
E02005242,LMA5148,3109
E02005243,LMA5148,2379
E02005244,LMA5148,2536
E02005245,LMA5148,3793
E02005246,LMA5148,2374
E02005247,LMA5148,5173
E02005248,LMA5148,2133
E02005249,LMA5148,3472
E02005250,LMA5148,2567
E02005251,LMA5148,2887
E02005252,LMA5148,3391
E02005253,LMA5148,3078
E02005254,LMA5148,3331
E02005255,LMA5148,4457
E02005256,LMA5148,3916
E02005257,LMA5148,2557
E02005258,LMA5148,3701
E02005259,LMA5148,4409
E02005260,LMA5148,3385
E02005261,LMA5148,3776
E02005262,LMA5148,3637
E02005263,LMA5148,3049
E02005264,LMA5148,6238
E02005265,LMA5148,5223
E02005266,LMA5148,3020
E02005267,LMA5148,2228
E02005268,LMA5148,3655
E02005269,LMA5148,4644
E02005270,LMA5148,3784
E02005271,LMA5148,3767
E02005272,LMA5148,3494
E02005273,LMA5148,3081
E02005274,LMA5148,3421
E02005275,LMA5148,2798
E02005276,LMA5148,4136
E02005277,LMA5148,4367
E02005278,LMA5148,4290
E02005279,LMA5148,4610
E02005280,LMA5148,4662
E02005281,LMA5148,3714
E02005284,LMA5148,2976
E02005285,LMA5148,3333
E02005286,LMA5148,3634
E02005287,LMA5148,2734
E02005288,LMA5148,3150
E02005289,LMA5148,3132
E02005290,LMA5148,4067
E02005291,LMA5148,2973
E02005292,LMA5148,2773
E02005293,LMA5148,2734
E02005294,LMA5148,3199
E02005295,LMA5148,4002
E02005296,LMA5148,2715
E02005297,LMA5148,4243
E02005298,LMA5148,3824
E02005299,LMA5148,3897
E02005300,LMA5148,2772
E02005301,LMA5148,3099
E02005302,LMA5148,3718
E02005303,LMA5148,2859
E02005304,LMA5148,4517
E02005305,LMA5148,3551
E02005306,LMA5148,3528
E02005307,LMA5148,4533
E02005308,LMA5148,3283
E02005309,LMA5148,3942
E02005310,LMA5148,3560
E02005311,LMA5148,2712
E02005312,LMA5148,3130
E02005313,LMA5148,3528
E02005314,LMA5148,3107
E02005315,LMA6872,3649
E02005316,LMA5148,2545
E02005317,LMA5148,2710
E02005318,LMA5148,3582
E02005319,LMA2572,3661
E02005320,LMA2572,2672
E02005321,LMA2572,2186
E02005322,LMA2572,4273
E02005323,LMA2572,2890
E02005324,LMA5148,3139
E02005325,LMA5148,4239
E02005326,LMA2572,3347
E02005327,LMA5148,3025
E02005328,LMA2572,3417
E02005329,LMA2572,4118
E02005330,LMA2572,4201
E02005331,LMA2572,3677
E02005332,LMA2572,3816
E02005334,LMA3162,3014
E02005335,LMA3162,3332
E02005336,LMA3162,4024
E02005337,LMA3162,4868
E02005338,LMA3162,5159
E02005339,LMA3162,4650
E02005340,LMA3162,4242
E02005341,LMA3162,3714
E02005342,LMA3162,3472
E02005343,LMA3162,3402
E02005344,LMA5790,3838
E02005345,LMA3162,3322
E02005346,LMA3162,5162
E02005347,LMA3162,3525
E02005348,LMA3162,2931
E02005349,LMA3162,3576
E02005350,LMA3162,3464
E02005351,LMA3162,3011
E02005352,LMA3162,3188
E02005353,LMA3162,4260
E02005354,LMA3162,4248
E02005355,LMA3162,3352
E02005356,LMA3162,3332
E02005357,LMA3162,3911
E02005358,LMA3162,5422
E02005359,LMA3162,3087
E02005360,LMA3162,3041
E02005361,LMA3162,3461
E02005362,LMA3162,3274
E02005363,LMA3162,3504
E02005364,LMA3162,2756
E02005365,LMA3162,4731
E02005366,LMA3162,3276
E02005368,LMA3162,3164
E02005369,LMA3162,4905
E02005370,LMA5790,5003
E02005371,LMA3162,5475
E02005372,LMA5790,5115
E02005373,LMA3535,4888
E02005374,LMA3535,3143
E02005375,LMA3535,4430
E02005376,LMA5790,4773
E02005377,LMA3162,4216
E02005378,LMA3162,2809
E02005379,LMA3162,3125
E02005380,LMA5790,4298
E02005381,LMA3162,4052
E02005382,LMA5790,4902
E02005383,LMA5790,4720
E02005384,LMA5790,3293
E02005385,LMA5790,3159
E02005386,LMA5790,4422
E02005387,LMA5790,4945
E02005388,LMA5790,2896
E02005389,LMA5790,2518
E02005390,LMA5790,4622
E02005391,LMA5354,4950
E02005392,LMA5354,4756
E02005393,LMA5354,3831
E02005394,LMA5354,4706
E02005395,LMA5354,4541
E02005396,LMA5354,3541
E02005397,LMA5320,4381
E02005398,LMA5320,2998
E02005399,LMA3162,3271
E02005400,LMA3162,2742
E02005401,LMA3162,2842
E02005402,LMA3162,2831
E02005403,LMA3162,3435
E02005404,LMA5790,3643
E02005405,LMA3162,2765
E02005406,LMA3162,3806
E02005407,LMA3162,4679
E02005408,LMA5790,3764
E02005409,LMA3162,5252
E02005412,LMA3162,3618
E02005414,LMA3162,3536
E02005415,LMA3162,3682
E02005416,LMA3162,4648
E02005417,LMA5296,3271
E02005418,LMA5296,4636
E02005419,LMA5296,4526
E02005420,LMA5296,3748
E02005422,LMA5296,2793
E02005423,LMA5296,4377
E02005424,LMA2657,4692
E02005425,LMA5302,2918
E02005426,LMA5302,4238
E02005427,LMA5302,3301
E02005428,LMA5302,2506
E02005429,LMA5302,1672
E02005430,LMA5302,3067
E02005431,LMA5314,3435
E02005432,LMA5302,3522
E02005433,LMA5314,2481
E02005434,LMA5302,3087
E02005435,LMA5314,2734
E02005436,LMA5314,3168
E02005437,LMA5314,2479
E02005438,LMA5314,2391
E02005439,LMA5302,5111
E02005440,LMA5314,2120
E02005441,LMA5296,3821
E02005442,LMA5320,2241
E02005443,LMA5320,3301
E02005444,LMA5320,6031
E02005445,LMA5320,5420
E02005446,LMA5320,3822
E02005447,LMA5320,3474
E02005448,LMA5320,3245
E02005449,LMA5320,3914
E02005450,LMA5320,4459
E02005451,LMA5320,3209
E02005452,LMA5320,5572
E02005453,LMA5320,5352
E02005455,LMA5320,6520
E02005456,LMA5320,4856
E02005457,LMA5320,3903
E02005458,LMA5320,3084
E02005459,LMA5320,3507
E02005460,LMA5320,3252
E02005461,LMA5320,2762
E02005462,LMA5296,4414
E02005463,LMA5296,4439
E02005464,LMA5296,3745
E02005465,LMA5345,3964
E02005466,LMA5345,2888
E02005467,LMA5345,3088
E02005468,LMA5345,3427
E02005469,LMA5345,3719
E02005470,LMA5345,5313
E02005471,LMA5345,4300
E02005472,LMA5345,4180
E02005473,LMA5345,4822
E02005474,LMA5345,3033
E02005475,LMA3162,2997
E02005476,LMA5354,3591
E02005477,LMA5354,4036
E02005478,LMA5354,4366
E02005479,LMA5354,4368
E02005480,LMA5354,3151
E02005481,LMA5354,5701
E02005482,LMA5354,5192
E02005483,LMA3162,3802
E02005484,LMA5354,3531
E02005485,LMA3162,2937
E02005486,LMA3162,4195
E02005487,LMA3162,4731
E02005488,LMA3162,3110
E02005489,LMA3162,3873
E02005490,LMA3162,4573
E02005491,LMA3162,5632
E02005492,LMA2657,4689
E02005493,LMA2682,4557
E02005494,LMA5320,4332
E02005495,LMA5320,4297
E02005496,LMA5320,3288
E02005497,LMA5320,2779
E02005498,LMA5320,3354
E02005499,LMA5320,3965
E02005500,LMA5320,3432
E02005501,LMA5320,3450
E02005502,LMA5320,4029
E02005503,LMA5460,3563
E02005504,LMA5434,3973
E02005505,LMA5460,3165
E02005506,LMA5460,3256
E02005507,LMA5460,5354
E02005508,LMA5460,3261
E02005509,LMA5434,2858
E02005510,LMA5460,2902
E02005511,LMA5460,3126
E02005512,LMA5460,4178
E02005513,LMA5460,4370
E02005514,LMA5434,3145
E02005515,LMA5460,3157
E02005516,LMA5460,3220
E02005517,LMA6141,2658
E02005518,LMA6141,5917
E02005519,LMA6141,3578
E02005520,LMA5460,3356
E02005521,LMA5460,4289
E02005522,LMA5460,2633
E02005523,LMA5460,4041
E02005524,LMA5460,2797
E02005525,LMA5460,5266
E02005526,LMA5460,2740
E02005527,LMA5460,3941
E02005528,LMA5460,4328
E02005529,LMA5460,2707
E02005530,LMA5460,2580
E02005531,LMA5460,2828
E02005532,LMA5460,3327
E02005533,LMA5460,3957
E02005534,LMA5460,3481
E02005535,LMA5460,3852
E02005536,LMA5460,2885
E02005537,LMA5460,2835
E02005538,LMA5417,3914
E02005539,LMA5417,3568
E02005540,LMA5417,3816
E02005541,LMA5417,2399
E02005542,LMA5417,2786
E02005543,LMA5417,2989
E02005544,LMA5417,2994
E02005545,LMA5417,3096
E02005546,LMA5417,3255
E02005547,LMA5417,3945
E02005548,LMA5417,2760
E02005549,LMA5417,2726
E02005550,LMA5417,3064
E02005551,LMA5434,1901
E02005552,LMA5434,3105
E02005553,LMA5434,3392
E02005554,LMA5434,2907
E02005555,LMA5434,3352
E02005556,LMA5434,3987
E02005557,LMA5434,2474
E02005558,LMA5434,3228
E02005559,LMA5434,3329
E02005560,LMA5434,4261
E02005561,LMA5434,4723
E02005562,LMA5434,3368
E02005563,LMA3651,3482
E02005564,LMA5434,5237
E02005565,LMA5434,3384
E02005566,LMA3651,4313
E02005567,LMA5434,4016
E02005568,LMA5434,3428
E02005569,LMA5434,3779
E02005570,LMA5460,2784
E02005571,LMA5434,2503
E02005572,LMA5460,3049
E02005573,LMA5434,1967
E02005574,LMA5460,2972
E02005575,LMA5460,3162
E02005576,LMA5460,2637
E02005577,LMA5434,2851
E02005578,LMA5434,2807
E02005579,LMA5460,5360
E02005580,LMA5434,3501
E02005581,LMA5460,3626
E02005582,LMA5460,2921
E02005583,LMA5460,3377
E02005584,LMA5460,5312
E02005585,LMA5460,4756
E02005586,LMA5460,5783
E02005587,LMA5460,4096
E02005588,LMA5460,5026
E02005589,LMA5460,5038
E02005590,LMA5460,4755
E02005592,LMA5460,5181
E02005593,LMA5460,3141
E02005594,LMA5460,5420
E02005595,LMA5460,3949
E02005596,LMA5460,4139
E02005597,LMA5460,6273
E02005598,LMA5460,3854
E02005599,LMA5460,2753
E02005600,LMA5460,2781
E02005601,LMA5460,2677
E02005602,LMA5460,4958
E02005603,LMA5460,4440
E02005604,LMA5460,3829
E02005605,LMA5460,5273
E02005606,LMA6168,2713
E02005607,LMA5460,5572
E02005608,LMA6168,3510
E02005609,LMA5460,3217
E02005610,LMA5460,3997
E02005611,LMA5460,4798
E02005612,LMA5491,3429
E02005613,LMA5491,4373
E02005614,LMA5491,3415
E02005615,LMA5491,4055
E02005616,LMA5491,2477
E02005617,LMA5491,4262
E02005619,LMA3535,2984
E02005620,LMA3535,4228
E02005621,LMA5790,3610
E02005622,LMA3535,4731
E02005623,LMA3535,4019
E02005624,LMA5790,5008
E02005625,LMA5790,4457
E02005626,LMA5790,3222
E02005627,LMA3535,3508
E02005628,LMA5790,3946
E02005629,LMA3162,2857
E02005630,LMA3162,4602
E02005631,LMA3535,5263
E02005632,LMA3535,3102
E02005633,LMA3535,4391
E02005634,LMA3535,4323
E02005635,LMA3535,4456
E02005636,LMA3535,5375
E02005637,LMA3535,4013
E02005638,LMA3535,5178
E02005639,LMA5491,2792
E02005640,LMA3535,5420
E02005641,LMA3535,3831
E02005642,LMA3535,4366
E02005643,LMA3535,3409
E02005644,LMA3535,4460
E02005645,LMA3535,5510
E02005646,LMA3535,3201
E02005647,LMA3535,3366
E02005648,LMA3535,3714
E02005649,LMA3535,6994
E02005650,LMA3535,3174
E02005651,LMA3535,3215
E02005652,LMA3535,2930
E02005653,LMA3535,3734
E02005654,LMA3535,3830
E02005655,LMA3535,2806
E02005656,LMA3535,2501
E02005657,LMA3535,3175
E02005658,LMA3535,2798
E02005659,LMA3535,2244
E02005660,LMA3535,2483
E02005661,LMA3535,2840
E02005662,LMA3535,3448
E02005663,LMA3535,3132
E02005664,LMA3535,3075
E02005665,LMA3535,4018
E02005666,LMA3535,3267
E02005667,LMA3535,2908
E02005668,LMA3535,3008
E02005669,LMA3535,2901
E02005670,LMA3535,3978
E02005671,LMA3535,4295
E02005672,LMA3535,4237
E02005673,LMA3535,3763
E02005674,LMA3535,3747
E02005675,LMA3535,2687
E02005676,LMA3535,2955
E02005677,LMA3535,4597
E02005678,LMA3535,5424
E02005679,LMA3535,5275
E02005680,LMA3535,4515
E02005681,LMA5790,4198
E02005682,LMA3535,3305
E02005683,LMA5790,7082
E02005684,LMA5790,4449
E02005685,LMA5790,4375
E02005686,LMA5790,3945
E02005687,LMA5790,3316
E02005688,LMA3190,4686
E02005689,LMA5790,4268
E02005690,LMA5790,2951
E02005691,LMA5790,3395
E02005692,LMA3535,3247
E02005693,LMA3535,3633
E02005694,LMA3535,4202
E02005695,LMA3535,3808
E02005696,LMA3535,2375
E02005697,LMA3535,2845
E02005698,LMA3535,2596
E02005699,LMA3535,3630
E02005700,LMA3535,4533
E02005701,LMA3535,5569
E02005702,LMA5608,3132
E02005703,LMA5608,3171
E02005704,LMA5608,5582
E02005705,LMA5608,3651
E02005706,LMA5579,4049
E02005707,LMA5579,2869
E02005708,LMA5579,4780
E02005709,LMA5608,2322
E02005710,LMA5608,3881
E02005711,LMA5608,3276
E02005712,LMA5608,3230
E02005713,LMA5608,3609
E02005714,LMA5608,3002
E02005715,LMA5608,3680
E02005716,LMA5608,4502
E02005717,LMA5608,3657
E02005718,LMA5608,3257
E02005719,LMA5608,3655
E02005720,LMA5608,5246
E02005721,LMA5608,2402
E02005722,LMA5608,3653
E02005723,LMA5608,2666
E02005724,LMA5608,2828
E02005725,LMA5608,2890
E02005726,LMA5608,3580
E02005727,LMA3902,3437
E02005728,LMA3902,3451
E02005729,LMA3902,2784
E02005730,LMA3902,6122
E02005731,LMA3902,5423
E02005732,LMA3902,4349
E02005733,LMA3902,4263
E02005734,LMA5608,2411
E02005735,LMA5608,3211
E02005736,LMA5608,3105
E02005737,LMA5608,3364
E02005738,LMA5608,2475
E02005739,LMA5608,4321
E02005740,LMA5608,4531
E02005741,LMA5608,4084
E02005742,LMA5121,3795
E02005743,LMA5648,2489
E02005744,LMA5121,3734
E02005745,LMA5648,2536
E02005746,LMA5648,3238
E02005747,LMA5648,3332
E02005748,LMA5648,3873
E02005749,LMA5648,4756
E02005750,LMA5658,3568
E02005751,LMA5658,3959
E02005752,LMA5658,3614
E02005753,LMA5658,6532
E02005754,LMA5658,3830
E02005755,LMA5658,3303
E02005756,LMA5648,4132
E02005757,LMA5648,4485
E02005758,LMA5648,4277
E02005759,LMA5648,4156
E02005760,LMA5648,3652
E02005761,LMA5648,2857
E02005762,LMA5648,3305
E02005763,LMA5648,3418
E02005764,LMA5648,5270
E02005765,LMA5648,3308
E02005766,LMA5648,3318
E02005767,LMA5648,3364
E02005768,LMA5648,3253
E02005769,LMA5648,3465
E02005770,LMA5648,5067
E02005771,LMA5648,4137
E02005772,LMA5648,3051
E02005773,LMA5648,4615
E02005774,LMA5648,4937
E02005775,LMA5648,5405
E02005776,LMA5648,4206
E02005777,LMA5648,4256
E02005778,LMA5648,3223
E02005779,LMA5648,3841
E02005780,LMA5648,4830
E02005781,LMA5648,2738
E02005782,LMA5658,3886
E02005783,LMA5658,3996
E02005784,LMA5658,3486
E02005785,LMA5658,8972
E02005786,LMA5658,3324
E02005787,LMA5658,4218
E02005788,LMA5661,3183
E02005789,LMA5661,4711
E02005790,LMA5661,3314
E02005791,LMA5661,3359
E02005794,LMA5661,4936
E02005795,LMA5674,3140
E02005796,LMA5674,3346
E02005797,LMA5674,2924
E02005798,LMA5674,3966
E02005799,LMA5674,4014
E02005800,LMA5674,3583
E02005801,LMA5674,2113
E02005802,LMA5674,4123
E02005803,LMA5674,4049
E02005804,LMA5674,3621
E02005805,LMA5674,3163
E02005806,LMA5674,2926
E02005807,LMA5674,3047
E02005808,LMA5674,4529
E02005809,LMA5648,3783
E02005810,LMA5648,4708
E02005811,LMA2606,4768
E02005812,LMA5648,4920
E02005813,LMA2606,5388
E02005814,LMA2606,3027
E02005815,LMA2606,4261
E02005816,LMA2606,4482
E02005817,LMA5648,3697
E02005818,LMA2606,4301
E02005819,LMA5320,2665
E02005820,LMA5320,2791
E02005821,LMA5320,2803
E02005822,LMA5320,4484
E02005823,LMA5320,2688
E02005824,LMA5320,4858
E02005825,LMA5320,3521
E02005826,LMA5320,2455
E02005827,LMA5320,4089
E02005828,LMA5320,3405
E02005829,LMA5320,3154
E02005830,LMA5320,2937
E02005831,LMA5320,4272
E02005832,LMA5320,4323
E02005833,LMA5320,3840
E02005834,LMA5320,3083
E02005835,LMA5320,4528
E02005836,LMA5320,4330
E02005837,LMA5320,3540
E02005838,LMA5320,3640
E02005839,LMA5320,2754
E02005840,LMA5320,4775
E02005842,LMA5320,4048
E02005843,LMA5320,3300
E02005844,LMA5320,3623
E02005846,LMA5320,2558
E02005847,LMA5320,3225
E02005848,LMA5320,3206
E02005849,LMA5320,4351
E02005850,LMA5320,3353
E02005851,LMA5320,2464
E02005852,LMA5320,3884
E02005853,LMA5320,4507
E02005856,LMA5320,3415
E02005857,LMA5320,2932
E02005858,LMA5320,3439
E02005859,LMA5320,4484
E02005860,LMA5320,3864
E02005861,LMA5320,2946
E02005862,LMA5320,3594
E02005863,LMA5320,3496
E02005864,LMA5320,4439
E02005865,LMA5320,3792
E02005866,LMA5320,4376
E02005868,LMA5320,3029
E02005869,LMA5320,2497
E02005870,LMA5320,3093
E02005871,LMA5320,3632
E02005872,LMA5320,2742
E02005873,LMA5320,5056
E02005874,LMA5320,4382
E02005875,LMA5320,3537
E02005876,LMA5320,4380
E02005877,LMA5320,3768
E02005878,LMA5320,4655
E02005879,LMA5320,3914
E02005880,LMA5320,2585
E02005881,LMA5320,2465
E02005882,LMA5320,3881
E02005883,LMA5320,3353
E02005884,LMA5320,3173
E02005885,LMA5320,3480
E02005886,LMA5320,5072
E02005887,LMA5320,4185
E02005888,LMA5320,3413
E02005889,LMA5320,4721
E02005890,LMA5320,3495
E02005891,LMA5320,2381
E02005892,LMA5320,6230
E02005893,LMA5320,4486
E02005894,LMA5320,4567
E02005895,LMA5320,4010
E02005896,LMA5320,3466
E02005897,LMA5320,4133
E02005898,LMA5320,5023
E02005899,LMA5320,5420
E02005900,LMA5320,3227
E02005901,LMA5320,4477
E02005902,LMA5320,3461
E02005903,LMA5320,4804
E02005904,LMA5320,4234
E02005905,LMA5320,3447
E02005906,LMA5320,3413
E02005907,LMA5320,4589
E02005908,LMA5320,4247
E02005909,LMA5320,4460
E02005910,LMA5320,4802
E02005911,LMA5320,4597
E02005912,LMA5320,4447
E02005913,LMA5320,3128
E02005914,LMA5320,3630
E02005915,LMA5320,2941
E02005916,LMA5320,3710
E02005917,LMA5320,2641
E02005918,LMA5320,2363
E02005919,LMA5320,2937
E02005920,LMA5320,3589
E02005921,LMA5790,2860
E02005922,LMA5790,4864
E02005923,LMA5790,2853
E02005924,LMA5790,5931
E02005925,LMA5790,3714
E02005926,LMA5790,3801
E02005927,LMA5790,2990
E02005928,LMA5790,3725
E02005929,LMA5790,3469
E02005930,LMA5790,3959
E02005931,LMA3139,5144
E02005932,LMA3139,4222
E02005933,LMA3139,4222
E02005934,LMA3139,4882
E02005935,LMA3139,4221
E02005936,LMA3139,4535
E02005937,LMA3139,3413
E02005938,LMA3139,2945
E02005939,LMA3139,3373
E02005940,LMA3139,2989
E02005941,LMA3139,3335
E02005942,LMA3139,3068
E02005943,LMA3139,3183
E02005944,LMA3139,3169
E02005945,LMA3139,4983
E02005946,LMA3139,4271
E02005947,LMA3139,3949
E02005948,LMA3139,3412
E02005949,LMA3139,3067
E02005950,LMA3139,5212
E02005951,LMA3139,3191
E02005952,LMA3139,7704
E02005953,LMA3139,2974
E02005954,LMA3139,5042
E02005955,LMA3139,4716
E02005956,LMA3139,2770
E02005957,LMA3139,2989
E02005958,LMA3139,3368
E02005959,LMA3139,2977
E02005960,LMA3139,2925
E02005961,LMA3139,3603
E02005962,LMA3139,4514
E02005963,LMA3139,4222
E02005964,LMA3139,3835
E02005965,LMA3139,2784
E02005966,LMA3139,5086
E02005967,LMA3139,2964
E02005968,LMA3139,4296
E02005969,LMA3139,4715
E02005970,LMA3139,3246
E02005971,LMA3139,2927
E02005972,LMA3139,4075
E02005973,LMA3139,2616
E02005974,LMA3139,3041
E02005975,LMA3139,3730
E02005976,LMA3139,2835
E02005977,LMA3139,2793
E02005978,LMA3139,3520
E02005979,LMA3139,4750
E02005980,LMA3139,5821
E02005981,LMA3139,5274
E02005982,LMA3139,3268
E02005983,LMA3139,5727
E02005984,LMA3139,3578
E02005985,LMA3139,3801
E02005986,LMA3139,4641
E02005987,LMA3139,3981
E02005988,LMA3139,3888
E02005991,LMA3139,5086
E02005992,LMA3139,4561
E02005993,LMA3139,3382
E02005994,LMA3139,3236
E02005995,LMA3139,2980
E02005996,LMA3139,4140
E02005997,LMA3139,2913
E02005998,LMA3139,3068
E02005999,LMA3139,3360
E02006000,LMA3139,6634
E02006001,LMA3139,3191
E02006002,LMA3139,5345
E02006003,LMA3139,2833
E02006004,LMA3139,2873
E02006005,LMA3139,5471
E02006006,LMA3139,4193
E02006007,LMA3139,3351
E02006008,LMA2863,3822
E02006009,LMA2863,3803
E02006010,LMA2863,5656
E02006011,LMA2863,2883
E02006012,LMA2863,3131
E02006013,LMA2863,3958
E02006014,LMA5909,4442
E02006015,LMA5895,4793
E02006016,LMA5895,3794
E02006017,LMA6891,3566
E02006018,LMA5895,5570
E02006019,LMA5895,2690
E02006020,LMA5895,3533
E02006021,LMA5895,4148
E02006022,LMA5895,3219
E02006023,LMA6891,4560
E02006024,LMA6891,4733
E02006025,LMA6891,4427
E02006026,LMA6891,3471
E02006027,LMA6891,2653
E02006028,LMA5895,4729
E02006029,LMA5895,3822
E02006030,LMA5895,3801
E02006031,LMA5895,4055
E02006032,LMA5895,4218
E02006033,LMA5895,4387
E02006034,LMA5895,4341
E02006035,LMA5895,2672
E02006036,LMA5895,3284
E02006037,LMA5895,4726
E02006038,LMA5895,3961
E02006039,LMA5895,3762
E02006040,LMA5895,3705
E02006041,LMA5895,3072
E02006042,LMA5895,2570
E02006043,LMA5909,3530
E02006044,LMA5909,3055
E02006045,LMA5909,5045
E02006046,LMA5909,4359
E02006047,LMA2916,4214
E02006048,LMA2916,3332
E02006049,LMA2916,3952
E02006050,LMA2916,4044
E02006051,LMA5915,3544
E02006052,LMA5915,3970
E02006053,LMA2916,4525
E02006054,LMA5915,3531
E02006055,LMA5915,4757
E02006056,LMA5915,3720
E02006057,LMA5915,3574
E02006058,LMA5915,3954
E02006059,LMA5915,3310
E02006060,LMA5915,3673
E02006061,LMA5915,4409
E02006062,LMA5933,5056
E02006063,LMA5915,3412
E02006064,LMA5933,3336
E02006065,LMA5933,3718
E02006066,LMA5933,3660
E02006067,LMA5933,3386
E02006068,LMA5933,3203
E02006069,LMA5933,4941
E02006070,LMA5933,3685
E02006071,LMA5933,4257
E02006072,LMA5933,4527
E02006073,LMA5933,2942
E02006074,LMA5933,4248
E02006075,LMA5954,2432
E02006076,LMA5954,4164
E02006077,LMA5954,2531
E02006078,LMA5954,2710
E02006079,LMA5954,3521
E02006080,LMA5954,3868
E02006081,LMA5954,2542
E02006082,LMA5954,3186
E02006083,LMA5954,2872
E02006084,LMA5954,3352
E02006085,LMA5954,2984
E02006086,LMA5954,3485
E02006087,LMA5954,3191
E02006088,LMA5954,3428
E02006089,LMA5954,3382
E02006090,LMA5954,3622
E02006091,LMA5954,4644
E02006092,LMA5954,3324
E02006093,LMA5954,3990
E02006094,LMA5954,2598
E02006095,LMA5954,3732
E02006096,LMA5954,3265
E02006097,LMA5954,2844
E02006098,LMA5954,3524
E02006099,LMA5969,3425
E02006100,LMA5969,3602
E02006101,LMA5969,2687
E02006102,LMA5969,3208
E02006103,LMA5969,3483
E02006104,LMA5969,4112
E02006105,LMA5969,5869
E02006106,LMA5969,4077
E02006107,LMA5969,3745
E02006108,LMA5969,3872
E02006109,LMA5969,3686
E02006110,LMA5969,3853
E02006111,LMA5969,5040
E02006112,LMA5969,3811
E02006113,LMA5977,3199
E02006114,LMA5977,2996
E02006115,LMA5977,3083
E02006116,LMA5977,3627
E02006117,LMA5977,2621
E02006118,LMA2863,3760
E02006119,LMA2863,3805
E02006120,LMA2863,4182
E02006121,LMA2863,2765
E02006122,LMA2863,3270
E02006123,LMA2863,3500
E02006124,LMA2863,2964
E02006125,LMA2863,3387
E02006126,LMA2863,4357
E02006127,LMA2863,4591
E02006128,LMA2863,3970
E02006129,LMA2863,3300
E02006130,LMA2863,3654
E02006131,LMA2893,4035
E02006132,LMA2893,3133
E02006133,LMA2893,3607
E02006134,LMA5790,4417
E02006135,LMA5790,4025
E02006136,LMA5790,4078
E02006137,LMA5790,4003
E02006138,LMA5790,2730
E02006139,LMA5790,3172
E02006140,LMA5790,3753
E02006141,LMA5790,5063
E02006142,LMA5790,2873
E02006143,LMA5790,3912
E02006144,LMA5790,3564
E02006145,LMA5790,2735
E02006146,LMA5790,3543
E02006147,LMA5790,3881
E02006148,LMA2863,3781
E02006149,LMA5790,4677
E02006150,LMA5790,5871
E02006151,LMA2863,4382
E02006152,LMA5790,5090
E02006153,LMA5790,3465
E02006154,LMA2863,4882
E02006155,LMA2863,2584
E02006156,LMA6620,3698
E02006157,LMA5790,3388
E02006158,LMA2893,4508
E02006159,LMA2893,2677
E02006160,LMA2893,3722
E02006161,LMA2893,3670
E02006162,LMA2893,4144
E02006163,LMA2893,3546
E02006164,LMA2893,3146
E02006165,LMA2893,3835
E02006166,LMA2893,3784
E02006167,LMA2893,3540
E02006168,LMA2893,3715
E02006169,LMA2893,2752
E02006170,LMA2893,2501
E02006171,LMA2893,4026
E02006172,LMA2893,4616
E02006173,LMA2893,3340
E02006174,LMA2893,5230
E02006175,LMA2863,3350
E02006176,LMA2863,3591
E02006177,LMA2863,5023
E02006178,LMA2863,3741
E02006179,LMA2863,3588
E02006180,LMA2863,3240
E02006181,LMA2863,2593
E02006182,LMA2863,3256
E02006183,LMA2863,4201
E02006184,LMA2863,2931
E02006185,LMA2863,3250
E02006186,LMA2863,6065
E02006187,LMA5909,3485
E02006188,LMA2893,2724
E02006189,LMA2893,3419
E02006190,LMA2893,5039
E02006191,LMA2893,4274
E02006192,LMA2893,4133
E02006193,LMA2893,3306
E02006194,LMA2893,3571
E02006195,LMA2893,4279
E02006196,LMA2893,3142
E02006197,LMA2893,4517
E02006198,LMA2893,4496
E02006199,LMA2893,4276
E02006200,LMA2893,3473
E02006201,LMA2893,5915
E02006202,LMA2893,4430
E02006203,LMA2893,3743
E02006204,LMA2893,3419
E02006205,LMA2893,3627
E02006206,LMA2893,3811
E02006207,LMA2893,2957
E02006208,LMA2893,4116
E02006209,LMA2893,5366
E02006210,LMA2893,2962
E02006211,LMA2893,3071
E02006212,LMA2893,3877
E02006213,LMA2893,3209
E02006214,LMA2893,2927
E02006215,LMA2893,3953
E02006216,LMA2893,4543
E02006217,LMA5790,4164
E02006218,LMA5790,3453
E02006219,LMA5790,3909
E02006220,LMA5790,3514
E02006221,LMA5790,3486
E02006222,LMA5790,3287
E02006223,LMA5790,2773
E02006224,LMA5790,4365
E02006225,LMA5790,4100
E02006226,LMA5790,5277
E02006227,LMA6141,2789
E02006228,LMA6141,2916
E02006229,LMA6141,2756
E02006230,LMA6115,4952
E02006231,LMA6115,4610
E02006232,LMA6141,2828
E02006233,LMA6141,5214
E02006234,LMA6141,4402
E02006235,LMA6780,3789
E02006236,LMA6115,4746
E02006237,LMA6115,3535
E02006238,LMA6141,4595
E02006239,LMA6141,3504
E02006240,LMA6141,4442
E02006241,LMA6141,4331
E02006242,LMA6141,4274
E02006243,LMA6141,5043
E02006245,LMA6115,3453
E02006246,LMA6115,3783
E02006247,LMA6115,4465
E02006248,LMA6115,3907
E02006249,LMA6115,3822
E02006250,LMA6115,5123
E02006251,LMA6115,5312
E02006252,LMA6115,4729
E02006253,LMA6115,3325
E02006254,LMA6115,4266
E02006255,LMA6115,4544
E02006256,LMA6115,4341
E02006257,LMA6115,3008
E02006258,LMA6115,4243
E02006259,LMA6115,3365
E02006260,LMA6115,3980
E02006261,LMA5460,3667
E02006262,LMA6141,4305
E02006263,LMA6115,3556
E02006264,LMA6141,4319
E02006265,LMA6141,3430
E02006266,LMA6141,4436
E02006267,LMA6115,4170
E02006268,LMA6141,2576
E02006269,LMA6141,3603
E02006270,LMA6141,6393
E02006271,LMA6115,4669
E02006272,LMA6115,3742
E02006273,LMA6141,3070
E02006274,LMA6141,4002
E02006275,LMA6141,3458
E02006276,LMA6141,3185
E02006277,LMA6141,4771
E02006278,LMA6141,4774
E02006279,LMA6141,4492
E02006280,LMA6141,4608
E02006281,LMA6141,4202
E02006282,LMA6141,2985
E02006283,LMA6141,3297
E02006284,LMA6141,3813
E02006285,LMA6141,4229
E02006286,LMA6141,5841
E02006287,LMA6168,2759
E02006288,LMA6115,4138
E02006289,LMA6115,3688
E02006290,LMA6115,3640
E02006291,LMA6115,3280
E02006292,LMA6115,3153
E02006293,LMA6115,5528
E02006294,LMA6115,3395
E02006295,LMA6115,4421
E02006296,LMA6115,6544
E02006297,LMA6115,4062
E02006298,LMA6115,4603
E02006299,LMA6115,3487
E02006300,LMA6115,3335
E02006301,LMA6115,2701
E02006302,LMA6168,2990
E02006303,LMA6168,2960
E02006304,LMA6168,3030
E02006305,LMA6168,3978
E02006306,LMA6168,2925
E02006307,LMA6168,3261
E02006308,LMA6168,2905
E02006309,LMA6168,2539
E02006310,LMA6168,3917
E02006311,LMA6168,3396
E02006312,LMA6168,4144
E02006313,LMA6168,4320
E02006314,LMA6168,3480
E02006315,LMA6168,2499
E02006316,LMA6168,3011
E02006317,LMA4896,3104
E02006318,LMA4896,3382
E02006319,LMA4896,3495
E02006320,LMA4896,3552
E02006321,LMA4896,3284
E02006322,LMA4896,3219
E02006323,LMA4896,3629
E02006324,LMA4896,3830
E02006325,LMA6417,4422
E02006326,LMA4896,3393
E02006327,LMA4896,3089
E02006328,LMA4896,4716
E02006329,LMA6417,3112
E02006330,LMA4896,4452
E02006331,LMA6417,3377
E02006332,LMA4896,3184
E02006333,LMA6417,4189
E02006334,LMA6417,3643
E02006335,LMA6417,4102
E02006336,LMA6417,3441
E02006337,LMA6417,4528
E02006338,LMA6417,3496
E02006339,LMA6417,4731
E02006341,LMA6417,4852
E02006342,LMA6417,3636
E02006343,LMA6417,4191
E02006344,LMA4896,4153
E02006345,LMA4896,3571
E02006346,LMA6417,4499
E02006347,LMA6417,4046
E02006348,LMA6417,4451
E02006349,LMA6417,4485
E02006350,LMA6417,3278
E02006351,LMA6417,4347
E02006352,LMA6417,3314
E02006353,LMA6417,3184
E02006354,LMA6417,4458
E02006355,LMA6417,3417
E02006356,LMA6417,6402
E02006357,LMA6417,3438
E02006358,LMA6417,3685
E02006359,LMA6417,2939
E02006360,LMA6417,3891
E02006361,LMA6417,2765
E02006362,LMA6417,3098
E02006363,LMA6417,2868
E02006364,LMA6417,3892
E02006365,LMA6417,2876
E02006366,LMA6417,3946
E02006367,LMA6417,2544
E02006368,LMA6417,2554
E02006369,LMA6417,3209
E02006370,LMA6417,3225
E02006371,LMA6417,3633
E02006372,LMA6417,3335
E02006373,LMA6417,3867
E02006374,LMA6417,3632
E02006375,LMA6417,3277
E02006376,LMA6417,4076
E02006377,LMA6417,2792
E02006378,LMA6417,4639
E02006379,LMA6417,2863
E02006380,LMA6417,3483
E02006381,LMA6417,3532
E02006382,LMA6417,3234
E02006383,LMA6417,4603
E02006384,LMA6417,5162
E02006385,LMA6417,6019
E02006386,LMA6417,4054
E02006387,LMA6417,3156
E02006388,LMA6417,4942
E02006389,LMA6417,3466
E02006390,LMA6417,4194
E02006391,LMA6417,3428
E02006392,LMA6417,4636
E02006393,LMA4896,3138
E02006394,LMA4896,4112
E02006395,LMA4896,5035
E02006396,LMA4896,3031
E02006397,LMA4896,2819
E02006398,LMA4896,4155
E02006399,LMA4896,5585
E02006400,LMA4896,3094
E02006401,LMA4896,4907
E02006402,LMA4896,5023
E02006403,LMA4896,3231
E02006404,LMA4896,3277
E02006405,LMA4896,5686
E02006406,LMA4896,4604
E02006407,LMA4896,4541
E02006408,LMA4896,4455
E02006409,LMA4896,3367
E02006410,LMA4896,4193
E02006411,LMA4896,3797
E02006412,LMA4896,3527
E02006413,LMA4896,3037
E02006414,LMA4896,3270
E02006415,LMA4896,3418
E02006416,LMA4896,4162
E02006417,LMA4896,3082
E02006418,LMA4896,3612
E02006419,LMA4896,3932
E02006420,LMA4896,3719
E02006421,LMA4896,4498
E02006422,LMA4896,3284
E02006423,LMA4896,5383
E02006424,LMA4896,3227
E02006425,LMA4896,3225
E02006426,LMA4896,3189
E02006427,LMA4896,3875
E02006429,LMA6417,3994
E02006430,LMA6417,4632
E02006431,LMA6417,5208
E02006432,LMA6417,2690
E02006433,LMA6417,4498
E02006434,LMA6417,3007
E02006435,LMA6417,3011
E02006436,LMA6417,2985
E02006437,LMA6417,4277
E02006438,LMA6417,4050
E02006439,LMA6417,3038
E02006440,LMA6417,3712
E02006441,LMA6417,3737
E02006442,LMA6417,2609
E02006443,LMA6417,3845
E02006444,LMA6417,3279
E02006445,LMA6417,3805
E02006446,LMA6417,3117
E02006447,LMA6417,2916
E02006448,LMA6417,3721
E02006449,LMA6417,3349
E02006450,LMA6417,3304
E02006451,LMA6417,5128
E02006453,LMA6417,3743
E02006454,LMA6417,3077
E02006455,LMA6417,3069
E02006456,LMA4896,4174
E02006457,LMA4896,4354
E02006458,LMA4896,4560
E02006459,LMA4896,5014
E02006460,LMA4896,5197
E02006461,LMA4896,3339
E02006462,LMA4896,4656
E02006463,LMA4896,5455
E02006464,LMA4896,3791
E02006465,LMA4896,3252
E02006466,LMA4896,4453
E02006467,LMA4896,3317
E02006468,LMA5790,5352
E02006469,LMA5790,4211
E02006470,LMA5790,5241
E02006471,LMA5790,3653
E02006472,LMA5790,4425
E02006473,LMA5790,5322
E02006474,LMA5790,3158
E02006475,LMA5790,3569
E02006476,LMA5790,3113
E02006477,LMA5790,3599
E02006478,LMA5790,4574
E02006479,LMA5790,4143
E02006480,LMA5790,3473
E02006481,LMA5790,3106
E02006482,LMA5790,3604
E02006483,LMA5790,3172
E02006484,LMA5790,3743
E02006485,LMA5790,3651
E02006486,LMA5790,3592
E02006487,LMA5790,2833
E02006488,LMA5790,2677
E02006489,LMA5790,4073
E02006490,LMA5790,3615
E02006492,LMA5790,6065
E02006493,LMA5790,4961
E02006494,LMA5790,3171
E02006495,LMA5790,3946
E02006496,LMA5790,3844
E02006497,LMA5790,4161
E02006498,LMA5790,5882
E02006499,LMA5790,3090
E02006500,LMA5790,2571
E02006501,LMA5790,4436
E02006502,LMA5790,4789
E02006503,LMA5790,3716
E02006504,LMA6620,2890
E02006505,LMA5790,3090
E02006506,LMA6620,2837
E02006507,LMA5790,4682
E02006508,LMA5790,4976
E02006509,LMA6620,3025
E02006510,LMA5790,3127
E02006511,LMA5790,4632
E02006512,LMA5790,5897
E02006513,LMA5790,3735
E02006514,LMA5790,4507
E02006515,LMA6620,4674
E02006516,LMA5790,4801
E02006517,LMA5790,3751
E02006518,LMA5790,4613
E02006519,LMA5790,3747
E02006520,LMA5790,4374
E02006521,LMA5790,3528
E02006522,LMA5790,2955
E02006523,LMA5790,5329
E02006524,LMA5790,2620
E02006525,LMA5790,6576
E02006526,LMA5790,4369
E02006527,LMA5790,4720
E02006528,LMA5790,5585
E02006529,LMA5790,6320
E02006530,LMA5790,5501
E02006531,LMA5790,4407
E02006532,LMA5790,4772
E02006533,LMA5790,5091
E02006534,LMA6417,4157
E02006535,LMA6417,3449
E02006536,LMA6417,3504
E02006537,LMA6417,4633
E02006538,LMA6417,4420
E02006539,LMA6417,3347
E02006540,LMA6417,2621
E02006541,LMA6417,3397
E02006542,LMA6417,2815
E02006543,LMA6417,2631
E02006544,LMA6417,5062
E02006545,LMA6417,3899
E02006546,LMA6417,4219
E02006547,LMA6417,2792
E02006548,LMA6417,4540
E02006549,LMA6417,2207
E02006550,LMA6417,4083
E02006551,LMA6417,2701
E02006552,LMA6417,3478
E02006553,LMA6417,3714
E02006554,LMA6417,2889
E02006555,LMA6417,3528
E02006556,LMA6417,3575
E02006557,LMA6417,3405
E02006558,LMA6417,5353
E02006559,LMA6417,3184
E02006560,LMA6417,3865
E02006561,LMA6417,3214
E02006562,LMA6417,2877
E02006563,LMA6417,2746
E02006564,LMA6417,3423
E02006565,LMA6417,3808
E02006566,LMA6417,3483
E02006567,LMA6417,3611
E02006568,LMA6417,5143
E02006569,LMA6417,3799
E02006570,LMA6417,4160
E02006571,LMA6417,3735
E02006572,LMA6417,4541
E02006573,LMA6417,4740
E02006574,LMA6417,4492
E02006575,LMA6417,3876
E02006576,LMA6417,4530
E02006577,LMA6417,3797
E02006578,LMA6417,5285
E02006579,LMA6417,4069
E02006580,LMA6417,4093
E02006581,LMA6417,4441
E02006582,LMA6417,4628
E02006583,LMA6417,4830
E02006584,LMA6417,3923
E02006585,LMA6417,3760
E02006586,LMA6417,4031
E02006587,LMA6417,4318
E02006588,LMA6417,4061
E02006589,LMA6417,6055
E02006590,LMA6417,4491
E02006591,LMA6417,4229
E02006592,LMA6417,3098
E02006593,LMA6417,5233
E02006594,LMA6417,3604
E02006595,LMA6417,3971
E02006596,LMA6417,4869
E02006597,LMA6417,4792
E02006598,LMA6417,3013
E02006599,LMA6417,3150
E02006600,LMA6417,4352
E02006601,LMA6417,3826
E02006602,LMA6417,3802
E02006603,LMA6417,4184
E02006604,LMA6417,6679
E02006605,LMA6417,3398
E02006606,LMA6417,4546
E02006607,LMA6417,3949
E02006608,LMA6417,3032
E02006609,LMA6417,3548
E02006610,LMA6417,3584
E02006611,LMA6417,4805
E02006612,LMA6417,5748
E02006613,LMA6417,3769
E02006614,LMA6417,5038
E02006615,LMA6417,3783
E02006616,LMA6417,4277
E02006617,LMA6417,4831
E02006618,LMA6417,3118
E02006619,LMA6417,4198
E02006620,LMA6417,4331
E02006621,LMA6417,3353
E02006622,LMA6417,3780
E02006623,LMA6417,3649
E02006624,LMA6417,3712
E02006625,LMA6417,4333
E02006626,LMA6417,3550
E02006627,LMA6417,4072
E02006628,LMA6417,4583
E02006629,LMA6417,3768
E02006630,LMA6417,3872
E02006631,LMA6417,4982
E02006632,LMA6417,3918
E02006633,LMA6417,3319
E02006634,LMA3139,4499
E02006635,LMA3139,3881
E02006636,LMA3139,3478
E02006637,LMA6546,5529
E02006638,LMA6546,2930
E02006639,LMA6546,4204
E02006640,LMA3139,3673
E02006641,LMA6546,3647
E02006642,LMA6529,3107
E02006643,LMA4708,8969
E02006644,LMA3139,3388
E02006645,LMA6546,3714
E02006646,LMA3139,2721
E02006647,LMA3139,3133
E02006648,LMA6546,2965
E02006649,LMA3139,3466
E02006650,LMA3139,6246
E02006651,LMA6546,3844
E02006652,LMA6546,4910
E02006653,LMA6546,5243
E02006654,LMA6546,4437
E02006655,LMA6546,3566
E02006656,LMA6546,4096
E02006657,LMA6546,4925
E02006658,LMA6546,3671
E02006659,LMA6546,4074
E02006660,LMA6546,6495
E02006661,LMA6529,5564
E02006662,LMA6529,3151
E02006663,LMA6529,5706
E02006664,LMA6529,3342
E02006665,LMA4160,3050
E02006666,LMA6529,2874
E02006667,LMA6529,3128
E02006668,LMA6529,3054
E02006669,LMA6529,4875
E02006670,LMA6529,3895
E02006671,LMA6529,3328
E02006672,LMA6529,3243
E02006673,LMA6529,2337
E02006674,LMA6529,2836
E02006675,LMA6529,4034
E02006676,LMA6529,2855
E02006677,LMA6529,3735
E02006678,LMA6546,3616
E02006679,LMA6546,5000
E02006680,LMA6546,3490
E02006681,LMA6546,2804
E02006682,LMA6546,4414
E02006683,LMA6546,4039
E02006684,LMA6546,3213
E02006685,LMA6546,3796
E02006686,LMA6546,2483
E02006687,LMA6546,3721
E02006688,LMA6546,2915
E02006689,LMA6546,3074
E02006690,LMA6546,3342
E02006691,LMA6546,6741
E02006692,LMA6546,2672
E02006693,LMA6546,3032
E02006694,LMA6546,2953
E02006695,LMA6546,3208
E02006696,LMA5909,2909
E02006697,LMA6620,3693
E02006698,LMA6620,3157
E02006699,LMA6620,2878
E02006700,LMA6620,2840
E02006701,LMA6620,2981
E02006702,LMA6620,2915
E02006703,LMA6620,3751
E02006704,LMA6620,3262
E02006705,LMA6620,3472
E02006706,LMA6620,3194
E02006707,LMA6620,3535
E02006708,LMA6620,3997
E02006709,LMA6620,3925
E02006710,LMA5909,3825
E02006711,LMA5909,3762
E02006712,LMA5909,3447
E02006713,LMA2836,2869
E02006714,LMA2836,2475
E02006715,LMA2836,4133
E02006716,LMA2836,2566
E02006717,LMA5909,2700
E02006718,LMA2836,2443
E02006719,LMA2836,3187
E02006720,LMA2836,3277
E02006721,LMA6620,3202
E02006722,LMA6620,2679
E02006723,LMA6620,3925
E02006724,LMA6620,3175
E02006725,LMA6620,2959
E02006726,LMA6620,3278
E02006727,LMA6620,3238
E02006728,LMA6620,3824
E02006729,LMA6620,3828
E02006730,LMA6620,2782
E02006731,LMA6620,2939
E02006732,LMA6620,3934
E02006733,LMA6620,3247
E02006734,LMA5909,4240
E02006735,LMA5909,2052
E02006736,LMA5909,4068
E02006737,LMA5909,4196
E02006738,LMA5909,3886
E02006739,LMA5909,2647
E02006740,LMA5909,4056
E02006741,LMA5909,3311
E02006742,LMA5909,3794
E02006743,LMA5909,3114
E02006744,LMA5909,3636
E02006745,LMA5909,3970
E02006746,LMA5909,3929
E02006747,LMA2836,3339
E02006748,LMA5909,3399
E02006749,LMA5909,2491
E02006750,LMA5909,2572
E02006751,LMA5909,2786
E02006752,LMA5909,3553
E02006753,LMA5909,3159
E02006754,LMA6620,2869
E02006755,LMA6620,2748
E02006756,LMA6620,2871
E02006757,LMA6620,3217
E02006758,LMA6620,2788
E02006759,LMA6620,3306
E02006760,LMA6620,4022
E02006761,LMA6620,3102
E02006762,LMA6620,2899
E02006763,LMA6620,3378
E02006764,LMA6620,2933
E02006765,LMA6620,2811
E02006766,LMA6620,3751
E02006767,LMA5909,4081
E02006768,LMA5909,3377
E02006769,LMA5909,3800
E02006770,LMA5909,3257
E02006771,LMA5909,3136
E02006772,LMA5909,2958
E02006773,LMA5909,3774
E02006774,LMA5909,3767
E02006775,LMA5909,1946
E02006776,LMA5909,3513
E02006777,LMA5909,3459
E02006778,LMA5909,3134
E02006779,LMA5909,3844
E02006780,LMA5909,2490
E02006781,LMA3869,1327
E02006782,LMA4896,3509
E02006783,LMA4896,2886
E02006784,LMA4896,3052
E02006785,LMA4896,2968
E02006786,LMA4896,3040
E02006787,LMA4896,3930
E02006788,LMA4896,3436
E02006789,LMA4896,3137
E02006790,LMA4896,3705
E02006791,LMA4896,3998
E02006792,LMA4896,4993
E02006793,LMA4896,3238
E02006794,LMA4896,2557
E02006795,LMA3190,3908
E02006796,LMA3190,4290
E02006798,LMA4896,3525
E02006799,LMA4896,3855
E02006800,LMA4896,5504
E02006801,LMA4896,4485
E02006802,LMA4896,3682
E02006803,LMA4004,4820
E02006804,LMA4004,3781
E02006805,LMA6620,3441
E02006806,LMA6620,3760
E02006807,LMA6620,3808
E02006808,LMA6620,3059
E02006809,LMA6620,4757
E02006810,LMA6620,4628
E02006811,LMA2423,4478
E02006812,LMA2423,2982
E02006813,LMA2606,3417
E02006814,LMA2606,4196
E02006815,LMA3162,3537
E02006816,LMA3162,3423
E02006817,LMA3162,3614
E02006818,LMA3162,4027
E02006819,LMA3162,3026
E02006820,LMA3162,4720
E02006821,LMA6417,3325
E02006822,LMA6417,4327
E02006823,LMA3190,4156
E02006824,LMA3190,4886
E02006825,LMA6141,3385
E02006826,LMA6141,5473
E02006827,LMA5320,3256
E02006828,LMA5320,3751
E02006829,LMA6417,3209
E02006830,LMA6417,2974
E02006831,LMA6417,3068
E02006832,LMA4896,3409
E02006833,LMA4896,4966
E02006834,LMA5320,3091
E02006835,LMA5320,2947
E02006836,LMA4896,4132
E02006837,LMA4896,5213
E02006838,LMA6417,3173
E02006839,LMA6417,4139
E02006840,LMA6698,4865
E02006841,LMA5608,3733
E02006842,LMA5608,2346
E02006843,LMA4004,3223
E02006844,LMA4004,2735
E02006845,LMA5933,4217
E02006846,LMA5933,3832
E02006847,LMA3139,5549
E02006848,LMA3139,4249
E02006849,LMA3139,5288
E02006850,LMA3162,2972
E02006851,LMA3162,2545
E02006852,LMA5648,6295
E02006853,LMA4896,3825
E02006854,LMA4896,3725
E02006855,LMA5033,2831
E02006856,LMA5033,4850
E02006857,LMA4272,3787
E02006858,LMA4272,3425
E02006859,LMA4896,4262
E02006860,LMA5148,4371
E02006861,LMA5648,4705
E02006862,LMA5491,3238
E02006863,LMA5491,5321
E02006864,LMA5296,3900
E02006865,LMA5296,3663
E02006866,LMA5320,3157
E02006867,LMA5320,3550
E02006868,LMA4004,5080
E02006869,LMA4004,5274
E02006870,LMA5661,6244
E02006871,LMA5121,5623
E02006872,LMA4004,6486
E02006873,LMA3162,3869
E02006874,LMA3162,4355
E02006875,LMA5648,4564
E02006876,LMA5648,3845
E02006877,LMA3162,3998
E02006878,LMA3162,4752
E02006879,LMA4995,2880
E02006880,LMA4995,3192
E02006881,LMA5148,4444
E02006882,LMA3190,7117
E02006883,LMA3107,2984
E02006884,LMA5148,5631
E02006885,LMA3107,3837
E02006886,LMA3139,5589
E02006887,LMA2916,3375
E02006888,LMA2916,2464
E02006889,LMA2916,2388
E02006890,LMA2916,3889
E02006891,LMA2615,3726
E02006892,LMA2615,3071
E02006893,LMA5608,5014
E02006894,LMA2863,4437
E02006895,LMA6620,3244
E02006896,LMA6620,2852
E02006897,LMA6620,2569
E02006898,LMA6620,3579
E02006899,LMA6620,3527
E02006900,LMA6620,3768
E02006901,LMA6620,4294
E02006902,LMA5148,3833
E02006903,LMA5320,5092
E02006904,LMA5320,3726
E02006905,LMA5320,3171
E02006906,LMA5320,6415
E02006907,LMA5460,3084
E02006908,LMA5460,2962
E02006909,LMA2423,5624
E02006910,LMA2423,4087
E02006911,LMA3162,7006
E02006912,LMA5148,4763
E02006913,LMA5148,3026
E02006914,LMA5148,2697
E02006915,LMA5148,3281
E02006916,LMA5148,3625
E02006917,LMA5148,3601
E02006918,LMA4896,3108
E02006919,LMA2893,4516
E02006920,LMA2893,3971
E02006921,LMA4896,2716
E02006922,LMA6780,6648
E02006924,LMA4896,5511
E02006925,LMA4896,5993
E02006926,LMA4896,4454
E02006927,LMA4896,3686
E02006928,LMA4896,3618
E02006929,LMA4896,3999
E02006930,LMA4896,3919
E02006931,LMA4896,5059
E02006932,LMA6872,3764
E02006933,LMA6872,3153
E02006934,LMA6872,3295
W02000001,LMA6794,3664
W02000002,LMA6794,2763
W02000003,LMA6794,4015
W02000004,LMA6794,3111
W02000005,LMA6812,3837
W02000006,LMA6794,3074
W02000007,LMA6794,3272
W02000008,LMA6812,3111
W02000009,LMA6794,3701
W02000010,LMA6812,2886
W02000011,LMA6812,3275
W02000012,LMA6812,4097
W02000013,LMA6812,3360
W02000014,LMA6812,3418
W02000015,LMA6812,3497
W02000016,LMA6812,3120
W02000017,LMA6812,3401
W02000018,LMA6812,2872
W02000019,LMA6812,3246
W02000020,LMA6812,3174
W02000021,LMA6812,3637
W02000022,LMA6812,2704
W02000023,LMA6812,2647
W02000024,LMA6816,2853
W02000025,LMA6816,3002
W02000026,LMA6816,3202
W02000027,LMA6818,4032
W02000028,LMA6818,2826
W02000029,LMA6818,2741
W02000030,LMA6818,2304
W02000031,LMA7197,3234
W02000032,LMA6818,3416
W02000033,LMA6818,2790
W02000034,LMA6818,3534
W02000035,LMA6818,3908
W02000036,LMA7197,3917
W02000037,LMA6818,3174
W02000038,LMA6818,2809
W02000039,LMA6818,3661
W02000040,LMA7197,3731
W02000041,LMA6818,4369
W02000042,LMA7197,2226
W02000043,LMA7197,2143
W02000044,LMA7197,2119
W02000045,LMA7197,3065
W02000047,LMA7197,1886
W02000049,LMA7197,2963
W02000050,LMA7197,2940
W02000051,LMA7197,2428
W02000052,LMA7197,2341
W02000053,LMA7197,3276
W02000054,LMA7197,3054
W02000055,LMA7197,2560
W02000056,LMA7197,2727
W02000057,LMA6872,2951
W02000058,LMA7197,2260
W02000059,LMA6872,3044
W02000060,LMA6872,4725
W02000061,LMA6872,2778
W02000062,LMA6872,3313
W02000063,LMA6872,4344
W02000064,LMA6872,2771
W02000065,LMA6872,3953
W02000066,LMA6872,4458
W02000067,LMA6872,3242
W02000068,LMA6872,2818
W02000069,LMA6872,3040
W02000070,LMA6872,5418
W02000071,LMA6872,3723
W02000072,LMA6872,5793
W02000073,LMA6872,4527
W02000074,LMA6872,4506
W02000075,LMA6872,2922
W02000076,LMA6872,3594
W02000077,LMA6872,2986
W02000080,LMA6872,3860
W02000081,LMA6872,2750
W02000082,LMA6872,3623
W02000083,LMA6872,4389
W02000084,LMA6872,2540
W02000085,LMA6872,4345
W02000086,LMA6872,2226
W02000087,LMA6872,2567
W02000088,LMA6872,4354
W02000089,LMA6872,4156
W02000090,LMA6872,2704
W02000091,LMA6872,3026
W02000092,LMA6872,3013
W02000093,LMA6872,3404
W02000094,LMA6872,3765
W02000095,LMA6872,3260
W02000096,LMA6872,3141
W02000097,LMA6891,4708
W02000098,LMA6891,3187
W02000099,LMA6891,3123
W02000100,LMA6891,3063
W02000101,LMA6891,2783
W02000102,LMA6891,3266
W02000103,LMA6891,2949
W02000104,LMA6891,3129
W02000105,LMA6891,2100
W02000106,LMA6891,3353
W02000107,LMA6895,4833
W02000108,LMA6895,3222
W02000109,LMA6895,2175
W02000110,LMA6895,3589
W02000111,LMA7192,4404
W02000113,LMA7192,3808
W02000114,LMA7192,3295
W02000116,LMA6903,3744
W02000117,LMA6903,3262
W02000118,LMA6903,3125
W02000120,LMA6903,3455
W02000122,LMA6903,3043
W02000123,LMA6903,3635
W02000124,LMA6907,3602
W02000125,LMA6907,3322
W02000126,LMA6907,3916
W02000127,LMA6914,4249
W02000128,LMA6914,3673
W02000129,LMA6914,3298
W02000130,LMA6914,3141
W02000131,LMA6914,3212
W02000132,LMA6914,3139
W02000133,LMA6914,3823
W02000134,LMA6914,3827
W02000135,LMA6914,2881
W02000136,LMA6921,3582
W02000137,LMA6914,2802
W02000138,LMA6921,4049
W02000139,LMA6921,3351
W02000140,LMA6921,2766
W02000141,LMA6921,2864
W02000142,LMA6903,2652
W02000143,LMA6946,2654
W02000144,LMA6907,3505
W02000145,LMA6946,3337
W02000146,LMA6946,3258
W02000147,LMA6946,3861
W02000148,LMA6946,2330
W02000149,LMA6946,2774
W02000151,LMA6946,2978
W02000152,LMA6946,3403
W02000153,LMA6946,3609
W02000154,LMA6946,3139
W02000156,LMA6946,3799
W02000157,LMA6946,4058
W02000158,LMA6946,2793
W02000159,LMA6946,2447
W02000160,LMA6946,3368
W02000161,LMA6946,2309
W02000162,LMA6946,3343
W02000163,LMA6946,2192
W02000164,LMA6946,2984
W02000165,LMA6946,2932
W02000166,LMA6946,3672
W02000167,LMA6946,3899
W02000168,LMA6946,2893
W02000169,LMA6946,4135
W02000170,LMA6946,4325
W02000171,LMA6946,4057
W02000172,LMA6946,4431
W02000173,LMA6946,3799
W02000174,LMA6946,4277
W02000175,LMA6946,3496
W02000176,LMA6946,3671
W02000177,LMA6946,3391
W02000178,LMA6946,3028
W02000179,LMA6946,3298
W02000180,LMA6946,3306
W02000181,LMA6946,2904
W02000182,LMA6946,3708
W02000183,LMA6946,4013
W02000184,LMA6946,3033
W02000185,LMA6946,2405
W02000186,LMA6946,2744
W02000187,LMA6946,2618
W02000188,LMA6946,3207
W02000189,LMA6946,3292
W02000190,LMA6946,2283
W02000191,LMA6946,4143
W02000192,LMA6946,3548
W02000193,LMA6946,3518
W02000194,LMA6946,2471
W02000195,LMA6946,2483
W02000196,LMA6946,2546
W02000197,LMA6946,2826
W02000198,LMA6946,3302
W02000200,LMA6946,2229
W02000201,LMA6946,2184
W02000202,LMA6946,5159
W02000203,LMA6946,2889
W02000204,LMA6946,3186
W02000205,LMA6946,2519
W02000206,LMA6946,2581
W02000207,LMA6946,2509
W02000208,LMA6946,4239
W02000209,LMA6946,1751
W02000210,LMA6946,2691
W02000211,LMA6946,3216
W02000212,LMA6946,3297
W02000213,LMA6946,3095
W02000214,LMA6946,3545
W02000215,LMA6946,3666
W02000216,LMA6946,3251
W02000217,LMA6946,2930
W02000218,LMA6946,2475
W02000219,LMA6946,3102
W02000220,LMA6946,3476
W02000221,LMA6946,3147
W02000222,LMA6946,2582
W02000223,LMA6946,2649
W02000224,LMA6946,2695
W02000225,LMA6946,3896
W02000226,LMA6946,4803
W02000227,LMA6946,2911
W02000228,LMA6946,2825
W02000229,LMA6946,2719
W02000230,LMA6946,2575
W02000231,LMA6946,3535
W02000232,LMA6946,3145
W02000233,LMA6946,3052
W02000234,LMA6946,5275
W02000235,LMA6946,3616
W02000236,LMA6946,2904
W02000237,LMA6946,2536
W02000238,LMA6946,2815
W02000239,LMA6946,3288
W02000240,LMA6946,4212
W02000241,LMA6946,5021
W02000242,LMA6946,3612
W02000243,LMA6946,3543
W02000244,LMA6946,4651
W02000245,LMA6946,4141
W02000246,LMA6946,2746
W02000247,LMA6946,4017
W02000248,LMA6946,4903
W02000249,LMA6946,3840
W02000250,LMA6946,5755
W02000251,LMA6946,3941
W02000252,LMA6946,3445
W02000253,LMA6946,2563
W02000254,LMA6946,3394
W02000255,LMA6946,2547
W02000256,LMA6946,3828
W02000257,LMA6946,2912
W02000258,LMA6946,2047
W02000259,LMA6946,2112
W02000260,LMA6946,2085
W02000261,LMA6946,3056
W02000262,LMA6946,2196
W02000263,LMA6946,2726
W02000264,LMA6946,2163
W02000265,LMA6946,3623
W02000266,LMA6946,3252
W02000267,LMA6946,2649
W02000268,LMA6946,3866
W02000269,LMA6946,3466
W02000270,LMA6946,3103
W02000271,LMA6946,2088
W02000272,LMA6946,4555
W02000273,LMA6946,3566
W02000274,LMA6946,4058
W02000275,LMA6946,2460
W02000276,LMA6946,2431
W02000277,LMA6946,3291
W02000278,LMA6946,5035
W02000279,LMA6946,3700
W02000280,LMA6946,4050
W02000281,LMA6946,3697
W02000282,LMA6946,5508
W02000284,LMA7192,4366
W02000285,LMA7192,3945
W02000286,LMA7192,2541
W02000287,LMA7192,3890
W02000288,LMA7192,3420
W02000289,LMA6946,3713
W02000290,LMA6946,3316
W02000291,LMA6946,2852
W02000292,LMA6946,2232
W02000293,LMA6946,2392
W02000294,LMA6946,2533
W02000295,LMA6946,4362
W02000296,LMA6946,3100
W02000297,LMA6946,3435
W02000298,LMA6946,3401
W02000299,LMA6946,2715
W02000300,LMA6946,3701
W02000301,LMA6946,3257
W02000302,LMA6946,4417
W02000303,LMA6946,3298
W02000304,LMA6946,2438
W02000305,LMA6946,3009
W02000306,LMA6946,2366
W02000307,LMA6946,2825
W02000308,LMA6946,4106
W02000309,LMA6946,3047
W02000310,LMA6946,2344
W02000311,LMA6946,3890
W02000312,LMA6946,3264
W02000313,LMA6946,5289
W02000314,LMA6946,2867
W02000315,LMA6946,2388
W02000316,LMA6946,2625
W02000317,LMA6946,3196
W02000318,LMA6946,3723
W02000319,LMA6946,3268
W02000320,LMA6946,3749
W02000321,LMA6946,3653
W02000322,LMA6946,2872
W02000323,LMA6946,2498
W02000324,LMA6946,2860
W02000325,LMA6946,2783
W02000326,LMA6946,4118
W02000327,LMA6946,2756
W02000328,LMA6946,3505
W02000329,LMA6946,3453
W02000330,LMA6946,3139
W02000331,LMA6946,2756
W02000332,LMA6946,2753
W02000333,LMA6946,3160
W02000334,LMA6946,3473
W02000335,LMA6946,3074
W02000336,LMA2836,3850
W02000337,LMA2836,3126
W02000338,LMA2836,3365
W02000339,LMA2836,4644
W02000340,LMA2836,3664
W02000341,LMA2836,4010
W02000342,LMA6946,4679
W02000343,LMA6946,4092
W02000344,LMA6946,3771
W02000345,LMA6946,3636
W02000346,LMA6946,4218
W02000347,LMA6946,3882
W02000348,LMA6946,3605
W02000349,LMA6946,2898
W02000350,LMA6946,3569
W02000351,LMA6946,2632
W02000352,LMA6946,3077
W02000353,LMA6946,3344
W02000354,LMA6946,2550
W02000355,LMA6946,4009
W02000356,LMA6946,1860
W02000357,LMA6946,3567
W02000358,LMA6946,2764
W02000359,LMA6946,4475
W02000360,LMA6946,2941
W02000361,LMA6946,4068
W02000362,LMA6946,2773
W02000363,LMA6946,2490
W02000364,LMA6946,2529
W02000365,LMA6946,3087
W02000366,LMA6946,4442
W02000367,LMA6946,2865
W02000368,LMA6946,3315
W02000369,LMA6946,4587
W02000370,LMA6946,2875
W02000371,LMA6946,4346
W02000372,LMA6946,3902
W02000373,LMA6946,2752
W02000374,LMA6946,2606
W02000375,LMA6946,3203
W02000376,LMA6946,3209
W02000377,LMA6946,3696
W02000378,LMA6946,3551
W02000379,LMA6946,2244
W02000380,LMA6946,3697
W02000381,LMA6946,2706
W02000382,LMA6946,2061
W02000383,LMA6946,3199
W02000384,LMA6946,2951
W02000385,LMA6946,2948
W02000386,LMA6946,3767
W02000387,LMA6946,2958
W02000388,LMA6946,2802
W02000389,LMA6946,3663
W02000390,LMA6946,2648
W02000391,LMA6946,3443
W02000392,LMA6946,4634
W02000393,LMA6946,2884
W02000394,LMA6946,3700
W02000395,LMA6946,3386
W02000396,LMA6946,4029
W02000397,LMA6946,2976
W02000398,LMA6946,3700
W02000399,LMA6946,4899
W02000400,LMA6946,4027
W02000401,LMA6946,3249
W02000402,LMA6946,4476
W02000403,LMA6946,3131
W02000404,LMA6946,2736
W02000405,LMA6946,2278
W02000406,LMA6946,4328
W02000407,LMA6946,2332
W02000408,LMA6946,2866
W02000409,LMA6946,2452
W02000410,LMA6946,3335
W02000411,LMA6946,2649
W02000412,LMA6946,2985
W02000414,LMA7192,3258
W02000415,LMA7192,3267
W02000416,LMA7192,4270
W02000417,LMA6946,4179
W02000418,LMA6946,5891
W02000419,LMA7197,4713
W02000420,LMA6872,6712
W02000421,LMA6903,5578
W02000422,LMA6946,4662
W02000423,LMA6946,4269
