unit,area,residents
E02000001,LMA6789,3790
E02000002,LMA6114,1969
E02000003,LMA6114,3693
E02000004,LMA6114,2355
E02000005,LMA6114,2905
E02000007,LMA6114,2702
E02000008,LMA6114,3688
E02000009,LMA6114,2781
E02000010,LMA6114,2793
E02000011,LMA6114,2203
E02000012,LMA6114,3338
E02000013,LMA6114,2680
E02000014,LMA6114,3050
E02000015,LMA6114,2327
E02000016,LMA6114,2553
E02000017,LMA6789,2914
E02000018,LMA6114,2728
E02000019,LMA6114,2752
E02000020,LMA6114,2866
E02000021,LMA6114,2646
E02000022,LMA6789,2301
E02000023,LMA6114,1895
E02000024,LMA6789,3931
E02000025,LMA6789,3183
E02000026,LMA6789,2385
E02000027,LMA6789,3336
E02000028,LMA6789,2470
E02000029,LMA6789,3332
E02000030,LMA6789,3115
E02000031,LMA6789,2681
E02000032,LMA6789,3006
E02000033,LMA6789,3167
E02000034,LMA6789,3239
E02000035,LMA6789,3071
E02000036,LMA6789,3788
E02000037,LMA6789,3343
E02000038,LMA6789,4076
E02000039,LMA6789,2459
E02000040,LMA6789,2418
E02000041,LMA6789,3092
E02000042,LMA6789,4258
E02000043,LMA6789,2870
E02000044,LMA6789,2805
E02000045,LMA6789,3988
E02000046,LMA6789,3031
E02000047,LMA6789,3737
E02000048,LMA6789,3650
E02000049,LMA6789,2571
E02000050,LMA6789,3930
E02000051,LMA6789,3142
E02000052,LMA6789,4295
E02000053,LMA6789,3140
E02000054,LMA6789,2640
E02000055,LMA6789,3907
E02000056,LMA6789,3207
E02000057,LMA6789,2459
E02000058,LMA6789,3659
E02000059,LMA6789,3831
E02000060,LMA6789,3299
E02000061,LMA6789,3080
E02000062,LMA6789,2230
E02000063,LMA6789,2406
E02000064,LMA6789,2132
E02000065,LMA4275,2558
E02000066,LMA4275,3315
E02000067,LMA4275,3330
E02000068,LMA4275,2698
E02000069,LMA4275,2276
E02000070,LMA4275,3090
E02000071,LMA4275,2920
E02000072,LMA4275,3895
E02000073,LMA4275,4246
E02000074,LMA4275,2816
E02000075,LMA4275,3187
E02000077,LMA4275,3182
E02000078,LMA4275,3355
E02000079,LMA4275,3161
E02000080,LMA4275,3732
E02000081,LMA4275,2843
E02000082,LMA4275,3716
E02000083,LMA4275,3808
E02000084,LMA4275,4315
E02000085,LMA4275,3192
E02000086,LMA4275,3146
E02000087,LMA4275,2955
E02000088,LMA4275,3168
E02000089,LMA4275,3074
E02000090,LMA4275,3480
E02000091,LMA4275,3587
E02000092,LMA4275,2278
E02000093,LMA6789,3946
E02000094,LMA6789,2990
E02000095,LMA6789,3511
E02000096,LMA6789,2890
E02000097,LMA6789,3064
E02000098,LMA6789,2729
E02000099,LMA6789,3010
E02000100,LMA6789,3398
E02000101,LMA6789,3000
E02000102,LMA6789,2338
E02000103,LMA6789,2668
E02000104,LMA6789,2395
E02000105,LMA6789,3410
E02000106,LMA6789,3226
E02000107,LMA6789,4286
E02000108,LMA6789,2417
E02000109,LMA6789,3744
E02000110,LMA6789,3345
E02000111,LMA6789,3805
E02000112,LMA6789,3695
E02000113,LMA6789,2756
E02000114,LMA6789,3843
E02000115,LMA6789,3747
E02000116,LMA6789,2801
E02000117,LMA6789,3578
E02000118,LMA6789,3534
E02000119,LMA6789,2041
E02000120,LMA6789,4295
E02000121,LMA6789,3576
E02000122,LMA6789,3083
E02000123,LMA6789,4872
E02000124,LMA6789,4476
E02000125,LMA6789,4410
E02000126,LMA6789,2579
E02000127,LMA4275,2976
E02000128,LMA4275,2963
E02000130,LMA6789,3364
E02000131,LMA6789,3981
E02000132,LMA6789,4093
E02000133,LMA4275,3681
E02000134,LMA4275,4793
E02000135,LMA6789,3399
E02000136,LMA4275,1834
E02000137,LMA6789,3331
E02000138,LMA6789,3458
E02000139,LMA6789,3364
E02000140,LMA4275,2614
E02000141,LMA6789,2990
E02000142,LMA4275,3304
E02000144,LMA4275,3849
E02000145,LMA4275,2679
E02000146,LMA4275,3481
E02000147,LMA6789,2934
E02000148,LMA4275,2464
E02000149,LMA4275,2918
E02000150,LMA3428,3276
E02000151,LMA4275,2905
E02000152,LMA4275,2298
E02000153,LMA6789,3035
E02000154,LMA4275,3232
E02000155,LMA4275,2630
E02000156,LMA3428,4636
E02000157,LMA4275,3017
E02000158,LMA4275,2541
E02000159,LMA4275,2414
E02000160,LMA3428,2972
E02000161,LMA4275,3430
E02000162,LMA4275,2469
E02000163,LMA4275,2956
E02000165,LMA3428,3027
E02000166,LMA6789,2939
E02000167,LMA6789,3119
E02000168,LMA6789,3395
E02000169,LMA6789,2648
E02000170,LMA6789,4010
E02000171,LMA6789,3244
E02000172,LMA6789,3357
E02000173,LMA6789,3386
E02000174,LMA6789,3666
E02000175,LMA6789,4557
E02000176,LMA6789,3078
E02000177,LMA6789,3332
E02000178,LMA6789,4031
E02000179,LMA6789,2347
E02000180,LMA6789,3138
E02000181,LMA6789,4003
E02000182,LMA6789,2410
E02000183,LMA6789,3154
E02000184,LMA6789,3119
E02000185,LMA6789,3030
E02000186,LMA6789,2786
E02000187,LMA6789,2400
E02000188,LMA6789,2432
E02000189,LMA6789,1723
E02000190,LMA6789,2202
E02000191,LMA6789,2440
E02000192,LMA6789,2804
E02000193,LMA6789,3185
E02000194,LMA3428,3614
E02000195,LMA3428,3570
E02000196,LMA3428,2671
E02000197,LMA3428,3248
E02000198,LMA3428,2949
E02000199,LMA3428,3187
E02000200,LMA3428,3262
E02000201,LMA3428,3028
E02000202,LMA3428,3262
E02000203,LMA3428,2824
E02000204,LMA3428,3427
E02000206,LMA3428,3393
E02000207,LMA3428,3278
E02000208,LMA3428,3454
E02000209,LMA3428,3162
E02000210,LMA3428,3613
E02000211,LMA3428,3347
E02000212,LMA3428,3155
E02000213,LMA3428,3474
E02000214,LMA3428,2558
E02000215,LMA3428,4735
E02000216,LMA3428,2710
E02000217,LMA3428,4057
E02000218,LMA3428,2308
E02000219,LMA3428,2987
E02000220,LMA3428,4633
E02000221,LMA3428,3625
E02000222,LMA3428,3596
E02000223,LMA3428,2388
E02000224,LMA3428,3418
E02000225,LMA3428,2660
E02000226,LMA3428,3020
E02000227,LMA3428,4840
E02000228,LMA3428,2907
E02000229,LMA3428,1989
E02000230,LMA3428,4051
E02000231,LMA3428,2867
E02000232,LMA3428,2253
E02000233,LMA3428,2358
E02000234,LMA3428,3170
E02000235,LMA3428,2775
E02000236,LMA3428,3121
E02000237,LMA3428,2705
E02000238,LMA6789,3605
E02000239,LMA6789,3628
E02000240,LMA6789,3487
E02000241,LMA6789,2624
E02000242,LMA6789,2462
E02000243,LMA6789,3150
E02000244,LMA6789,2727
E02000245,LMA6789,2726
E02000246,LMA6789,2854
E02000247,LMA6789,3568
E02000248,LMA6789,2898
E02000249,LMA6789,2772
E02000250,LMA6789,2557
E02000251,LMA6789,3026
E02000252,LMA6789,3829
E02000253,LMA6789,3063
E02000254,LMA6789,3495
E02000255,LMA6789,3454
E02000256,LMA6789,3814
E02000257,LMA6789,6065
E02000258,LMA6789,2511
E02000259,LMA6789,2534
E02000260,LMA6789,3122
E02000261,LMA6789,4108
E02000262,LMA6789,3564
E02000263,LMA6789,4000
E02000264,LMA6789,3456
E02000265,LMA6789,4667
E02000266,LMA6789,3702
E02000267,LMA1683,2921
E02000268,LMA6789,3931
E02000269,LMA6789,3716
E02000270,LMA6789,2670
E02000271,LMA6789,2943
E02000272,LMA6789,2860
E02000274,LMA6789,4237
E02000275,LMA6789,2471
E02000276,LMA6789,3047
E02000277,LMA6789,2622
E02000278,LMA6789,2647
E02000279,LMA6789,3767
E02000280,LMA6789,3260
E02000281,LMA6789,3188
E02000282,LMA6789,2698
E02000283,LMA6789,2809
E02000284,LMA6789,3406
E02000285,LMA6789,2670
E02000286,LMA6789,3497
E02000287,LMA6789,2280
E02000288,LMA6789,3454
E02000289,LMA6789,2417
E02000290,LMA6789,2183
E02000291,LMA6789,3371
E02000292,LMA6789,3664
E02000293,LMA6789,2353
E02000294,LMA6789,2912
E02000295,LMA6789,3104
E02000296,LMA6789,3562
E02000297,LMA6789,3759
E02000298,LMA6789,3224
E02000299,LMA6789,2927
E02000300,LMA6789,2728
E02000301,LMA6789,3058
E02000302,LMA6789,3033
E02000303,LMA6789,2369
E02000304,LMA6789,3142
E02000305,LMA6789,3628
E02000306,LMA6789,2558
E02000307,LMA6789,3319
E02000308,LMA6789,2838
E02000309,LMA6789,3264
E02000311,LMA6789,3653
E02000312,LMA6789,4405
E02000313,LMA6789,2249
E02000314,LMA6789,4332
E02000315,LMA6789,2814
E02000316,LMA6789,4575
E02000317,LMA6789,2420
E02000318,LMA6789,3382
E02000319,LMA6789,3992
E02000320,LMA6789,2409
E02000321,LMA6789,2427
E02000323,LMA6789,3438
E02000324,LMA6789,2486
E02000326,LMA6789,2966
E02000327,LMA6789,2156
E02000328,LMA6789,2847
E02000329,LMA6789,2316
E02000331,LMA6789,2974
E02000332,LMA6789,2808
E02000333,LMA6789,2872
E02000334,LMA6789,2387
E02000335,LMA6789,2708
E02000337,LMA6789,2813
E02000339,LMA6789,2296
E02000340,LMA6789,2421
E02000341,LMA6789,2471
E02000342,LMA6789,2134
E02000343,LMA6789,2349
E02000344,LMA6789,2535
E02000345,LMA6789,2347
E02000346,LMA6789,1841
E02000347,LMA6789,2337
E02000348,LMA6789,2216
E02000350,LMA6789,3937
E02000351,LMA6789,4370
E02000352,LMA6789,2609
E02000353,LMA6789,3607
E02000354,LMA6789,3431
E02000355,LMA6789,3280
E02000356,LMA6789,3445
E02000357,LMA6789,1703
E02000358,LMA6789,4692
E02000359,LMA6789,2424
E02000360,LMA6789,4118
E02000361,LMA6789,3330
E02000362,LMA6789,2266
E02000363,LMA6789,3288
E02000364,LMA6789,3850
E02000365,LMA6789,5962
E02000366,LMA6789,3048
E02000367,LMA6789,4348
E02000368,LMA6789,3466
E02000369,LMA6789,4672
E02000370,LMA6789,3289
E02000371,LMA6789,5698
E02000372,LMA6789,3358
E02000373,LMA6789,2043
E02000374,LMA6789,2710
E02000375,LMA6789,3049
E02000376,LMA6789,3304
E02000377,LMA6789,3570
E02000378,LMA6789,3292
E02000379,LMA6789,3207
E02000380,LMA6789,2628
E02000381,LMA6789,3584
E02000382,LMA6789,2595
E02000383,LMA6789,4271
E02000384,LMA6789,3046
E02000385,LMA6789,3536
E02000386,LMA6789,3344
E02000387,LMA6789,2823
E02000388,LMA6789,4041
E02000389,LMA6789,3709
E02000390,LMA6789,3000
E02000391,LMA6789,3319
E02000392,LMA6789,4536
E02000393,LMA6789,3142
E02000394,LMA6789,3294
E02000395,LMA6789,2752
E02000396,LMA6789,2804
E02000397,LMA6789,3037
E02000398,LMA6789,1889
E02000400,LMA6789,2851
E02000401,LMA6789,1874
E02000402,LMA6789,1877
E02000403,LMA6789,2914
E02000404,LMA6789,2433
E02000405,LMA6789,2706
E02000406,LMA6789,2534
E02000407,LMA6789,2137
E02000408,LMA6789,2117
E02000409,LMA6789,2053
E02000410,LMA6789,2895
E02000411,LMA6789,2389
E02000412,LMA6789,2509
E02000413,LMA6789,2852
E02000414,LMA6789,2527
E02000415,LMA6789,2673
E02000416,LMA6789,3126
E02000417,LMA6789,2964
E02000418,LMA6789,2326
E02000419,LMA6789,3514
E02000420,LMA6789,2504
E02000421,LMA6789,2349
E02000422,LMA6789,2570
E02000423,LMA6789,2890
E02000424,LMA6789,3244
E02000425,LMA6789,1951
E02000426,LMA6789,2764
E02000427,LMA6789,3195
E02000428,LMA6789,2307
E02000429,LMA6789,3146
E02000430,LMA6789,3701
E02000431,LMA6789,3392
E02000432,LMA6789,3162
E02000433,LMA6789,2619
E02000434,LMA6789,3085
E02000435,LMA6789,2556
E02000436,LMA6789,2161
E02000437,LMA6789,3092
E02000438,LMA6789,2815
E02000439,LMA6789,2898
E02000440,LMA6789,3639
E02000441,LMA6789,2404
E02000442,LMA6789,3094
E02000443,LMA6789,3387
E02000444,LMA6789,3150
E02000445,LMA6789,3741
E02000447,LMA6789,2803
E02000448,LMA6789,2511
E02000449,LMA6789,2947
E02000451,LMA6789,2588
E02000452,LMA6789,3538
E02000453,LMA6789,3109
E02000454,LMA6789,2730
E02000455,LMA6789,3383
E02000456,LMA6789,2905
E02000457,LMA6789,2341
E02000459,LMA6789,3095
E02000460,LMA6789,2292
E02000461,LMA6789,2687
E02000462,LMA6789,2472
E02000463,LMA6789,3080
E02000464,LMA6114,2126
E02000465,LMA6114,2830
E02000466,LMA6114,2899
E02000467,LMA6114,3153
E02000468,LMA6114,2894
E02000469,LMA6114,2205
E02000470,LMA6114,3190
E02000471,LMA6114,2762
E02000472,LMA6114,3573
E02000473,LMA6114,3952
E02000474,LMA6114,3225
E02000475,LMA6114,3805
E02000476,LMA6114,3451
E02000477,LMA6114,3908
E02000478,LMA6114,2197
E02000479,LMA6114,3528
E02000480,LMA6114,3965
E02000481,LMA6114,2953
E02000482,LMA6114,2401
E02000483,LMA6114,2999
E02000484,LMA6114,3512
E02000485,LMA6114,3253
E02000486,LMA6114,3056
E02000487,LMA6114,2967
E02000488,LMA6114,3114
E02000489,LMA6114,3069
E02000490,LMA6114,2910
E02000491,LMA6114,3124
E02000492,LMA6114,2381
E02000493,LMA6114,2396
E02000494,LMA6789,2752
E02000495,LMA6762,3716
E02000496,LMA6789,2859
E02000497,LMA6789,3373
E02000498,LMA6789,2394
E02000499,LMA6789,3068
E02000500,LMA6789,3163
E02000501,LMA6789,3432
E02000502,LMA6789,3321
E02000503,LMA6789,4235
E02000504,LMA6789,2893
E02000506,LMA6789,2978
E02000507,LMA6789,3334
E02000508,LMA6789,3363
E02000509,LMA6789,3537
E02000510,LMA6789,3458
E02000511,LMA6789,3791
E02000512,LMA6789,2950
E02000513,LMA6789,3151
E02000514,LMA6789,3734
E02000515,LMA6789,4264
E02000516,LMA6789,3209
E02000517,LMA6789,3091
E02000518,LMA6789,3294
E02000519,LMA6789,3125
E02000520,LMA6789,4023
E02000521,LMA6789,3648
E02000522,LMA6789,3283
E02000523,LMA6789,3666
E02000524,LMA6789,2812
E02000525,LMA6789,3582
E02000526,LMA6789,3643
E02000528,LMA6789,4049
E02000529,LMA6789,3138
E02000530,LMA6789,2176
E02000531,LMA6789,4328
E02000532,LMA6789,3660
E02000533,LMA6789,3584
E02000534,LMA6789,3483
E02000535,LMA6789,3741
E02000536,LMA6789,3583
E02000537,LMA6789,3639
E02000538,LMA6789,3394
E02000539,LMA6789,4572
E02000540,LMA6789,3731
E02000541,LMA6789,3370
E02000542,LMA6789,3696
E02000543,LMA6789,4998
E02000544,LMA6789,3406
E02000545,LMA6789,3178
E02000546,LMA6789,3735
E02000547,LMA6789,3881
E02000548,LMA6789,3695
E02000549,LMA6789,4520
E02000550,LMA6789,4250
E02000551,LMA6789,3090
E02000552,LMA6789,3608
E02000553,LMA6789,2614
E02000554,LMA6789,3433
E02000555,LMA6789,3824
E02000556,LMA6789,4477
E02000557,LMA6789,3416
E02000558,LMA6789,2847
E02000559,LMA6789,4436
E02000560,LMA6789,3384
E02000561,LMA6789,3341
E02000562,LMA6789,3343
E02000563,LMA6789,3276
E02000564,LMA6789,5369
E02000565,LMA6789,3185
E02000566,LMA6789,4065
E02000567,LMA6789,4896
E02000568,LMA6789,3261
E02000569,LMA6789,4372
E02000570,LMA6789,4298
E02000571,LMA6789,3358
E02000572,LMA6789,2734
E02000573,LMA6789,4323
E02000574,LMA6789,3642
E02000575,LMA6789,5062
E02000576,LMA6789,3497
E02000577,LMA6789,2249
E02000578,LMA6789,1792
E02000579,LMA6789,3308
E02000580,LMA6789,3628
E02000581,LMA6789,2300
E02000582,LMA6789,3401
E02000583,LMA6789,2894
E02000584,LMA6789,3337
E02000585,LMA6789,3081
E02000586,LMA6789,2980
E02000587,LMA6789,2786
E02000588,LMA6789,3260
E02000589,LMA6789,3392
E02000590,LMA6789,2640
E02000591,LMA6789,2827
E02000592,LMA6789,2974
E02000593,LMA6789,3446
E02000594,LMA6789,2790
E02000595,LMA6789,2901
E02000596,LMA6789,3285
E02000597,LMA6789,2492
E02000598,LMA3428,3044
E02000599,LMA3428,2335
E02000600,LMA3428,3285
E02000601,LMA3428,4425
E02000602,LMA3428,3871
E02000603,LMA3428,2981
E02000604,LMA3428,3494
E02000605,LMA3428,3151
E02000606,LMA3428,4733
E02000607,LMA3428,2798
E02000608,LMA3428,3334
E02000609,LMA3428,2681
E02000610,LMA3428,3481
E02000611,LMA3428,2863
E02000612,LMA3428,3225
E02000613,LMA3428,3391
E02000614,LMA3428,3532
E02000615,LMA3428,3189
E02000616,LMA3428,2754
E02000617,LMA3428,3516
E02000619,LMA6789,3237
E02000620,LMA6789,4402
E02000621,LMA6789,5225
E02000622,LMA6789,4032
E02000623,LMA6789,3233
E02000624,LMA6789,3505
E02000625,LMA6789,3332
E02000626,LMA6789,2821
E02000627,LMA6789,4704
E02000628,LMA6789,3648
E02000629,LMA6789,4984
E02000630,LMA6789,3942
E02000631,LMA6789,4045
E02000632,LMA6789,5980
E02000633,LMA6789,3809
E02000634,LMA6789,3417
E02000635,LMA6789,4273
E02000636,LMA6789,4096
E02000637,LMA6789,4553
E02000638,LMA6789,4404
E02000639,LMA6789,3162
E02000640,LMA6789,4708
E02000641,LMA6789,3161
E02000642,LMA6789,4067
E02000643,LMA6789,3785
E02000644,LMA6789,3694
E02000645,LMA6789,3949
E02000646,LMA6789,4332
E02000647,LMA6789,3394
E02000648,LMA6789,2561
E02000649,LMA6789,5006
E02000650,LMA6789,2959
E02000651,LMA6789,3485
E02000652,LMA6789,2633
E02000653,LMA6789,3544
E02000654,LMA6789,2683
E02000655,LMA6789,3372
E02000657,LMA6789,3866
E02000658,LMA6789,3448
E02000659,LMA6789,3203
E02000660,LMA6789,3947
E02000661,LMA6789,3037
E02000662,LMA6789,3369
E02000663,LMA6789,3067
E02000664,LMA6789,4074
E02000665,LMA6789,3576
E02000666,LMA6789,2967
E02000667,LMA6789,2785
E02000668,LMA6789,2834
E02000669,LMA6789,3350
E02000670,LMA6789,2462
E02000671,LMA6789,3660
E02000672,LMA6789,3080
E02000673,LMA6789,3478
E02000674,LMA6789,3205
E02000675,LMA6789,3444
E02000676,LMA6789,3353
E02000677,LMA6789,2796
E02000678,LMA6789,2138
E02000679,LMA6789,3162
E02000680,LMA6789,2563
E02000681,LMA6789,2970
E02000682,LMA6789,2680
E02000683,LMA6789,2187
E02000685,LMA6789,2926
E02000686,LMA6789,2213
E02000687,LMA6789,3043
E02000689,LMA3428,3825
E02000690,LMA3428,1790
E02000691,LMA3428,3644
E02000692,LMA3428,3571
E02000693,LMA3428,4877
E02000694,LMA3428,4471
E02000695,LMA3428,3201
E02000696,LMA3428,3381
E02000697,LMA3428,4477
E02000698,LMA3428,3089
E02000699,LMA3428,3764
E02000700,LMA3428,3419
E02000701,LMA3428,3160
E02000702,LMA3428,2879
E02000703,LMA3428,3123
E02000704,LMA3428,3671
E02000705,LMA3428,3058
E02000706,LMA3428,3091
E02000707,LMA3428,2675
E02000708,LMA3428,3526
E02000709,LMA3428,3116
E02000710,LMA3428,2977
E02000711,LMA3428,2969
E02000712,LMA3428,3240
E02000713,LMA3428,3240
E02000714,LMA6789,2891
E02000715,LMA6789,2019
E02000716,LMA6789,2254
E02000717,LMA6789,2390
E02000718,LMA6789,1819
E02000719,LMA6789,2863
E02000720,LMA6789,2500
E02000721,LMA6789,2866
E02000722,LMA6789,3219
E02000723,LMA6789,3388
E02000724,LMA6789,2727
E02000725,LMA6789,3870
E02000726,LMA6789,3862
E02000727,LMA6789,2608
E02000728,LMA6789,2696
E02000729,LMA6789,2366
E02000730,LMA6789,2847
E02000731,LMA6789,3274
E02000732,LMA6789,2137
E02000733,LMA6789,3324
E02000734,LMA6789,2519
E02000735,LMA6789,2394
E02000736,LMA6789,2470
E02000737,LMA6789,2951
E02000738,LMA6789,2827
E02000739,LMA6789,2395
E02000740,LMA6789,2234
E02000741,LMA6789,2653
E02000742,LMA6789,2442
E02000743,LMA6789,2314
E02000744,LMA6789,2455
E02000745,LMA6789,2845
E02000746,LMA6789,2337
E02000747,LMA6789,4246
E02000748,LMA6789,2029
E02000749,LMA6789,2451
E02000750,LMA6789,4573
E02000751,LMA6789,4128
E02000752,LMA6789,2226
E02000753,LMA6789,2104
E02000754,LMA6789,2604
E02000755,LMA6789,2050
E02000756,LMA6789,4754
E02000757,LMA6789,5369
E02000758,LMA6789,2038
E02000759,LMA6789,4872
E02000760,LMA6789,2348
E02000762,LMA6789,2298
E02000763,LMA6789,2485
E02000764,LMA6789,5236
E02000765,LMA6789,2313
E02000767,LMA6789,2743
E02000768,LMA6789,2377
E02000769,LMA6789,5355
E02000770,LMA6789,2592
E02000772,LMA6789,2644
E02000773,LMA6789,3164
E02000774,LMA6789,2313
E02000776,LMA6789,2134
E02000777,LMA6789,2319
E02000779,LMA6789,2486
E02000780,LMA6789,4249
E02000781,LMA6789,4485
E02000782,LMA6789,2596
E02000783,LMA6789,1913
E02000784,LMA6789,3809
E02000785,LMA6789,4003
E02000786,LMA6789,4731
E02000787,LMA6789,4736
E02000788,LMA6789,3626
E02000789,LMA6789,2601
E02000790,LMA6789,2791
E02000791,LMA6789,2624
E02000792,LMA6789,2978
E02000793,LMA6789,3295
E02000794,LMA6789,2995
E02000795,LMA6789,2189
E02000796,LMA6789,3962
E02000797,LMA6789,3532
E02000798,LMA6789,4514
E02000799,LMA6789,2652
E02000800,LMA6789,1938
E02000801,LMA6789,2951
E02000802,LMA6789,2802
E02000803,LMA6789,3825
E02000804,LMA6789,3121
E02000805,LMA6789,3964
E02000806,LMA6789,3996
E02000807,LMA6789,4604
E02000808,LMA6789,4493
E02000809,LMA6789,7174
E02000810,LMA6789,4016
E02000812,LMA6789,4487
E02000813,LMA6789,3440
E02000814,LMA6789,4735
E02000815,LMA6789,2894
E02000816,LMA6789,3585
E02000817,LMA6789,2249
E02000818,LMA6789,2977
E02000819,LMA6789,3142
E02000820,LMA6789,3667
E02000821,LMA6789,2791
E02000822,LMA6789,2931
E02000823,LMA6789,3134
E02000824,LMA6789,3060
E02000825,LMA6789,3279
E02000826,LMA6789,3427
E02000827,LMA6789,3903
E02000828,LMA6789,2969
E02000829,LMA6789,3922
E02000830,LMA6789,4001
E02000831,LMA6789,4012
E02000832,LMA6789,3597
E02000833,LMA6789,2980
E02000834,LMA6789,4612
E02000835,LMA6789,2913
E02000836,LMA6789,3867
E02000837,LMA6789,3655
E02000838,LMA6789,4022
E02000839,LMA6789,3114
E02000840,LMA3428,3074
E02000841,LMA3428,3265
E02000842,LMA3428,3270
E02000843,LMA3428,3452
E02000844,LMA3428,3171
E02000845,LMA3428,3883
E02000846,LMA3428,2869
E02000847,LMA3428,3609
E02000848,LMA3428,3374
E02000849,LMA3428,3209
E02000850,LMA3428,4404
E02000851,LMA3428,3493
E02000852,LMA3428,3339
E02000853,LMA3428,3275
E02000854,LMA3428,3063
E02000855,LMA3428,3133
E02000856,LMA3428,3563
E02000857,LMA3428,3592
E02000858,LMA3428,2746
E02000859,LMA3428,3204
E02000860,LMA3428,3321
E02000861,LMA3428,3023
E02000863,LMA3428,2430
E02000864,LMA6789,3059
E02000865,LMA6789,2559
E02000866,LMA6789,4131
E02000867,LMA6789,4718
E02000868,LMA6789,2832
E02000869,LMA6789,2320
E02000870,LMA6789,2584
E02000871,LMA6789,2780
E02000872,LMA6789,3130
E02000873,LMA6789,2745
E02000874,LMA6789,2238
E02000875,LMA6789,3072
E02000876,LMA6789,2703
E02000877,LMA6789,3159
E02000878,LMA6789,4221
E02000879,LMA6789,2513
E02000880,LMA6789,2072
E02000881,LMA6789,1955
E02000882,LMA6789,2596
E02000883,LMA6789,2228
E02000884,LMA6789,4400
E02000885,LMA6789,2121
E02000886,LMA6789,3340
E02000887,LMA6789,2792
E02000888,LMA6789,3484
E02000889,LMA6789,3179
E02000890,LMA6789,3439
E02000891,LMA6789,6245
E02000893,LMA6789,2854
E02000894,LMA6789,5334
E02000895,LMA6789,2564
E02000896,LMA6789,3451
E02000897,LMA6789,2822
E02000898,LMA6789,2814
E02000899,LMA6789,3008
E02000900,LMA6789,2865
E02000901,LMA6789,3821
E02000902,LMA6789,2995
E02000903,LMA6789,2790
E02000904,LMA6789,3026
E02000905,LMA6789,3440
E02000906,LMA6789,3356
E02000907,LMA6789,2988
E02000908,LMA6789,4203
E02000909,LMA6789,3465
E02000910,LMA6789,4090
E02000911,LMA6789,4047
E02000912,LMA6789,3077
E02000913,LMA6789,3146
E02000914,LMA6789,3275
E02000915,LMA6789,3501
E02000916,LMA6789,3323
E02000917,LMA6789,3487
E02000918,LMA6789,3563
E02000919,LMA6789,3670
E02000920,LMA6789,3431
E02000921,LMA6789,3604
E02000922,LMA6789,3671
E02000923,LMA6789,3694
E02000924,LMA6789,5201
E02000925,LMA6789,3226
E02000926,LMA6789,4732
E02000927,LMA6789,3591
E02000928,LMA6789,4191
E02000929,LMA6789,2849
E02000930,LMA6789,5910
E02000931,LMA6789,4915
E02000932,LMA6789,6142
E02000933,LMA6789,4213
E02000934,LMA6789,5547
E02000935,LMA6789,2172
E02000936,LMA6789,4497
E02000937,LMA6789,3773
E02000938,LMA6789,3725
E02000939,LMA6789,3414
E02000940,LMA6789,3790
E02000941,LMA6789,4895
E02000942,LMA6789,4590
E02000943,LMA6789,4711
E02000944,LMA6789,2974
E02000945,LMA6789,2645
E02000946,LMA6789,3989
E02000947,LMA6789,4714
E02000948,LMA6789,5861
E02000949,LMA6789,4940
E02000950,LMA6789,3407
E02000951,LMA6789,3439
E02000952,LMA6789,3112
E02000953,LMA6789,3820
E02000954,LMA6789,2819
E02000955,LMA6789,2631
E02000956,LMA6789,3236
E02000957,LMA6789,4721
E02000958,LMA6789,3101
E02000959,LMA6789,2767
E02000960,LMA6789,2390
E02000961,LMA6789,3315
E02000962,LMA6789,3016
E02000963,LMA6789,3386
E02000964,LMA6789,4681
E02000965,LMA6789,4148
E02000966,LMA6789,4417
E02000967,LMA6789,3153
E02000968,LMA6789,3887
E02000969,LMA6789,2873
E02000970,LMA6789,4084
E02000971,LMA6789,3551
E02000972,LMA6789,3647
E02000973,LMA6789,4739
E02000974,LMA6789,3009
E02000975,LMA6789,4306
E02000976,LMA6789,4461
E02000977,LMA6789,3184
E02000978,LMA6789,2794
E02000979,LMA6789,3443
E02000980,LMA6789,3737
E02000981,LMA6789,4647
E02000982,LMA6789,3259
E02000983,LMA6789,3539
E02000984,LMA7198,3413
E02000985,LMA7198,3050
E02000986,LMA7198,3567
E02000987,LMA7198,2920
E02000988,LMA7198,3157
E02000989,LMA7198,3192
E02000990,LMA7198,3481
E02000991,LMA7198,3232
E02000992,LMA7198,2483
E02000993,LMA7198,2391
E02000994,LMA7198,2364
E02000995,LMA7198,2873
E02000996,LMA7198,2395
E02000997,LMA7198,2287
E02000998,LMA7198,2942
E02000999,LMA7198,2083
E02001000,LMA7198,3533
E02001001,LMA7198,3153
E02001002,LMA7198,3783
E02001003,LMA7198,2783
E02001004,LMA7198,2284
E02001005,LMA7198,2577
E02001006,LMA7198,2514
E02001007,LMA7198,4244
E02001008,LMA7198,2187
E02001009,LMA7198,2476
E02001010,LMA7198,2094
E02001011,LMA7198,4557
E02001012,LMA7198,2881
E02001013,LMA7198,2332
E02001014,LMA7198,3485
E02001015,LMA7198,2976
E02001016,LMA7198,2764
E02001017,LMA7198,4621
E02001018,LMA7198,3408
E02001019,LMA7198,3867
E02001020,LMA7198,2303
E02001021,LMA7198,3456
E02001022,LMA7198,3051
E02001023,LMA7198,2300
E02001024,LMA7198,3609
E02001025,LMA7198,2633
E02001026,LMA7198,3178
E02001027,LMA7198,3028
E02001028,LMA7198,2922
E02001029,LMA7198,2625
E02001030,LMA7198,2583
E02001031,LMA7198,2641
E02001032,LMA7198,3216
E02001033,LMA7198,2347
E02001034,LMA7198,2910
E02001035,LMA7198,2855
E02001036,LMA7198,2980
E02001037,LMA7198,2837
E02001038,LMA7198,2282
E02001039,LMA7198,3133
E02001040,LMA7198,2497
E02001041,LMA7198,3156
E02001042,LMA7198,2699
E02001043,LMA7198,2203
E02001044,LMA7198,2942
E02001045,LMA2885,2592
E02001046,LMA2885,3127
E02001047,LMA2885,3421
E02001048,LMA2885,2994
E02001049,LMA2885,3738
E02001050,LMA2885,2459
E02001051,LMA2885,2971
E02001052,LMA2885,3352
E02001053,LMA2885,2645
E02001055,LMA2885,2827
E02001056,LMA2885,2153
E02001057,LMA2885,3369
E02001059,LMA2885,3275
E02001061,LMA2885,2793
E02001062,LMA2885,2488
E02001063,LMA2885,3253
E02001064,LMA2885,2511
E02001065,LMA2885,3180
E02001066,LMA2885,3161
E02001067,LMA2885,2680
E02001068,LMA2885,2331
E02001069,LMA2885,3266
E02001070,LMA2885,3224
E02001071,LMA2885,3679
E02001072,LMA2885,3610
E02001073,LMA2885,4670
E02001074,LMA2885,3842
E02001075,LMA2885,2997
E02001076,LMA2885,3296
E02001077,LMA2885,3507
E02001078,LMA2885,3658
E02001079,LMA2885,3017
E02001080,LMA2885,3374
E02001081,LMA2885,2961
E02001082,LMA2885,3428
E02001083,LMA2885,4509
E02001084,LMA2885,3580
E02001085,LMA2885,2562
E02001086,LMA2885,2854
E02001087,LMA2885,4736
E02001088,LMA2885,3295
E02001089,LMA2885,3397
E02001090,LMA2885,2958
E02001091,LMA7198,3414
E02001092,LMA2885,3252
E02001093,LMA2885,3456
E02001094,LMA2885,2779
E02001095,LMA2885,3081
E02001096,LMA2885,2889
E02001097,LMA2885,3054
E02001098,LMA2885,2387
E02001099,LMA2885,2644
E02001100,LMA2885,2418
E02001101,LMA2885,2593
E02001102,LMA2885,2811
E02001103,LMA2885,2197
E02001104,LMA2885,2836
E02001105,LMA2885,2498
E02001106,LMA2885,2546
E02001107,LMA7198,2340
E02001108,LMA2885,1861
E02001109,LMA2885,2851
E02001110,LMA2885,2644
E02001111,LMA2885,1700
E02001112,LMA7198,2775
E02001113,LMA7198,2179
E02001114,LMA7198,2978
E02001115,LMA2885,2477
E02001116,LMA2885,2023
E02001117,LMA2885,2399
E02001118,LMA2885,2727
E02001119,LMA2885,2348
E02001121,LMA2885,1701
E02001123,LMA2885,2115
E02001124,LMA7198,1995
E02001125,LMA7198,3447
E02001126,LMA2885,2473
E02001127,LMA7198,2362
E02001128,LMA7198,3176
E02001129,LMA7198,2240
E02001130,LMA2885,2442
E02001131,LMA7198,2058
E02001132,LMA7198,2641
E02001133,LMA7198,2661
E02001134,LMA7198,2641
E02001135,LMA7198,2052
E02001136,LMA7198,3479
E02001137,LMA7198,2760
E02001138,LMA7198,3592
E02001139,LMA7198,2436
E02001140,LMA7198,2555
E02001141,LMA7198,3410
E02001142,LMA7198,2268
E02001143,LMA7198,3299
E02001144,LMA7198,2402
E02001145,LMA7198,3020
E02001146,LMA7198,2296
E02001147,LMA7198,2976
E02001148,LMA7198,3730
E02001149,LMA7198,3517
E02001150,LMA7198,3211
E02001151,LMA7198,3963
E02001152,LMA7198,3514
E02001153,LMA7198,3238
E02001154,LMA7198,4349
E02001155,LMA7198,2888
E02001156,LMA7198,3869
E02001157,LMA7198,2191
E02001158,LMA7198,2023
E02001159,LMA7198,2289
E02001160,LMA7198,1902
E02001161,LMA7198,2506
E02001162,LMA7198,2208
E02001163,LMA7198,3869
E02001164,LMA7198,2534
E02001165,LMA7198,2511
E02001166,LMA7198,1778
E02001167,LMA7198,2242
E02001168,LMA7198,3800
E02001169,LMA7198,4692
E02001170,LMA7198,4008
E02001171,LMA7198,2505
E02001172,LMA7198,3413
E02001173,LMA7198,2508
E02001174,LMA7198,2545
E02001175,LMA7198,2755
E02001176,LMA7198,4493
E02001177,LMA7198,4757
E02001178,LMA7198,5289
E02001179,LMA7198,2376
E02001180,LMA7198,1698
E02001181,LMA7198,2018
E02001182,LMA7198,2232
E02001183,LMA7198,2581
E02001184,LMA7198,5313
E02001185,LMA7198,4017
E02001186,LMA7198,4202
E02001187,LMA2885,3033
E02001188,LMA2885,3198
E02001189,LMA2885,3703
E02001190,LMA2885,1889
E02001191,LMA2885,2346
E02001192,LMA2885,2825
E02001193,LMA2885,2699
E02001194,LMA2885,2307
E02001195,LMA2885,3263
E02001196,LMA2885,2849
E02001197,LMA2885,2567
E02001198,LMA2885,2696
E02001199,LMA2885,3439
E02001200,LMA2885,2332
E02001201,LMA2885,2634
E02001202,LMA2885,2800
E02001203,LMA2885,2219
E02001204,LMA2885,4072
E02001205,LMA2885,3432
E02001206,LMA2885,2667
E02001207,LMA2885,3111
E02001208,LMA2885,3263
E02001209,LMA2885,3409
E02001210,LMA2885,2563
E02001211,LMA2885,2266
E02001212,LMA2885,2220
E02001213,LMA2885,3894
E02001214,LMA2885,2575
E02001215,LMA2885,2231
E02001216,LMA2885,3013
E02001217,LMA2885,2783
E02001218,LMA2885,2171
E02001219,LMA2885,2176
E02001220,LMA2885,2294
E02001221,LMA2885,2381
E02001222,LMA2885,2251
E02001223,LMA2885,2641
E02001224,LMA2885,2031
E02001225,LMA2885,2934
E02001226,LMA2885,2716
E02001227,LMA2885,2202
E02001228,LMA2885,1978
E02001229,LMA2885,4420
E02001230,LMA2885,2505
E02001231,LMA2885,2950
E02001232,LMA2885,3032
E02001233,LMA2885,2872
E02001234,LMA2885,2783
E02001235,LMA2885,2685
E02001236,LMA2885,1981
E02001237,LMA2885,2808
E02001238,LMA2885,3221
E02001239,LMA2885,3710
E02001240,LMA2885,2640
E02001241,LMA2885,3138
E02001242,LMA2885,2492
E02001243,LMA2885,3365
E02001244,LMA2885,2441
E02001245,LMA2885,3372
E02001246,LMA2885,2703
E02001247,LMA2885,2856
E02001248,LMA2885,4021
E02001249,LMA2885,2621
E02001250,LMA2885,2833
E02001251,LMA2885,2386
E02001252,LMA2885,3120
E02001253,LMA2885,2268
E02001254,LMA2885,2364
E02001255,LMA2885,1801
E02001256,LMA2885,3499
E02001257,LMA6789,3165
E02001258,LMA2885,2974
E02001259,LMA7198,3476
E02001260,LMA7198,3358
E02001261,LMA7198,3602
E02001262,LMA7198,2901
E02001263,LMA7198,3341
E02001264,LMA7198,3545
E02001265,LMA7198,3438
E02001266,LMA7198,2738
E02001267,LMA7198,3202
E02001268,LMA7198,3040
E02001269,LMA7198,3408
E02001270,LMA7198,3580
E02001271,LMA7198,2615
E02001272,LMA7198,3346
E02001273,LMA7198,4157
E02001274,LMA7198,3008
E02001275,LMA7198,2844
E02001276,LMA7198,3102
E02001277,LMA7198,3688
E02001278,LMA7198,3650
E02001279,LMA7198,3686
E02001280,LMA7198,3098
E02001281,LMA7198,3070
E02001282,LMA7198,4349
E02001283,LMA7198,3321
E02001284,LMA7198,3293
E02001285,LMA7198,2916
E02001286,LMA7198,2622
E02001287,LMA7198,2495
E02001288,LMA7198,3076
E02001289,LMA7198,4281
E02001290,LMA7198,2451
E02001291,LMA7198,2956
E02001292,LMA7198,3363
E02001293,LMA7198,2622
E02001294,LMA7198,3417
E02001295,LMA7198,2544
E02001296,LMA7198,2626
E02001297,LMA7198,2698
E02001298,LMA7198,2786
E02001299,LMA7198,3692
E02001300,LMA7198,3098
E02001301,LMA7198,3266
E02001302,LMA7198,2916
E02001303,LMA7198,2814
E02001304,LMA7198,4952
E02001305,LMA7198,3487
E02001306,LMA7198,3193
E02001307,LMA7198,5410
E02001308,LMA7198,2437
E02001309,LMA7198,3296
E02001310,LMA7198,3345
E02001311,LMA7198,3365
E02001312,LMA7198,3152
E02001313,LMA7198,2788
E02001314,LMA7198,3635
E02001315,LMA7198,3264
E02001316,LMA7198,2718
E02001317,LMA7198,3206
E02001318,LMA7198,3052
E02001319,LMA7198,2746
E02001320,LMA7198,3108
E02001321,LMA7198,3542
E02001322,LMA7198,3082
E02001323,LMA7198,2954
E02001324,LMA7198,3430
E02001325,LMA7198,3196
E02001326,LMA7198,3135
E02001327,LMA6789,2322
E02001328,LMA6789,4447
E02001329,LMA6789,2475
E02001330,LMA6789,3273
E02001331,LMA6789,3260
E02001332,LMA6789,2124
E02001333,LMA6789,2795
E02001334,LMA6789,1514
E02001335,LMA6789,3303
E02001336,LMA6789,1877
E02001337,LMA6789,2209
E02001338,LMA6789,2147
E02001339,LMA6789,2376
E02001340,LMA6789,3791
E02001341,LMA6789,2343
E02001342,LMA6789,2890
E02001343,LMA6789,3046
E02001344,LMA6789,2129
E02001345,LMA6789,2535
E02001346,LMA6789,2464
E02001347,LMA6789,2887
E02001348,LMA6789,3056
E02001349,LMA6789,3571
E02001350,LMA6789,2696
E02001351,LMA6789,2845
E02001352,LMA6789,2405
E02001353,LMA6789,3332
E02001354,LMA6789,2704
E02001355,LMA6789,2404
E02001356,LMA6789,1640
E02001357,LMA6789,2137
E02001358,LMA6789,2514
E02001359,LMA6789,2355
E02001360,LMA6789,2596
E02001361,LMA6789,2735
E02001362,LMA6789,2770
E02001363,LMA6789,2553
E02001364,LMA6789,1506
E02001365,LMA6789,3040
E02001366,LMA6789,3345
E02001367,LMA6789,3841
E02001368,LMA6789,1624
E02001369,LMA6789,2513
E02001370,LMA6789,1488
E02001371,LMA6789,2506
E02001372,LMA6789,2280
E02001373,LMA6789,3483
E02001374,LMA6789,2781
E02001375,LMA6789,2637
E02001376,LMA6789,2572
E02001377,LMA6789,2849
E02001378,LMA6789,3037
E02001380,LMA6789,3149
E02001381,LMA6789,3394
E02001382,LMA6789,3149
E02001383,LMA6789,2507
E02001384,LMA6789,3515
E02001385,LMA6789,1790
E02001386,LMA6789,2432
E02001387,LMA6789,3443
E02001388,LMA6789,3689
E02001389,LMA6789,2606
E02001390,LMA6789,2452
E02001391,LMA6789,2030
E02001392,LMA6789,2147
E02001393,LMA6789,3014
E02001394,LMA6789,3738
E02001395,LMA6789,2741
E02001396,LMA6789,3387
E02001397,LMA6789,2918
E02001398,LMA6789,3297
E02001399,LMA6789,3068
E02001400,LMA6789,2575
E02001401,LMA6789,3150
E02001402,LMA6789,3624
E02001403,LMA6789,2343
E02001404,LMA6789,2582
E02001405,LMA6789,2901
E02001406,LMA7198,2937
E02001407,LMA7198,2382
E02001408,LMA7198,2453
E02001409,LMA7198,3782
E02001410,LMA7198,2301
E02001411,LMA7198,2410
E02001412,LMA7198,3491
E02001413,LMA7198,3993
E02001414,LMA7198,1999
E02001415,LMA7198,2565
E02001416,LMA7198,1990
E02001417,LMA7198,2652
E02001418,LMA7198,2057
E02001419,LMA7198,2288
E02001420,LMA7198,4105
E02001421,LMA7198,4455
E02001422,LMA7198,2139
E02001423,LMA7198,2477
E02001424,LMA7198,5099
E02001425,LMA7198,4337
E02001426,LMA6789,2188
E02001427,LMA7198,3986
E02001428,LMA6789,2054
E02001429,LMA6789,2462
E02001430,LMA6789,2637
E02001431,LMA6789,2304
E02001432,LMA6789,3031
E02001433,LMA6789,3012
E02001434,LMA6789,2996
E02001435,LMA6789,3094
E02001436,LMA6789,3447
E02001437,LMA6789,3002
E02001438,LMA6789,3067
E02001439,LMA6789,2162
E02001440,LMA6789,1898
E02001441,LMA6789,2305
E02001442,LMA6789,2054
E02001443,LMA6789,2064
E02001444,LMA6789,2186
E02001445,LMA6789,2890
E02001446,LMA6789,2770
E02001447,LMA6789,2249
E02001448,LMA6789,2911
E02001449,LMA6789,3587
E02001450,LMA6789,3127
E02001451,LMA6789,2127
E02001452,LMA6789,2072
E02001453,LMA6789,3623
E02001454,LMA6789,2850
E02001455,LMA6789,3167
E02001456,LMA6789,3182
E02001457,LMA6789,2436
E02001458,LMA6789,3311
E02001459,LMA6789,2775
E02001460,LMA6789,2672
E02001461,LMA6789,2628
E02001462,LMA6789,2480
E02001463,LMA6789,2357
E02001464,LMA6789,2422
E02001465,LMA6789,1977
E02001466,LMA6789,3185
E02001467,LMA7198,2839
E02001468,LMA7198,2952
E02001469,LMA7198,3104
E02001470,LMA7198,3572
E02001471,LMA7198,2637
E02001472,LMA7198,2820
E02001473,LMA7198,2998
E02001474,LMA7198,2082
E02001475,LMA7198,1945
E02001476,LMA7198,2619
E02001477,LMA7198,1985
E02001478,LMA7198,2715
E02001479,LMA7198,2575
E02001480,LMA7198,2902
E02001481,LMA7198,3191
E02001482,LMA7198,2185
E02001483,LMA7198,3112
E02001484,LMA7198,2944
E02001485,LMA7198,2125
E02001486,LMA7198,3176
E02001487,LMA7198,3117
E02001488,LMA7198,3367
E02001489,LMA7198,3214
E02001490,LMA7198,3719
E02001491,LMA7198,2330
E02001492,LMA7198,2719
E02001493,LMA7198,2431
E02001494,LMA7198,2489
E02001495,LMA7198,3028
E02001496,LMA7198,2334
E02001497,LMA7198,2866
E02001498,LMA7198,3136
E02001499,LMA7198,2480
E02001500,LMA7198,2836
E02001501,LMA7198,3186
E02001502,LMA7198,3367
E02001503,LMA7198,2661
E02001504,LMA7198,2698
E02001505,LMA7198,2421
E02001506,LMA7198,2982
E02001507,LMA7198,3113
E02001508,LMA7198,3237
E02001509,LMA1522,2393
E02001510,LMA1522,2258
E02001511,LMA1522,2370
E02001512,LMA1522,3007
E02001513,LMA1522,3227
E02001514,LMA1522,2520
E02001515,LMA1522,2910
E02001516,LMA1522,2317
E02001517,LMA1522,3222
E02001518,LMA1522,4060
E02001519,LMA1522,2296
E02001520,LMA1522,4283
E02001521,LMA1522,4928
E02001522,LMA1522,2694
E02001523,LMA1522,2908
E02001524,LMA1522,2206
E02001525,LMA1522,1970
E02001526,LMA1522,1825
E02001527,LMA1522,2350
E02001528,LMA1522,3554
E02001529,LMA1522,3172
E02001530,LMA1522,2164
E02001531,LMA1522,2372
E02001532,LMA1522,4118
E02001533,LMA1522,2822
E02001534,LMA1522,3532
E02001535,LMA1522,2345
E02001536,LMA1522,3342
E02001537,LMA1522,3388
E02001538,LMA1522,2872
E02001539,LMA1522,2023
E02001540,LMA1522,4095
E02001541,LMA1522,4029
E02001542,LMA1522,2320
E02001543,LMA1522,2967
E02001544,LMA1522,3136
E02001545,LMA1522,3561
E02001546,LMA1522,2700
E02001547,LMA1522,3913
E02001548,LMA1522,2602
E02001549,LMA1522,2499
E02001550,LMA1522,3016
E02001551,LMA1522,2525
E02001552,LMA1522,3146
E02001553,LMA1522,3693
E02001554,LMA1522,2710
E02001555,LMA1522,2397
E02001556,LMA1522,3290
E02001557,LMA1522,3934
E02001558,LMA1522,2326
E02001559,LMA1522,3246
E02001560,LMA1522,3451
E02001561,LMA1522,2401
E02001562,LMA1522,2003
E02001563,LMA1522,2806
E02001564,LMA1522,3044
E02001565,LMA1522,2721
E02001566,LMA1522,3314
E02001567,LMA1522,3373
E02001568,LMA1522,1957
E02001569,LMA1522,3221
E02001570,LMA1522,2078
E02001571,LMA1522,2386
E02001572,LMA1522,2709
E02001573,LMA1522,2823
E02001574,LMA1522,2716
E02001575,LMA1522,2416
E02001576,LMA1522,2305
E02001577,LMA1522,2294
E02001578,LMA1522,3814
E02001579,LMA1522,3215
E02001580,LMA1522,3172
E02001581,LMA1522,2263
E02001582,LMA1522,2699
E02001583,LMA1522,2291
E02001584,LMA1522,3224
E02001585,LMA1522,2256
E02001586,LMA1522,3105
E02001587,LMA1522,1839
E02001588,LMA1522,2531
E02001589,LMA1522,3539
E02001590,LMA1522,2095
E02001591,LMA1522,2673
E02001592,LMA1522,3755
E02001593,LMA1522,2247
E02001594,LMA1522,2000
E02001595,LMA1522,3742
E02001596,LMA1522,3385
E02001597,LMA1522,3148
E02001598,LMA1522,3538
E02001599,LMA1522,2560
E02001600,LMA1522,3715
E02001601,LMA1522,1937
E02001602,LMA1522,3638
E02001603,LMA1522,2337
E02001604,LMA1522,3653
E02001605,LMA1522,2986
E02001606,LMA1522,2962
E02001607,LMA1522,3467
E02001608,LMA1522,3003
E02001609,LMA1522,3178
E02001610,LMA1522,3286
E02001611,LMA1522,2917
E02001612,LMA1522,2380
E02001613,LMA1522,4390
E02001614,LMA1522,4946
E02001615,LMA1522,3072
E02001616,LMA1522,2628
E02001617,LMA1522,1921
E02001618,LMA1522,4093
E02001619,LMA1522,3175
E02001620,LMA1522,2256
E02001621,LMA1522,1783
E02001622,LMA1522,3182
E02001623,LMA1522,2186
E02001624,LMA1522,3921
E02001625,LMA1522,2481
E02001626,LMA1522,2652
E02001627,LMA1522,2921
E02001628,LMA1522,1514
E02001629,LMA1522,1980
E02001630,LMA1522,2252
E02001631,LMA1522,3402
E02001632,LMA1522,2922
E02001633,LMA1522,3034
E02001634,LMA1522,4517
E02001635,LMA1522,2218
E02001636,LMA1522,2840
E02001637,LMA1522,1562
E02001638,LMA1522,2405
E02001639,LMA1522,2758
E02001640,LMA1522,2772
E02001642,LMA1522,3909
E02001643,LMA1522,2532
E02001646,LMA1522,2967
E02001647,LMA1522,2363
E02001648,LMA1522,2669
E02001649,LMA1522,3027
E02001650,LMA1522,3152
E02001651,LMA1522,3119
E02001652,LMA1522,4220
E02001653,LMA1522,2535
E02001654,LMA1522,2514
E02001655,LMA1522,2838
E02001656,LMA1522,3595
E02001657,LMA1522,4070
E02001658,LMA1522,1687
E02001659,LMA1522,2276
E02001660,LMA1522,4215
E02001661,LMA1522,2827
E02001662,LMA1522,3025
E02001663,LMA1522,3728
E02001664,LMA1522,2560
E02001665,LMA1522,3644
E02001666,LMA1522,2489
E02001669,LMA1522,3685
E02001670,LMA1522,1930
E02001671,LMA1522,2618
E02001672,LMA1522,2366
E02001673,LMA1522,2760
E02001674,LMA1522,3496
E02001675,LMA1522,3682
E02001676,LMA1522,2424
E02001678,LMA1522,3631
E02001679,LMA1522,2157
E02001680,LMA1522,1960
E02001681,LMA1522,2875
E02001682,LMA1683,3165
E02001683,LMA1683,3975
E02001684,LMA1683,2762
E02001685,LMA1683,3162
E02001686,LMA1683,2989
E02001688,LMA1683,3271
E02001689,LMA1683,2808
E02001690,LMA1683,3192
E02001691,LMA1683,3532
E02001692,LMA1683,2269
E02001693,LMA1683,2026
E02001694,LMA1683,2908
E02001695,LMA1683,2940
E02001696,LMA1683,3406
E02001697,LMA1683,3465
E02001698,LMA1683,2756
E02001699,LMA1683,2817
E02001700,LMA1683,4628
E02001701,LMA1683,2777
E02001702,LMA1683,2606
E02001703,LMA1683,2106
E02001704,LMA1683,2669
E02001705,LMA1683,2574
E02001706,LMA1683,2475
E02001707,LMA2684,3273
E02001708,LMA1683,4262
E02001709,LMA1683,4138
E02001710,LMA1683,3509
E02001711,LMA1683,3396
E02001712,LMA1683,4277
E02001713,LMA1683,4428
E02001714,LMA1683,4426
E02001715,LMA1683,4116
E02001718,LMA1683,2010
E02001719,LMA1683,3936
E02001720,LMA1683,3247
E02001721,LMA1683,3984
E02001722,LMA1683,3509
E02001723,LMA1683,2355
E02001724,LMA1683,3411
E02001725,LMA1683,4702
E02001726,LMA1683,4092
E02001727,LMA1683,3327
E02001728,LMA1683,3929
E02001729,LMA1683,3467
E02001730,LMA1683,4447
E02001731,LMA1683,3453
E02001732,LMA1683,1692
E02001733,LMA1683,4085
E02001734,LMA1683,2556
E02001735,LMA1683,1903
E02001736,LMA1683,3484
E02001737,LMA1683,1707
E02001738,LMA1683,1975
E02001739,LMA1683,3015
E02001740,LMA1683,2334
E02001741,LMA1683,2683
E02001742,LMA1683,2563
E02001743,LMA1683,3283
E02001744,LMA1683,2678
E02001745,LMA1683,2873
E02001746,LMA1683,3337
E02001747,LMA1683,2354
E02001748,LMA1683,3271
E02001749,LMA1683,2732
E02001750,LMA1683,2635
E02001751,LMA1683,2401
E02001752,LMA1683,2357
E02001753,LMA1683,2580
E02001754,LMA1683,2658
E02001755,LMA1683,3523
E02001756,LMA1683,3942
E02001757,LMA1683,2349
E02001758,LMA1683,2573
E02001759,LMA1683,2798
E02001760,LMA1683,2621
E02001761,LMA1683,2254
E02001762,LMA1683,2742
E02001763,LMA1683,2382
E02001764,LMA1683,2703
E02001765,LMA1683,2706
E02001766,LMA1683,2926
E02001767,LMA1683,2980
E02001768,LMA2684,3156
E02001769,LMA2684,2481
E02001770,LMA2684,2738
E02001771,LMA2684,2105
E02001772,LMA2684,2003
E02001773,LMA2684,2128
E02001774,LMA1683,2114
E02001775,LMA2684,1937
E02001776,LMA1683,3391
E02001777,LMA1683,2765
E02001778,LMA2684,2369
E02001779,LMA2684,1852
E02001780,LMA2684,1715
E02001781,LMA2684,1847
E02001782,LMA1683,3132
E02001783,LMA2684,2173
E02001784,LMA2684,2461
E02001785,LMA2684,2814
E02001786,LMA2684,2578
E02001787,LMA2684,2199
E02001788,LMA2684,2379
E02001789,LMA2684,2291
E02001790,LMA2684,2296
E02001791,LMA2684,2466
E02001792,LMA2684,2855
E02001793,LMA2684,2909
E02001794,LMA2684,2884
E02001795,LMA2684,2765
E02001796,LMA2684,3616
E02001797,LMA2684,2566
E02001798,LMA2684,3136
E02001799,LMA2684,3666
E02001800,LMA2684,3147
E02001801,LMA2684,2420
E02001802,LMA2684,2042
E02001803,LMA2684,3070
E02001804,LMA2684,2346
E02001805,LMA2684,2267
E02001806,LMA2684,2678
E02001807,LMA2684,3054
E02001808,LMA2684,2377
E02001809,LMA2684,2765
E02001810,LMA2684,4034
E02001811,LMA2684,3207
E02001812,LMA2684,4099
E02001813,LMA2684,3196
E02001814,LMA2684,2388
E02001815,LMA2684,4577
E02001816,LMA2684,2421
E02001817,LMA2684,2394
E02001818,LMA2684,3275
E02001819,LMA2684,2843
E02001820,LMA2684,3269
E02001821,LMA2684,2639
E02001822,LMA2684,3217
E02001823,LMA2684,2793
E02001824,LMA2684,3112
E02001825,LMA2684,2610
E02001826,LMA2684,2123
E02001827,LMA6595,2222
E02001828,LMA6595,2525
E02001829,LMA6595,3443
E02001830,LMA6595,3579
E02001831,LMA6595,3992
E02001832,LMA6595,3450
E02001833,LMA6595,2407
E02001834,LMA6595,2195
E02001835,LMA6595,3553
E02001836,LMA6595,3786
E02001837,LMA6595,3185
E02001838,LMA6595,3267
E02001839,LMA6595,2577
E02001840,LMA6595,2619
E02001841,LMA6595,2339
E02001842,LMA6595,3192
E02001843,LMA6595,2692
E02001844,LMA6595,4009
E02001845,LMA6595,2767
E02001846,LMA6595,2729
E02001847,LMA6595,2289
E02001848,LMA6595,2086
E02001849,LMA6595,2594
E02001850,LMA6595,3066
E02001851,LMA6595,3327
E02001852,LMA6595,2455
E02001854,LMA6595,2974
E02001855,LMA6595,3229
E02001856,LMA6595,3304
E02001857,LMA6595,4562
E02001858,LMA6595,2897
E02001859,LMA6595,2488
E02001860,LMA6595,2486
E02001861,LMA6595,2450
E02001862,LMA6595,2919
E02001863,LMA6595,1638
E02001864,LMA6595,1502
E02001865,LMA6595,2886
E02001866,LMA6595,1950
E02001867,LMA6595,1500
E02001868,LMA6595,2548
E02001869,LMA6595,1392
E02001870,LMA6595,3001
E02001871,LMA6595,2480
E02001872,LMA6595,2293
E02001873,LMA6595,3021
E02001874,LMA6595,1839
E02001875,LMA6595,2338
E02001876,LMA6595,2626
E02001877,LMA6595,1915
E02001878,LMA6595,1968
E02001879,LMA6595,2550
E02001880,LMA6595,2816
E02001881,LMA6595,1966
E02001882,LMA6595,2507
E02001883,LMA6595,2667
E02001884,LMA6595,1787
E02001886,LMA6595,3352
E02001888,LMA6595,2130
E02001889,LMA6595,1694
E02001890,LMA6595,4032
E02001892,LMA6595,2652
E02001893,LMA6595,2903
E02001895,LMA6595,2544
E02001896,LMA6595,1933
E02001897,LMA6595,1588
E02001898,LMA6595,2672
E02001899,LMA6595,3327
E02001900,LMA6595,2028
E02001901,LMA6595,3841
E02001902,LMA6595,2539
E02001903,LMA6595,1424
E02001904,LMA6595,2259
E02001905,LMA6595,2959
E02001906,LMA6595,3644
E02001907,LMA6595,3899
E02001908,LMA6595,1747
E02001909,LMA6595,1615
E02001910,LMA6595,1626
E02001911,LMA6595,2549
E02001913,LMA6595,2409
E02001914,LMA6595,2180
E02001915,LMA6595,4593
E02001916,LMA6595,2592
E02001918,LMA6595,3458
E02001919,LMA6595,2493
E02001920,LMA6595,2572
E02001921,LMA6595,2752
E02001922,LMA6595,2741
E02001923,LMA6595,3025
E02001924,LMA6595,2248
E02001925,LMA6595,2447
E02001926,LMA6595,2694
E02001927,LMA6595,2697
E02001928,LMA6595,2595
E02001929,LMA6595,3180
E02001930,LMA6595,3366
E02001931,LMA6595,2862
E02001932,LMA6595,2321
E02001933,LMA6595,2907
E02001934,LMA6595,2490
E02001935,LMA6595,2742
E02001936,LMA6595,2393
E02001937,LMA6595,2606
E02001938,LMA6595,3517
E02001939,LMA6595,1959
E02001941,LMA6595,2056
E02001942,LMA6595,2634
E02001943,LMA6595,2542
E02001944,LMA6595,3324
E02001945,LMA6595,2694
E02001946,LMA6595,3173
E02001947,LMA6595,1736
E02001948,LMA6595,3105
E02001949,LMA6595,2164
E02001950,LMA6595,3532
E02001951,LMA6595,2681
E02001952,LMA6595,2918
E02001953,LMA6595,2730
E02001954,LMA6595,2378
E02001955,LMA6595,2424
E02001956,LMA6595,2682
E02001957,LMA6595,3336
E02001958,LMA6708,3064
E02001959,LMA6708,2537
E02001961,LMA6708,2574
E02001962,LMA6708,1963
E02001963,LMA6708,2432
E02001964,LMA6708,2186
E02001965,LMA6708,3529
E02001966,LMA6708,1736
E02001967,LMA6708,2358
E02001968,LMA6708,2794
E02001969,LMA6708,2341
E02001970,LMA6708,2125
E02001971,LMA6708,2505
E02001972,LMA6708,2542
E02001973,LMA6708,3060
E02001974,LMA6708,4069
E02001975,LMA6708,3415
E02001976,LMA6708,2944
E02001977,LMA6708,3340
E02001978,LMA6708,2739
E02001979,LMA6708,2410
E02001980,LMA6708,2506
E02001981,LMA6708,2989
E02001982,LMA6708,3125
E02001983,LMA6708,3339
E02001984,LMA6708,3786
E02001985,LMA6708,2800
E02001986,LMA6708,2738
E02001987,LMA6708,2361
E02001988,LMA6708,2554
E02001989,LMA6708,2438
E02001990,LMA6708,4154
E02001991,LMA6708,3502
E02001992,LMA6708,3427
E02001993,LMA6708,2534
E02001994,LMA6708,3230
E02001995,LMA6708,2776
E02001996,LMA6708,2104
E02001997,LMA6708,3326
E02001998,LMA6708,2410
E02001999,LMA6708,2479
E02002000,LMA6595,2812
E02002001,LMA6595,2314
E02002002,LMA6595,2766
E02002003,LMA6595,3521
E02002004,LMA6595,2757
E02002005,LMA6595,2493
E02002006,LMA6595,2587
E02002007,LMA6595,3318
E02002008,LMA6595,4004
E02002009,LMA6595,2058
E02002010,LMA6595,2410
E02002011,LMA6595,2465
E02002012,LMA6595,2641
E02002013,LMA6595,2609
E02002014,LMA6595,2283
E02002015,LMA6595,2460
E02002016,LMA6595,2742
E02002017,LMA6595,3113
E02002018,LMA6595,3576
E02002019,LMA6595,2854
E02002020,LMA6595,4012
E02002021,LMA6595,2783
E02002022,LMA6595,3386
E02002023,LMA6595,2317
E02002024,LMA6595,3351
E02002025,LMA6595,3198
E02002026,LMA6595,3199
E02002027,LMA6595,2862
E02002028,LMA6595,2146
E02002029,LMA6595,2330
E02002030,LMA6595,2514
E02002031,LMA6595,2481
E02002032,LMA6595,3744
E02002033,LMA6595,3087
E02002034,LMA6595,3256
E02002035,LMA6595,2527
E02002036,LMA6595,2098
E02002037,LMA6595,2313
E02002038,LMA6595,3676
E02002039,LMA6595,2289
E02002040,LMA6595,2223
E02002041,LMA6595,2117
E02002042,LMA6595,3244
E02002043,LMA2863,3144
E02002044,LMA6595,2910
E02002045,LMA6595,2899
E02002046,LMA6595,1752
E02002047,LMA2863,2251
E02002048,LMA6595,2587
E02002049,LMA6595,2439
E02002051,LMA6595,1722
E02002052,LMA6595,3696
E02002053,LMA6595,2338
E02002054,LMA6595,2138
E02002055,LMA6595,3398
E02002056,LMA6595,2955
E02002057,LMA6595,3191
E02002058,LMA6595,4794
E02002059,LMA6595,3758
E02002060,LMA6595,1975
E02002061,LMA6595,1772
E02002062,LMA6595,2217
E02002063,LMA6595,3659
E02002064,LMA6595,4768
E02002065,LMA6595,3415
E02002066,LMA6595,2382
E02002067,LMA6595,2094
E02002068,LMA6595,3262
E02002069,LMA6595,2448
E02002070,LMA6595,2694
E02002071,LMA6595,2320
E02002072,LMA6595,3384
E02002073,LMA6595,2627
E02002074,LMA6595,2923
E02002075,LMA6595,3231
E02002076,LMA6595,4760
E02002077,LMA6595,3813
E02002078,LMA6595,2542
E02002079,LMA6595,3040
E02002080,LMA6595,2440
E02002081,LMA6595,2278
E02002082,LMA6595,2052
E02002083,LMA6595,2558
E02002084,LMA6595,2203
E02002085,LMA6595,2166
E02002086,LMA6595,1840
E02002087,LMA6595,2104
E02002088,LMA6595,3322
E02002089,LMA6595,3130
E02002090,LMA6595,2494
E02002091,LMA6595,2818
E02002092,LMA6595,2764
E02002093,LMA6595,2565
E02002094,LMA6595,2366
E02002095,LMA6595,3606
E02002096,LMA6595,3669
E02002097,LMA6595,2512
E02002098,LMA6595,3684
E02002099,LMA6595,2433
E02002101,LMA6595,2418
E02002102,LMA6595,3434
E02002103,LMA6595,2475
E02002104,LMA6595,2751
E02002105,LMA6708,3081
E02002106,LMA6595,3367
E02002107,LMA6595,2645
E02002108,LMA6595,3756
E02002109,LMA6595,4219
E02002110,LMA2863,2760
E02002111,LMA2863,1990
E02002112,LMA2863,2204
E02002113,LMA2863,2453
E02002114,LMA2863,2195
E02002115,LMA2863,2086
E02002116,LMA2863,2668
E02002117,LMA2863,2391
E02002118,LMA2863,2334
E02002119,LMA2863,2300
E02002120,LMA2863,2717
E02002121,LMA2863,1898
E02002122,LMA2863,1611
E02002123,LMA2863,2546
E02002124,LMA2863,2428
E02002125,LMA2863,2317
E02002126,LMA2863,2029
E02002127,LMA2863,2385
E02002128,LMA2863,2181
E02002129,LMA2863,2453
E02002130,LMA2863,2159
E02002131,LMA2863,3024
E02002132,LMA2863,2245
E02002133,LMA2863,2430
E02002134,LMA2863,3010
E02002135,LMA2863,2150
E02002136,LMA2863,2953
E02002137,LMA6595,2478
E02002138,LMA2863,2255
E02002139,LMA2863,2910
E02002140,LMA2863,2423
E02002141,LMA6595,2858
E02002142,LMA2863,2182
E02002143,LMA2863,2563
E02002144,LMA6595,2555
E02002145,LMA2863,2425
E02002146,LMA2863,2250
E02002147,LMA2863,2646
E02002148,LMA6595,4509
E02002149,LMA2863,4013
E02002150,LMA2863,2169
E02002151,LMA2863,2324
E02002152,LMA2863,1891
E02002153,LMA2863,2698
E02002154,LMA2863,2081
E02002155,LMA2863,1631
E02002156,LMA2863,3299
E02002157,LMA2863,3080
E02002158,LMA2863,2849
E02002159,LMA2863,1876
E02002160,LMA2863,2818
E02002161,LMA2863,2092
E02002162,LMA2863,2700
E02002163,LMA2863,3772
E02002164,LMA2863,1908
E02002165,LMA2863,3194
E02002166,LMA2863,3038
E02002167,LMA2863,2517
E02002168,LMA2863,3323
E02002169,LMA2863,3406
E02002170,LMA2863,2298
E02002171,LMA2863,2556
E02002174,LMA2863,3062
E02002175,LMA2863,2190
E02002176,LMA2863,2984
E02002177,LMA2863,3015
E02002178,LMA2863,3211
E02002179,LMA2863,2629
E02002180,LMA2863,2303
E02002181,LMA2863,2364
E02002182,LMA2863,2441
E02002183,LMA2710,1999
E02002184,LMA2710,4573
E02002185,LMA2710,2449
E02002186,LMA2710,5396
E02002187,LMA2710,2362
E02002188,LMA2710,3173
E02002189,LMA2710,2142
E02002190,LMA2710,3599
E02002191,LMA2710,2965
E02002192,LMA2710,3914
E02002193,LMA2710,2156
E02002194,LMA2710,3160
E02002195,LMA2710,2647
E02002196,LMA2710,2790
E02002197,LMA2710,3794
E02002198,LMA2710,3467
E02002199,LMA2710,2986
E02002200,LMA2710,3783
E02002201,LMA2710,5473
E02002202,LMA2710,3266
E02002203,LMA2710,3002
E02002204,LMA2710,4795
E02002205,LMA2710,4212
E02002206,LMA2710,3703
E02002207,LMA2710,2409
E02002208,LMA2710,3095
E02002209,LMA2710,1904
E02002210,LMA2710,3005
E02002211,LMA2710,2087
E02002212,LMA2710,1963
E02002213,LMA2710,2789
E02002214,LMA2710,2520
E02002215,LMA2710,2585
E02002216,LMA2710,2203
E02002217,LMA2710,2523
E02002218,LMA2710,3406
E02002219,LMA2710,1919
E02002220,LMA2710,2377
E02002221,LMA2710,3462
E02002222,LMA2710,2737
E02002223,LMA2710,1886
E02002224,LMA2710,2369
E02002225,LMA2710,3433
E02002226,LMA2710,3457
E02002227,LMA2710,1757
E02002228,LMA2710,2250
E02002229,LMA2710,3144
E02002230,LMA2710,2368
E02002231,LMA2710,4629
E02002232,LMA2710,1954
E02002233,LMA2710,2191
E02002234,LMA2710,2213
E02002235,LMA2710,2106
E02002236,LMA2710,2343
E02002237,LMA2710,3244
E02002238,LMA2710,2188
E02002239,LMA2710,3985
E02002240,LMA2710,4806
E02002241,LMA2710,4612
E02002242,LMA2710,3230
E02002243,LMA2710,3696
E02002244,LMA2710,2547
E02002245,LMA2710,1919
E02002246,LMA2710,4211
E02002247,LMA2710,3630
E02002248,LMA2710,2888
E02002249,LMA2710,2147
E02002250,LMA2710,3283
E02002251,LMA2710,3045
E02002252,LMA2710,2485
E02002253,LMA2710,2619
E02002254,LMA2710,2514
E02002255,LMA2710,1825
E02002256,LMA5066,3462
E02002257,LMA2710,1812
E02002258,LMA2710,3838
E02002259,LMA2710,2791
E02002260,LMA2710,3921
E02002261,LMA2710,3466
E02002262,LMA2710,3207
E02002263,LMA2710,2650
E02002264,LMA2710,2897
E02002265,LMA5066,2072
E02002266,LMA2710,2388
E02002267,LMA2710,3252
E02002268,LMA2710,3994
E02002269,LMA2710,4134
E02002270,LMA2710,3610
E02002271,LMA2710,2998
E02002272,LMA2710,3923
E02002273,LMA2710,2593
E02002274,LMA2710,3101
E02002275,LMA2710,3705
E02002276,LMA2710,2873
E02002277,LMA2710,2354
E02002278,LMA2710,2598
E02002279,LMA2710,2508
E02002280,LMA2710,1745
E02002281,LMA2710,4278
E02002282,LMA2710,2499
E02002283,LMA2710,2434
E02002284,LMA2710,2589
E02002285,LMA2710,3371
E02002286,LMA2710,2213
E02002287,LMA2710,2385
E02002288,LMA2710,3736
E02002289,LMA2710,1944
E02002290,LMA2710,2554
E02002291,LMA2710,2647
E02002292,LMA2710,2377
E02002293,LMA2710,2108
E02002294,LMA2710,3015
E02002295,LMA2710,2297
E02002296,LMA2710,2715
E02002297,LMA2710,2736
E02002298,LMA2710,2490
E02002299,LMA2710,2018
E02002300,LMA2710,2744
E02002301,LMA2710,2481
E02002302,LMA2710,2850
E02002303,LMA2710,2666
E02002304,LMA2710,2629
E02002305,LMA2710,2187
E02002306,LMA2654,2841
E02002307,LMA2710,2483
E02002308,LMA2710,2878
E02002309,LMA2710,2287
E02002310,LMA2710,2494
E02002311,LMA2654,2726
E02002312,LMA2710,2810
E02002313,LMA2710,1949
E02002314,LMA2710,2279
E02002315,LMA2654,2945
E02002316,LMA2710,2602
E02002317,LMA2710,2346
E02002318,LMA2710,2453
E02002319,LMA2654,2820
E02002320,LMA2710,2545
E02002321,LMA2710,2821
E02002322,LMA2654,2580
E02002323,LMA2710,3336
E02002324,LMA2710,2592
E02002325,LMA2710,3438
E02002326,LMA2710,2540
E02002327,LMA2710,4034
E02002328,LMA2710,2793
E02002329,LMA2710,4832
E02002330,LMA2710,2634
E02002331,LMA2710,2194
E02002332,LMA2710,2254
E02002333,LMA2710,3407
E02002334,LMA2710,2744
E02002335,LMA2710,2824
E02002336,LMA2710,2428
E02002337,LMA2710,2976
E02002338,LMA2710,2924
E02002339,LMA2710,2283
E02002340,LMA2710,2406
E02002341,LMA2710,2912
E02002342,LMA2710,2256
E02002343,LMA2710,2636
E02002344,LMA2710,3236
E02002345,LMA2710,2151
E02002346,LMA2710,2343
E02002347,LMA2710,2193
E02002348,LMA2710,2308
E02002349,LMA2710,2431
E02002350,LMA2710,2411
E02002351,LMA2710,2120
E02002352,LMA2710,3271
E02002353,LMA2710,2605
E02002354,LMA2710,3091
E02002356,LMA2710,3315
E02002357,LMA2710,3668
E02002358,LMA2710,2960
E02002359,LMA2710,2456
E02002360,LMA2710,2961
E02002361,LMA2710,2310
E02002362,LMA2710,2988
E02002363,LMA2710,3816
E02002364,LMA2710,2025
E02002366,LMA2710,2788
E02002367,LMA2710,2067
E02002368,LMA2710,3744
E02002369,LMA2710,2385
E02002370,LMA2710,2474
E02002371,LMA2710,3401
E02002373,LMA2710,3549
E02002374,LMA2710,3052
E02002375,LMA2710,2282
E02002376,LMA2710,1990
E02002377,LMA2710,1840
E02002379,LMA2710,1607
E02002380,LMA2710,2344
E02002381,LMA2710,2903
E02002382,LMA2710,1697
E02002383,LMA2710,2342
E02002384,LMA2710,3224
E02002385,LMA2710,3568
E02002386,LMA2710,3493
E02002387,LMA2710,2137
E02002388,LMA2710,3081
E02002389,LMA2710,2050
E02002390,LMA2710,2496
E02002391,LMA2710,3758
E02002392,LMA2710,2449
E02002393,LMA2710,2562
E02002394,LMA2710,2207
E02002395,LMA2710,2604
E02002396,LMA2710,3866
E02002397,LMA2710,3205
E02002398,LMA2710,3053
E02002399,LMA2710,2390
E02002400,LMA2710,2908
E02002401,LMA2710,1846
E02002402,LMA2710,2683
E02002403,LMA2710,2439
E02002404,LMA2710,3846
E02002405,LMA2710,3156
E02002406,LMA2710,3122
E02002407,LMA2710,2380
E02002408,LMA2710,3179
E02002409,LMA2710,2378
E02002410,LMA2710,3004
E02002411,LMA2710,2985
E02002412,LMA2710,3180
E02002414,LMA2710,1916
E02002415,LMA2710,1818
E02002416,LMA2710,2429
E02002417,LMA2710,2687
E02002418,LMA2710,3205
E02002419,LMA2710,2892
E02002420,LMA2710,3263
E02002421,LMA2710,1908
E02002422,LMA2710,2927
E02002423,LMA2710,2200
E02002424,LMA2710,3450
E02002425,LMA2654,3540
E02002426,LMA2710,3242
E02002427,LMA2710,2769
E02002428,LMA2710,2990
E02002429,LMA2710,3572
E02002430,LMA2710,2367
E02002431,LMA2710,3796
E02002432,LMA2710,2936
E02002433,LMA2710,2870
E02002434,LMA2710,4036
E02002435,LMA2710,3315
E02002436,LMA2710,2675
E02002437,LMA2710,2900
E02002438,LMA1522,2604
E02002439,LMA1522,3362
E02002440,LMA1522,2870
E02002441,LMA1522,3486
E02002442,LMA1522,3219
E02002443,LMA2710,2843
E02002444,LMA2710,2629
E02002445,LMA2710,2807
E02002446,LMA2710,2571
E02002447,LMA1522,2577
E02002448,LMA1522,2902
E02002449,LMA1522,3555
E02002450,LMA2710,3047
E02002451,LMA2710,3050
E02002452,LMA1522,3107
E02002453,LMA2710,3685
E02002454,LMA2710,3098
E02002455,LMA1522,2158
E02002456,LMA2710,2827
E02002457,LMA2710,2652
E02002458,LMA2710,3778
E02002459,LMA2710,3919
E02002460,LMA1522,2855
E02002461,LMA1522,4153
E02002462,LMA2710,3103
E02002463,LMA2710,2885
E02002464,LMA1522,2919
E02002465,LMA2710,2455
E02002466,LMA2710,3712
E02002467,LMA2710,3287
E02002468,LMA2710,2662
E02002469,LMA1522,2532
E02002470,LMA2710,2328
E02002471,LMA1522,4161
E02002472,LMA2710,2384
E02002473,LMA2710,2803
E02002474,LMA2710,2429
E02002475,LMA2710,2455
E02002476,LMA1522,1787
E02002477,LMA1522,2311
E02002478,LMA1522,2245
E02002479,LMA1522,3139
E02002480,LMA1522,2228
E02002481,LMA1522,2458
E02002482,LMA1522,2256
E02002483,LMA5675,3732
E02002484,LMA5675,3007
E02002485,LMA5675,2412
E02002487,LMA5675,1879
E02002488,LMA5675,2398
E02002489,LMA5675,2444
E02002490,LMA5675,2257
E02002491,LMA5675,2043
E02002492,LMA5675,2369
E02002493,LMA5675,2569
E02002494,LMA5675,2285
E02002496,LMA5675,2561
E02002497,LMA5675,1777
E02002498,LMA5675,2357
E02002499,LMA5675,2145
E02002500,LMA5675,2125
E02002501,LMA5675,1783
E02002502,LMA5675,2656
E02002503,LMA5675,2282
E02002504,LMA5675,3846
E02002505,LMA5675,1938
E02002506,LMA5675,1644
E02002507,LMA5675,2414
E02002508,LMA5675,1825
E02002509,LMA5675,2001
E02002510,LMA2684,2234
E02002512,LMA5675,2147
E02002513,LMA5675,3005
E02002514,LMA5675,3636
E02002515,LMA5675,2345
E02002516,LMA5675,1977
E02002517,LMA5675,1775
E02002518,LMA5675,4354
E02002519,LMA5675,2137
E02002520,LMA5675,4883
E02002521,LMA5675,1949
E02002523,LMA5675,1694
E02002524,LMA5675,1882
E02002525,LMA5675,3061
E02002526,LMA5675,2768
E02002527,LMA5675,1601
E02002529,LMA5675,2127
E02002530,LMA5675,2011
E02002532,LMA5675,2140
E02002533,LMA5675,2184
E02002534,LMA5675,2173
E02002535,LMA2684,4571
E02002536,LMA2684,3470
E02002537,LMA2684,3028
E02002538,LMA2684,2246
E02002539,LMA2684,3478
E02002540,LMA2684,2612
E02002541,LMA2684,2533
E02002542,LMA2684,2903
E02002543,LMA2684,2877
E02002544,LMA2684,2756
E02002545,LMA2684,2411
E02002546,LMA2684,2653
E02002547,LMA2684,2423
E02002548,LMA2684,3330
E02002549,LMA2684,3109
E02002550,LMA2684,2413
E02002551,LMA2684,2045
E02002552,LMA2684,2763
E02002553,LMA2684,2165
E02002554,LMA2684,1840
E02002555,LMA2684,4088
E02002556,LMA2684,3214
E02002557,LMA2684,6621
E02002558,LMA2684,4117
E02002559,LMA2684,3742
E02002560,LMA2684,2730
E02002561,LMA2684,2511
E02002562,LMA2684,2470
E02002563,LMA2684,2121
E02002564,LMA2684,3595
E02002565,LMA2684,2529
E02002566,LMA2684,2651
E02002567,LMA2684,2582
E02002568,LMA2684,2330
E02002569,LMA2684,3265
E02002570,LMA2684,3058
E02002571,LMA2684,2486
E02002572,LMA2684,2287
E02002573,LMA2684,3350
E02002574,LMA7198,3184
E02002575,LMA7198,4664
E02002576,LMA7198,3057
E02002577,LMA7198,2636
E02002578,LMA7198,3063
E02002579,LMA7198,2976
E02002580,LMA7198,2638
E02002581,LMA7198,3031
E02002582,LMA7198,3806
E02002583,LMA7198,2123
E02002584,LMA7198,3048
E02002585,LMA7198,4501
E02002586,LMA7198,3181
E02002587,LMA7198,2664
E02002588,LMA7198,2714
E02002589,LMA7198,2965
E02002590,LMA7198,2406
E02002591,LMA7198,2457
E02002592,LMA7198,2517
E02002593,LMA7198,2325
E02002594,LMA7198,2432
E02002595,LMA7198,2955
E02002596,LMA7198,3785
E02002597,LMA7198,3328
E02002598,LMA7198,3974
E02002599,LMA7198,4998
E02002600,LMA7198,3844
E02002601,LMA7198,3449
E02002602,LMA7198,2887
E02002603,LMA7198,3226
E02002604,LMA7198,3398
E02002605,LMA7198,4261
E02002606,LMA7198,4868
E02002607,LMA7198,4471
E02002608,LMA7198,3364
E02002609,LMA7198,3430
E02002610,LMA7198,4863
E02002611,LMA7198,3262
E02002612,LMA7198,3757
E02002613,LMA7198,2435
E02002614,LMA7198,2337
E02002615,LMA5066,3453
E02002616,LMA5066,3028
E02002617,LMA5066,2181
E02002618,LMA5066,2021
E02002619,LMA5066,2599
E02002620,LMA5066,2262
E02002621,LMA5066,2106
E02002622,LMA5066,2726
E02002623,LMA5066,3905
E02002624,LMA5066,3377
E02002625,LMA5066,3736
E02002626,LMA5066,2644
E02002627,LMA5066,3751
E02002628,LMA5066,2682
E02002629,LMA5066,2015
E02002630,LMA5066,2361
E02002631,LMA5066,3949
E02002632,LMA5066,2671
E02002633,LMA2571,2700
E02002634,LMA2571,2960
E02002635,LMA2571,2911
E02002636,LMA2571,3329
E02002637,LMA2571,2498
E02002638,LMA2571,1948
E02002639,LMA2571,1569
E02002640,LMA2571,2187
E02002641,LMA2571,3386
E02002642,LMA2571,1956
E02002643,LMA2571,2649
E02002644,LMA2571,3359
E02002645,LMA2571,1605
E02002646,LMA2571,2451
E02002647,LMA2571,2912
E02002648,LMA2571,2725
E02002649,LMA2571,3142
E02002650,LMA2571,3043
E02002651,LMA2571,3083
E02002652,LMA2609,4845
E02002653,LMA2609,2501
E02002654,LMA2609,1867
E02002655,LMA2609,3001
E02002656,LMA2609,2285
E02002657,LMA2609,3404
E02002658,LMA2609,3194
E02002659,LMA2609,3164
E02002660,LMA2609,2392
E02002661,LMA2609,2785
E02002662,LMA2609,2514
E02002663,LMA2609,2434
E02002664,LMA2609,3670
E02002665,LMA2609,3522
E02002666,LMA2609,3090
E02002667,LMA2609,3356
E02002668,LMA2609,2239
E02002669,LMA2609,3631
E02002670,LMA2609,3001
E02002671,LMA2609,3320
E02002672,LMA2609,2115
E02002673,LMA2609,3492
E02002674,LMA2609,3232
E02002675,LMA2609,2834
E02002676,LMA2609,3399
E02002677,LMA2609,3553
E02002678,LMA2609,3325
E02002679,LMA2609,3107
E02002680,LMA2609,3370
E02002681,LMA2609,2982
E02002682,LMA2609,3014
E02002684,LMA5675,2981
E02002685,LMA5675,2522
E02002686,LMA5675,2107
E02002687,LMA5675,1834
E02002688,LMA5675,1533
E02002689,LMA5675,1931
E02002691,LMA5675,3055
E02002692,LMA2710,3338
E02002693,LMA2609,2379
E02002694,LMA2710,4346
E02002695,LMA2609,2523
E02002696,LMA2609,2386
E02002697,LMA2609,2961
E02002698,LMA2710,3121
E02002699,LMA2609,4045
E02002700,LMA2609,2353
E02002701,LMA2710,3193
E02002702,LMA2609,4343
E02002703,LMA2609,3924
E02002704,LMA2609,2769
E02002705,LMA2609,2348
E02002706,LMA2609,2894
E02002707,LMA2609,2827
E02002708,LMA2609,2356
E02002709,LMA2609,2992
E02002710,LMA2609,3207
E02002711,LMA2609,3004
E02002712,LMA2609,3122
E02002714,LMA2609,2824
E02002715,LMA2609,5722
E02002716,LMA2609,3507
E02002717,LMA2609,3238
E02002718,LMA2609,3019
E02002719,LMA2609,2525
E02002720,LMA2609,3077
E02002721,LMA2609,2473
E02002722,LMA2609,2563
E02002723,LMA2609,3535
E02002724,LMA2609,3498
E02002725,LMA2609,2765
E02002726,LMA2654,3848
E02002727,LMA2654,1528
E02002728,LMA2654,2882
E02002729,LMA2654,2432
E02002730,LMA2654,2707
E02002731,LMA2654,1982
E02002732,LMA2654,3260
E02002733,LMA2654,2583
E02002734,LMA2654,2080
E02002735,LMA2654,2210
E02002736,LMA2654,2114
E02002737,LMA2654,3144
E02002738,LMA2654,3110
E02002739,LMA2654,2351
E02002740,LMA2654,1903
E02002741,LMA2654,3733
E02002742,LMA2654,2232
E02002743,LMA2654,1872
E02002744,LMA2654,1799
E02002745,LMA2654,2918
E02002746,LMA2654,3530
E02002747,LMA2654,3251
E02002748,LMA2654,3116
E02002749,LMA2684,4149
E02002750,LMA2684,2498
E02002751,LMA2684,2466
E02002752,LMA2654,2706
E02002753,LMA2684,3519
E02002754,LMA2684,3233
E02002755,LMA2684,2970
E02002756,LMA2684,2876
E02002757,LMA2684,2736
E02002758,LMA2684,2717
E02002759,LMA2684,3683
E02002760,LMA2684,2496
E02002761,LMA2684,2826
E02002762,LMA2684,2648
E02002763,LMA2684,2802
E02002764,LMA2684,1952
E02002765,LMA2684,2436
E02002766,LMA2684,3825
E02002767,LMA2684,2991
E02002768,LMA1522,2688
E02002769,LMA2684,2400
E02002770,LMA2684,2772
E02002771,LMA1522,2524
E02002772,LMA2710,2979
E02002773,LMA2710,2355
E02002774,LMA2710,2638
E02002775,LMA2710,2140
E02002776,LMA2710,2915
E02002777,LMA2710,3965
E02002778,LMA2710,3557
E02002779,LMA2710,3882
E02002780,LMA2710,3761
E02002781,LMA2710,4685
E02002782,LMA2710,2290
E02002783,LMA2710,4492
E02002784,LMA2710,4869
E02002785,LMA2710,2622
E02002786,LMA2710,3919
E02002787,LMA2710,4026
E02002788,LMA2710,4499
E02002789,LMA2710,3587
E02002790,LMA2710,4892
E02002791,LMA2710,2447
E02002792,LMA2710,3302
E02002793,LMA2710,4008
E02002794,LMA2710,2231
E02002795,LMA2710,3206
E02002796,LMA6762,2485
E02002797,LMA6762,2781
E02002798,LMA6762,5239
E02002799,LMA6762,2352
E02002800,LMA6762,2973
E02002801,LMA6762,3108
E02002802,LMA6762,2736
E02002803,LMA6762,3352
E02002804,LMA6762,2856
E02002805,LMA6762,2349
E02002806,LMA6762,2829
E02002807,LMA6762,3648
E02002808,LMA6762,5122
E02002809,LMA6762,2678
E02002810,LMA6762,3507
E02002811,LMA6762,2981
E02002812,LMA6762,2726
E02002813,LMA6762,2846
E02002814,LMA6762,3204
E02002815,LMA6762,2275
E02002816,LMA6762,4005
E02002817,LMA6762,2532
E02002818,LMA6762,2436
E02002819,LMA6762,3435
E02002820,LMA6762,3845
E02002821,LMA6762,3609
E02002822,LMA6762,2653
E02002823,LMA6762,2854
E02002824,LMA6762,3557
E02002825,LMA6762,3484
E02002826,LMA6762,2919
E02002827,LMA6708,2788
E02002828,LMA6708,3254
E02002829,LMA6708,3528
E02002830,LMA6708,3869
E02002831,LMA6708,2577
E02002832,LMA6708,2943
E02002833,LMA6708,3047
E02002834,LMA6708,4354
E02002835,LMA6708,5263
E02002836,LMA6708,3324
E02002837,LMA6708,2316
E02002838,LMA6708,2245
E02002839,LMA6708,2832
E02002842,LMA6708,3487
E02002843,LMA6708,3946
E02002844,LMA6708,2956
E02002845,LMA6708,3565
E02002846,LMA6708,3298
E02002847,LMA6708,3359
E02002848,LMA6708,2982
E02002849,LMA6708,5448
E02002851,LMA6708,3069
E02002852,LMA6708,2002
E02002853,LMA6708,4211
E02002854,LMA6708,2915
E02002855,LMA6708,3164
E02002856,LMA6708,4853
E02002857,LMA6708,2874
E02002858,LMA6708,3132
E02002860,LMA6708,3244
E02002861,LMA6708,2214
E02002862,LMA6708,2926
E02002863,LMA3162,3011
E02002864,LMA3162,2309
E02002865,LMA3162,2994
E02002866,LMA3162,2754
E02002867,LMA3162,2756
E02002868,LMA6762,2267
E02002869,LMA6762,2368
E02002871,LMA6762,3222
E02002872,LMA6762,3153
E02002873,LMA6762,3426
E02002874,LMA6762,2841
E02002875,LMA6762,3175
E02002876,LMA6762,3116
E02002877,LMA6762,3503
E02002878,LMA6762,2382
E02002879,LMA6762,3908
E02002880,LMA6762,2634
E02002881,LMA6762,1946
E02002882,LMA6762,3561
E02002883,LMA6762,2993
E02002884,LMA6762,2190
E02002885,LMA6762,2379
E02002886,LMA6762,2778
E02002887,LMA6762,1849
E02002888,LMA6762,2195
E02002889,LMA6762,2478
E02002890,LMA6762,3269
E02002891,LMA6762,3015
E02002892,LMA6762,1942
E02002893,LMA6762,3280
E02002894,LMA6762,2726
E02002895,LMA6762,2968
E02002896,LMA6762,3520
E02002897,LMA6762,2864
E02002898,LMA6762,2660
E02002899,LMA6762,1864
E02002901,LMA6762,2391
E02002902,LMA6762,3048
E02002903,LMA6762,2242
E02002904,LMA6762,2370
E02002905,LMA2836,1864
E02002906,LMA2836,2136
E02002907,LMA2836,2137
E02002908,LMA2836,2521
E02002909,LMA2836,3486
E02002910,LMA2836,2353
E02002911,LMA2836,3285
E02002912,LMA2836,2824
E02002913,LMA6595,1688
E02002914,LMA2836,4166
E02002915,LMA2836,2637
E02002916,LMA2836,4160
E02002917,LMA2836,3105
E02002918,LMA2836,2356
E02002919,LMA2836,3896
E02002920,LMA2836,2753
E02002921,LMA2836,3040
E02002922,LMA2836,2116
E02002923,LMA2836,3548
E02002924,LMA2836,1662
E02002925,LMA2836,3781
E02002926,LMA2836,4043
E02002927,LMA2836,3628
E02002928,LMA2863,2420
E02002929,LMA2863,2087
E02002930,LMA2863,2197
E02002931,LMA2863,2711
E02002932,LMA2863,3359
E02002933,LMA2863,3707
E02002934,LMA2863,2612
E02002935,LMA2863,2748
E02002936,LMA2863,3425
E02002937,LMA2863,4088
E02002938,LMA2863,2447
E02002939,LMA2863,2505
E02002940,LMA2863,2687
E02002941,LMA2863,3970
E02002942,LMA2863,2878
E02002943,LMA2863,4406
E02002944,LMA2863,2722
E02002945,LMA2863,4011
E02002946,LMA2863,3567
E02002947,LMA2863,2642
E02002948,LMA2863,2120
E02002949,LMA2863,2075
E02002950,LMA2863,1780
E02002951,LMA2885,3187
E02002952,LMA2885,2617
E02002953,LMA2885,2526
E02002954,LMA2885,2922
E02002955,LMA2885,2354
E02002956,LMA2885,3414
E02002957,LMA2885,4172
E02002958,LMA2885,3185
E02002959,LMA2885,2935
E02002960,LMA2885,2520
E02002961,LMA2885,2115
E02002962,LMA2885,2170
E02002963,LMA2885,2863
E02002964,LMA2885,3253
E02002965,LMA2885,2194
E02002966,LMA2885,3216
E02002967,LMA2885,2898
E02002968,LMA2885,3915
E02002969,LMA2885,3551
E02002970,LMA2885,3279
E02002971,LMA2885,2373
E02002972,LMA2885,2371
E02002973,LMA2885,3227
E02002974,LMA2885,2175
E02002975,LMA2885,3720
E02002976,LMA2885,2223
E02002977,LMA2885,1954
E02002978,LMA2885,2076
E02002979,LMA2885,1650
E02002980,LMA2885,2333
E02002981,LMA2885,2956
E02002982,LMA2885,2274
E02002983,LMA2885,2583
E02002984,LMA2885,2676
E02002985,LMA2961,2021
E02002986,LMA2961,1932
E02002987,LMA2961,2072
E02002988,LMA5956,2218
E02002989,LMA5956,1959
E02002990,LMA5956,2552
E02002991,LMA5956,4065
E02002992,LMA5956,2345
E02002993,LMA5956,2251
E02002994,LMA5956,3384
E02002995,LMA5956,1976
E02002996,LMA5956,3000
E02002997,LMA5956,2505
E02002998,LMA5956,2199
E02002999,LMA5956,2232
E02003000,LMA2961,3414
E02003001,LMA5956,2112
E02003002,LMA5956,1888
E02003003,LMA5956,2422
E02003004,LMA2961,2390
E02003005,LMA2961,2121
E02003006,LMA5956,3518
E02003007,LMA5956,3382
E02003008,LMA5956,2281
E02003009,LMA5956,2568
E02003010,LMA5956,2715
E02003011,LMA5956,2043
E02003012,LMA2961,4072
E02003013,LMA2961,4430
E02003014,LMA2961,2756
E02003015,LMA2961,2283
E02003016,LMA2961,3209
E02003017,LMA2961,2364
E02003018,LMA2961,2237
E02003019,LMA2961,4097
E02003020,LMA2961,2244
E02003021,LMA2961,3260
E02003022,LMA2961,2253
E02003023,LMA2961,2335
E02003024,LMA2961,3198
E02003025,LMA2961,2439
E02003026,LMA2961,2843
E02003027,LMA2961,5675
E02003028,LMA2961,3696
E02003029,LMA2961,2215
E02003030,LMA2961,2989
E02003031,LMA2961,4852
E02003032,LMA2961,3072
E02003033,LMA2961,3904
E02003034,LMA2961,5024
E02003036,LMA2961,3653
E02003037,LMA2961,4248
E02003038,LMA2961,2798
E02003039,LMA2961,3258
E02003040,LMA2961,4213
E02003041,LMA2961,2946
E02003043,LMA2961,4317
E02003044,LMA2961,2732
E02003045,LMA2961,2939
E02003046,LMA2961,4598
E02003047,LMA2961,5061
E02003048,LMA2961,3396
E02003049,LMA2961,3049
E02003050,LMA2961,4356
E02003051,LMA2961,3142
E02003052,LMA2961,3107
E02003053,LMA2961,3410
E02003054,LMA2961,2962
E02003055,LMA2961,2789
E02003056,LMA2961,2425
E02003057,LMA2961,2392
E02003058,LMA2961,3620
E02003059,LMA2961,2048
E02003060,LMA2961,4247
E02003061,LMA2961,1953
E02003062,LMA2961,1815
E02003063,LMA2961,3021
E02003064,LMA2961,1823
E02003065,LMA2961,3622
E02003066,LMA2961,2323
E02003067,LMA2961,3130
E02003068,LMA2961,2351
E02003069,LMA2961,1919
E02003070,LMA2961,4723
E02003071,LMA2961,2993
E02003072,LMA2961,3535
E02003073,LMA2961,2758
E02003074,LMA2961,3652
E02003075,LMA2961,2126
E02003076,LMA2961,3729
E02003077,LMA2961,2170
E02003078,LMA5969,2491
E02003079,LMA5969,4257
E02003080,LMA5969,2961
E02003081,LMA5969,3363
E02003082,LMA5969,3199
E02003084,LMA5969,3387
E02003085,LMA5969,2489
E02003086,LMA5969,2155
E02003087,LMA2961,3319
E02003088,LMA2961,2796
E02003089,LMA5969,1876
E02003090,LMA2961,2683
E02003091,LMA2961,2697
E02003092,LMA2961,3013
E02003093,LMA2961,2415
E02003094,LMA2961,3458
E02003095,LMA2961,3255
E02003096,LMA2961,2973
E02003097,LMA2961,2503
E02003098,LMA2961,5314
E02003099,LMA2961,2882
E02003100,LMA2961,4675
E02003101,LMA2961,5567
E02003102,LMA2961,2523
E02003103,LMA2961,3478
E02003104,LMA2961,3568
E02003105,LMA2961,2362
E02003106,LMA2961,4299
E02003107,LMA2961,4476
E02003108,LMA2961,3862
E02003109,LMA2961,2385
E02003110,LMA2961,4998
E02003111,LMA2961,2573
E02003112,LMA2961,2478
E02003113,LMA2961,3709
E02003114,LMA2961,2932
E02003115,LMA2961,4021
E02003116,LMA2961,2960
E02003117,LMA2961,3649
E02003118,LMA2961,4831
E02003119,LMA2961,4524
E02003120,LMA2961,3431
E02003121,LMA2961,4539
E02003122,LMA3065,2534
E02003123,LMA3065,3036
E02003124,LMA3065,2890
E02003125,LMA3065,2253
E02003126,LMA3065,3056
E02003127,LMA3065,2627
E02003128,LMA3065,3277
E02003129,LMA3065,2450
E02003130,LMA3065,3822
E02003131,LMA3065,3018
E02003132,LMA3065,3291
E02003133,LMA3065,2939
E02003134,LMA3065,2312
E02003135,LMA3065,2841
E02003136,LMA3065,3001
E02003137,LMA3065,3021
E02003138,LMA3065,3336
E02003139,LMA3065,3318
E02003140,LMA3065,3250
E02003141,LMA3065,3471
E02003142,LMA3065,3566
E02003143,LMA3065,3352
E02003144,LMA3065,3191
E02003145,LMA3065,2821
E02003146,LMA3065,3793
E02003147,LMA3065,2506
E02003148,LMA3065,3063
E02003149,LMA3065,3746
E02003150,LMA3065,4295
E02003151,LMA3065,2708
E02003152,LMA3065,3633
E02003153,LMA3065,3161
E02003154,LMA4056,2292
E02003155,LMA4056,1954
E02003156,LMA4056,3847
E02003157,LMA4056,2363
E02003158,LMA4056,1852
E02003159,LMA4056,2216
E02003161,LMA4056,2493
E02003163,LMA4056,2455
E02003164,LMA4056,3060
E02003165,LMA4056,2671
E02003166,LMA4056,3608
E02003167,LMA4056,2785
E02003168,LMA4056,2532
E02003169,LMA4056,1983
E02003170,LMA4056,2882
E02003171,LMA4056,2280
E02003172,LMA4184,2119
E02003173,LMA4184,2382
E02003174,LMA4184,3065
E02003175,LMA4184,3767
E02003176,LMA4184,2403
E02003177,LMA4184,3354
E02003178,LMA4184,3186
E02003179,LMA4184,2211
E02003180,LMA4184,3539
E02003181,LMA4184,3452
E02003182,LMA4184,2687
E02003183,LMA4184,2464
E02003184,LMA4184,3429
E02003185,LMA4184,2942
E02003186,LMA4184,3779
E02003187,LMA4184,3531
E02003188,LMA4184,4262
E02003189,LMA4184,3061
E02003190,LMA4184,4208
E02003191,LMA4184,2750
E02003192,LMA4184,4104
E02003194,LMA4184,2242
E02003195,LMA4184,2316
E02003196,LMA4184,3783
E02003197,LMA4184,3069
E02003198,LMA4184,3299
E02003199,LMA4184,3958
E02003200,LMA4184,3726
E02003201,LMA4184,4265
E02003202,LMA4184,2463
E02003203,LMA4184,3287
E02003204,LMA4184,3445
E02003205,LMA4184,3494
E02003206,LMA4184,3881
E02003207,LMA4184,2683
E02003208,LMA4184,4369
E02003209,LMA4184,2471
E02003210,LMA4184,3291
E02003211,LMA4184,2356
E02003212,LMA6707,3309
E02003214,LMA6707,2043
E02003215,LMA6707,3125
E02003216,LMA6707,3847
E02003217,LMA6707,2603
E02003218,LMA6707,2368
E02003219,LMA6707,2472
E02003220,LMA6707,4595
E02003221,LMA6707,2811
E02003222,LMA6707,3148
E02003223,LMA6707,4787
E02003224,LMA6707,4125
E02003225,LMA6707,3096
E02003226,LMA6707,3912
E02003227,LMA6707,2230
E02003228,LMA6707,2916
E02003229,LMA6707,2924
E02003230,LMA6707,3881
E02003231,LMA6707,2991
E02003232,LMA6707,4057
E02003233,LMA6707,3691
E02003234,LMA6707,3863
E02003235,LMA6707,2975
E02003236,LMA6707,4035
E02003237,LMA3162,2591
E02003238,LMA3162,2819
E02003239,LMA3162,3615
E02003240,LMA3162,3053
E02003241,LMA3162,2476
E02003242,LMA3162,3234
E02003243,LMA3162,3453
E02003244,LMA3162,3067
E02003245,LMA3162,2841
E02003246,LMA3162,3156
E02003247,LMA3162,3228
E02003248,LMA3162,3663
E02003249,LMA3162,4067
E02003250,LMA3162,4023
E02003251,LMA3162,2669
E02003252,LMA3162,4486
E02003253,LMA3162,3790
E02003254,LMA3162,3763
E02003255,LMA3162,3722
E02003257,LMA3162,3252
E02003258,LMA6789,3910
E02003259,LMA6789,2568
E02003260,LMA6789,2786
E02003261,LMA6789,2184
E02003262,LMA6789,3410
E02003263,LMA6789,4326
E02003264,LMA6789,3767
E02003265,LMA6789,3619
E02003266,LMA6789,3339
E02003267,LMA6789,3706
E02003268,LMA6789,3639
E02003269,LMA6789,4099
E02003270,LMA6789,3019
E02003271,LMA6789,4742
E02003272,LMA6789,2852
E02003273,LMA6789,3964
E02003274,LMA6789,2925
E02003275,LMA6789,4658
E02003276,LMA6789,2629
E02003277,LMA6789,3568
E02003278,LMA6789,4721
E02003279,LMA6114,3642
E02003280,LMA6114,3728
E02003281,LMA6114,3276
E02003282,LMA6114,3786
E02003283,LMA6114,3906
E02003284,LMA6114,4404
E02003285,LMA6114,4658
E02003286,LMA6114,3611
E02003287,LMA6114,3146
E02003288,LMA6114,4019
E02003289,LMA6114,4434
E02003290,LMA6114,4036
E02003291,LMA6114,4374
E02003292,LMA6114,4235
E02003293,LMA6114,4466
E02003294,LMA6114,3349
E02003295,LMA6114,3556
E02003296,LMA6114,2968
E02003297,LMA6114,2654
E02003298,LMA6114,2745
E02003299,LMA6114,2549
E02003300,LMA6114,3345
E02003301,LMA6114,3680
E02003302,LMA6114,3694
E02003303,LMA6114,3079
E02003304,LMA6114,3590
E02003305,LMA6114,2246
E02003307,LMA6114,3471
E02003308,LMA6114,2861
E02003309,LMA6114,3292
E02003310,LMA6114,5130
E02003311,LMA6114,3643
E02003312,LMA6114,3641
E02003313,LMA6114,4708
E02003314,LMA4275,2277
E02003315,LMA4275,2217
E02003316,LMA4275,3990
E02003317,LMA4275,2316
E02003318,LMA4275,2437
E02003319,LMA4275,3150
E02003320,LMA4275,3541
E02003321,LMA4275,2168
E02003322,LMA4275,2403
E02003323,LMA4275,2776
E02003324,LMA4275,3697
E02003325,LMA4275,2721
E02003326,LMA4275,3039
E02003327,LMA4275,2924
E02003328,LMA4275,3051
E02003329,LMA4275,2759
E02003330,LMA4275,2811
E02003331,LMA4275,3274
E02003332,LMA4275,2416
E02003333,LMA4275,2407
E02003334,LMA4275,2441
E02003335,LMA4275,2458
E02003336,LMA4275,2273
E02003337,LMA4275,2522
E02003338,LMA4275,2832
E02003339,LMA4275,2475
E02003340,LMA4275,2815
E02003341,LMA4275,2205
E02003342,LMA4275,2469
E02003343,LMA4275,2276
E02003344,LMA4275,2769
E02003345,LMA4275,2720
E02003346,LMA4275,2372
E02003347,LMA4275,2966
E02003348,LMA4275,3245
E02003349,LMA4275,3006
E02003350,LMA4275,2461
E02003351,LMA4275,3403
E02003352,LMA6427,2135
E02003353,LMA6427,3833
E02003354,LMA6427,4491
E02003355,LMA6427,2716
E02003356,LMA6427,2835
E02003357,LMA6427,3860
E02003358,LMA6427,3907
E02003359,LMA6427,3324
E02003360,LMA6427,4260
E02003361,LMA6427,3415
E02003362,LMA6427,3144
E02003363,LMA6427,2484
E02003364,LMA6427,3181
E02003365,LMA6427,2851
E02003366,LMA6427,3567
E02003367,LMA6427,2299
E02003368,LMA6427,2091
E02003369,LMA6427,2146
E02003370,LMA6427,2780
E02003371,LMA6427,2584
E02003372,LMA6427,3276
E02003373,LMA6427,3217
E02003374,LMA6427,2747
E02003375,LMA6427,2489
E02003376,LMA6427,2422
E02003377,LMA6427,3770
E02003378,LMA6427,3158
E02003379,LMA6427,3173
E02003380,LMA6427,3891
E02003381,LMA6427,2511
E02003382,LMA6427,3223
E02003383,LMA6427,3316
E02003384,LMA6427,2395
E02003385,LMA6427,3526
E02003386,LMA6427,3423
E02003387,LMA6427,3818
E02003388,LMA6427,2112
E02003389,LMA6427,3159
E02003390,LMA6427,2884
E02003391,LMA6427,3387
E02003392,LMA6427,3824
E02003393,LMA6427,3483
E02003394,LMA6427,2893
E02003395,LMA6427,4480
E02003396,LMA6427,4364
E02003397,LMA6427,2814
E02003398,LMA6427,4819
E02003399,LMA6427,6242
E02003400,LMA6427,3546
E02003401,LMA6427,3747
E02003402,LMA6427,4666
E02003403,LMA6427,3275
E02003404,LMA6427,2350
E02003405,LMA6427,3825
E02003406,LMA6427,2917
E02003407,LMA6427,3436
E02003408,LMA6427,3927
E02003409,LMA6427,4585
E02003410,LMA6427,3806
E02003411,LMA6427,4038
E02003412,LMA6427,4078
E02003413,LMA6427,4594
E02003414,LMA6427,5183
E02003415,LMA6427,4462
E02003416,LMA6789,3692
E02003417,LMA6427,4035
E02003418,LMA6789,3780
E02003419,LMA6789,3323
E02003420,LMA6789,2876
E02003421,LMA6427,2079
E02003422,LMA6427,4031
E02003423,LMA6427,2356
E02003424,LMA6427,3197
E02003425,LMA6427,4615
E02003426,LMA6427,3864
E02003427,LMA6427,3136
E02003428,LMA6427,3941
E02003429,LMA6427,2860
E02003430,LMA6427,2715
E02003431,LMA6789,2783
E02003432,LMA6427,3209
E02003433,LMA6427,2718
E02003434,LMA6427,3547
E02003435,LMA6427,2895
E02003436,LMA6789,3370
E02003437,LMA6427,2711
E02003438,LMA6427,3527
E02003439,LMA6427,1837
E02003440,LMA6427,3738
E02003441,LMA6427,3020
E02003442,LMA6427,3337
E02003443,LMA6427,2189
E02003444,LMA6427,3440
E02003445,LMA6427,3615
E02003446,LMA6427,3582
E02003447,LMA6427,4033
E02003448,LMA6427,2844
E02003449,LMA6427,3857
E02003450,LMA6427,4794
E02003451,LMA6427,3188
E02003452,LMA6427,2631
E02003453,LMA6427,2822
E02003454,LMA6427,3138
E02003455,LMA6427,2775
E02003456,LMA6427,2685
E02003457,LMA6427,3923
E02003458,LMA6427,3052
E02003459,LMA6707,3490
E02003460,LMA6707,3696
E02003461,LMA6707,3269
E02003462,LMA6707,3632
E02003463,LMA6707,2914
E02003464,LMA6707,2645
E02003465,LMA6707,2765
E02003466,LMA6707,3141
E02003467,LMA6707,2449
E02003468,LMA6707,3175
E02003469,LMA6707,2668
E02003470,LMA6707,1813
E02003471,LMA6707,2736
E02003472,LMA6707,4166
E02003473,LMA6707,2673
E02003474,LMA6707,3827
E02003475,LMA6707,7020
E02003476,LMA6707,3112
E02003477,LMA6707,4922
E02003478,LMA6707,3043
E02003479,LMA6707,3112
E02003480,LMA6707,3959
E02003481,LMA6707,2349
E02003482,LMA6789,2560
E02003483,LMA6707,4923
E02003484,LMA6707,3241
E02003485,LMA6707,3325
E02003486,LMA6707,4179
E02003487,LMA6707,2987
E02003488,LMA6707,2625
E02003489,LMA6707,2927
E02003490,LMA6789,2394
E02003491,LMA3428,2911
E02003492,LMA3428,2345
E02003493,LMA3428,2825
E02003494,LMA3428,2533
E02003495,LMA3428,3033
E02003496,LMA3428,2611
E02003497,LMA3428,2691
E02003498,LMA3428,2645
E02003499,LMA3428,2575
E02003500,LMA3428,3461
E02003501,LMA3428,3428
E02003502,LMA3428,2980
E02003503,LMA3428,3268
E02003504,LMA3428,3775
E02003505,LMA3428,3922
E02003506,LMA3428,2822
E02003507,LMA3428,3595
E02003508,LMA3428,3672
E02003509,LMA3428,4227
E02003510,LMA3428,3798
E02003511,LMA3428,3224
E02003512,LMA3428,3881
E02003513,LMA3428,2361
E02003514,LMA3428,4524
E02003515,LMA3428,2650
E02003516,LMA3428,4339
E02003517,LMA3428,4724
E02003518,LMA3428,3264
E02003519,LMA3428,4491
E02003520,LMA3428,3641
E02003521,LMA3428,3223
E02003522,LMA3428,2762
E02003523,LMA3428,3385
E02003524,LMA3499,2869
E02003525,LMA3499,2188
E02003526,LMA3499,2427
E02003527,LMA3499,2354
E02003529,LMA3499,3207
E02003530,LMA3499,3140
E02003531,LMA3499,3687
E02003532,LMA3499,3366
E02003533,LMA3499,2283
E02003534,LMA3499,3943
E02003535,LMA3499,4208
E02003536,LMA3499,2149
E02003537,LMA3499,4355
E02003538,LMA3499,4258
E02003539,LMA3499,3868
E02003540,LMA3499,3591
E02003541,LMA3499,3170
E02003542,LMA3499,3800
E02003543,LMA3499,3381
E02003544,LMA3499,2879
E02003545,LMA3499,2959
E02003546,LMA3499,3318
E02003547,LMA3499,3409
E02003548,LMA3499,2800
E02003549,LMA6427,2641
E02003550,LMA6427,3495
E02003551,LMA6427,2018
E02003552,LMA6427,2464
E02003553,LMA6427,2155
E02003554,LMA6427,2492
E02003555,LMA6427,2962
E02003556,LMA6427,2492
E02003557,LMA6427,2407
E02003558,LMA6427,2734
E02003559,LMA6427,3312
E02003560,LMA6427,2521
E02003561,LMA6427,2985
E02003562,LMA6427,3842
E02003563,LMA6427,3404
E02003564,LMA6427,3208
E02003565,LMA6427,2614
E02003566,LMA6427,2246
E02003567,LMA6427,3060
E02003568,LMA6427,4398
E02003569,LMA6427,3710
E02003570,LMA6427,3376
E02003571,LMA6427,3033
E02003572,LMA6427,2613
E02003573,LMA6427,2536
E02003574,LMA6427,3378
E02003575,LMA6427,2240
E02003576,LMA6427,3471
E02003577,LMA6427,4815
E02003578,LMA6427,2751
E02003579,LMA6427,3440
E02003580,LMA6427,2018
E02003581,LMA3499,3169
E02003582,LMA3499,3036
E02003583,LMA3499,2315
E02003584,LMA3499,2351
E02003585,LMA3499,2222
E02003586,LMA3499,2636
E02003587,LMA3499,2941
E02003588,LMA3499,2597
E02003589,LMA3499,3043
E02003590,LMA3499,2032
E02003591,LMA3499,3611
E02003592,LMA3499,2606
E02003593,LMA3499,1765
E02003594,LMA3499,3078
E02003595,LMA3499,2674
E02003596,LMA3499,2606
E02003597,LMA3499,1746
E02003598,LMA3499,2255
E02003599,LMA6789,2488
E02003600,LMA6789,2527
E02003601,LMA6789,3035
E02003602,LMA6789,2201
E02003603,LMA6789,4439
E02003604,LMA6789,2894
E02003605,LMA6789,2917
E02003606,LMA6789,2883
E02003607,LMA6789,3438
E02003608,LMA6789,4843
E02003609,LMA6789,4312
E02003610,LMA6789,2881
E02003611,LMA6789,3547
E02003612,LMA6789,4254
E02003613,LMA6789,2396
E02003614,LMA6789,3608
E02003615,LMA6789,3509
E02003616,LMA3162,2065
E02003617,LMA3162,3270
E02003618,LMA6789,3396
E02003619,LMA3633,3852
E02003620,LMA6789,3310
E02003621,LMA6789,3210
E02003622,LMA6789,3361
E02003623,LMA6789,3268
E02003624,LMA6789,2271
E02003625,LMA6789,3236
E02003626,LMA6789,2385
E02003627,LMA6789,3851
E02003628,LMA6789,2777
E02003629,LMA6789,3762
E02003630,LMA6789,3865
E02003631,LMA6789,2328
E02003632,LMA6789,2658
E02003633,LMA6789,3235
E02003634,LMA6789,4042
E02003635,LMA6789,2120
E02003636,LMA6789,3064
E02003637,LMA6789,3633
E02003638,LMA6789,3203
E02003639,LMA6789,3625
E02003640,LMA6789,2574
E02003641,LMA6789,2533
E02003642,LMA6789,3337
E02003643,LMA6789,4596
E02003644,LMA6789,3483
E02003645,LMA6789,2783
E02003646,LMA6789,3519
E02003647,LMA6789,3564
E02003648,LMA6789,1891
E02003649,LMA6789,2988
E02003650,LMA6789,2461
E02003651,LMA6789,2366
E02003652,LMA6707,3332
E02003653,LMA6707,2639
E02003654,LMA6707,2079
E02003655,LMA6707,3768
E02003656,LMA6707,2252
E02003657,LMA6707,2157
E02003658,LMA6707,2732
E02003659,LMA6707,3195
E02003660,LMA6789,3728
E02003661,LMA6707,2059
E02003662,LMA6707,2882
E02003663,LMA6707,2295
E02003664,LMA6707,2523
E02003665,LMA6707,2520
E02003666,LMA6707,2881
E02003667,LMA6707,4774
E02003668,LMA6707,3533
E02003669,LMA6707,2663
E02003670,LMA6707,4193
E02003671,LMA6707,2750
E02003672,LMA6707,3671
E02003673,LMA6707,3085
E02003674,LMA6707,1955
E02003675,LMA6707,3196
E02003676,LMA6707,2726
E02003677,LMA6707,3620
E02003678,LMA6707,2104
E02003679,LMA6707,2502
E02003680,LMA6707,3558
E02003681,LMA6707,3613
E02003682,LMA6707,2943
E02003683,LMA6707,2139
E02003685,LMA6707,2742
E02003686,LMA6707,2535
E02003687,LMA6707,2047
E02003688,LMA6707,4254
E02003689,LMA6707,2878
E02003690,LMA6789,2389
E02003691,LMA6707,2434
E02003692,LMA6707,3307
E02003693,LMA6707,2334
E02003694,LMA6707,3351
E02003695,LMA6789,4253
E02003696,LMA6707,2899
E02003697,LMA6707,2080
E02003698,LMA6707,3160
E02003699,LMA6707,2230
E02003701,LMA6707,4562
E02003702,LMA6707,3126
E02003703,LMA6707,3264
E02003704,LMA6707,2390
E02003705,LMA6707,2781
E02003706,LMA6707,2579
E02003707,LMA6707,2669
E02003708,LMA6707,3346
E02003709,LMA6707,2281
E02003710,LMA6707,4137
E02003711,LMA6707,3927
E02003712,LMA6707,3025
E02003713,LMA6707,2192
E02003714,LMA6707,2744
E02003715,LMA6707,2505
E02003716,LMA6707,2055
E02003717,LMA6707,3234
E02003718,LMA6707,2216
E02003719,LMA3633,4193
E02003720,LMA3633,3812
E02003721,LMA3633,4226
E02003722,LMA3633,3975
E02003723,LMA3633,2160
E02003724,LMA3633,4513
E02003725,LMA3633,3193
E02003726,LMA3633,3747
E02003727,LMA3633,4867
E02003728,LMA3633,4182
E02003729,LMA3633,3945
E02003730,LMA3633,3267
E02003731,LMA3633,3686
E02003732,LMA3633,3512
E02003733,LMA3633,3428
E02003734,LMA3633,4999
E02003735,LMA3633,3722
E02003736,LMA3633,3990
E02003737,LMA3633,5268
E02003738,LMA3633,2457
E02003739,LMA3633,2572
E02003740,LMA3633,2268
E02003742,LMA5436,2153
E02003743,LMA5436,3781
E02003744,LMA5436,4929
E02003745,LMA5436,3300
E02003746,LMA3633,2799
E02003747,LMA3162,4555
E02003748,LMA3633,2732
E02003749,LMA3162,2474
E02003750,LMA3633,2466
E02003751,LMA3633,2413
E02003752,LMA3633,4184
E02003753,LMA3162,4802
E02003754,LMA3162,2337
E02003755,LMA3162,3474
E02003756,LMA3162,2763
E02003757,LMA3633,2621
E02003758,LMA3633,3989
E02003759,LMA3633,2612
E02003760,LMA3633,3508
E02003761,LMA3633,2559
E02003762,LMA3633,3560
E02003763,LMA3633,4792
E02003764,LMA3633,4703
E02003765,LMA3633,2733
E02003766,LMA3633,2977
E02003767,LMA3633,2449
E02003768,LMA3633,3762
E02003769,LMA3633,2594
E02003770,LMA3633,3367
E02003771,LMA3633,2593
E02003772,LMA3633,3035
E02003773,LMA3633,4789
E02003774,LMA3633,2463
E02003775,LMA3633,3030
E02003776,LMA3633,2760
E02003777,LMA3633,3045
E02003778,LMA3633,2778
E02003779,LMA3633,2461
E02003780,LMA3633,4734
E02003781,LMA3633,2975
E02003783,LMA3633,2643
E02003784,LMA3633,3661
E02003785,LMA3633,3924
E02003786,LMA3633,2446
E02003787,LMA3633,2858
E02003788,LMA3633,2420
E02003789,LMA3633,3209
E02003790,LMA3633,3699
E02003791,LMA3633,3260
E02003792,LMA3633,3663
E02003793,LMA3633,3009
E02003794,LMA7198,3515
E02003795,LMA7198,2057
E02003796,LMA7198,2644
E02003797,LMA7198,4008
E02003798,LMA7198,2376
E02003799,LMA7198,2742
E02003800,LMA7198,2271
E02003801,LMA7198,2897
E02003802,LMA7198,3953
E02003803,LMA7198,3885
E02003804,LMA7198,3199
E02003805,LMA7198,2291
E02003806,LMA7198,2501
E02003807,LMA7198,3123
E02003808,LMA7198,2738
E02003809,LMA7198,2692
E02003810,LMA7198,2732
E02003811,LMA2885,1937
E02003812,LMA7198,2081
E02003813,LMA7198,2637
E02003814,LMA7198,3257
E02003815,LMA2885,2443
E02003816,LMA2885,2814
E02003817,LMA2885,2738
E02003818,LMA2885,2405
E02003819,LMA7198,2167
E02003820,LMA7198,3019
E02003821,LMA7198,2094
E02003822,LMA2885,4094
E02003823,LMA2885,2330
E02003824,LMA2885,2067
E02003825,LMA7198,3554
E02003826,LMA7198,2803
E02003827,LMA7198,3343
E02003828,LMA7198,2391
E02003829,LMA7198,2559
E02003830,LMA7198,3147
E02003831,LMA7198,3749
E02003832,LMA7198,2671
E02003833,LMA7198,2692
E02003834,LMA7198,2838
E02003835,LMA7198,3178
E02003836,LMA7198,2682
E02003837,LMA7198,4521
E02003838,LMA7198,2510
E02003839,LMA7198,2642
E02003840,LMA7198,3363
E02003841,LMA7198,2711
E02003842,LMA7198,1906
E02003843,LMA7198,2302
E02003844,LMA7198,2651
E02003845,LMA7198,3340
E02003846,LMA7198,2504
E02003847,LMA7198,4595
E02003848,LMA7198,2014
E02003849,LMA7198,2585
E02003850,LMA7198,2384
E02003851,LMA7198,2622
E02003852,LMA7198,3279
E02003853,LMA2885,2258
E02003854,LMA2885,2498
E02003855,LMA2885,2515
E02003856,LMA2885,4224
E02003857,LMA2885,2702
E02003858,LMA2885,2487
E02003859,LMA7198,3940
E02003860,LMA2885,2609
E02003861,LMA7198,2387
E02003862,LMA2885,1499
E02003863,LMA7198,2440
E02003864,LMA2885,2854
E02003865,LMA2885,3180
E02003866,LMA2885,2403
E02003867,LMA2885,3211
E02003868,LMA2885,3446
E02003869,LMA2885,2985
E02003870,LMA2885,4995
E02003871,LMA2885,2713
E02003872,LMA2885,3310
E02003873,LMA2885,2400
E02003874,LMA7198,3465
E02003875,LMA7198,2309
E02003876,LMA7198,2361
E02003877,LMA7198,3630
E02003878,LMA7198,3207
E02003879,LMA7198,2692
E02003880,LMA7198,2364
E02003881,LMA7198,2689
E02003882,LMA7198,3833
E02003883,LMA7198,4181
E02003884,LMA7198,2757
E02003885,LMA7198,2242
E02003886,LMA7198,2670
E02003887,LMA7198,2615
E02003888,LMA7198,2483
E02003889,LMA7198,1871
E02003890,LMA7198,2466
E02003891,LMA7198,1978
E02003892,LMA3065,2077
E02003893,LMA3065,2102
E02003894,LMA3065,2921
E02003895,LMA3065,2848
E02003896,LMA3065,1948
E02003897,LMA3065,2247
E02003898,LMA3065,2167
E02003899,LMA3065,2033
E02003900,LMA3065,2923
E02003901,LMA3065,1987
E02003902,LMA3065,2114
E02003903,LMA3065,2302
E02003904,LMA3065,1528
E02003905,LMA3854,2330
E02003906,LMA3854,1860
E02003907,LMA3854,2671
E02003908,LMA3854,3124
E02003909,LMA3854,3637
E02003910,LMA3854,2567
E02003911,LMA3854,2785
E02003912,LMA3869,2416
E02003913,LMA3854,1778
E02003914,LMA3854,2689
E02003915,LMA3854,2436
E02003916,LMA3854,2104
E02003917,LMA3854,2999
E02003918,LMA3854,2533
E02003919,LMA3854,2414
E02003920,LMA3854,2927
E02003921,LMA3854,2092
E02003922,LMA3854,2870
E02003923,LMA3854,2696
E02003924,LMA3854,2252
E02003925,LMA3854,2498
E02003926,LMA3854,2748
E02003927,LMA3854,2686
E02003928,LMA3854,4842
E02003929,LMA3854,2132
E02003930,LMA3854,2289
E02003931,LMA4082,3090
E02003932,LMA4082,1847
E02003933,LMA3869,1886
E02003934,LMA3869,1948
E02003935,LMA3065,3765
E02003936,LMA3065,2557
E02003937,LMA3869,1451
E02003938,LMA3869,1963
E02003939,LMA3869,2345
E02003940,LMA3869,1797
E02003941,LMA3869,2872
E02003942,LMA3869,2631
E02003943,LMA3854,2439
E02003944,LMA3854,3116
E02003945,LMA3854,1852
E02003946,LMA3854,2741
E02003947,LMA3854,1898
E02003948,LMA3854,2586
E02003949,LMA3854,2158
E02003950,LMA3854,1604
E02003951,LMA3854,1718
E02003952,LMA3869,2341
E02003953,LMA3869,3711
E02003954,LMA3869,2485
E02003955,LMA3869,3408
E02003956,LMA3869,2584
E02003957,LMA3869,3415
E02003958,LMA3869,2864
E02003959,LMA3869,2529
E02003960,LMA3869,1808
E02003961,LMA3869,3579
E02003962,LMA3869,2372
E02003963,LMA3869,3121
E02003964,LMA3869,2163
E02003965,LMA3902,4192
E02003966,LMA3902,2371
E02003967,LMA3879,3090
E02003968,LMA3879,3442
E02003969,LMA3879,2329
E02003970,LMA3879,3055
E02003971,LMA3879,3115
E02003972,LMA3879,3985
E02003973,LMA3879,3429
E02003974,LMA3879,3163
E02003975,LMA3879,2727
E02003976,LMA3879,2271
E02003977,LMA3890,2746
E02003978,LMA3890,2486
E02003979,LMA3890,2972
E02003980,LMA3890,2398
E02003981,LMA3890,3156
E02003982,LMA3890,3224
E02003983,LMA3890,2781
E02003984,LMA3890,2315
E02003985,LMA3890,2539
E02003986,LMA3890,2688
E02003987,LMA3902,2015
E02003988,LMA3902,2345
E02003989,LMA3902,3266
E02003990,LMA3902,4169
E02003991,LMA3902,3464
E02003992,LMA3902,3862
E02003993,LMA3902,3253
E02003994,LMA3902,3174
E02003995,LMA3902,3742
E02003996,LMA3902,4860
E02003997,LMA3902,3696
E02003998,LMA3902,2601
E02003999,LMA3902,3874
E02004000,LMA3912,2252
E02004001,LMA3912,2338
E02004002,LMA3912,4759
E02004003,LMA3912,4892
E02004004,LMA3912,3612
E02004005,LMA3912,3394
E02004006,LMA3912,3419
E02004007,LMA3912,3691
E02004008,LMA3916,2160
E02004009,LMA3916,2147
E02004010,LMA3916,3253
E02004011,LMA3916,4017
E02004012,LMA3916,1778
E02004013,LMA3916,3463
E02004014,LMA3916,2478
E02004015,LMA3923,2019
E02004016,LMA3923,3155
E02004017,LMA3923,3719
E02004018,LMA3923,3411
E02004019,LMA3923,3206
E02004020,LMA3923,3684
E02004021,LMA3923,1651
E02004022,LMA3890,1942
E02004023,LMA3923,1951
E02004024,LMA3923,2473
E02004025,LMA3923,2764
E02004026,LMA3890,3124
E02004027,LMA3923,2421
E02004028,LMA3890,2928
E02004029,LMA6762,2584
E02004030,LMA6762,2017
E02004031,LMA6762,2534
E02004032,LMA6762,3622
E02004033,LMA6762,3865
E02004034,LMA6762,3096
E02004035,LMA6762,2534
E02004036,LMA6762,3888
E02004037,LMA6762,3420
E02004038,LMA6762,3281
E02004039,LMA6762,3551
E02004040,LMA6762,3796
E02004041,LMA6762,3033
E02004043,LMA6762,2847
E02004044,LMA6762,2703
E02004045,LMA1522,3734
E02004046,LMA1522,2429
E02004047,LMA1522,1993
E02004048,LMA6762,2356
E02004049,LMA6762,3003
E02004050,LMA6762,2524
E02004051,LMA6762,3282
E02004052,LMA6762,3074
E02004053,LMA6762,3132
E02004054,LMA6762,3689
E02004055,LMA6762,2893
E02004056,LMA6762,2710
E02004057,LMA6762,3174
E02004058,LMA6762,2673
E02004059,LMA6762,2980
E02004060,LMA6762,2760
E02004061,LMA6762,2795
E02004062,LMA6762,3174
E02004063,LMA6762,3099
E02004064,LMA6762,3850
E02004065,LMA6762,3289
E02004066,LMA6762,5016
E02004067,LMA6762,2122
E02004068,LMA2885,2855
E02004069,LMA2885,2279
E02004070,LMA2885,2095
E02004071,LMA2885,2013
E02004072,LMA2885,3505
E02004073,LMA2885,3288
E02004074,LMA2885,2212
E02004075,LMA2885,2493
E02004076,LMA2885,2673
E02004077,LMA2885,2522
E02004078,LMA6762,2460
E02004080,LMA6762,3936
E02004081,LMA6762,2224
E02004082,LMA6762,2632
E02004083,LMA6762,3388
E02004084,LMA6762,2205
E02004085,LMA6762,3475
E02004086,LMA6762,2949
E02004087,LMA6762,3314
E02004088,LMA6762,3417
E02004089,LMA6762,2919
E02004090,LMA6762,2456
E02004091,LMA6762,4050
E02004092,LMA6762,3950
E02004093,LMA2885,2747
E02004094,LMA2885,2728
E02004095,LMA2885,4061
E02004096,LMA2885,3917
E02004097,LMA2885,3341
E02004098,LMA2885,2909
E02004100,LMA2885,2999
E02004102,LMA2885,3208
E02004103,LMA2885,2794
E02004104,LMA2885,2940
E02004105,LMA1522,4220
E02004106,LMA1522,2761
E02004108,LMA1522,2937
E02004109,LMA1522,2520
E02004110,LMA1522,3132
E02004111,LMA6762,2106
E02004112,LMA6762,2293
E02004113,LMA6762,3219
E02004114,LMA6762,2646
E02004115,LMA6762,3785
E02004116,LMA6762,2929
E02004117,LMA6762,2679
E02004118,LMA2863,2772
E02004119,LMA2863,4837
E02004120,LMA2863,3310
E02004121,LMA6762,2853
E02004122,LMA2863,2418
E02004123,LMA6708,2504
E02004124,LMA2863,2993
E02004125,LMA2863,3725
E02004126,LMA2863,3079
E02004128,LMA2863,3927
E02004129,LMA4056,1496
E02004130,LMA4056,2194
E02004131,LMA4056,2279
E02004132,LMA4056,2989
E02004133,LMA4056,2668
E02004134,LMA4056,2602
E02004135,LMA4056,2219
E02004136,LMA4056,2668
E02004137,LMA4056,1443
E02004138,LMA4056,1975
E02004139,LMA4056,2005
E02004140,LMA4056,1227
E02004141,LMA4056,2042
E02004142,LMA4056,2392
E02004143,LMA4056,2463
E02004144,LMA4056,2536
E02004145,LMA4056,1549
E02004146,LMA4056,2854
E02004147,LMA4056,2952
E02004148,LMA4056,2045
E02004149,LMA4056,2793
E02004150,LMA4056,2779
E02004151,LMA4056,3141
E02004152,LMA4056,2773
E02004153,LMA4056,3571
E02004154,LMA4056,3587
E02004155,LMA4056,3083
E02004156,LMA4056,3742
E02004157,LMA4056,2861
E02004158,LMA4056,3719
E02004159,LMA4056,4506
E02004160,LMA4056,2930
E02004161,LMA4056,3221
E02004162,LMA4056,3357
E02004163,LMA4056,2413
E02004164,LMA4056,2019
E02004165,LMA4056,3062
E02004166,LMA4056,2239
E02004167,LMA4056,2641
E02004168,LMA4056,2269
E02004169,LMA4056,2677
E02004170,LMA4056,3313
E02004171,LMA4056,2599
E02004172,LMA4056,1949
E02004173,LMA4056,2466
E02004174,LMA4056,3080
E02004175,LMA4082,1867
E02004176,LMA4082,1574
E02004177,LMA4082,2019
E02004178,LMA4082,1707
E02004179,LMA4082,3593
E02004180,LMA4082,1923
E02004181,LMA4082,2427
E02004182,LMA4082,2429
E02004183,LMA4082,2213
E02004184,LMA4082,3643
E02004185,LMA4082,1951
E02004186,LMA4082,3136
E02004187,LMA4082,3156
E02004188,LMA4082,1729
E02004189,LMA3065,2701
E02004190,LMA3065,2547
E02004191,LMA3065,2677
E02004192,LMA3065,2155
E02004193,LMA3065,5197
E02004194,LMA3065,1947
E02004195,LMA3065,1995
E02004196,LMA3065,2210
E02004197,LMA3065,1996
E02004198,LMA3065,2120
E02004199,LMA3065,1256
E02004200,LMA3065,1366
E02004201,LMA4056,1706
E02004202,LMA4056,3128
E02004203,LMA4056,1683
E02004204,LMA4056,3502
E02004205,LMA4056,2346
E02004206,LMA4056,2131
E02004207,LMA4056,2151
E02004208,LMA4056,2757
E02004209,LMA4056,3542
E02004210,LMA4056,2315
E02004211,LMA4056,2106
E02004212,LMA4056,2531
E02004213,LMA4056,2000
E02004214,LMA4056,2474
E02004215,LMA4056,2153
E02004216,LMA4056,2145
E02004217,LMA3065,2693
E02004218,LMA4056,2134
E02004219,LMA4056,1897
E02004220,LMA4082,1981
E02004221,LMA4082,1794
E02004222,LMA4082,2155
E02004223,LMA4082,4238
E02004224,LMA4082,1789
E02004225,LMA4082,2048
E02004226,LMA4082,2037
E02004227,LMA4082,2727
E02004228,LMA4082,1918
E02004229,LMA4056,2441
E02004230,LMA4056,2850
E02004231,LMA4056,1983
E02004232,LMA3065,1941
E02004233,LMA3065,4367
E02004234,LMA3065,1992
E02004235,LMA3065,2065
E02004236,LMA4184,2224
E02004237,LMA4184,2800
E02004238,LMA4184,1850
E02004239,LMA4184,1760
E02004240,LMA4184,2220
E02004241,LMA4184,3311
E02004242,LMA6427,1807
E02004243,LMA4184,2422
E02004244,LMA4184,2750
E02004245,LMA4184,2685
E02004246,LMA4184,1946
E02004247,LMA4184,2146
E02004248,LMA4184,2334
E02004249,LMA4184,2005
E02004250,LMA4184,2309
E02004251,LMA4184,2459
E02004252,LMA4184,2509
E02004253,LMA4184,2908
E02004254,LMA4184,4116
E02004255,LMA4184,2851
E02004256,LMA4184,3175
E02004257,LMA4184,2850
E02004258,LMA4184,3466
E02004259,LMA4184,2003
E02004260,LMA4184,3728
E02004261,LMA4184,4343
E02004262,LMA4184,2499
E02004263,LMA4184,2143
E02004264,LMA4184,3282
E02004265,LMA4184,3093
E02004266,LMA4184,3323
E02004267,LMA4184,1465
E02004268,LMA4184,3081
E02004269,LMA5956,2977
E02004270,LMA5956,2373
E02004271,LMA4184,2906
E02004272,LMA4184,3972
E02004273,LMA4184,1748
E02004274,LMA4184,2232
E02004275,LMA4184,2254
E02004276,LMA4184,1841
E02004277,LMA4184,4056
E02004278,LMA4184,3647
E02004279,LMA4184,2806
E02004280,LMA4184,2818
E02004281,LMA4184,2907
E02004282,LMA4184,2994
E02004283,LMA4184,3137
E02004284,LMA4184,3538
E02004285,LMA4184,2938
E02004286,LMA4184,2021
E02004287,LMA4184,2177
E02004288,LMA4184,1831
E02004289,LMA4184,2946
E02004290,LMA2684,2778
E02004291,LMA2684,2751
E02004292,LMA2684,3098
E02004293,LMA2684,3492
E02004294,LMA2684,3789
E02004295,LMA2684,2905
E02004296,LMA2684,3301
E02004297,LMA2684,3450
E02004298,LMA2684,3841
E02004299,LMA2684,3414
E02004300,LMA2684,2714
E02004301,LMA2684,3034
E02004302,LMA2684,2974
E02004303,LMA2684,5049
E02004304,LMA2684,3557
E02004305,LMA2684,3331
E02004306,LMA2684,2210
E02004307,LMA2684,2550
E02004308,LMA2684,2999
E02004309,LMA2684,2394
E02004310,LMA2684,3085
E02004311,LMA2684,3693
E02004312,LMA2684,3039
E02004313,LMA2684,2352
E02004314,LMA2684,2007
E02004315,LMA2684,3816
E02004316,LMA2684,2223
E02004317,LMA2684,2992
E02004318,LMA2684,2475
E02004319,LMA2684,2979
E02004320,LMA2684,3889
E02004321,LMA2684,3383
E02004322,LMA2684,2552
E02004323,LMA2684,3183
E02004324,LMA2684,2148
E02004325,LMA2684,2769
E02004326,LMA2684,2041
E02004327,LMA2684,2018
E02004328,LMA2684,2755
E02004329,LMA2684,2697
E02004330,LMA2684,2102
E02004331,LMA2684,2381
E02004332,LMA2684,2798
E02004333,LMA2684,2965
E02004334,LMA2684,2772
E02004335,LMA2684,2137
E02004336,LMA2684,2445
E02004337,LMA2684,3574
E02004338,LMA2684,2536
E02004339,LMA2684,2663
E02004340,LMA2684,3650
E02004341,LMA2684,3785
E02004342,LMA2684,1971
E02004343,LMA2684,2146
E02004344,LMA2684,2691
E02004345,LMA2684,4415
E02004346,LMA2684,1669
E02004347,LMA2684,2379
E02004348,LMA2684,2720
E02004349,LMA2684,3053
E02004350,LMA2684,3788
E02004351,LMA2684,2290
E02004352,LMA2684,2756
E02004353,LMA2684,3064
E02004354,LMA2684,3391
E02004355,LMA2684,2319
E02004356,LMA4265,2873
E02004357,LMA4265,2873
E02004358,LMA4265,2668
E02004359,LMA4265,2703
E02004361,LMA4265,2849
E02004362,LMA4265,3533
E02004363,LMA4265,2515
E02004364,LMA4265,3010
E02004365,LMA4265,3079
E02004366,LMA4265,2482
E02004367,LMA4265,1834
E02004368,LMA4275,3345
E02004369,LMA4275,3403
E02004370,LMA4275,2424
E02004371,LMA4275,2555
E02004372,LMA4275,1964
E02004373,LMA4275,3158
E02004374,LMA4275,2643
E02004375,LMA4275,3060
E02004376,LMA4275,2484
E02004377,LMA4275,3902
E02004378,LMA4275,3142
E02004379,LMA4265,2630
E02004380,LMA3428,2934
E02004381,LMA4265,3773
E02004382,LMA4265,2343
E02004383,LMA3428,2612
E02004384,LMA3428,2829
E02004385,LMA3428,2918
E02004386,LMA4265,2486
E02004387,LMA4265,2392
E02004388,LMA3428,2218
E02004389,LMA4265,3117
E02004390,LMA4265,2492
E02004391,LMA4265,2213
E02004392,LMA4275,2903
E02004393,LMA4275,1794
E02004394,LMA4275,2332
E02004395,LMA4275,2352
E02004396,LMA4275,2521
E02004397,LMA4275,2517
E02004398,LMA4275,2713
E02004399,LMA4275,2345
E02004400,LMA4275,2724
E02004401,LMA4275,2077
E02004402,LMA4275,2880
E02004403,LMA4265,2149
E02004404,LMA4265,2196
E02004405,LMA4265,2195
E02004406,LMA4265,2543
E02004407,LMA4265,2520
E02004408,LMA4265,3269
E02004409,LMA4265,1693
E02004410,LMA4265,2528
E02004411,LMA4265,3425
E02004412,LMA4265,2936
E02004413,LMA4265,2299
E02004414,LMA4265,2581
E02004415,LMA4265,2021
E02004416,LMA4265,2045
E02004417,LMA4265,2006
E02004418,LMA4265,1909
E02004419,LMA4265,1888
E02004420,LMA4265,3316
E02004421,LMA4265,2584
E02004422,LMA4265,3281
E02004423,LMA4265,2469
E02004424,LMA6114,2962
E02004425,LMA6114,3055
E02004426,LMA6114,3147
E02004427,LMA6114,2797
E02004428,LMA6114,2303
E02004429,LMA6114,2760
E02004430,LMA6114,3531
E02004431,LMA6114,4110
E02004432,LMA6114,2494
E02004433,LMA6114,3535
E02004434,LMA6114,3591
E02004435,LMA6114,3081
E02004436,LMA6114,2557
E02004437,LMA6114,3094
E02004438,LMA6114,3158
E02004439,LMA6114,2998
E02004440,LMA6114,3114
E02004441,LMA6114,2697
E02004442,LMA6114,2695
E02004443,LMA6114,3358
E02004444,LMA6114,4045
E02004445,LMA6114,3188
E02004446,LMA3633,2502
E02004447,LMA6114,1955
E02004448,LMA6114,2328
E02004449,LMA6114,3356
E02004450,LMA6114,2233
E02004451,LMA6114,3173
E02004452,LMA6114,3877
E02004453,LMA6114,2637
E02004454,LMA6114,3996
E02004455,LMA6114,3123
E02004456,LMA6114,3754
E02004457,LMA6114,4082
E02004458,LMA6114,3980
E02004459,LMA6114,3915
E02004460,LMA6114,3589
E02004461,LMA6114,2398
E02004462,LMA6114,4490
E02004463,LMA6114,3158
E02004464,LMA6114,3466
E02004465,LMA6114,2155
E02004466,LMA6114,3165
E02004467,LMA6114,3031
E02004468,LMA6114,3757
E02004469,LMA6114,2648
E02004470,LMA6114,5056
E02004471,LMA6114,3037
E02004472,LMA6114,2552
E02004473,LMA6114,3131
E02004474,LMA6114,2610
E02004475,LMA6114,2580
E02004476,LMA6114,3090
E02004477,LMA6114,2140
E02004478,LMA6114,2526
E02004479,LMA6114,3234
E02004480,LMA6114,2964
E02004481,LMA6114,2150
E02004482,LMA6114,2917
E02004483,LMA6114,3000
E02004484,LMA6114,2856
E02004485,LMA6114,2685
E02004486,LMA6114,3430
E02004487,LMA6114,2761
E02004488,LMA6114,3829
E02004489,LMA6114,3688
E02004490,LMA6114,2801
E02004491,LMA6114,3331
E02004492,LMA6114,4469
E02004493,LMA6114,4523
E02004494,LMA6114,4921
E02004495,LMA6114,3028
E02004496,LMA6114,3091
E02004497,LMA6114,3096
E02004498,LMA6114,3911
E02004499,LMA6114,3166
E02004500,LMA6114,3313
E02004501,LMA6114,2866
E02004502,LMA6114,2321
E02004503,LMA6114,3634
E02004504,LMA6114,3876
E02004505,LMA6114,1710
E02004506,LMA6114,2488
E02004507,LMA6114,4422
E02004508,LMA6114,2494
E02004509,LMA6114,5127
E02004512,LMA6114,4679
E02004513,LMA6114,3472
E02004514,LMA6114,2065
E02004515,LMA6114,2813
E02004516,LMA6114,5339
E02004517,LMA6114,3416
E02004518,LMA6114,2724
E02004519,LMA6114,2837
E02004520,LMA6114,3392
E02004521,LMA6114,3598
E02004522,LMA6114,3253
E02004523,LMA6114,3895
E02004524,LMA6114,3132
E02004525,LMA6114,2880
E02004526,LMA6114,2303
E02004527,LMA6789,3540
E02004528,LMA6789,2941
E02004529,LMA6789,2277
E02004530,LMA6789,2260
E02004531,LMA6789,2347
E02004532,LMA6789,2508
E02004533,LMA6789,2697
E02004534,LMA6789,3543
E02004535,LMA6789,1985
E02004536,LMA6789,2182
E02004537,LMA6789,3320
E02004538,LMA6789,3538
E02004539,LMA6789,2995
E02004540,LMA6789,2357
E02004541,LMA6789,4624
E02004542,LMA6789,2511
E02004543,LMA6789,2380
E02004544,LMA6789,2932
E02004545,LMA6789,2795
E02004546,LMA6789,2929
E02004547,LMA6789,3480
E02004548,LMA6789,4094
E02004549,LMA6789,3027
E02004550,LMA6789,3014
E02004551,LMA6789,2783
E02004552,LMA6789,2886
E02004553,LMA6789,2919
E02004554,LMA6789,3118
E02004555,LMA6114,2211
E02004556,LMA6114,2442
E02004557,LMA6114,3443
E02004558,LMA6114,2253
E02004559,LMA6114,3180
E02004560,LMA6114,2960
E02004561,LMA6114,3729
E02004562,LMA6114,2850
E02004563,LMA6114,2357
E02004564,LMA6114,3229
E02004565,LMA6114,5723
E02004566,LMA6114,2054
E02004567,LMA6114,3113
E02004568,LMA6114,3715
E02004569,LMA6114,2991
E02004570,LMA6114,3335
E02004571,LMA6114,3164
E02004572,LMA6114,3011
E02004573,LMA6114,2055
E02004574,LMA6114,2674
E02004575,LMA6114,4288
E02004576,LMA6114,3187
E02004577,LMA6114,1880
E02004578,LMA6114,1860
E02004579,LMA6114,2217
E02004580,LMA6114,3112
E02004581,LMA6114,2716
E02004582,LMA6114,1935
E02004583,LMA6114,2843
E02004584,LMA6114,1647
E02004585,LMA6114,2485
E02004586,LMA6114,2357
E02004587,LMA6114,2205
E02004588,LMA6114,1829
E02004589,LMA6114,2277
E02004590,LMA6114,1760
E02004591,LMA3633,2677
E02004592,LMA3633,5057
E02004593,LMA3633,2942
E02004594,LMA3633,2900
E02004595,LMA6789,4866
E02004596,LMA6789,3079
E02004597,LMA6789,2968
E02004598,LMA6789,3834
E02004599,LMA6789,2656
E02004600,LMA2836,2666
E02004601,LMA2836,1920
E02004602,LMA2836,2686
E02004603,LMA2836,3218
E02004604,LMA2836,3083
E02004605,LMA2836,2091
E02004606,LMA2836,4541
E02004607,LMA2836,4699
E02004608,LMA2836,4692
E02004609,LMA2836,3389
E02004610,LMA2836,3144
E02004611,LMA2836,4376
E02004612,LMA2836,4131
E02004613,LMA2836,2365
E02004614,LMA2836,2053
E02004615,LMA6595,2447
E02004616,LMA6707,2932
E02004617,LMA6707,2653
E02004618,LMA2836,2383
E02004619,LMA6707,2426
E02004620,LMA6707,3331
E02004621,LMA6707,2237
E02004622,LMA6707,2912
E02004623,LMA6707,2879
E02004624,LMA6707,2301
E02004625,LMA2961,3371
E02004626,LMA2836,3172
E02004627,LMA2836,2040
E02004628,LMA2836,2922
E02004629,LMA2836,4609
E02004630,LMA2836,2198
E02004631,LMA2836,1726
E02004632,LMA2836,3755
E02004633,LMA2836,2996
E02004634,LMA2836,3858
E02004635,LMA7177,2615
E02004636,LMA2836,3706
E02004637,LMA2836,3713
E02004638,LMA2836,2501
E02004639,LMA2836,3577
E02004640,LMA2836,2862
E02004641,LMA2836,2845
E02004642,LMA2836,5355
E02004643,LMA2836,3052
E02004644,LMA2836,3696
E02004645,LMA2836,4754
E02004646,LMA2836,3364
E02004647,LMA2836,2266
E02004648,LMA2836,2494
E02004649,LMA2836,3696
E02004650,LMA2836,4989
E02004651,LMA2836,3379
E02004652,LMA2961,1876
E02004653,LMA2961,2553
E02004654,LMA2961,4629
E02004655,LMA2961,3305
E02004656,LMA2961,4559
E02004657,LMA2961,2823
E02004658,LMA2961,2530
E02004659,LMA2961,2400
E02004660,LMA2961,1955
E02004661,LMA2961,3328
E02004662,LMA2961,2439
E02004663,LMA2961,2518
E02004664,LMA2961,2723
E02004665,LMA2961,3307
E02004666,LMA2836,5654
E02004667,LMA2836,4174
E02004668,LMA6595,2683
E02004669,LMA2836,2302
E02004670,LMA2836,5207
E02004671,LMA2836,2343
E02004672,LMA2836,5426
E02004673,LMA2836,1842
E02004674,LMA2836,3753
E02004675,LMA6427,3277
E02004676,LMA6427,3388
E02004677,LMA6427,2582
E02004678,LMA6427,2941
E02004679,LMA6427,3384
E02004680,LMA6427,3577
E02004681,LMA6427,5112
E02004682,LMA6427,3851
E02004683,LMA6427,2981
E02004684,LMA6427,4241
E02004685,LMA6427,3554
E02004686,LMA6427,3976
E02004687,LMA6427,2962
E02004688,LMA6427,3131
E02004689,LMA6427,2133
E02004690,LMA6427,3735
E02004691,LMA6427,2817
E02004692,LMA6427,2923
E02004693,LMA6427,3382
E02004694,LMA6530,2705
E02004695,LMA6427,4359
E02004696,LMA6530,2390
E02004697,LMA6427,2035
E02004698,LMA6427,2177
E02004699,LMA6427,4675
E02004700,LMA6427,2484
E02004702,LMA6427,3654
E02004703,LMA6427,3734
E02004704,LMA6427,2219
E02004705,LMA6427,3058
E02004706,LMA6427,2663
E02004707,LMA6427,3949
E02004708,LMA6427,3392
E02004709,LMA6427,3028
E02004710,LMA6427,2693
E02004712,LMA6427,3313
E02004713,LMA6427,3531
E02004714,LMA6427,3258
E02004715,LMA6427,3774
E02004716,LMA6427,3791
E02004717,LMA6427,4028
E02004718,LMA6427,4253
E02004719,LMA6427,4331
E02004720,LMA6427,4672
E02004721,LMA6427,4394
E02004722,LMA6427,2937
E02004723,LMA6427,4021
E02004724,LMA6427,3177
E02004725,LMA6427,2178
E02004726,LMA6427,2331
E02004727,LMA6427,3837
E02004728,LMA6427,3795
E02004729,LMA6427,3114
E02004730,LMA6427,3461
E02004731,LMA6427,3478
E02004732,LMA6427,3263
E02004733,LMA6427,3151
E02004734,LMA6427,4328
E02004735,LMA6427,3073
E02004736,LMA6427,3311
E02004737,LMA6427,3051
E02004738,LMA6427,2964
E02004739,LMA6427,2568
E02004740,LMA6427,2735
E02004741,LMA6427,3045
E02004742,LMA6427,2951
E02004743,LMA6427,3502
E02004744,LMA6427,3312
E02004745,LMA6427,4024
E02004746,LMA6427,4137
E02004747,LMA6427,2850
E02004748,LMA6427,3857
E02004749,LMA6427,2597
E02004750,LMA6427,3290
E02004751,LMA6427,3328
E02004752,LMA6427,3778
E02004753,LMA6427,4254
E02004754,LMA6427,2166
E02004755,LMA6427,5263
E02004756,LMA6427,3436
E02004757,LMA6427,3082
E02004758,LMA6427,3007
E02004759,LMA6427,3324
E02004760,LMA6427,3186
E02004761,LMA6427,2527
E02004764,LMA6427,2951
E02004765,LMA6427,2732
E02004766,LMA6427,2360
E02004767,LMA6427,2027
E02004768,LMA6427,2348
E02004769,LMA6427,2328
E02004770,LMA6427,2526
E02004771,LMA6427,3223
E02004772,LMA6427,3794
E02004774,LMA6427,3230
E02004775,LMA6427,3467
E02004776,LMA6427,1944
E02004777,LMA6427,1743
E02004778,LMA6427,1981
E02004779,LMA6530,3753
E02004780,LMA6427,2498
E02004781,LMA6427,3823
E02004782,LMA6427,3061
E02004783,LMA6427,3272
E02004784,LMA6427,2055
E02004785,LMA6427,1868
E02004786,LMA6427,4142
E02004787,LMA6427,2814
E02004788,LMA6427,2543
E02004789,LMA6427,4067
E02004790,LMA6427,2857
E02004791,LMA6427,2178
E02004792,LMA6427,3454
E02004793,LMA6427,2157
E02004794,LMA6427,2266
E02004795,LMA6427,2691
E02004796,LMA6427,3198
E02004797,LMA6427,2939
E02004798,LMA6427,2120
E02004799,LMA6427,2570
E02004800,LMA6427,2021
E02004801,LMA6427,1953
E02004802,LMA6427,2813
E02004803,LMA6427,3042
E02004804,LMA6427,3453
E02004805,LMA6427,3790
E02004806,LMA6427,3897
E02004807,LMA6427,4032
E02004808,LMA6427,4571
E02004809,LMA6427,4469
E02004810,LMA6427,3506
E02004811,LMA6427,3388
E02004812,LMA6427,2976
E02004813,LMA6427,2486
E02004814,LMA6530,3098
E02004815,LMA6530,3205
E02004816,LMA6530,3841
E02004817,LMA6530,3408
E02004818,LMA6530,4346
E02004819,LMA6530,3582
E02004820,LMA6530,3012
E02004821,LMA6427,1839
E02004822,LMA6427,2656
E02004823,LMA6427,3843
E02004824,LMA6427,1988
E02004825,LMA6427,4258
E02004826,LMA6427,2391
E02004827,LMA6427,3633
E02004828,LMA6427,2702
E02004829,LMA6427,2347
E02004830,LMA6427,2494
E02004831,LMA6427,3033
E02004832,LMA6707,2973
E02004833,LMA6427,3547
E02004834,LMA6427,2847
E02004835,LMA6427,3828
E02004836,LMA6427,2330
E02004837,LMA6427,3009
E02004838,LMA6427,3419
E02004839,LMA6427,2822
E02004840,LMA6427,3792
E02004841,LMA6427,4563
E02004842,LMA6427,3326
E02004843,LMA6789,2942
E02004844,LMA6789,2817
E02004845,LMA6789,2977
E02004846,LMA6789,2437
E02004847,LMA6789,3930
E02004848,LMA6789,2902
E02004849,LMA6789,2640
E02004850,LMA6789,3067
E02004851,LMA6789,2312
E02004852,LMA6789,2987
E02004853,LMA6789,2342
E02004854,LMA6789,2849
E02004855,LMA6789,2861
E02004856,LMA6789,2094
E02004857,LMA6789,2210
E02004858,LMA6789,2092
E02004859,LMA6789,1899
E02004860,LMA6789,2731
E02004861,LMA6789,1877
E02004862,LMA6789,3209
E02004863,LMA6789,2912
E02004864,LMA6789,2616
E02004865,LMA6789,2260
E02004866,LMA6789,2739
E02004867,LMA6789,2248
E02004868,LMA6789,2223
E02004869,LMA6789,2288
E02004870,LMA6789,3963
E02004871,LMA6789,2064
E02004872,LMA6789,2701
E02004873,LMA6789,4575
E02004874,LMA6789,2558
E02004875,LMA6789,3570
E02004876,LMA6789,3082
E02004877,LMA6789,1950
E02004878,LMA6789,2580
E02004879,LMA6789,2819
E02004880,LMA6789,3666
E02004881,LMA6789,2501
E02004882,LMA6789,3442
E02004883,LMA6789,2222
E02004884,LMA6789,4519
E02004885,LMA6789,3896
E02004886,LMA6789,1997
E02004887,LMA6789,2678
E02004888,LMA6789,3457
E02004889,LMA6789,4493
E02004890,LMA6789,3961
E02004891,LMA6789,3124
E02004892,LMA6789,2159
E02004893,LMA6789,2540
E02004894,LMA6789,3791
E02004895,LMA6789,3686
E02004896,LMA6789,2743
E02004897,LMA6789,2598
E02004898,LMA6789,2759
E02004899,LMA6789,2077
E02004900,LMA6789,2926
E02004901,LMA6789,3251
E02004902,LMA6789,3111
E02004903,LMA6789,2700
E02004904,LMA6789,2515
E02004905,LMA6789,2526
E02004906,LMA6789,4092
E02004907,LMA6789,3747
E02004908,LMA6789,3564
E02004909,LMA3633,2365
E02004910,LMA3633,4913
E02004911,LMA6789,2529
E02004912,LMA6789,4368
E02004913,LMA6789,6102
E02004914,LMA6789,2976
E02004915,LMA6789,2267
E02004916,LMA6789,2653
E02004917,LMA6789,2511
E02004918,LMA6789,3907
E02004919,LMA6789,3256
E02004920,LMA6789,4267
E02004921,LMA6789,3146
E02004922,LMA6789,3473
E02004923,LMA6789,3906
E02004924,LMA6789,2724
E02004925,LMA6789,2924
E02004926,LMA6789,2845
E02004927,LMA6789,2330
E02004928,LMA6789,2497
E02004929,LMA6789,2269
E02004930,LMA6789,2974
E02004931,LMA6789,2668
E02004932,LMA6789,3112
E02004933,LMA6789,2781
E02004934,LMA6789,3270
E02004935,LMA6789,3881
E02004936,LMA6789,2749
E02004937,LMA6789,2416
E02004938,LMA6789,2409
E02004939,LMA6789,2609
E02004940,LMA6789,3089
E02004941,LMA6789,4090
E02004942,LMA6789,2383
E02004943,LMA6789,2873
E02004944,LMA6789,2879
E02004945,LMA6789,5186
E02004946,LMA6789,2726
E02004947,LMA6789,3122
E02004948,LMA6789,2544
E02004949,LMA6789,3356
E02004950,LMA6789,2829
E02004951,LMA6789,2716
E02004952,LMA6789,2941
E02004953,LMA6789,2517
E02004954,LMA6789,2682
E02004955,LMA6789,2518
E02004956,LMA6789,3558
E02004957,LMA6789,3715
E02004958,LMA6789,2834
E02004959,LMA6789,2040
E02004960,LMA6789,1986
E02004961,LMA6789,3864
E02004962,LMA6789,3485
E02004963,LMA6789,2781
E02004964,LMA6789,2295
E02004965,LMA6789,2423
E02004966,LMA6789,2715
E02004967,LMA6789,2716
E02004968,LMA6789,3006
E02004969,LMA6789,3116
E02004970,LMA6789,3167
E02004971,LMA6789,3070
E02004972,LMA6789,2811
E02004973,LMA6789,3622
E02004974,LMA6789,3266
E02004975,LMA6789,3103
E02004976,LMA6789,3981
E02004977,LMA6789,3681
E02004978,LMA6789,3577
E02004979,LMA6789,2802
E02004980,LMA6789,2215
E02004981,LMA6789,2879
E02004982,LMA6789,2262
E02004983,LMA6789,2552
E02004984,LMA6789,2994
E02004985,LMA6789,2535
E02004986,LMA6789,3009
E02004987,LMA6789,2842
E02004988,LMA6789,3132
E02004989,LMA6789,4498
E02004990,LMA6789,2714
E02004991,LMA6789,2890
E02004992,LMA6789,2974
E02004993,LMA6789,2017
E02004994,LMA6789,1980
E02004995,LMA6789,1805
E02004996,LMA5031,2969
E02004997,LMA5031,2543
E02004998,LMA5031,2678
E02004999,LMA5031,5222
E02005000,LMA5031,3872
E02005001,LMA5031,3759
E02005002,LMA5031,3710
E02005003,LMA5031,3243
E02005004,LMA5031,5134
E02005005,LMA5031,2610
E02005006,LMA4275,1735
E02005007,LMA4275,3113
E02005008,LMA4275,2570
E02005009,LMA4275,1859
E02005010,LMA5031,2588
E02005011,LMA5031,2371
E02005012,LMA5031,2970
E02005013,LMA5031,2640
E02005014,LMA5031,2898
E02005015,LMA5031,3307
E02005016,LMA5031,2626
E02005017,LMA5031,2731
E02005018,LMA5031,2728
E02005019,LMA5031,2163
E02005020,LMA5031,2618
E02005021,LMA5031,2736
E02005022,LMA5031,2635
E02005023,LMA5031,3054
E02005025,LMA5031,3303
E02005026,LMA5031,2875
E02005027,LMA5031,1941
E02005028,LMA4275,2646
E02005029,LMA4275,4556
E02005030,LMA4275,4504
E02005031,LMA4275,3098
E02005032,LMA4275,4278
E02005033,LMA4275,2824
E02005034,LMA4275,3286
E02005035,LMA4275,3416
E02005036,LMA4275,2407
E02005037,LMA4275,2633
E02005038,LMA4275,2268
E02005039,LMA4275,2767
E02005040,LMA4275,2335
E02005041,LMA5031,2492
E02005042,LMA5031,2981
E02005043,LMA5031,2692
E02005044,LMA5031,2528
E02005045,LMA5031,3008
E02005046,LMA5031,2268
E02005047,LMA5031,2676
E02005048,LMA5031,2365
E02005049,LMA5031,2237
E02005050,LMA5031,3594
E02005051,LMA5031,4980
E02005052,LMA5031,2711
E02005053,LMA5031,3372
E02005054,LMA5031,2768
E02005055,LMA4275,2954
E02005056,LMA4275,3823
E02005057,LMA4275,4151
E02005058,LMA4275,3085
E02005059,LMA4275,4033
E02005060,LMA4275,2707
E02005061,LMA4275,2409
E02005062,LMA4275,2751
E02005063,LMA4275,2606
E02005064,LMA4275,2407
E02005065,LMA4275,2591
E02005066,LMA4275,2886
E02005067,LMA4275,2263
E02005068,LMA4275,3095
E02005069,LMA4275,3638
E02005070,LMA4275,3246
E02005071,LMA4275,4616
E02005072,LMA4275,3205
E02005073,LMA4275,5021
E02005074,LMA4275,3080
E02005075,LMA4275,4119
E02005076,LMA4275,3743
E02005077,LMA4275,2929
E02005078,LMA4275,2893
E02005079,LMA4275,3098
E02005080,LMA4275,3549
E02005081,LMA4275,2243
E02005082,LMA4275,3836
E02005083,LMA4275,2648
E02005084,LMA4275,2212
E02005085,LMA4275,2287
E02005086,LMA4275,2293
E02005087,LMA4275,2830
E02005088,LMA4275,3323
E02005089,LMA4275,2543
E02005090,LMA4275,2038
E02005091,LMA4275,2698
E02005093,LMA4275,2199
E02005094,LMA4275,3302
E02005095,LMA4275,2625
E02005096,LMA4275,3794
E02005097,LMA4275,3194
E02005098,LMA4275,3279
E02005099,LMA4275,2933
E02005100,LMA4275,3478
E02005101,LMA4275,2273
E02005102,LMA5031,2130
E02005103,LMA5031,3786
E02005104,LMA5031,2946
E02005105,LMA5031,2742
E02005106,LMA5031,3500
E02005107,LMA5031,4898
E02005109,LMA5031,2073
E02005110,LMA5031,2448
E02005111,LMA5031,2321
E02005112,LMA4275,2189
E02005113,LMA4275,2366
E02005114,LMA4275,2179
E02005115,LMA5031,1967
E02005116,LMA5031,1790
E02005117,LMA5031,2032
E02005118,LMA5031,3650
E02005119,LMA5031,2011
E02005120,LMA5031,2072
E02005121,LMA5031,5245
E02005122,LMA5031,2624
E02005123,LMA5031,4554
E02005124,LMA5031,2906
E02005125,LMA5031,3169
E02005126,LMA5031,2948
E02005127,LMA5031,3485
E02005128,LMA5031,3196
E02005129,LMA5031,4293
E02005130,LMA5031,2760
E02005131,LMA5031,2006
E02005132,LMA5031,2713
E02005133,LMA5031,2632
E02005134,LMA5031,2350
E02005135,LMA5031,2832
E02005136,LMA5031,2829
E02005137,LMA5031,2340
E02005138,LMA5031,2751
E02005139,LMA5031,2493
E02005140,LMA5031,2439
E02005141,LMA5031,2307
E02005142,LMA5031,2473
E02005143,LMA5031,2899
E02005144,LMA5031,2594
E02005145,LMA5031,2399
E02005146,LMA5031,2789
E02005147,LMA5031,2745
E02005148,LMA5031,2802
E02005149,LMA4275,4403
E02005150,LMA4275,4444
E02005151,LMA4275,5525
E02005153,LMA4275,3464
E02005154,LMA4275,3820
E02005155,LMA4275,4350
E02005156,LMA4275,2692
E02005157,LMA4275,2334
E02005158,LMA4275,2448
E02005159,LMA4275,2694
E02005160,LMA4275,4361
E02005161,LMA4275,3712
E02005162,LMA4275,4321
E02005163,LMA4275,3265
E02005164,LMA4275,3135
E02005165,LMA4275,2888
E02005166,LMA4275,2584
E02005167,LMA4275,2620
E02005168,LMA4275,3280
E02005169,LMA4275,4531
E02005170,LMA4275,3857
E02005171,LMA4275,2253
E02005172,LMA4275,2800
E02005173,LMA4275,3364
E02005174,LMA4275,2517
E02005175,LMA4275,2820
E02005176,LMA5066,3751
E02005177,LMA5066,2085
E02005178,LMA5066,2043
E02005179,LMA5066,3438
E02005180,LMA5066,3055
E02005181,LMA5066,2550
E02005182,LMA5066,2048
E02005183,LMA5066,2341
E02005184,LMA5066,2114
E02005185,LMA5066,2663
E02005186,LMA5066,2694
E02005189,LMA2571,2161
E02005190,LMA2571,2566
E02005191,LMA2571,3701
E02005192,LMA2571,3393
E02005193,LMA2571,3662
E02005194,LMA2571,3237
E02005195,LMA2571,2389
E02005196,LMA2571,3064
E02005197,LMA2571,2673
E02005198,LMA2571,3512
E02005199,LMA2571,2931
E02005200,LMA2571,3584
E02005201,LMA2571,3334
E02005202,LMA2571,3924
E02005203,LMA2571,2657
E02005204,LMA2571,4375
E02005205,LMA2571,2525
E02005206,LMA2571,2551
E02005207,LMA2571,2794
E02005208,LMA2571,3468
E02005209,LMA2571,3194
E02005210,LMA2571,3487
E02005211,LMA2571,3129
E02005212,LMA5066,4267
E02005213,LMA5066,4990
E02005214,LMA5066,2675
E02005215,LMA5066,4508
E02005216,LMA5066,2007
E02005217,LMA5066,3025
E02005218,LMA5066,3042
E02005219,LMA5066,3462
E02005220,LMA5066,2598
E02005221,LMA5118,3787
E02005222,LMA5118,1927
E02005223,LMA5118,2652
E02005224,LMA5118,1609
E02005225,LMA5118,2027
E02005226,LMA5118,2739
E02005228,LMA5118,2326
E02005229,LMA5118,1939
E02005230,LMA5118,2252
E02005231,LMA5118,3236
E02005233,LMA5118,2476
E02005234,LMA5118,3054
E02005235,LMA5118,2268
E02005236,LMA5118,4849
E02005237,LMA5118,3904
E02005238,LMA5118,2312
E02005239,LMA5118,3258
E02005240,LMA5066,2345
E02005241,LMA5066,2434
E02005242,LMA5066,2599
E02005243,LMA5066,2053
E02005244,LMA5066,2175
E02005245,LMA5066,3056
E02005246,LMA5066,2015
E02005247,LMA5066,4269
E02005248,LMA5066,1750
E02005249,LMA5066,3023
E02005250,LMA5066,2179
E02005251,LMA5066,2445
E02005252,LMA5066,2840
E02005253,LMA2571,2339
E02005254,LMA2571,2574
E02005255,LMA2571,3892
E02005256,LMA2571,3432
E02005257,LMA2571,2222
E02005258,LMA2571,3107
E02005259,LMA2571,3849
E02005260,LMA2571,2940
E02005261,LMA2571,3261
E02005262,LMA2571,3132
E02005263,LMA2571,2671
E02005264,LMA2571,5554
E02005265,LMA2571,4604
E02005266,LMA2571,2603
E02005267,LMA2571,1944
E02005268,LMA2571,3089
E02005269,LMA2571,4015
E02005270,LMA5066,2488
E02005271,LMA5066,3169
E02005272,LMA5066,2953
E02005273,LMA2571,2359
E02005274,LMA5066,2692
E02005275,LMA2571,2360
E02005276,LMA5066,3307
E02005277,LMA2571,3438
E02005278,LMA5066,3511
E02005279,LMA5066,3740
E02005280,LMA5066,3823
E02005281,LMA5066,3072
E02005284,LMA5066,2472
E02005285,LMA5066,2694
E02005286,LMA5066,2977
E02005287,LMA2571,2343
E02005288,LMA2571,2556
E02005289,LMA2571,2714
E02005290,LMA2571,3499
E02005291,LMA2571,2583
E02005292,LMA2571,2435
E02005293,LMA2571,2400
E02005294,LMA2571,2798
E02005295,LMA2571,3438
E02005296,LMA2571,2119
E02005297,LMA2571,3398
E02005298,LMA2571,3208
E02005299,LMA2571,3404
E02005300,LMA2571,2335
E02005301,LMA2571,2682
E02005302,LMA2571,3224
E02005303,LMA2571,2441
E02005304,LMA6789,3493
E02005305,LMA6789,2665
E02005306,LMA6789,2603
E02005307,LMA6789,3769
E02005308,LMA6789,2541
E02005309,LMA6789,3329
E02005310,LMA6789,3052
E02005311,LMA6789,2015
E02005312,LMA6789,2612
E02005313,LMA6789,3109
E02005314,LMA6789,2702
E02005315,LMA6789,2953
E02005316,LMA6789,2212
E02005317,LMA6789,2361
E02005318,LMA6789,2954
E02005319,LMA2571,2994
E02005320,LMA2571,2223
E02005321,LMA2571,1755
E02005322,LMA2571,3242
E02005323,LMA2571,2417
E02005324,LMA2571,2256
E02005325,LMA2571,3367
E02005326,LMA2571,2685
E02005327,LMA2571,2112
E02005328,LMA2571,2840
E02005329,LMA2571,3385
E02005330,LMA2571,3473
E02005331,LMA2571,2980
E02005332,LMA2571,3130
E02005334,LMA6708,2549
E02005335,LMA6708,2569
E02005336,LMA6708,3449
E02005337,LMA6708,4169
E02005338,LMA6708,4320
E02005339,LMA6708,3835
E02005340,LMA6708,3458
E02005341,LMA6708,3069
E02005342,LMA6708,2827
E02005343,LMA6708,2767
E02005344,LMA6708,3005
E02005345,LMA6708,2826
E02005346,LMA6708,4482
E02005347,LMA6708,3000
E02005348,LMA6708,2517
E02005349,LMA6708,3018
E02005350,LMA6708,2930
E02005351,LMA6708,2559
E02005352,LMA6708,2345
E02005353,LMA6708,3623
E02005354,LMA6708,3550
E02005355,LMA6708,2744
E02005356,LMA6708,2660
E02005357,LMA6708,3319
E02005358,LMA6708,4499
E02005359,LMA6708,2540
E02005360,LMA6708,2248
E02005361,LMA6708,2953
E02005362,LMA6708,2773
E02005363,LMA6708,2923
E02005364,LMA6708,2328
E02005365,LMA6708,4047
E02005366,LMA6708,2733
E02005368,LMA6708,2073
E02005369,LMA6708,3802
E02005370,LMA6708,4155
E02005371,LMA6708,4092
E02005372,LMA6708,3677
E02005373,LMA6708,3792
E02005374,LMA6708,2561
E02005375,LMA6708,3667
E02005376,LMA6708,3959
E02005377,LMA6708,3347
E02005378,LMA6708,2409
E02005379,LMA6708,2541
E02005380,LMA6708,3291
E02005381,LMA6708,3180
E02005382,LMA6708,4165
E02005383,LMA6708,3952
E02005384,LMA6708,2439
E02005385,LMA6708,2658
E02005386,LMA6708,3696
E02005387,LMA6708,4309
E02005388,LMA6708,2463
E02005389,LMA6708,2042
E02005390,LMA6708,3762
E02005391,LMA6762,3588
E02005392,LMA6708,4025
E02005393,LMA6708,2968
E02005394,LMA6708,4114
E02005395,LMA6708,3840
E02005396,LMA6708,2395
E02005397,LMA6762,3518
E02005398,LMA6708,2327
E02005399,LMA6708,2723
E02005400,LMA6708,2217
E02005401,LMA6708,2139
E02005402,LMA6708,2321
E02005403,LMA6708,2883
E02005404,LMA6708,2931
E02005405,LMA6708,2328
E02005406,LMA6708,3264
E02005407,LMA6708,3976
E02005408,LMA6708,2965
E02005409,LMA6708,4369
E02005412,LMA6708,3083
E02005414,LMA6708,3023
E02005415,LMA6708,3163
E02005416,LMA6708,3982
E02005417,LMA5296,2439
E02005418,LMA5296,3886
E02005419,LMA5296,3731
E02005420,LMA5296,3259
E02005422,LMA5296,2130
E02005423,LMA5296,3538
E02005424,LMA2654,3609
E02005425,LMA2654,2190
E02005426,LMA5313,3629
E02005427,LMA5313,2747
E02005428,LMA5313,1879
E02005429,LMA5313,1213
E02005430,LMA5322,2040
E02005431,LMA5313,2425
E02005432,LMA5313,2256
E02005433,LMA5313,1595
E02005434,LMA5296,2480
E02005435,LMA5313,2243
E02005436,LMA5313,2388
E02005437,LMA5313,1980
E02005438,LMA5313,2012
E02005439,LMA5296,4133
E02005440,LMA5313,1528
E02005441,LMA5296,2846
E02005442,LMA5322,1921
E02005443,LMA5322,2878
E02005444,LMA5322,5021
E02005445,LMA5322,4711
E02005446,LMA5322,3300
E02005447,LMA5322,3008
E02005448,LMA5322,2817
E02005449,LMA5322,3354
E02005450,LMA5322,3813
E02005451,LMA5322,2782
E02005452,LMA5322,4765
E02005453,LMA5322,4497
E02005455,LMA5322,5026
E02005456,LMA5322,4141
E02005457,LMA5322,3099
E02005458,LMA5322,2277
E02005459,LMA5322,2629
E02005460,LMA5296,2753
E02005461,LMA5296,2063
E02005462,LMA5296,3732
E02005463,LMA5296,3747
E02005464,LMA5296,2785
E02005465,LMA5345,2977
E02005466,LMA5345,2197
E02005467,LMA5345,2552
E02005468,LMA5345,2601
E02005469,LMA5345,2880
E02005470,LMA5345,4537
E02005471,LMA5345,3587
E02005472,LMA5345,3317
E02005473,LMA5345,4095
E02005474,LMA5345,2191
E02005475,LMA3162,2351
E02005476,LMA3162,2577
E02005477,LMA3162,3040
E02005478,LMA3162,3640
E02005479,LMA3162,3689
E02005480,LMA3162,2764
E02005481,LMA3162,4864
E02005482,LMA3162,4031
E02005483,LMA3162,2850
E02005484,LMA3162,2612
E02005485,LMA3162,2447
E02005486,LMA3162,3499
E02005487,LMA3162,3543
E02005488,LMA3162,2540
E02005489,LMA3162,3210
E02005490,LMA3162,3872
E02005491,LMA3162,4591
E02005492,LMA2654,3630
E02005493,LMA5322,3625
E02005494,LMA5322,3195
E02005495,LMA5322,3638
E02005496,LMA5322,2402
E02005497,LMA5322,2480
E02005498,LMA5322,2519
E02005499,LMA5322,3198
E02005500,LMA5322,2713
E02005501,LMA5322,2743
E02005502,LMA5322,3155
E02005503,LMA5465,2681
E02005504,LMA5436,2790
E02005505,LMA5465,2575
E02005506,LMA5465,2498
E02005507,LMA5465,4524
E02005508,LMA5465,2391
E02005509,LMA5436,2355
E02005510,LMA5465,2157
E02005511,LMA5465,2594
E02005512,LMA5465,2920
E02005513,LMA5465,3604
E02005514,LMA3633,2410
E02005515,LMA5465,2365
E02005516,LMA5465,2319
E02005517,LMA3633,2363
E02005518,LMA3633,5220
E02005519,LMA3633,3153
E02005520,LMA5465,2583
E02005521,LMA5465,3115
E02005522,LMA5465,1976
E02005523,LMA5465,3144
E02005524,LMA5465,2289
E02005525,LMA5465,4412
E02005526,LMA5465,2292
E02005527,LMA5465,3097
E02005528,LMA5465,3630
E02005529,LMA5465,2265
E02005530,LMA5465,2128
E02005531,LMA5465,2375
E02005532,LMA5465,2759
E02005533,LMA5465,3096
E02005534,LMA5465,2883
E02005535,LMA5465,3189
E02005536,LMA5465,2273
E02005537,LMA5465,2189
E02005538,LMA5422,2896
E02005539,LMA5422,2621
E02005540,LMA5422,3047
E02005541,LMA5422,1997
E02005542,LMA5422,2306
E02005543,LMA5422,2375
E02005544,LMA5422,2585
E02005545,LMA5422,2576
E02005546,LMA5422,2775
E02005547,LMA5422,3234
E02005548,LMA5422,2255
E02005549,LMA5422,2136
E02005550,LMA5422,2473
E02005551,LMA5436,1370
E02005552,LMA5436,2013
E02005553,LMA5436,2527
E02005554,LMA5436,2215
E02005555,LMA5436,2805
E02005556,LMA5436,3441
E02005557,LMA5436,2122
E02005558,LMA5436,2589
E02005559,LMA5436,2791
E02005560,LMA5436,3666
E02005561,LMA5436,4015
E02005562,LMA5436,2552
E02005563,LMA5436,2559
E02005564,LMA5436,4312
E02005565,LMA5436,2691
E02005566,LMA5436,3146
E02005567,LMA5436,3352
E02005568,LMA5436,2553
E02005569,LMA5436,2830
E02005570,LMA5465,2037
E02005571,LMA5465,1628
E02005572,LMA5465,2415
E02005573,LMA5465,1320
E02005574,LMA5465,2077
E02005575,LMA5465,2137
E02005576,LMA5465,1872
E02005577,LMA5436,2002
E02005578,LMA5436,2019
E02005579,LMA5465,4383
E02005580,LMA5436,2858
E02005581,LMA5465,2651
E02005582,LMA5465,2219
E02005583,LMA5465,2432
E02005584,LMA5465,4628
E02005585,LMA5465,4102
E02005586,LMA5465,4951
E02005587,LMA5465,3469
E02005588,LMA5465,4335
E02005589,LMA5465,4307
E02005590,LMA5465,4023
E02005592,LMA5465,4357
E02005593,LMA5465,2612
E02005594,LMA5465,4618
E02005595,LMA5465,3264
E02005596,LMA5465,3546
E02005597,LMA5465,5178
E02005598,LMA5465,3057
E02005599,LMA5465,2268
E02005600,LMA5465,2045
E02005601,LMA5465,2210
E02005602,LMA5465,3843
E02005603,LMA5465,3617
E02005604,LMA5465,2873
E02005605,LMA5465,4224
E02005606,LMA6171,1982
E02005607,LMA5465,4276
E02005608,LMA5465,2547
E02005609,LMA5465,2461
E02005610,LMA5465,2793
E02005611,LMA5465,3941
E02005612,LMA3162,2850
E02005613,LMA3162,3979
E02005614,LMA3162,2919
E02005615,LMA3162,3654
E02005616,LMA3162,2195
E02005617,LMA3162,3817
E02005619,LMA3162,2046
E02005620,LMA3162,3211
E02005621,LMA6708,2676
E02005622,LMA3162,3431
E02005623,LMA3162,3080
E02005624,LMA3162,4269
E02005625,LMA3162,3801
E02005626,LMA3162,2826
E02005627,LMA3162,2642
E02005628,LMA6707,2882
E02005629,LMA3162,2000
E02005630,LMA3162,3386
E02005631,LMA3162,4094
E02005632,LMA3162,2372
E02005633,LMA3162,3574
E02005634,LMA3162,3614
E02005635,LMA3162,3635
E02005636,LMA3162,4504
E02005637,LMA3162,3406
E02005638,LMA3162,4273
E02005639,LMA3162,2009
E02005640,LMA3162,4516
E02005641,LMA3162,3141
E02005642,LMA3162,3661
E02005643,LMA3162,2951
E02005644,LMA3162,3885
E02005645,LMA3162,4621
E02005646,LMA3162,2732
E02005647,LMA3162,2852
E02005648,LMA3162,3042
E02005649,LMA3162,5626
E02005650,LMA3162,2711
E02005651,LMA3162,2733
E02005652,LMA3162,2415
E02005653,LMA3162,3250
E02005654,LMA3162,3285
E02005655,LMA3162,2351
E02005656,LMA3162,2196
E02005657,LMA3162,2664
E02005658,LMA3162,2423
E02005659,LMA3162,1886
E02005660,LMA3162,2107
E02005661,LMA3162,2399
E02005662,LMA3162,2830
E02005663,LMA3162,2643
E02005664,LMA3162,2566
E02005665,LMA3162,3415
E02005666,LMA3162,2813
E02005667,LMA3162,2430
E02005668,LMA3162,2496
E02005669,LMA3162,2355
E02005670,LMA3162,3402
E02005671,LMA3162,3679
E02005672,LMA3162,3583
E02005673,LMA3162,3215
E02005674,LMA3162,3148
E02005675,LMA3162,2270
E02005676,LMA3162,2502
E02005677,LMA3162,3861
E02005678,LMA3162,4468
E02005679,LMA3162,4406
E02005680,LMA3162,3687
E02005681,LMA6707,3225
E02005682,LMA3162,2479
E02005683,LMA6707,5607
E02005684,LMA6707,3291
E02005685,LMA6707,3483
E02005686,LMA6707,2910
E02005687,LMA6707,2302
E02005688,LMA6707,3632
E02005689,LMA6707,3460
E02005690,LMA6707,2411
E02005691,LMA6707,2512
E02005692,LMA3162,2607
E02005693,LMA3162,3149
E02005694,LMA3162,3564
E02005695,LMA3162,3302
E02005696,LMA3162,2087
E02005697,LMA3162,2412
E02005698,LMA3162,2187
E02005699,LMA3162,3089
E02005700,LMA3162,3559
E02005701,LMA3162,4450
E02005702,LMA5579,2377
E02005703,LMA5579,2583
E02005704,LMA1683,4380
E02005705,LMA1683,2335
E02005706,LMA5579,3329
E02005707,LMA5579,2029
E02005708,LMA5579,3074
E02005709,LMA1683,1954
E02005710,LMA1683,3268
E02005711,LMA1683,2902
E02005712,LMA1683,2784
E02005713,LMA1683,3114
E02005714,LMA1683,2619
E02005715,LMA1683,3176
E02005716,LMA1683,3947
E02005717,LMA1683,3055
E02005718,LMA1683,2860
E02005719,LMA1683,3123
E02005720,LMA1683,4169
E02005721,LMA1683,1993
E02005722,LMA1683,2512
E02005723,LMA1683,2216
E02005724,LMA1683,2347
E02005725,LMA1683,2230
E02005726,LMA1683,2717
E02005727,LMA1683,2127
E02005728,LMA1683,2514
E02005729,LMA1683,2189
E02005730,LMA1683,4923
E02005731,LMA1683,4686
E02005732,LMA1683,3194
E02005733,LMA1683,2914
E02005734,LMA1683,1996
E02005735,LMA1683,2841
E02005736,LMA1683,2716
E02005737,LMA1683,2938
E02005738,LMA1683,2186
E02005739,LMA1683,3779
E02005740,LMA1683,3877
E02005741,LMA1683,3480
E02005742,LMA5118,2584
E02005743,LMA5066,1490
E02005744,LMA5118,2701
E02005745,LMA5066,1752
E02005746,LMA5066,2681
E02005747,LMA5066,2800
E02005748,LMA5066,2896
E02005749,LMA5066,3874
E02005750,LMA5675,2702
E02005751,LMA2710,2953
E02005752,LMA2710,2513
E02005753,LMA2710,5641
E02005754,LMA2710,2959
E02005755,LMA2710,2536
E02005756,LMA2710,3039
E02005757,LMA2710,3480
E02005758,LMA2710,3172
E02005759,LMA2710,3034
E02005760,LMA2710,2676
E02005761,LMA2710,1819
E02005762,LMA2710,2663
E02005763,LMA2710,2409
E02005764,LMA2710,4444
E02005765,LMA2710,2427
E02005766,LMA2710,2147
E02005767,LMA2710,2510
E02005768,LMA2710,2533
E02005769,LMA2710,2840
E02005770,LMA2710,4224
E02005771,LMA2710,3495
E02005772,LMA2710,2377
E02005773,LMA2710,3860
E02005774,LMA2710,4145
E02005775,LMA2710,4287
E02005776,LMA2710,2990
E02005777,LMA2710,3482
E02005778,LMA2710,2190
E02005779,LMA2710,3050
E02005780,LMA2710,3872
E02005781,LMA2710,1986
E02005782,LMA2684,2685
E02005783,LMA2684,3218
E02005784,LMA2684,2718
E02005785,LMA2684,7472
E02005786,LMA2684,1899
E02005787,LMA2684,2866
E02005788,LMA2710,2015
E02005789,LMA5675,3507
E02005790,LMA2710,2048
E02005791,LMA5675,2358
E02005794,LMA2710,3344
E02005795,LMA5675,2356
E02005796,LMA5675,2142
E02005797,LMA5675,2302
E02005798,LMA5675,2627
E02005799,LMA5675,3325
E02005800,LMA5675,2780
E02005801,LMA5675,1749
E02005802,LMA5675,3566
E02005803,LMA5675,3451
E02005804,LMA5675,2922
E02005805,LMA5675,2613
E02005806,LMA5675,2473
E02005807,LMA5675,2343
E02005808,LMA5675,3482
E02005809,LMA2710,3229
E02005810,LMA2710,3588
E02005811,LMA2710,3739
E02005812,LMA2710,4088
E02005813,LMA2710,4697
E02005814,LMA2710,2559
E02005815,LMA2710,3495
E02005816,LMA2710,3547
E02005817,LMA2710,2981
E02005818,LMA1522,3287
E02005819,LMA6762,2179
E02005820,LMA6762,2425
E02005821,LMA6762,2419
E02005822,LMA6762,3854
E02005823,LMA6762,2344
E02005824,LMA6762,4195
E02005825,LMA6762,3034
E02005826,LMA6762,2124
E02005827,LMA6762,3475
E02005828,LMA6762,2866
E02005829,LMA6762,2627
E02005830,LMA6762,2377
E02005831,LMA6762,3633
E02005832,LMA6762,3710
E02005833,LMA6762,3264
E02005834,LMA6762,2683
E02005835,LMA1522,3777
E02005836,LMA1522,3259
E02005837,LMA1522,2513
E02005838,LMA1522,3040
E02005839,LMA1522,2386
E02005840,LMA1522,4131
E02005842,LMA1522,3447
E02005843,LMA1522,2842
E02005844,LMA1522,3110
E02005846,LMA1522,2247
E02005847,LMA1522,2745
E02005848,LMA1522,2624
E02005849,LMA6762,3181
E02005850,LMA6762,2803
E02005851,LMA6762,2095
E02005852,LMA6762,3221
E02005853,LMA6762,3747
E02005856,LMA6762,2786
E02005857,LMA6762,2520
E02005858,LMA6762,2981
E02005859,LMA6762,3842
E02005860,LMA6762,3381
E02005861,LMA6762,2581
E02005862,LMA6762,3063
E02005863,LMA6762,2885
E02005864,LMA6762,3837
E02005865,LMA6762,2892
E02005866,LMA6762,3586
E02005868,LMA6762,2561
E02005869,LMA6762,2137
E02005870,LMA6762,2673
E02005871,LMA6762,3083
E02005872,LMA6762,2089
E02005873,LMA6762,4172
E02005874,LMA6762,3625
E02005875,LMA6762,2958
E02005876,LMA6762,3615
E02005877,LMA6762,3201
E02005878,LMA6762,3915
E02005879,LMA6762,3372
E02005880,LMA6762,2185
E02005881,LMA6762,2051
E02005882,LMA6762,3252
E02005883,LMA6762,2871
E02005884,LMA6762,2690
E02005885,LMA6762,2942
E02005886,LMA6762,4314
E02005887,LMA6762,3622
E02005888,LMA6762,2914
E02005889,LMA6762,4078
E02005890,LMA6762,2955
E02005891,LMA6762,1965
E02005892,LMA6762,5239
E02005893,LMA6762,3866
E02005894,LMA6762,3799
E02005895,LMA6762,2908
E02005896,LMA6762,2500
E02005897,LMA6762,3199
E02005898,LMA6762,4207
E02005899,LMA6762,4604
E02005900,LMA6762,2480
E02005901,LMA6762,3769
E02005902,LMA6762,2914
E02005903,LMA6762,3966
E02005904,LMA6762,3240
E02005905,LMA6762,2202
E02005906,LMA6762,2287
E02005907,LMA6762,3747
E02005908,LMA6762,3338
E02005909,LMA6762,3718
E02005910,LMA6762,4054
E02005911,LMA6762,3787
E02005912,LMA6762,3724
E02005913,LMA6762,2502
E02005914,LMA6762,3067
E02005915,LMA6762,2163
E02005916,LMA6762,3031
E02005917,LMA6762,1938
E02005918,LMA6762,1930
E02005919,LMA6762,2272
E02005920,LMA6762,2787
E02005921,LMA6707,1980
E02005922,LMA6707,4173
E02005923,LMA6707,2461
E02005924,LMA6707,5086
E02005925,LMA6707,3256
E02005926,LMA6707,3087
E02005927,LMA6707,2560
E02005928,LMA6707,2851
E02005929,LMA6707,2381
E02005930,LMA6707,2854
E02005931,LMA6707,3953
E02005932,LMA6707,3540
E02005933,LMA6707,3626
E02005934,LMA6707,4185
E02005935,LMA6707,3591
E02005936,LMA6707,3211
E02005937,LMA6707,2855
E02005938,LMA6707,2459
E02005939,LMA6707,2770
E02005940,LMA6707,2377
E02005941,LMA6707,2683
E02005942,LMA6707,2320
E02005943,LMA6707,2701
E02005944,LMA6707,2754
E02005945,LMA6707,4124
E02005946,LMA6707,3612
E02005947,LMA6707,2727
E02005948,LMA6707,2787
E02005949,LMA6707,2678
E02005950,LMA6707,4231
E02005951,LMA6707,2700
E02005952,LMA6707,6624
E02005953,LMA6707,2452
E02005954,LMA6707,4224
E02005955,LMA6707,4023
E02005956,LMA6707,2442
E02005957,LMA6707,2640
E02005958,LMA6707,2734
E02005959,LMA6707,2181
E02005960,LMA6707,2290
E02005961,LMA6707,2698
E02005962,LMA6707,3271
E02005963,LMA6707,3248
E02005964,LMA6707,2898
E02005965,LMA6707,1914
E02005966,LMA6707,4438
E02005967,LMA6707,2426
E02005968,LMA6707,3400
E02005969,LMA6707,3797
E02005970,LMA6707,2774
E02005971,LMA6707,2470
E02005972,LMA6707,3012
E02005973,LMA6707,1901
E02005974,LMA6707,2288
E02005975,LMA6707,2583
E02005976,LMA6707,1781
E02005977,LMA6707,2029
E02005978,LMA6707,2712
E02005979,LMA6707,3861
E02005980,LMA6707,4579
E02005981,LMA6707,4465
E02005982,LMA6707,2727
E02005983,LMA6707,4855
E02005984,LMA6707,2579
E02005985,LMA6707,3233
E02005986,LMA6707,3616
E02005987,LMA6707,3041
E02005988,LMA6707,3289
E02005991,LMA6707,4220
E02005992,LMA6707,3480
E02005993,LMA6707,2604
E02005994,LMA6707,2167
E02005995,LMA6707,1986
E02005996,LMA6707,3143
E02005997,LMA6707,2128
E02005998,LMA6707,2369
E02005999,LMA6707,2462
E02006000,LMA6707,5411
E02006001,LMA6707,2681
E02006002,LMA6707,4438
E02006003,LMA6707,2179
E02006004,LMA6707,1924
E02006005,LMA6707,4759
E02006006,LMA6707,3687
E02006007,LMA6707,2489
E02006008,LMA2863,3063
E02006009,LMA2863,3116
E02006010,LMA2863,4295
E02006011,LMA2863,2339
E02006012,LMA2863,2487
E02006013,LMA2863,2766
E02006014,LMA6595,3083
E02006015,LMA5897,3890
E02006016,LMA5897,2537
E02006017,LMA5897,2694
E02006018,LMA5897,4624
E02006019,LMA5897,2248
E02006020,LMA5897,2490
E02006021,LMA5897,2829
E02006022,LMA5897,2472
E02006023,LMA5897,3660
E02006024,LMA5897,4084
E02006025,LMA5897,3630
E02006026,LMA5897,2566
E02006027,LMA5897,1821
E02006028,LMA5897,3401
E02006029,LMA5897,3313
E02006030,LMA5897,3286
E02006031,LMA5897,3480
E02006032,LMA5897,3549
E02006033,LMA5897,3569
E02006034,LMA5897,3632
E02006035,LMA5897,2208
E02006036,LMA5897,2769
E02006037,LMA5897,3915
E02006038,LMA5897,3103
E02006039,LMA5897,2747
E02006040,LMA5897,2460
E02006041,LMA5897,1850
E02006042,LMA5897,1744
E02006043,LMA2836,2267
E02006044,LMA2836,1683
E02006045,LMA2836,3899
E02006046,LMA2836,3006
E02006047,LMA6530,2804
E02006048,LMA5956,2541
E02006049,LMA6530,3256
E02006050,LMA6530,3146
E02006051,LMA5969,2372
E02006052,LMA5956,2767
E02006053,LMA6530,3690
E02006054,LMA5969,2775
E02006055,LMA5956,3909
E02006056,LMA5956,2474
E02006057,LMA5969,2528
E02006058,LMA5969,2992
E02006059,LMA5956,2097
E02006060,LMA5969,3022
E02006061,LMA5969,3310
E02006062,LMA5969,3709
E02006063,LMA5969,2205
E02006064,LMA5969,2666
E02006065,LMA5969,3040
E02006066,LMA5969,2755
E02006067,LMA5969,2348
E02006068,LMA5969,2762
E02006069,LMA5969,4231
E02006070,LMA5969,3136
E02006071,LMA5969,3481
E02006072,LMA5969,3183
E02006073,LMA5969,2498
E02006074,LMA5969,3374
E02006075,LMA5956,1565
E02006076,LMA5956,2934
E02006077,LMA5956,1860
E02006078,LMA5956,1902
E02006079,LMA5956,2630
E02006080,LMA5956,2993
E02006081,LMA5956,1768
E02006082,LMA5956,2404
E02006083,LMA5956,2227
E02006084,LMA5956,2430
E02006085,LMA5956,2600
E02006086,LMA5956,3010
E02006087,LMA5956,2840
E02006088,LMA5956,2918
E02006089,LMA5956,2883
E02006090,LMA5956,3141
E02006091,LMA5956,3465
E02006092,LMA5956,2937
E02006093,LMA5956,3094
E02006094,LMA5956,2011
E02006095,LMA5956,2985
E02006096,LMA5956,2768
E02006097,LMA5956,2402
E02006098,LMA5956,2284
E02006099,LMA5969,2542
E02006100,LMA5969,2902
E02006101,LMA5969,1783
E02006102,LMA5969,2758
E02006103,LMA5969,2548
E02006104,LMA5969,3441
E02006105,LMA5969,5046
E02006106,LMA5969,3417
E02006107,LMA5969,3184
E02006108,LMA5969,3225
E02006109,LMA5969,3000
E02006110,LMA5969,3165
E02006111,LMA5969,3776
E02006112,LMA5969,2804
E02006113,LMA5969,2530
E02006114,LMA5969,1645
E02006115,LMA5969,2333
E02006116,LMA5969,2209
E02006117,LMA5969,1402
E02006118,LMA2863,3074
E02006119,LMA2863,3133
E02006120,LMA2863,3502
E02006121,LMA2863,2334
E02006122,LMA2863,2699
E02006123,LMA2863,2839
E02006124,LMA2863,2512
E02006125,LMA2863,2841
E02006126,LMA2863,3546
E02006127,LMA2863,3857
E02006128,LMA2863,3207
E02006129,LMA2863,2774
E02006130,LMA2863,2998
E02006131,LMA2885,2931
E02006132,LMA2885,2693
E02006133,LMA2885,3023
E02006134,LMA2863,3581
E02006135,LMA2863,3521
E02006136,LMA2863,2709
E02006137,LMA2863,3488
E02006138,LMA2863,2368
E02006139,LMA2863,2740
E02006140,LMA2863,3208
E02006141,LMA2863,4363
E02006142,LMA2863,2436
E02006143,LMA2863,3355
E02006144,LMA2863,3137
E02006145,LMA2863,2112
E02006146,LMA2863,2824
E02006147,LMA2863,2988
E02006148,LMA2863,2955
E02006149,LMA2863,3829
E02006150,LMA2863,4863
E02006151,LMA2863,3543
E02006152,LMA2863,4179
E02006153,LMA6708,2592
E02006154,LMA2863,3959
E02006155,LMA2863,2186
E02006156,LMA6595,2777
E02006157,LMA6708,2527
E02006158,LMA2885,3798
E02006159,LMA2885,2316
E02006160,LMA2885,3199
E02006161,LMA2885,3176
E02006162,LMA2885,3387
E02006163,LMA2885,3063
E02006164,LMA2885,2704
E02006165,LMA2885,3338
E02006166,LMA2885,3227
E02006167,LMA2885,3104
E02006168,LMA2885,3206
E02006169,LMA2885,2317
E02006170,LMA2885,1977
E02006171,LMA2885,3418
E02006172,LMA2885,3866
E02006173,LMA2885,2458
E02006174,LMA2885,4169
E02006175,LMA2863,2702
E02006176,LMA2863,2705
E02006177,LMA2863,4210
E02006178,LMA2863,3114
E02006179,LMA2863,2941
E02006180,LMA2863,2644
E02006181,LMA2863,2149
E02006182,LMA2863,2625
E02006183,LMA2863,3433
E02006184,LMA2863,2509
E02006185,LMA2863,2678
E02006186,LMA2863,4800
E02006187,LMA6595,2649
E02006188,LMA2885,2181
E02006189,LMA2885,2596
E02006190,LMA2885,4256
E02006191,LMA2885,3447
E02006192,LMA2885,2966
E02006193,LMA2885,2735
E02006194,LMA2885,3093
E02006195,LMA2885,3296
E02006196,LMA2885,2728
E02006197,LMA2885,3895
E02006198,LMA2885,3801
E02006199,LMA2885,3420
E02006200,LMA2885,3041
E02006201,LMA2885,4933
E02006202,LMA2863,3238
E02006203,LMA2885,3218
E02006204,LMA2885,2680
E02006205,LMA2885,2765
E02006206,LMA2885,3275
E02006207,LMA2885,2407
E02006208,LMA2885,3515
E02006209,LMA2885,4446
E02006210,LMA2885,1779
E02006211,LMA2885,2423
E02006212,LMA2885,3185
E02006213,LMA2885,2438
E02006214,LMA2885,2463
E02006215,LMA2885,3131
E02006216,LMA2885,3733
E02006217,LMA6708,3540
E02006218,LMA6708,2957
E02006219,LMA6708,3293
E02006220,LMA6708,3041
E02006221,LMA6708,3025
E02006222,LMA6708,2906
E02006223,LMA6708,2440
E02006224,LMA6708,3676
E02006225,LMA6708,3461
E02006226,LMA6708,4527
E02006227,LMA6114,1928
E02006228,LMA6114,2089
E02006229,LMA6114,2092
E02006230,LMA6114,3935
E02006231,LMA6114,3801
E02006232,LMA6114,2114
E02006233,LMA6114,4268
E02006234,LMA6114,3620
E02006235,LMA6114,2628
E02006236,LMA6114,3651
E02006237,LMA6114,2703
E02006238,LMA3633,3849
E02006239,LMA3633,2839
E02006240,LMA3633,3429
E02006241,LMA3633,3697
E02006242,LMA3633,3341
E02006243,LMA3633,4159
E02006245,LMA6114,2923
E02006246,LMA6114,3170
E02006247,LMA6114,3833
E02006248,LMA6114,3311
E02006249,LMA6114,3093
E02006250,LMA6114,4361
E02006251,LMA6114,4543
E02006252,LMA6114,4093
E02006253,LMA6114,2747
E02006254,LMA6114,3649
E02006255,LMA6114,3897
E02006256,LMA6114,3747
E02006257,LMA6114,2529
E02006258,LMA6114,3610
E02006259,LMA6114,2882
E02006260,LMA6114,3430
E02006261,LMA5465,2517
E02006262,LMA5465,2948
E02006263,LMA6114,2318
E02006264,LMA3633,3373
E02006265,LMA6114,2600
E02006266,LMA6114,3298
E02006267,LMA6114,2887
E02006268,LMA6114,2144
E02006269,LMA6114,2855
E02006270,LMA6114,5454
E02006271,LMA6114,3792
E02006272,LMA6114,2970
E02006273,LMA5465,2243
E02006274,LMA3633,3241
E02006275,LMA3633,3049
E02006276,LMA3633,2448
E02006277,LMA3633,4164
E02006278,LMA3633,3994
E02006279,LMA3633,3833
E02006280,LMA3633,3437
E02006281,LMA3633,3465
E02006282,LMA3633,2042
E02006283,LMA3633,2290
E02006284,LMA3633,3254
E02006285,LMA3633,3652
E02006286,LMA3633,5056
E02006287,LMA6171,1662
E02006288,LMA6114,2829
E02006289,LMA6114,2693
E02006290,LMA6114,2695
E02006291,LMA6114,2569
E02006292,LMA6114,2309
E02006293,LMA6114,3925
E02006294,LMA6114,2593
E02006295,LMA6114,3716
E02006296,LMA6114,5483
E02006297,LMA6114,3357
E02006298,LMA6114,3913
E02006299,LMA6114,2845
E02006300,LMA6114,2911
E02006301,LMA6114,2153
E02006302,LMA6171,2259
E02006303,LMA6171,2509
E02006304,LMA6171,2511
E02006305,LMA6171,3373
E02006306,LMA6171,2372
E02006307,LMA6171,2585
E02006308,LMA6171,2335
E02006309,LMA6171,2128
E02006310,LMA6171,3249
E02006311,LMA6171,2750
E02006312,LMA6171,3306
E02006313,LMA6171,3440
E02006314,LMA6171,2599
E02006315,LMA6171,1735
E02006316,LMA6171,2342
E02006317,LMA6789,2405
E02006318,LMA6789,2457
E02006319,LMA6789,2811
E02006320,LMA6789,2832
E02006321,LMA3428,2516
E02006322,LMA3428,2472
E02006323,LMA6789,2891
E02006324,LMA6789,3133
E02006325,LMA3428,3341
E02006326,LMA6789,2631
E02006327,LMA6789,2288
E02006328,LMA6789,3620
E02006329,LMA3428,2230
E02006330,LMA6789,3404
E02006331,LMA3428,2527
E02006332,LMA6789,2315
E02006333,LMA3428,3044
E02006334,LMA3428,2609
E02006335,LMA3428,3258
E02006336,LMA3428,2842
E02006337,LMA3428,3585
E02006338,LMA3428,2782
E02006339,LMA3428,3852
E02006341,LMA3428,3970
E02006342,LMA3428,2933
E02006343,LMA3428,3252
E02006344,LMA6427,2947
E02006345,LMA6427,2756
E02006346,LMA3428,3303
E02006347,LMA6427,3317
E02006348,LMA6427,3375
E02006349,LMA6427,3678
E02006350,LMA6427,2668
E02006351,LMA6427,3519
E02006352,LMA6427,2758
E02006353,LMA6427,2583
E02006354,LMA6427,3462
E02006355,LMA6427,2884
E02006356,LMA6427,5274
E02006357,LMA6427,2679
E02006358,LMA6427,3088
E02006359,LMA6427,2284
E02006360,LMA6427,2858
E02006361,LMA3428,1810
E02006362,LMA3428,2403
E02006363,LMA3428,2178
E02006364,LMA3428,3150
E02006365,LMA3428,2154
E02006366,LMA3428,2959
E02006367,LMA3428,1891
E02006368,LMA3428,1875
E02006369,LMA3428,2236
E02006370,LMA3428,2446
E02006371,LMA3428,2776
E02006372,LMA3428,2562
E02006373,LMA3428,2634
E02006374,LMA3428,2536
E02006375,LMA3428,2491
E02006376,LMA3428,3079
E02006377,LMA3428,2077
E02006378,LMA3428,3535
E02006379,LMA3428,2302
E02006380,LMA3428,2548
E02006381,LMA3428,2519
E02006382,LMA3428,2617
E02006383,LMA3428,3531
E02006384,LMA3428,4288
E02006385,LMA3428,5072
E02006386,LMA3428,3231
E02006387,LMA3428,2532
E02006388,LMA3428,4101
E02006389,LMA3428,2725
E02006390,LMA3428,3477
E02006391,LMA3428,2826
E02006392,LMA3428,3794
E02006393,LMA6789,2564
E02006394,LMA6789,3210
E02006395,LMA6789,4176
E02006396,LMA6789,2364
E02006397,LMA6789,2077
E02006398,LMA6789,3380
E02006399,LMA6789,4486
E02006400,LMA6789,2368
E02006401,LMA6789,3976
E02006402,LMA6789,3952
E02006403,LMA6789,2771
E02006404,LMA6789,2816
E02006405,LMA6789,4667
E02006406,LMA6789,3762
E02006407,LMA6789,3735
E02006408,LMA6789,3761
E02006409,LMA6789,2792
E02006410,LMA6789,3460
E02006411,LMA6789,3112
E02006412,LMA6789,2691
E02006413,LMA6789,2451
E02006414,LMA6789,2611
E02006415,LMA6789,2631
E02006416,LMA6427,2998
E02006417,LMA6427,2409
E02006418,LMA6427,2753
E02006419,LMA6427,3211
E02006420,LMA6427,2747
E02006421,LMA6789,3335
E02006422,LMA6427,2635
E02006423,LMA6427,4265
E02006424,LMA6427,2445
E02006425,LMA6427,2587
E02006426,LMA6427,2559
E02006427,LMA6427,3098
E02006429,LMA3428,3161
E02006430,LMA3428,3703
E02006431,LMA3428,4000
E02006432,LMA3428,1996
E02006433,LMA3428,3277
E02006434,LMA3428,2311
E02006435,LMA3428,2189
E02006436,LMA3428,2228
E02006437,LMA3428,3000
E02006438,LMA3428,2922
E02006439,LMA6427,2377
E02006440,LMA6427,2859
E02006441,LMA6427,2821
E02006442,LMA6427,1847
E02006443,LMA6427,3047
E02006444,LMA6427,2444
E02006445,LMA6427,2962
E02006446,LMA3428,2195
E02006447,LMA6427,2141
E02006448,LMA6427,3011
E02006449,LMA6427,2464
E02006450,LMA6427,2175
E02006451,LMA3428,3844
E02006453,LMA3428,2448
E02006454,LMA6427,2235
E02006455,LMA6427,2238
E02006456,LMA6789,3322
E02006457,LMA6789,3406
E02006458,LMA6789,3519
E02006459,LMA6789,4108
E02006460,LMA6789,4336
E02006461,LMA6789,2603
E02006462,LMA6789,3731
E02006463,LMA6789,4523
E02006464,LMA6789,3065
E02006465,LMA6789,2583
E02006466,LMA6789,3541
E02006467,LMA6789,2563
E02006468,LMA6708,4369
E02006469,LMA6708,3514
E02006470,LMA6708,4419
E02006471,LMA6595,2873
E02006472,LMA6708,3597
E02006473,LMA6595,4390
E02006474,LMA6708,2288
E02006475,LMA6708,3000
E02006476,LMA6708,2679
E02006477,LMA6708,3000
E02006478,LMA6708,3942
E02006479,LMA6708,3613
E02006480,LMA6708,3090
E02006481,LMA6708,2702
E02006482,LMA6708,3142
E02006483,LMA6708,2787
E02006484,LMA6708,3239
E02006485,LMA6708,3112
E02006486,LMA6708,3112
E02006487,LMA6708,2436
E02006488,LMA6708,2204
E02006489,LMA6708,3535
E02006490,LMA6708,3132
E02006492,LMA6708,4618
E02006493,LMA6708,4272
E02006494,LMA6708,2722
E02006495,LMA6708,3189
E02006496,LMA6708,3320
E02006497,LMA6708,3643
E02006498,LMA6708,4908
E02006499,LMA6708,2622
E02006500,LMA6708,2078
E02006501,LMA6708,3711
E02006502,LMA6708,4081
E02006503,LMA6708,2722
E02006504,LMA6595,1988
E02006505,LMA6708,2271
E02006506,LMA6595,2321
E02006507,LMA6708,3805
E02006508,LMA6708,3635
E02006509,LMA6595,2409
E02006510,LMA6595,2202
E02006511,LMA6708,3474
E02006512,LMA6708,4811
E02006513,LMA6708,2819
E02006514,LMA6708,3473
E02006515,LMA6595,3441
E02006516,LMA6708,3444
E02006517,LMA6708,2583
E02006518,LMA6708,3184
E02006519,LMA6708,3023
E02006520,LMA6708,3579
E02006521,LMA6708,2848
E02006522,LMA6708,2036
E02006523,LMA6708,4047
E02006524,LMA6708,2193
E02006525,LMA6708,5365
E02006526,LMA6708,3816
E02006527,LMA6708,3816
E02006528,LMA6708,4686
E02006529,LMA6708,5301
E02006530,LMA6708,4527
E02006531,LMA6708,3804
E02006532,LMA6595,3787
E02006533,LMA6708,4334
E02006534,LMA3428,3314
E02006535,LMA3428,2712
E02006536,LMA3428,2767
E02006537,LMA3428,3762
E02006538,LMA3428,3325
E02006539,LMA3428,2729
E02006540,LMA3428,2093
E02006541,LMA3428,2724
E02006542,LMA6427,1945
E02006543,LMA6427,1927
E02006544,LMA6427,3815
E02006545,LMA6427,3214
E02006546,LMA6427,3346
E02006547,LMA6427,2220
E02006548,LMA6427,3695
E02006549,LMA3428,1563
E02006550,LMA6427,3300
E02006551,LMA6427,2033
E02006552,LMA6427,2811
E02006553,LMA6427,3008
E02006554,LMA6427,2223
E02006555,LMA6427,2907
E02006556,LMA6427,2693
E02006557,LMA6427,2770
E02006558,LMA6427,3906
E02006559,LMA6427,2353
E02006560,LMA6427,2899
E02006561,LMA6427,2214
E02006562,LMA3428,1822
E02006563,LMA6427,1752
E02006564,LMA6427,2446
E02006565,LMA6427,2469
E02006566,LMA6427,2616
E02006567,LMA6427,2629
E02006568,LMA6427,4401
E02006569,LMA6427,2783
E02006570,LMA6427,3340
E02006571,LMA6427,2918
E02006572,LMA6427,3560
E02006573,LMA6427,3201
E02006574,LMA6427,3464
E02006575,LMA3428,3357
E02006576,LMA3428,3822
E02006577,LMA3428,3236
E02006578,LMA3428,4559
E02006579,LMA3428,3471
E02006580,LMA3428,3454
E02006581,LMA3428,3849
E02006582,LMA3428,3894
E02006583,LMA3428,4203
E02006584,LMA3428,3460
E02006585,LMA3428,3209
E02006586,LMA3428,3543
E02006587,LMA3428,3769
E02006588,LMA3428,3173
E02006589,LMA3428,5034
E02006590,LMA3428,3549
E02006591,LMA3428,3582
E02006592,LMA3428,2090
E02006593,LMA3428,4328
E02006594,LMA3428,2902
E02006595,LMA3428,2996
E02006596,LMA3428,3962
E02006597,LMA3428,3514
E02006598,LMA3428,2117
E02006599,LMA3428,2093
E02006600,LMA3428,3161
E02006601,LMA3428,2772
E02006602,LMA3428,2698
E02006603,LMA3428,3096
E02006604,LMA3428,5328
E02006605,LMA3428,2572
E02006606,LMA3428,3617
E02006607,LMA3428,3036
E02006608,LMA3428,2375
E02006609,LMA3428,2447
E02006610,LMA3428,2566
E02006611,LMA3428,3811
E02006612,LMA3428,4758
E02006613,LMA3428,3134
E02006614,LMA3428,3909
E02006615,LMA3428,3169
E02006616,LMA3428,3526
E02006617,LMA3428,4026
E02006618,LMA3428,2508
E02006619,LMA3428,2964
E02006620,LMA3428,3363
E02006621,LMA3428,2511
E02006622,LMA3428,3012
E02006623,LMA3428,2999
E02006624,LMA3428,2909
E02006625,LMA3428,3535
E02006626,LMA3428,2894
E02006627,LMA3428,3347
E02006628,LMA3428,3763
E02006629,LMA3428,3103
E02006630,LMA3428,3110
E02006631,LMA3428,4081
E02006632,LMA3428,3134
E02006633,LMA3428,2594
E02006634,LMA6707,2895
E02006635,LMA6707,2960
E02006636,LMA6707,2415
E02006637,LMA6530,4656
E02006638,LMA6530,2386
E02006639,LMA6530,2969
E02006640,LMA6707,2393
E02006641,LMA6530,2727
E02006642,LMA6530,2280
E02006643,LMA6530,7233
E02006644,LMA6707,2561
E02006645,LMA6707,2772
E02006646,LMA6707,2034
E02006647,LMA6707,2057
E02006648,LMA6530,2134
E02006649,LMA6707,2854
E02006650,LMA6707,5054
E02006651,LMA6530,2654
E02006652,LMA6530,4083
E02006653,LMA6530,4467
E02006654,LMA6530,3702
E02006655,LMA6707,2462
E02006656,LMA6530,3463
E02006657,LMA6707,4090
E02006658,LMA6707,2990
E02006659,LMA6530,3135
E02006660,LMA6530,5060
E02006661,LMA6530,4262
E02006662,LMA6530,2637
E02006663,LMA6530,4924
E02006664,LMA6530,2532
E02006665,LMA6530,1991
E02006666,LMA6530,2401
E02006667,LMA6530,2680
E02006668,LMA6530,2564
E02006669,LMA6530,3521
E02006670,LMA6530,3293
E02006671,LMA6530,2690
E02006672,LMA6530,2556
E02006673,LMA6530,1843
E02006674,LMA6530,2382
E02006675,LMA6530,3049
E02006676,LMA6530,1885
E02006677,LMA6530,2762
E02006678,LMA6530,3086
E02006679,LMA6530,3877
E02006680,LMA6530,2896
E02006681,LMA6530,1970
E02006682,LMA6530,3423
E02006683,LMA6530,3321
E02006684,LMA6530,2799
E02006685,LMA6530,3191
E02006686,LMA6530,2083
E02006687,LMA6530,3179
E02006688,LMA6530,2457
E02006689,LMA6530,2318
E02006690,LMA6530,2426
E02006691,LMA6530,5622
E02006692,LMA6530,2150
E02006693,LMA6530,2497
E02006694,LMA6530,2410
E02006695,LMA6530,2213
E02006696,LMA6595,2283
E02006697,LMA6595,2719
E02006698,LMA6595,2634
E02006699,LMA6595,2328
E02006700,LMA6595,2205
E02006701,LMA6595,2312
E02006702,LMA6595,2404
E02006703,LMA6595,2948
E02006704,LMA6595,2492
E02006705,LMA6595,2883
E02006706,LMA6595,2649
E02006707,LMA6595,2954
E02006708,LMA6595,3390
E02006709,LMA6595,3048
E02006710,LMA6595,2486
E02006711,LMA6595,2560
E02006712,LMA6595,2397
E02006713,LMA6595,2223
E02006714,LMA6595,1767
E02006715,LMA6595,3238
E02006716,LMA6595,2142
E02006717,LMA6595,1964
E02006718,LMA6595,1952
E02006719,LMA6595,2351
E02006720,LMA6595,2205
E02006721,LMA6595,2665
E02006722,LMA6595,2348
E02006723,LMA6595,3359
E02006724,LMA6595,2730
E02006725,LMA6595,2537
E02006726,LMA6595,2764
E02006727,LMA6595,2750
E02006728,LMA6595,3091
E02006729,LMA6595,3281
E02006730,LMA6595,2476
E02006731,LMA6595,2466
E02006732,LMA6595,3246
E02006733,LMA6595,2513
E02006734,LMA6595,3498
E02006735,LMA6595,1799
E02006736,LMA6595,3531
E02006737,LMA6595,3612
E02006738,LMA6595,3355
E02006739,LMA6595,2200
E02006740,LMA6595,3386
E02006741,LMA6595,2797
E02006742,LMA6595,3279
E02006743,LMA6595,2738
E02006744,LMA6595,2985
E02006745,LMA6595,3302
E02006746,LMA6595,3266
E02006747,LMA6595,2865
E02006748,LMA6595,2419
E02006749,LMA6595,2151
E02006750,LMA6595,2131
E02006751,LMA6595,2295
E02006752,LMA6595,2945
E02006753,LMA6595,2364
E02006754,LMA6595,1964
E02006755,LMA6595,1868
E02006756,LMA6595,2211
E02006757,LMA6595,2307
E02006758,LMA6595,2029
E02006759,LMA6595,2634
E02006760,LMA6595,3062
E02006761,LMA6595,2615
E02006762,LMA6595,2352
E02006763,LMA6595,2806
E02006764,LMA6595,2511
E02006765,LMA6595,1926
E02006766,LMA6595,2716
E02006767,LMA6595,2983
E02006768,LMA6595,2862
E02006769,LMA6595,3184
E02006770,LMA6595,2718
E02006771,LMA6595,2365
E02006772,LMA6595,2430
E02006773,LMA6595,3102
E02006774,LMA6595,3137
E02006775,LMA6595,1645
E02006776,LMA6595,2895
E02006777,LMA6595,2576
E02006778,LMA6595,2561
E02006779,LMA6595,3109
E02006780,LMA6595,2054
E02006781,LMA3869,766
E02006782,LMA6789,2791
E02006783,LMA6789,2394
E02006784,LMA6789,2490
E02006785,LMA6789,2452
E02006786,LMA6789,2411
E02006787,LMA6789,3170
E02006788,LMA6789,2857
E02006789,LMA6789,2268
E02006790,LMA6789,2720
E02006791,LMA6789,3255
E02006792,LMA6789,3892
E02006793,LMA6789,2569
E02006794,LMA6789,1960
E02006795,LMA6789,3222
E02006796,LMA6789,3451
E02006798,LMA6789,2922
E02006799,LMA3633,3095
E02006800,LMA3633,4394
E02006801,LMA6789,3599
E02006802,LMA6789,3039
E02006803,LMA1522,4052
E02006804,LMA1522,3172
E02006805,LMA6708,3019
E02006806,LMA6708,3194
E02006807,LMA6595,3166
E02006808,LMA6595,2524
E02006809,LMA6595,4053
E02006810,LMA6595,4007
E02006811,LMA5675,3762
E02006812,LMA5675,2489
E02006813,LMA2609,3015
E02006814,LMA2609,3642
E02006815,LMA6708,2966
E02006816,LMA6708,2725
E02006817,LMA6708,3153
E02006818,LMA6708,3416
E02006819,LMA6708,2603
E02006820,LMA6708,3899
E02006821,LMA6427,2773
E02006822,LMA6427,3567
E02006823,LMA4265,3047
E02006824,LMA4265,3818
E02006825,LMA3633,2499
E02006826,LMA3633,4512
E02006827,LMA6762,2697
E02006828,LMA6762,3178
E02006829,LMA6427,2511
E02006830,LMA6427,2442
E02006831,LMA6427,2473
E02006832,LMA5031,2678
E02006833,LMA5031,3727
E02006834,LMA6762,2723
E02006835,LMA6762,2496
E02006836,LMA6789,3257
E02006837,LMA6789,3969
E02006838,LMA6427,2226
E02006839,LMA6427,2819
E02006840,LMA4056,3799
E02006841,LMA1683,3308
E02006842,LMA1683,2026
E02006843,LMA1522,2793
E02006844,LMA1522,2370
E02006845,LMA2961,3483
E02006846,LMA2961,3254
E02006847,LMA6707,4675
E02006848,LMA6707,3641
E02006849,LMA6707,4472
E02006850,LMA6708,2553
E02006851,LMA6708,2226
E02006852,LMA2710,5284
E02006853,LMA6789,3295
E02006854,LMA6789,3198
E02006855,LMA5031,2395
E02006856,LMA5031,4090
E02006857,LMA4265,3101
E02006858,LMA4265,2691
E02006859,LMA6114,3593
E02006860,LMA6789,3608
E02006861,LMA2710,4029
E02006862,LMA6708,2816
E02006863,LMA6708,4624
E02006864,LMA5296,3224
E02006865,LMA5296,3086
E02006866,LMA5322,2696
E02006867,LMA5322,2991
E02006868,LMA1522,4068
E02006869,LMA1522,4522
E02006870,LMA2710,5185
E02006871,LMA5118,4777
E02006872,LMA2885,4963
E02006873,LMA3633,3280
E02006874,LMA3633,3443
E02006875,LMA2710,4026
E02006876,LMA2710,3402
E02006877,LMA3162,3390
E02006878,LMA3162,4078
E02006879,LMA5031,2278
E02006880,LMA5031,2572
E02006881,LMA5066,3763
E02006882,LMA6789,5679
E02006883,LMA4184,2487
E02006884,LMA5066,4593
E02006885,LMA4184,3000
E02006886,LMA6707,3998
E02006887,LMA2961,2928
E02006888,LMA2961,1976
E02006889,LMA2961,1973
E02006890,LMA2961,3063
E02006891,LMA5675,2967
E02006892,LMA5675,2566
E02006893,LMA1683,4315
E02006894,LMA2863,3750
E02006895,LMA6595,2784
E02006896,LMA6595,2479
E02006897,LMA6595,2134
E02006898,LMA6595,3061
E02006899,LMA6595,3071
E02006900,LMA6595,3029
E02006901,LMA6595,3508
E02006902,LMA6789,3313
E02006903,LMA1522,4443
E02006904,LMA6762,3232
E02006905,LMA6762,2750
E02006906,LMA6762,5315
E02006907,LMA5465,2607
E02006908,LMA5465,2555
E02006909,LMA5675,4643
E02006910,LMA5675,3460
E02006911,LMA6708,5914
E02006912,LMA6789,4205
E02006913,LMA6789,2565
E02006914,LMA6789,2331
E02006915,LMA6789,2633
E02006916,LMA6789,3161
E02006917,LMA6789,3150
E02006918,LMA3633,2369
E02006919,LMA6708,3828
E02006920,LMA6708,3351
E02006921,LMA3633,2143
E02006922,LMA6114,5485
E02006924,LMA3633,4247
E02006925,LMA3633,4805
E02006926,LMA6114,3634
E02006927,LMA6789,2955
E02006928,LMA6789,3022
E02006929,LMA6789,3302
E02006930,LMA6789,3133
E02006931,LMA6789,4161
E02006932,LMA6789,3269
E02006933,LMA6789,2707
E02006934,LMA6789,2853
W02000001,LMA6902,2752
W02000002,LMA6902,1947
W02000003,LMA6902,3339
W02000004,LMA6902,2395
W02000005,LMA6902,2869
W02000006,LMA6902,2549
W02000007,LMA6902,2472
W02000008,LMA6902,2568
W02000009,LMA6902,2844
W02000010,LMA6902,2375
W02000011,LMA6902,2803
W02000012,LMA6902,3222
W02000013,LMA6902,2687
W02000014,LMA6902,2616
W02000015,LMA6902,2978
W02000016,LMA6902,2445
W02000017,LMA6902,2575
W02000018,LMA6902,2174
W02000019,LMA6902,2284
W02000020,LMA6902,2289
W02000021,LMA6902,2728
W02000022,LMA6902,1879
W02000023,LMA6902,1569
W02000024,LMA6902,1839
W02000025,LMA6902,2095
W02000026,LMA6902,2105
W02000027,LMA6818,2968
W02000028,LMA6818,2347
W02000029,LMA6818,2277
W02000030,LMA6818,1859
W02000031,LMA6818,2643
W02000032,LMA6818,2726
W02000033,LMA6818,2306
W02000034,LMA6818,2852
W02000035,LMA6818,3149
W02000036,LMA6818,3241
W02000037,LMA6818,2555
W02000038,LMA6818,2119
W02000039,LMA6818,2896
W02000040,LMA6818,2333
W02000041,LMA6818,3047
W02000042,LMA6818,1865
W02000043,LMA6818,1748
W02000044,LMA6818,1743
W02000045,LMA6818,2463
W02000047,LMA6818,1597
W02000049,LMA6818,2240
W02000050,LMA6818,2428
W02000051,LMA6818,1974
W02000052,LMA7198,1919
W02000053,LMA7198,2572
W02000054,LMA7198,2155
W02000055,LMA7198,2083
W02000056,LMA7198,1848
W02000057,LMA7198,2133
W02000058,LMA7198,1737
W02000059,LMA7198,2484
W02000060,LMA7198,3992
W02000061,LMA7198,2450
W02000062,LMA7198,2919
W02000063,LMA7198,3245
W02000064,LMA7198,2441
W02000065,LMA7198,3485
W02000066,LMA7198,3909
W02000067,LMA7198,2783
W02000068,LMA7198,2456
W02000069,LMA7198,2534
W02000070,LMA7198,4551
W02000071,LMA7198,3152
W02000072,LMA7198,5086
W02000073,LMA7198,3827
W02000074,LMA7198,3912
W02000075,LMA7198,2362
W02000076,LMA7198,2813
W02000077,LMA7198,2357
W02000080,LMA7198,3361
W02000081,LMA7198,2422
W02000082,LMA7198,3150
W02000083,LMA7198,3781
W02000084,LMA7198,2261
W02000085,LMA7198,3810
W02000086,LMA7198,1939
W02000087,LMA7198,2294
W02000088,LMA7198,3855
W02000089,LMA7198,3725
W02000090,LMA7198,2279
W02000091,LMA7198,2668
W02000092,LMA7198,2553
W02000093,LMA7198,2806
W02000094,LMA7198,3205
W02000095,LMA7198,2319
W02000096,LMA7198,2461
W02000097,LMA6902,2826
W02000098,LMA6902,2207
W02000099,LMA6902,2588
W02000100,LMA6902,2006
W02000101,LMA6902,1888
W02000102,LMA6902,2094
W02000103,LMA6902,1892
W02000104,LMA6902,2552
W02000105,LMA6902,1789
W02000106,LMA6902,2172
W02000107,LMA2836,2829
W02000108,LMA2836,2004
W02000109,LMA2836,1718
W02000110,LMA2836,2211
W02000111,LMA2836,2749
W02000113,LMA6973,3078
W02000114,LMA2836,2207
W02000116,LMA6902,2793
W02000117,LMA6902,2734
W02000118,LMA6902,2607
W02000120,LMA6902,2350
W02000122,LMA6902,1755
W02000123,LMA6902,2325
W02000124,LMA6902,2460
W02000125,LMA6902,2090
W02000126,LMA6902,2242
W02000127,LMA6913,2804
W02000128,LMA6913,2196
W02000129,LMA6913,2132
W02000130,LMA6913,2538
W02000131,LMA6913,2662
W02000132,LMA6913,2063
W02000133,LMA6913,2566
W02000134,LMA6913,3031
W02000135,LMA6913,2441
W02000136,LMA6913,2469
W02000137,LMA6913,2377
W02000138,LMA6913,3407
W02000139,LMA6913,2439
W02000140,LMA6913,2124
W02000141,LMA6913,2118
W02000142,LMA6902,1745
W02000143,LMA6902,1487
W02000144,LMA6902,2005
W02000145,LMA6913,2049
W02000146,LMA6913,2106
W02000147,LMA6913,2948
W02000148,LMA6913,1947
W02000149,LMA6913,2235
W02000151,LMA6973,2378
W02000152,LMA6973,2750
W02000153,LMA6913,2568
W02000154,LMA6973,2632
W02000156,LMA6973,3078
W02000157,LMA6913,3264
W02000158,LMA6973,2299
W02000159,LMA6973,1956
W02000160,LMA6973,2871
W02000161,LMA6973,1946
W02000162,LMA6973,2731
W02000163,LMA6973,1867
W02000164,LMA6973,2529
W02000165,LMA6973,2528
W02000166,LMA6973,3201
W02000167,LMA6973,3344
W02000168,LMA6973,2499
W02000169,LMA6973,3405
W02000170,LMA6973,3808
W02000171,LMA6973,3538
W02000172,LMA6973,3840
W02000173,LMA6973,3323
W02000174,LMA6973,3709
W02000175,LMA6973,3090
W02000176,LMA6973,3173
W02000177,LMA6973,2990
W02000178,LMA6973,2664
W02000179,LMA6973,2809
W02000180,LMA6973,2845
W02000181,LMA6973,2486
W02000182,LMA6973,3241
W02000183,LMA6973,3503
W02000184,LMA6973,2633
W02000185,LMA6973,1931
W02000186,LMA6973,2405
W02000187,LMA6973,2198
W02000188,LMA6973,2766
W02000189,LMA6973,2763
W02000190,LMA6973,1947
W02000191,LMA6973,3519
W02000192,LMA6973,2960
W02000193,LMA6973,2963
W02000194,LMA6973,2082
W02000195,LMA6973,1954
W02000196,LMA6973,2099
W02000197,LMA6973,1939
W02000198,LMA6973,2592
W02000200,LMA6973,1813
W02000201,LMA6973,1845
W02000202,LMA6973,4349
W02000203,LMA6973,2402
W02000204,LMA6973,2741
W02000205,LMA6973,2183
W02000206,LMA6973,2218
W02000207,LMA6973,2197
W02000208,LMA6973,3642
W02000209,LMA6973,1479
W02000210,LMA6973,2358
W02000211,LMA6973,2755
W02000212,LMA6973,2879
W02000213,LMA6973,2681
W02000214,LMA6973,3171
W02000215,LMA6973,3214
W02000216,LMA6973,2847
W02000217,LMA6973,2504
W02000218,LMA7177,2136
W02000219,LMA7177,2724
W02000220,LMA7177,2961
W02000221,LMA7177,2687
W02000222,LMA7177,2238
W02000223,LMA7177,2271
W02000224,LMA7177,2314
W02000225,LMA7177,3319
W02000226,LMA7177,3979
W02000227,LMA7177,2479
W02000228,LMA7177,2267
W02000229,LMA7177,2345
W02000230,LMA7177,2116
W02000231,LMA7177,3014
W02000232,LMA7177,2688
W02000233,LMA7177,2694
W02000234,LMA7177,4558
W02000235,LMA7177,2901
W02000236,LMA7177,2339
W02000237,LMA7177,1865
W02000238,LMA7177,2116
W02000239,LMA7177,2422
W02000240,LMA7177,3600
W02000241,LMA7177,4083
W02000242,LMA7177,2946
W02000243,LMA7177,3027
W02000244,LMA7177,3869
W02000245,LMA7177,3598
W02000246,LMA7177,2357
W02000247,LMA7177,3311
W02000248,LMA7177,4186
W02000249,LMA7177,3285
W02000250,LMA7177,4805
W02000251,LMA7177,3293
W02000252,LMA7177,2859
W02000253,LMA7177,2144
W02000254,LMA7177,2924
W02000255,LMA7177,2147
W02000256,LMA7177,3217
W02000257,LMA7177,2424
W02000258,LMA7177,1732
W02000259,LMA7177,1750
W02000260,LMA7177,1757
W02000261,LMA7177,2615
W02000262,LMA7177,1857
W02000263,LMA7177,2309
W02000264,LMA7177,1833
W02000265,LMA7177,3020
W02000266,LMA7177,2739
W02000267,LMA7177,2247
W02000268,LMA7177,3294
W02000269,LMA7177,2940
W02000270,LMA7177,2620
W02000271,LMA7177,1748
W02000272,LMA7177,3897
W02000273,LMA7177,2980
W02000274,LMA7177,3414
W02000275,LMA7177,2063
W02000276,LMA7177,2081
W02000277,LMA7177,2782
W02000278,LMA7177,4232
W02000279,LMA7177,3140
W02000280,LMA7177,3376
W02000281,LMA7177,3099
W02000282,LMA7177,4605
W02000284,LMA7177,3819
W02000285,LMA7177,3371
W02000286,LMA7177,2150
W02000287,LMA7177,3346
W02000288,LMA7177,2883
W02000289,LMA7177,3172
W02000290,LMA7177,2852
W02000291,LMA7177,2404
W02000292,LMA7177,1886
W02000293,LMA7177,2070
W02000294,LMA7177,2118
W02000295,LMA7177,3795
W02000296,LMA7177,2672
W02000297,LMA7177,2965
W02000298,LMA7177,2941
W02000299,LMA7177,2378
W02000300,LMA7177,3184
W02000301,LMA7177,2782
W02000302,LMA7177,3729
W02000303,LMA7177,2899
W02000304,LMA7177,2108
W02000305,LMA7177,2670
W02000306,LMA7177,2056
W02000307,LMA7177,2392
W02000308,LMA7177,3497
W02000309,LMA7177,2575
W02000310,LMA7177,1922
W02000311,LMA7177,3354
W02000312,LMA7177,2789
W02000313,LMA7177,4553
W02000314,LMA7177,2498
W02000315,LMA7177,2061
W02000316,LMA7177,2272
W02000317,LMA7177,2835
W02000318,LMA7177,3190
W02000319,LMA7177,2849
W02000320,LMA7177,3256
W02000321,LMA7177,3220
W02000322,LMA7177,2484
W02000323,LMA7177,2147
W02000324,LMA7177,2410
W02000325,LMA7177,2434
W02000326,LMA7177,3497
W02000327,LMA7177,2385
W02000328,LMA7177,3058
W02000329,LMA7177,2989
W02000330,LMA7177,2749
W02000331,LMA7177,2414
W02000332,LMA7177,2375
W02000333,LMA7177,2765
W02000334,LMA7177,2985
W02000335,LMA7177,2633
W02000336,LMA2836,2775
W02000337,LMA2836,2572
W02000338,LMA2836,2615
W02000339,LMA2836,3569
W02000340,LMA2836,2243
W02000341,LMA7177,2886
W02000342,LMA7177,3309
W02000343,LMA7177,3388
W02000344,LMA7177,2863
W02000345,LMA7177,3093
W02000346,LMA7177,3493
W02000347,LMA7177,3226
W02000348,LMA7177,3182
W02000349,LMA7177,2564
W02000350,LMA7177,2810
W02000351,LMA7177,2297
W02000352,LMA7177,2693
W02000353,LMA7177,2933
W02000354,LMA7177,2179
W02000355,LMA7177,3424
W02000356,LMA7177,1668
W02000357,LMA7177,3080
W02000358,LMA7177,2304
W02000359,LMA7177,3979
W02000360,LMA7177,2521
W02000361,LMA7177,3529
W02000362,LMA7177,2365
W02000363,LMA7177,2210
W02000364,LMA7177,2213
W02000365,LMA7177,2769
W02000366,LMA7177,3667
W02000367,LMA7177,2359
W02000368,LMA7177,2886
W02000369,LMA7177,3986
W02000370,LMA7177,2411
W02000371,LMA7177,3742
W02000372,LMA7177,3263
W02000373,LMA7177,2394
W02000374,LMA7177,2131
W02000375,LMA7177,2776
W02000376,LMA7177,2714
W02000377,LMA7177,3205
W02000378,LMA7177,3013
W02000379,LMA7177,1967
W02000380,LMA7177,3057
W02000381,LMA7177,2344
W02000382,LMA7177,1792
W02000383,LMA7177,2811
W02000384,LMA7177,2522
W02000385,LMA7177,2419
W02000386,LMA7177,3197
W02000387,LMA7177,2561
W02000388,LMA7177,2373
W02000389,LMA7177,3160
W02000390,LMA7177,2191
W02000391,LMA7177,2980
W02000392,LMA7177,3858
W02000393,LMA7177,2502
W02000394,LMA7177,3160
W02000395,LMA7177,2855
W02000396,LMA7177,3468
W02000397,LMA7177,2500
W02000398,LMA7177,3164
W02000399,LMA7177,4204
W02000400,LMA7177,3397
W02000401,LMA7177,2723
W02000402,LMA7177,3772
W02000403,LMA7177,2711
W02000404,LMA7177,2369
W02000405,LMA7177,1959
W02000406,LMA7177,3664
W02000407,LMA7177,1985
W02000408,LMA7177,2374
W02000409,LMA7177,2106
W02000410,LMA7177,2792
W02000411,LMA7177,2260
W02000412,LMA7177,2536
W02000414,LMA6973,1899
W02000415,LMA7177,2754
W02000416,LMA6973,3445
W02000417,LMA6973,3486
W02000418,LMA6913,3964
W02000419,LMA6818,3968
W02000420,LMA7198,5355
W02000421,LMA6902,3698
W02000422,LMA7177,4140
W02000423,LMA7177,3750
