unit,area,is_core
E02000001,E02000001,True
E02000002,E02000001,False
E02000003,E02000001,False
E02000004,E02000001,False
E02000005,E02000001,False
E02000007,E02000001,False
E02000008,E02000001,False
E02000009,E02000001,False
E02000010,E02000001,False
E02000011,E02000001,False
E02000012,E02000001,False
E02000013,E02000001,False
E02000014,E02000001,False
E02000015,E02000001,False
E02000016,E02000001,False
E02000017,E02000001,False
E02000018,E02000001,False
E02000019,E02000001,False
E02000020,E02000001,False
E02000021,E02000001,False
E02000022,E02000001,False
E02000023,E02000001,False
E02000024,E02000001,False
E02000025,E02000001,False
E02000026,E02000001,False
E02000027,E02000001,False
E02000028,E02000001,False
E02000029,E02000001,False
E02000030,E02000001,False
E02000031,E02000001,False
E02000032,E02000001,False
E02000033,E02000001,False
E02000034,E02000001,False
E02000035,E02000001,False
E02000036,E02000001,False
E02000037,E02000001,False
E02000038,E02000001,False
E02000039,E02000001,False
E02000040,E02000001,False
E02000041,E02000001,False
E02000042,E02000001,False
E02000043,E02000001,False
E02000044,E02000001,False
E02000045,E02000001,False
E02000046,E02000001,False
E02000047,E02000001,False
E02000048,E02000001,False
E02000049,E02000001,False
E02000050,E02000001,False
E02000051,E02000001,False
E02000052,E02000001,False
E02000054,E02000001,False
E02000055,E02000001,False
E02000056,E02000001,False
E02000057,E02000001,False
E02000058,E02000001,False
E02000059,E02000001,False
E02000060,E02000001,False
E02000061,E02000001,False
E02000062,E02000001,False
E02000063,E02000001,False
E02000064,E02000001,False
E02000065,E02000001,False
E02000066,E02000001,False
E02000067,E02000001,False
E02000068,E02000001,False
E02000069,E02000001,False
E02000070,E02000001,False
E02000071,E02000001,False
E02000072,E02000001,False
E02000073,E02000001,False
E02000074,E02000001,False
E02000075,E02000001,False
E02000077,E02000001,False
E02000078,E02000001,False
E02000079,E02000001,False
E02000080,E02000001,False
E02000081,E02000001,False
E02000082,E02000001,False
E02000083,E02000001,False
E02000084,E02000001,False
E02000085,E02000001,False
E02000086,E02000001,False
E02000087,E02000001,False
E02000088,E02000001,False
E02000089,E02000001,False
E02000090,E02000001,False
E02000091,E02000001,False
E02000092,E02000001,False
E02000093,E02000001,False
E02000094,E02000001,False
E02000095,E02000001,False
E02000096,E02000001,False
E02000097,E02000001,False
E02000098,E02000001,False
E02000099,E02000001,False
E02000100,E02000100,True
E02000101,E02000001,False
E02000102,E02000001,False
E02000103,E02000001,False
E02000104,E02000001,False
E02000105,E02000001,False
E02000106,E02000001,False
E02000107,E02000001,False
E02000108,E02000001,False
E02000110,E02000001,False
E02000111,E02000001,False
E02000112,E02000001,False
E02000113,E02000001,False
E02000114,E02000001,False
E02000115,E02000001,False
E02000116,E02000001,False
E02000117,E02000001,False
E02000118,E02000001,False
E02000119,E02000119,True
E02000120,E02000001,False
E02000121,E02000001,False
E02000122,E02000001,False
E02000123,E02000001,False
E02000124,E02000001,False
E02000125,E02000001,False
E02000126,E02000001,False
E02000127,E02000001,False
E02000128,E02000001,False
E02000130,E02000001,False
E02000131,E02000001,False
E02000132,E02000001,False
E02000133,E02000001,False
E02000134,E02000001,False
E02000135,E02000001,False
E02000136,E02000001,False
E02000137,E02000001,False
E02000138,E02000001,False
E02000139,E02000001,False
E02000140,E02000001,False
E02000141,E02000001,False
E02000142,E02000001,False
E02000144,E02000001,False
E02000145,E02000001,False
E02000146,E02000001,False
E02000147,E02000001,False
E02000148,E02000001,False
E02000149,E02000001,False
E02000150,E02000001,False
E02000151,E02000001,False
E02000152,E02000001,False
E02000153,E02000001,False
E02000154,E02000001,False
E02000155,E02000001,False
E02000156,E02000001,False
E02000157,E02000001,False
E02000158,E02000001,False
E02000159,E02000001,False
E02000160,E02000001,False
E02000161,E02000001,False
E02000162,E02000001,False
E02000163,E02000001,False
E02000165,E02000001,False
E02000166,E02000001,False
E02000167,E02000001,False
E02000168,E02000001,False
E02000169,E02000001,False
E02000170,E02000001,False
E02000171,E02000001,False
E02000172,E02000001,False
E02000173,E02000173,True
E02000174,E02000001,False
E02000175,E02000001,False
E02000176,E02000001,False
E02000177,E02000001,False
E02000178,E02000001,False
E02000179,E02000001,False
E02000180,E02000001,False
E02000181,E02000001,False
E02000182,E02000001,False
E02000183,E02000001,False
E02000184,E02000001,False
E02000185,E02000001,False
E02000186,E02000186,True
E02000187,E02000187,True
E02000188,E02000001,False
E02000191,E02000191,True
E02000192,E02000001,True
E02000193,E02000001,True
E02000194,E02000001,False
E02000195,E02000001,False
E02000196,E02000001,False
E02000197,E02000001,False
E02000198,E02000001,False
E02000199,E02000001,False
E02000200,E02000001,False
E02000201,E02000001,False
E02000202,E02000001,False
E02000203,E02000001,False
E02000204,E02000001,False
E02000206,E02000001,False
E02000207,E02000001,False
E02000208,E02000001,False
E02000209,E02000001,False
E02000210,E02000001,False
E02000211,E02000001,False
E02000212,E02000001,False
E02000213,E02000001,False
E02000214,E02000001,False
E02000215,E02000001,False
E02000216,E02000001,False
E02000217,E02000001,False
E02000218,E02000001,False
E02000219,E02000001,False
E02000221,E02000001,False
E02000222,E02000001,False
E02000223,E02000001,False
E02000224,E02000001,False
E02000225,E02000001,False
E02000226,E02000001,False
E02000227,E02000001,False
E02000228,E02000001,False
E02000229,E02000001,False
E02000230,E02000001,False
E02000231,E02000001,False
E02000232,E02000001,False
E02000233,E02000001,False
E02000234,E02000001,False
E02000235,E02000001,False
E02000236,E02000001,False
E02000237,E02000001,False
E02000238,E02000001,False
E02000239,E02000001,False
E02000240,E02000001,False
E02000241,E02000001,False
E02000242,E02000001,False
E02000243,E02000001,False
E02000244,E02000001,False
E02000245,E02000001,False
E02000246,E02000001,False
E02000247,E02000001,False
E02000248,E02000001,False
E02000249,E02000001,False
E02000250,E02000001,False
E02000251,E02000001,False
E02000252,E02000252,True
E02000253,E02000001,False
E02000254,E02000001,False
E02000255,E02000001,False
E02000256,E02000001,False
E02000258,E02000001,False
E02000259,E02000001,False
E02000260,E02000524,False
E02000261,E02000001,False
E02000262,E02000001,False
E02000263,E02000524,False
E02000264,E02000001,False
E02000265,E02000001,False
E02000266,E02000266,True
E02000267,E02000001,False
E02000268,E02000001,False
E02000269,E02000001,False
E02000270,E02000001,False
E02000271,E02000001,False
E02000272,E02000001,False
E02000275,E02000524,False
E02000276,E02000001,False
E02000277,E02000001,False
E02000278,E02000001,False
E02000279,E02000001,False
E02000280,E02000001,False
E02000281,E02000001,False
E02000282,E02000001,False
E02000283,E02000001,False
E02000284,E02000001,False
E02000285,E02000001,False
E02000286,E02000001,False
E02000287,E02000001,False
E02000288,E02000001,False
E02000289,E02000001,False
E02000290,E02000290,True
E02000291,E02000001,False
E02000292,E02000001,False
E02000293,E02000001,False
E02000294,E02000001,False
E02000295,E02000001,False
E02000296,E02000001,False
E02000297,E02000001,False
E02000298,E02000001,False
E02000299,E02000001,False
E02000300,E02000001,False
E02000301,E02000001,False
E02000302,E02000001,False
E02000303,E02000001,False
E02000304,E02000001,False
E02000305,E02000001,False
E02000306,E02000001,False
E02000307,E02000001,False
E02000308,E02000001,False
E02000309,E02000001,False
E02000311,E02000001,False
E02000312,E02000001,False
E02000313,E02000001,False
E02000314,E02000001,False
E02000315,E02000001,False
E02000317,E02000001,False
E02000318,E02000001,False
E02000319,E02000001,False
E02000320,E02000001,False
E02000321,E02000001,False
E02000323,E02000001,False
E02000324,E02000001,False
E02000326,E02000001,False
E02000327,E02000001,False
E02000328,E02000001,False
E02000329,E02000001,False
E02000331,E02000001,False
E02000332,E02000001,False
E02000333,E02000001,False
E02000334,E02000001,False
E02000335,E02000001,False
E02000337,E02000001,False
E02000339,E02000001,False
E02000340,E02000001,False
E02000341,E02000001,False
E02000342,E02000001,False
E02000343,E02000001,False
E02000344,E02000001,False
E02000345,E02000001,False
E02000346,E02000001,False
E02000347,E02000001,False
E02000348,E02000001,False
E02000350,E02000001,False
E02000351,E02000001,False
E02000352,E02000001,False
E02000353,E02000001,False
E02000354,E02000001,False
E02000355,E02000001,False
E02000356,E02000001,False
E02000357,E02000001,False
E02000358,E02000001,False
E02000359,E02000001,False
E02000360,E02000001,False
E02000361,E02000001,False
E02000362,E02000001,False
E02000363,E02000001,False
E02000364,E02000001,False
E02000366,E02000001,False
E02000367,E02000001,False
E02000368,E02000001,False
E02000369,E02000001,False
E02000370,E02000001,False
E02000372,E02000372,True
E02000373,E02000001,False
E02000374,E02000001,False
E02000375,E02000375,True
E02000376,E02000001,False
E02000377,E02000001,False
E02000378,E02000001,False
E02000379,E02000001,False
E02000380,E02000001,False
E02000381,E02000001,False
E02000382,E02000001,False
E02000383,E02000001,False
E02000384,E02000384,True
E02000385,E02000001,False
E02000386,E02000001,False
E02000387,E02000001,False
E02000388,E02000001,False
E02000389,E02000001,False
E02000390,E02000001,False
E02000391,E02000001,False
E02000392,E02000001,False
E02000393,E02000001,False
E02000394,E02000001,False
E02000395,E02000001,False
E02000396,E02000001,False
E02000397,E02000001,False
E02000398,E02000001,False
E02000400,E02000001,False
E02000401,E02000001,False
E02000402,E02000001,False
E02000403,E02000001,False
E02000404,E02000001,False
E02000405,E02000001,False
E02000406,E02000001,False
E02000407,E02000001,False
E02000408,E02000001,False
E02000409,E02000001,False
E02000410,E02000001,False
E02000411,E02000001,False
E02000412,E02000001,False
E02000413,E02000001,False
E02000414,E02000001,False
E02000415,E02000001,False
E02000416,E02000001,False
E02000417,E02000001,False
E02000418,E02000001,False
E02000419,E02000001,False
E02000420,E02000001,False
E02000421,E02000001,False
E02000422,E02000001,False
E02000423,E02000001,False
E02000424,E02000001,False
E02000425,E02000001,False
E02000426,E02000001,False
E02000427,E02000001,False
E02000428,E02000001,False
E02000429,E02000001,False
E02000430,E02000001,False
E02000431,E02000001,False
E02000432,E02000001,False
E02000433,E02000001,False
E02000434,E02000001,False
E02000435,E02000001,False
E02000436,E02000001,False
E02000437,E02000001,False
E02000438,E02000001,False
E02000439,E02000001,False
E02000440,E02000001,False
E02000441,E02000001,False
E02000442,E02000001,False
E02000443,E02000001,False
E02000444,E02000001,False
E02000445,E02000001,False
E02000447,E02000001,False
E02000448,E02000001,False
E02000449,E02000001,False
E02000451,E02000001,False
E02000452,E02000001,False
E02000453,E02000001,False
E02000454,E02000001,False
E02000455,E02000001,False
E02000456,E02000001,False
E02000457,E02000001,False
E02000459,E02000001,False
E02000460,E02000001,False
E02000461,E02000001,False
E02000462,E02000001,False
E02000463,E02000001,False
E02000464,E02000001,False
E02000465,E02000001,False
E02000466,E02000001,False
E02000467,E02000001,False
E02000468,E02000001,False
E02000469,E02000001,False
E02000470,E02000001,False
E02000471,E02000001,False
E02000472,E02000001,False
E02000473,E02000001,False
E02000474,E02000480,False
E02000475,E02000001,False
E02000476,E02000480,True
E02000477,E02000001,False
E02000478,E02000001,False
E02000479,E02000480,False
E02000480,E02000480,True
E02000481,E02000001,False
E02000482,E02000001,False
E02000483,E02000001,False
E02000484,E02000001,False
E02000485,E02000001,False
E02000486,E02000001,False
E02000487,E02000001,False
E02000488,E02000001,False
E02000489,E02000001,False
E02000490,E02000001,False
E02000491,E02000001,False
E02000492,E02000001,False
E02000493,E02000001,False
E02000494,E02000001,False
E02000495,E02000001,False
E02000496,E02000001,False
E02000497,E02000001,False
E02000498,E02000001,False
E02000499,E02000001,False
E02000500,E02000001,False
E02000501,E02000001,False
E02000502,E02000001,False
E02000503,E02000001,False
E02000504,E02000001,False
E02000506,E02000001,False
E02000507,E02000001,False
E02000508,E02000001,False
E02000509,E02000001,False
E02000510,E02000524,False
E02000511,E02000524,False
E02000512,E02000524,False
E02000513,E02000524,False
E02000514,E02000524,False
E02000515,E02000524,False
E02000516,E02000524,False
E02000517,E02000524,False
E02000518,E02000524,False
E02000519,E02000524,False
E02000520,E02000524,True
E02000521,E02000524,False
E02000522,E02000524,False
E02000523,E02000524,False
E02000524,E02000524,True
E02000525,E02000524,False
E02000526,E02000001,False
E02000529,E02000524,False
E02000530,E02000524,False
E02000531,E02000001,False
E02000532,E02000001,False
E02000533,E02000001,False
E02000534,E02000001,False
E02000535,E02000524,False
E02000536,E02000524,False
E02000537,E02000001,False
E02000538,E02000524,False
E02000539,E02000001,False
E02000540,E02000001,False
E02000541,E02000524,False
E02000542,E02000524,False
E02000543,E02000001,False
E02000544,E02000001,False
E02000545,E02000001,False
E02000546,E02000001,False
E02000547,E02000524,False
E02000548,E02000524,False
E02000549,E02000524,False
E02000550,E02000001,False
E02000551,E02000001,False
E02000552,E02000524,False
E02000553,E02000001,False
E02000554,E02000001,False
E02000555,E02000001,False
E02000556,E02000001,False
E02000557,E02000001,False
E02000558,E02000001,False
E02000559,E02000001,False
E02000560,E02000001,False
E02000561,E02000001,False
E02000562,E02000001,False
E02000563,E02000001,False
E02000564,E02000001,False
E02000565,E02000001,False
E02000566,E02000001,False
E02000567,E02000001,False
E02000568,E02000001,False
E02000569,E02000001,False
E02000570,E02000001,False
E02000571,E02000001,False
E02000572,E02000001,False
E02000573,E02000001,False
E02000574,E02000001,False
E02000575,E02000001,True
E02000576,E02000001,True
E02000577,E02000001,False
E02000578,E02000001,False
E02000579,E02000001,False
E02000580,E02000001,False
E02000581,E02000001,False
E02000582,E02000001,False
E02000583,E02000001,False
E02000584,E02000001,False
E02000585,E02000001,False
E02000586,E02000001,False
E02000587,E02000001,False
E02000588,E02000001,True
E02000589,E02000001,False
E02000590,E02000001,False
E02000591,E02000001,False
E02000592,E02000001,False
E02000593,E02000001,False
E02000594,E02000001,False
E02000595,E02000001,True
E02000596,E02000596,True
E02000597,E02000001,False
E02000598,E02000001,False
E02000599,E02000001,False
E02000600,E02000001,False
E02000601,E02000001,False
E02000602,E02000001,False
E02000603,E02000001,False
E02000604,E02000001,False
E02000605,E02000001,False
E02000606,E02000606,True
E02000607,E02000001,False
E02000608,E02000001,False
E02000609,E02000001,False
E02000610,E02000001,False
E02000611,E02000001,False
E02000612,E02000001,False
E02000613,E02000001,False
E02000614,E02000001,False
E02000615,E02000001,False
E02000616,E02000001,False
E02000617,E02000001,False
E02000619,E02000001,False
E02000620,E02000001,False
E02000621,E02000001,False
E02000622,E02000001,False
E02000623,E02000001,False
E02000624,E02000001,False
E02000625,E02000001,False
E02000626,E02000001,False
E02000627,E02000001,False
E02000628,E02000001,False
E02000629,E02000001,False
E02000630,E02000001,False
E02000631,E02000631,True
E02000632,E02000001,False
E02000633,E02000001,False
E02000634,E02000001,False
E02000635,E02000001,False
E02000636,E02000001,False
E02000637,E02000001,False
E02000638,E02000001,False
E02000639,E02000001,False
E02000640,E02000001,False
E02000641,E02000001,False
E02000642,E02000001,False
E02000643,E02000001,False
E02000644,E02000001,False
E02000645,E02000001,False
E02000646,E02000001,False
E02000647,E02000001,False
E02000648,E02000001,False
E02000649,E02000001,False
E02000650,E02000001,False
E02000651,E02000001,False
E02000652,E02000001,False
E02000653,E02000001,False
E02000654,E02000001,False
E02000655,E02000001,False
E02000657,E02000001,False
E02000658,E02000001,False
E02000659,E02000001,False
E02000660,E02000001,False
E02000661,E02000001,False
E02000662,E02000001,False
E02000663,E02000001,False
E02000665,E02000001,False
E02000666,E02000001,False
E02000667,E02000001,False
E02000668,E02000001,False
E02000669,E02000001,False
E02000670,E02000001,False
E02000671,E02000001,False
E02000672,E02000001,False
E02000673,E02000001,False
E02000674,E02000001,False
E02000675,E02000001,False
E02000676,E02000001,False
E02000677,E02000001,False
E02000678,E02000001,False
E02000679,E02000001,False
E02000680,E02000001,False
E02000681,E02000001,False
E02000682,E02000001,False
E02000683,E02000001,False
E02000685,E02000001,False
E02000686,E02000001,False
E02000687,E02000001,False
E02000689,E02000001,False
E02000690,E02000001,False
E02000691,E02000001,False
E02000692,E02000001,False
E02000693,E02000001,False
E02000694,E02000001,False
E02000695,E02000001,False
E02000696,E02000001,False
E02000697,E02000001,False
E02000698,E02000001,False
E02000699,E02000001,False
E02000700,E02000001,False
E02000701,E02000001,False
E02000702,E02000001,False
E02000703,E02000001,False
E02000704,E02000001,False
E02000705,E02000001,False
E02000706,E02000001,False
E02000707,E02000001,False
E02000708,E02000001,False
E02000709,E02000001,False
E02000710,E02000001,False
E02000711,E02000001,False
E02000712,E02000001,False
E02000713,E02000001,False
E02000714,E02000001,False
E02000715,E02000001,False
E02000716,E02000001,False
E02000717,E02000001,False
E02000718,E02000001,False
E02000719,E02000001,False
E02000720,E02000001,False
E02000721,E02000001,False
E02000722,E02000001,False
E02000723,E02000001,False
E02000724,E02000001,False
E02000725,E02000001,False
E02000727,E02000001,False
E02000728,E02000001,False
E02000729,E02000001,False
E02000730,E02000001,False
E02000731,E02000001,False
E02000732,E02000001,False
E02000733,E02000001,False
E02000734,E02000001,False
E02000735,E02000001,False
E02000736,E02000001,False
E02000737,E02000001,False
E02000738,E02000001,False
E02000739,E02000001,False
E02000740,E02000001,False
E02000741,E02000001,False
E02000742,E02000001,False
E02000743,E02000001,False
E02000744,E02000001,False
E02000745,E02000001,False
E02000746,E02000746,True
E02000747,E02000001,False
E02000748,E02000001,False
E02000749,E02000001,False
E02000751,E02000001,False
E02000752,E02000001,False
E02000753,E02000001,False
E02000754,E02000001,False
E02000755,E02000001,False
E02000756,E02000001,False
E02000757,E02000001,False
E02000758,E02000001,False
E02000759,E02000001,False
E02000760,E02000001,False
E02000762,E02000001,False
E02000763,E02000001,False
E02000764,E02000001,False
E02000765,E02000001,False
E02000767,E02000001,False
E02000768,E02000001,False
E02000770,E02000001,False
E02000772,E02000001,False
E02000773,E02000001,False
E02000774,E02000001,False
E02000776,E02000001,False
E02000777,E02000001,False
E02000779,E02000001,False
E02000781,E02000001,False
E02000782,E02000001,False
E02000783,E02000001,False
E02000784,E02000001,False
E02000785,E02000001,False
E02000786,E02000001,False
E02000787,E02000001,False
E02000788,E02000001,False
E02000789,E02000001,False
E02000790,E02000001,False
E02000791,E02000001,False
E02000792,E02000001,False
E02000793,E02000001,False
E02000794,E02000001,False
E02000795,E02000001,False
E02000796,E02000001,False
E02000797,E02000001,False
E02000798,E02000001,False
E02000799,E02000001,False
E02000800,E02000001,False
E02000801,E02000001,False
E02000802,E02000001,False
E02000803,E02000001,False
E02000804,E02000001,False
E02000805,E02000001,False
E02000806,E02000001,False
E02000807,E02000001,False
E02000808,E02000001,True
E02000810,E02000001,False
E02000812,E02000812,True
E02000813,E02000001,False
E02000814,E02000001,False
E02000815,E02000001,False
E02000816,E02000001,False
E02000817,E02000001,False
E02000818,E02000001,False
E02000819,E02000001,False
E02000820,E02000001,False
E02000821,E02000001,False
E02000822,E02000001,False
E02000823,E02000001,False
E02000824,E02000001,False
E02000825,E02000001,False
E02000826,E02000001,False
E02000827,E02000001,False
E02000828,E02000001,False
E02000829,E02000001,False
E02000830,E02000001,False
E02000831,E02000001,False
E02000832,E02000001,False
E02000833,E02000001,False
E02000834,E02000001,False
E02000835,E02000001,False
E02000836,E02000001,False
E02000837,E02000001,False
E02000838,E02000001,False
E02000839,E02000001,False
E02000840,E02000001,False
E02000841,E02000001,False
E02000842,E02000001,False
E02000843,E02000001,False
E02000844,E02000001,False
E02000845,E02000001,False
E02000846,E02000001,False
E02000847,E02000001,False
E02000848,E02000001,False
E02000849,E02000001,False
E02000850,E02000001,False
E02000851,E02000001,False
E02000852,E02000001,False
E02000853,E02000001,False
E02000854,E02000001,False
E02000855,E02000001,False
E02000856,E02000001,False
E02000857,E02000001,False
E02000858,E02000001,False
E02000859,E02000001,False
E02000860,E02000001,False
E02000861,E02000001,False
E02000863,E02000001,False
E02000864,E02000001,False
E02000865,E02000001,False
E02000866,E02000001,False
E02000867,E02000001,False
E02000868,E02000001,False
E02000869,E02000001,False
E02000870,E02000001,False
E02000871,E02000001,False
E02000872,E02000001,False
E02000873,E02000001,False
E02000874,E02000001,False
E02000875,E02000001,False
E02000876,E02000001,False
E02000877,E02000001,False
E02000878,E02000001,True
E02000879,E02000001,False
E02000880,E02000880,True
E02000881,E02000001,False
E02000882,E02000001,False
E02000883,E02000001,False
E02000884,E02000001,True
E02000885,E02000001,False
E02000886,E02000001,False
E02000887,E02000001,False
E02000888,E02000001,False
E02000889,E02000001,False
E02000890,E02000001,False
E02000893,E02000001,False
E02000894,E02000001,False
E02000895,E02000001,False
E02000896,E02000001,False
E02000897,E02000001,False
E02000898,E02000001,False
E02000899,E02000001,False
E02000900,E02000001,False
E02000901,E02000001,False
E02000902,E02000001,False
E02000903,E02000001,False
E02000904,E02000001,False
E02000905,E02000001,False
E02000906,E02000001,False
E02000907,E02000001,False
E02000908,E02000001,False
E02000909,E02000001,False
E02000910,E02000001,False
E02000911,E02000001,False
E02000912,E02000001,False
E02000913,E02000001,False
E02000914,E02000001,False
E02000915,E02000001,False
E02000916,E02000001,False
E02000917,E02000001,False
E02000918,E02000001,False
E02000919,E02000001,False
E02000920,E02000001,False
E02000921,E02000001,False
E02000922,E02000001,False
E02000923,E02000001,False
E02000925,E02000001,False
E02000926,E02000001,False
E02000927,E02000001,False
E02000928,E02000001,False
E02000929,E02000001,False
E02000930,E02000001,False
E02000931,E02000001,False
E02000932,E02000001,False
E02000933,E02000001,False
E02000934,E02000001,False
E02000935,E02000001,False
E02000936,E02000001,False
E02000937,E02000001,False
E02000938,E02000001,False
E02000939,E02000001,False
E02000940,E02000001,False
E02000941,E02000001,False
E02000942,E02000001,False
E02000943,E02000001,False
E02000944,E02000001,False
E02000945,E02000001,False
E02000946,E02000001,False
E02000947,E02000001,False
E02000948,E02000001,False
E02000949,E02000001,False
E02000950,E02000001,False
E02000951,E02000001,False
E02000952,E02000001,False
E02000953,E02000956,False
E02000954,E02000001,False
E02000955,E02000001,False
E02000956,E02000956,True
E02000957,E02000001,False
E02000958,E02000001,False
E02000959,E02000001,False
E02000960,E02000001,False
E02000961,E02000001,False
E02000962,E02000001,False
E02000963,E02000001,False
E02000964,E02000001,False
E02000965,E02000001,False
E02000966,E02000001,False
E02000967,E02000001,False
E02000968,E02000001,False
E02000969,E02000001,False
E02000970,E02000001,True
E02000971,E02000001,False
E02000972,E02000001,True
E02000973,E02000001,False
E02000974,E02000974,True
E02000975,E02000001,False
E02000976,E02000001,False
E02000977,E02000001,True
E02000978,E02000001,True
E02000979,E02000001,True
E02000980,E02000001,False
E02000981,E02000001,False
E02000982,E02000001,False
E02000983,E02000001,False
E02000984,E02000999,False
E02000985,E02000999,False
E02000986,E02000999,False
E02000987,E02000999,False
E02000988,E02000999,False
E02000989,E02000999,False
E02000990,E02000999,False
E02000991,E02000999,False
E02000992,E02000999,False
E02000993,E02000999,False
E02000994,E02000999,False
E02000995,E02000999,False
E02000996,E02000999,False
E02000997,E02000999,False
E02000998,E02000999,False
E02000999,E02000999,True
E02001000,E02000999,False
E02001001,E02000999,False
E02001002,E02000999,False
E02001003,E02000999,False
E02001004,E02000999,False
E02001005,E02000999,False
E02001006,E02000999,False
E02001007,E02000999,False
E02001008,E02000999,False
E02001009,E02000999,False
E02001010,E02000999,False
E02001011,E02000999,False
E02001012,E02000999,True
E02001013,E02000999,False
E02001014,E02000999,False
E02001015,E02000999,False
E02001016,E02000999,False
E02001017,E02000999,False
E02001018,E02000999,False
E02001019,E02001026,False
E02001020,E02001026,False
E02001021,E02001026,False
E02001022,E02001026,False
E02001023,E02001026,False
E02001024,E02001026,False
E02001025,E02001026,False
E02001026,E02001026,True
E02001027,E02001026,False
E02001028,E02001026,False
E02001029,E02001026,False
E02001030,E02000999,False
E02001031,E02001026,False
E02001032,E02001026,False
E02001033,E02001026,False
E02001034,E02001026,False
E02001035,E02001062,False
E02001036,E02001062,False
E02001037,E02001062,False
E02001038,E02001062,False
E02001039,E02001062,False
E02001040,E02001062,False
E02001041,E02001062,False
E02001042,E02001062,False
E02001043,E02001062,False
E02001044,E02001062,False
E02001045,E02001062,False
E02001046,E02001062,False
E02001047,E02001062,False
E02001048,E02001062,False
E02001049,E02001062,False
E02001050,E02001050,True
E02001051,E02001062,False
E02001052,E02001062,False
E02001053,E02001062,False
E02001055,E02001062,False
E02001056,E02001062,False
E02001059,E02001062,False
E02001061,E02001062,False
E02001062,E02001062,True
E02001063,E02001062,False
E02001064,E02001062,False
E02001065,E02001062,False
E02001066,E02001062,False
E02001067,E02001062,False
E02001068,E02001062,False
E02001069,E02001062,False
E02001070,E02001062,False
E02001072,E02001062,False
E02001073,E02001062,False
E02001074,E02001062,False
E02001075,E02001062,False
E02001076,E02001062,False
E02001077,E02001062,False
E02001078,E02001062,False
E02001079,E02001062,False
E02001080,E02001062,False
E02001081,E02001062,False
E02001082,E02001062,False
E02001083,E02001062,False
E02001084,E02001062,False
E02001085,E02001062,False
E02001086,E02001062,False
E02001087,E02001062,False
E02001088,E02001097,False
E02001089,E02001062,False
E02001090,E02001062,False
E02001091,E02001097,False
E02001092,E02001097,False
E02001093,E02001097,False
E02001094,E02001097,False
E02001095,E02001097,True
E02001096,E02001097,False
E02001097,E02001097,True
E02001098,E02001062,False
E02001099,E02001062,False
E02001100,E02001062,False
E02001101,E02001062,False
E02001102,E02001062,False
E02001103,E02001062,False
E02001104,E02001062,False
E02001105,E02001062,False
E02001106,E02001062,False
E02001107,E02001062,False
E02001108,E02001062,False
E02001109,E02001062,False
E02001110,E02001062,False
E02001111,E02001062,False
E02001112,E02001062,False
E02001113,E02001113,True
E02001114,E02001062,False
E02001115,E02001062,False
E02001116,E02001062,False
E02001117,E02001062,False
E02001118,E02001062,False
E02001119,E02001062,False
E02001121,E02001062,False
E02001123,E02001062,False
E02001124,E02001062,False
E02001125,E02001062,False
E02001126,E02001062,False
E02001127,E02001062,False
E02001128,E02001062,False
E02001129,E02001062,False
E02001130,E02001062,False
E02001131,E02001062,False
E02001132,E02001141,False
E02001133,E02001141,False
E02001134,E02001141,False
E02001135,E02001141,False
E02001136,E02001141,False
E02001137,E02001141,False
E02001138,E02001141,False
E02001139,E02001141,False
E02001140,E02001141,False
E02001141,E02001141,True
E02001142,E02001141,False
E02001143,E02001141,False
E02001144,E02001141,False
E02001145,E02001141,False
E02001146,E02001141,False
E02001147,E02001141,False
E02001148,E02001141,False
E02001149,E02001026,False
E02001150,E02001026,False
E02001151,E02001062,False
E02001152,E02001062,False
E02001153,E02001062,False
E02001154,E02001062,False
E02001155,E02001062,False
E02001156,E02001062,False
E02001157,E02001062,False
E02001158,E02001062,False
E02001159,E02001062,False
E02001160,E02001062,False
E02001161,E02001062,False
E02001162,E02001062,False
E02001163,E02001062,False
E02001164,E02001062,False
E02001165,E02001062,False
E02001166,E02001062,False
E02001167,E02001062,False
E02001168,E02001062,False
E02001169,E02001062,False
E02001170,E02001062,False
E02001171,E02001062,False
E02001173,E02001062,False
E02001174,E02001062,False
E02001175,E02001260,False
E02001176,E02001062,False
E02001177,E02001177,True
E02001179,E02001062,False
E02001180,E02001062,False
E02001181,E02001260,False
E02001182,E02001260,False
E02001183,E02001260,False
E02001185,E02001260,False
E02001186,E02001260,False
E02001187,E02001062,False
E02001188,E02001062,False
E02001189,E02001062,False
E02001190,E02001062,False
E02001191,E02001062,False
E02001192,E02001062,False
E02001193,E02001062,False
E02001194,E02001062,False
E02001195,E02001062,False
E02001196,E02001062,False
E02001197,E02001062,False
E02001198,E02001062,False
E02001199,E02001062,False
E02001200,E02001200,True
E02001201,E02001062,False
E02001202,E02001062,False
E02001203,E02001062,False
E02001204,E02001062,False
E02001205,E02001062,False
E02001206,E02001062,False
E02001207,E02001062,False
E02001208,E02001062,False
E02001209,E02001062,False
E02001210,E02001213,False
E02001211,E02001062,False
E02001212,E02001062,False
E02001213,E02001213,True
E02001214,E02001062,False
E02001215,E02001062,False
E02001216,E02001062,False
E02001217,E02001213,False
E02001218,E02001062,False
E02001219,E02001213,False
E02001220,E02001062,False
E02001221,E02001213,False
E02001222,E02001062,False
E02001223,E02001062,False
E02001224,E02001062,False
E02001225,E02001062,False
E02001226,E02001062,False
E02001227,E02001062,False
E02001228,E02001062,False
E02001229,E02001241,False
E02001230,E02001241,False
E02001231,E02001241,False
E02001232,E02001241,False
E02001233,E02001241,False
E02001234,E02001241,False
E02001235,E02001241,True
E02001236,E02001241,False
E02001237,E02001241,False
E02001238,E02001062,False
E02001239,E02001062,False
E02001240,E02001062,False
E02001241,E02001241,True
E02001242,E02001062,False
E02001243,E02001241,False
E02001244,E02001241,False
E02001245,E02001241,False
E02001246,E02001241,False
E02001247,E02001062,False
E02001248,E02001241,False
E02001249,E02001062,False
E02001250,E02001241,False
E02001251,E02001241,False
E02001252,E02001062,False
E02001253,E02001062,False
E02001254,E02001241,False
E02001255,E02001241,False
E02001256,E02001241,False
E02001257,E02001062,False
E02001258,E02001241,False
E02001259,E02001062,False
E02001260,E02001260,True
E02001261,E02001062,False
E02001262,E02001062,False
E02001263,E02001260,False
E02001264,E02001260,True
E02001265,E02001260,False
E02001266,E02001260,False
E02001267,E02001062,False
E02001268,E02001260,False
E02001269,E02001062,False
E02001270,E02001062,False
E02001271,E02001062,False
E02001272,E02001062,False
E02001273,E02001062,False
E02001274,E02001062,False
E02001275,E02001260,False
E02001276,E02001062,False
E02001277,E02001062,False
E02001278,E02001062,False
E02001279,E02001062,False
E02001280,E02001097,False
E02001281,E02001062,False
E02001282,E02001062,False
E02001283,E02001062,False
E02001284,E02001062,False
E02001285,E02001062,False
E02001286,E02001062,False
E02001287,E02005256,False
E02001288,E02005256,False
E02001289,E02005256,False
E02001290,E02000999,False
E02001291,E02002598,False
E02001292,E02000999,False
E02001293,E02000999,False
E02001294,E02000999,False
E02001295,E02002598,False
E02001296,E02002598,False
E02001297,E02002598,False
E02001298,E02002598,False
E02001299,E02000999,False
E02001300,E02002598,False
E02001301,E02001301,True
E02001302,E02000999,False
E02001303,E02000999,False
E02001304,E02002598,False
E02001305,E02000999,False
E02001306,E02002598,False
E02001307,E02002598,False
E02001308,E02000999,False
E02001309,E02000999,False
E02001310,E02002598,False
E02001311,E02001062,False
E02001312,E02002598,False
E02001313,E02000999,False
E02001314,E02001062,False
E02001315,E02001062,False
E02001316,E02000999,False
E02001317,E02001062,False
E02001318,E02002598,False
E02001319,E02002598,False
E02001320,E02002598,False
E02001321,E02002598,False
E02001322,E02002598,False
E02001323,E02002598,False
E02001324,E02002598,False
E02001325,E02002598,False
E02001326,E02002598,False
E02001327,E02001331,False
E02001328,E02001331,False
E02001329,E02001331,False
E02001330,E02001377,False
E02001331,E02001331,True
E02001332,E02001377,False
E02001333,E02001377,False
E02001334,E02001377,False
E02001335,E02001335,True
E02001336,E02001377,False
E02001337,E02001377,False
E02001338,E02001377,False
E02001339,E02001335,False
E02001340,E02001377,False
E02001341,E02001377,False
E02001342,E02001377,False
E02001343,E02001377,False
E02001344,E02001404,False
E02001345,E02001404,False
E02001346,E02001404,True
E02001347,E02001351,False
E02001348,E02001377,False
E02001349,E02001377,False
E02001350,E02001377,False
E02001351,E02001351,True
E02001352,E02001377,False
E02001353,E02001377,False
E02001354,E02001377,False
E02001355,E02001377,False
E02001356,E02001377,False
E02001357,E02001377,False
E02001358,E02001377,False
E02001359,E02001377,False
E02001360,E02001377,False
E02001361,E02001377,False
E02001362,E02001377,False
E02001363,E02001377,False
E02001364,E02001377,False
E02001365,E02001377,False
E02001366,E02001377,False
E02001367,E02001377,False
E02001368,E02001377,False
E02001369,E02001377,False
E02001370,E02001377,False
E02001371,E02001377,False
E02001372,E02001372,True
E02001373,E02001377,False
E02001374,E02001377,False
E02001375,E02001377,False
E02001376,E02001377,False
E02001377,E02001377,True
E02001378,E02001377,False
E02001380,E02001377,False
E02001381,E02001377,False
E02001382,E02001377,False
E02001383,E02001377,False
E02001384,E02001377,False
E02001385,E02001377,False
E02001386,E02001377,False
E02001387,E02001377,False
E02001388,E02001377,False
E02001389,E02001377,False
E02001390,E02001377,False
E02001391,E02001377,False
E02001392,E02001377,False
E02001393,E02001377,False
E02001394,E02001377,False
E02001395,E02001377,False
E02001396,E02001377,False
E02001397,E02001377,False
E02001398,E02001377,False
E02001399,E02001377,False
E02001400,E02001377,False
E02001401,E02001404,False
E02001402,E02001377,False
E02001403,E02001404,False
E02001404,E02001404,True
E02001405,E02001404,False
E02001406,E02002598,False
E02001407,E02002598,False
E02001408,E02002598,False
E02001409,E02002598,False
E02001410,E02002598,False
E02001411,E02002598,False
E02001412,E02002598,False
E02001413,E02002598,False
E02001414,E02002598,False
E02001415,E02002598,False
E02001416,E02002598,False
E02001417,E02002598,False
E02001418,E02002598,False
E02001419,E02002598,False
E02001420,E02002598,False
E02001421,E02002598,False
E02001422,E02002598,False
E02001423,E02001377,False
E02001425,E02002598,False
E02001426,E02001377,False
E02001427,E02002598,False
E02001428,E02001377,False
E02001429,E02001377,False
E02001430,E02001377,False
E02001431,E02001377,False
E02001432,E02001377,False
E02001433,E02001377,False
E02001434,E02001377,False
E02001435,E02001377,False
E02001436,E02001377,False
E02001437,E02001377,False
E02001438,E02001377,False
E02001439,E02001377,False
E02001440,E02001377,False
E02001441,E02001377,False
E02001442,E02001377,False
E02001443,E02001377,False
E02001444,E02001377,False
E02001445,E02001377,False
E02001446,E02001377,False
E02001447,E02001377,False
E02001448,E02001377,False
E02001449,E02001377,False
E02001450,E02001377,False
E02001451,E02001377,False
E02001452,E02001377,False
E02001453,E02001377,False
E02001454,E02001377,False
E02001455,E02001377,False
E02001456,E02001377,False
E02001457,E02001377,False
E02001458,E02001377,False
E02001459,E02001377,False
E02001460,E02001377,False
E02001461,E02001377,False
E02001462,E02001377,False
E02001463,E02001377,False
E02001464,E02001377,False
E02001465,E02001465,True
E02001466,E02001377,False
E02001467,E02001377,False
E02001468,E02001377,False
E02001469,E02001377,False
E02001470,E02001377,False
E02001471,E02001377,False
E02001472,E02001377,False
E02001473,E02001377,False
E02001474,E02001482,False
E02001475,E02001377,False
E02001476,E02001377,False
E02001477,E02001482,False
E02001478,E02001377,False
E02001479,E02001377,False
E02001480,E02001377,False
E02001481,E02001482,False
E02001482,E02001482,True
E02001483,E02001377,False
E02001484,E02001377,False
E02001485,E02001377,False
E02001486,E02001482,False
E02001487,E02001482,False
E02001488,E02001482,False
E02001489,E02001377,False
E02001490,E02003803,False
E02001491,E02001491,True
E02001492,E02001377,False
E02001493,E02003803,False
E02001494,E02001377,False
E02001495,E02003803,False
E02001496,E02003803,False
E02001497,E02003803,False
E02001498,E02003803,False
E02001499,E02003803,False
E02001500,E02003803,False
E02001501,E02003803,False
E02001502,E02003803,False
E02001503,E02003803,False
E02001504,E02003803,False
E02001505,E02003803,False
E02001506,E02003803,False
E02001507,E02003803,False
E02001508,E02003803,False
E02001509,E02001520,False
E02001510,E02001520,False
E02001511,E02001520,False
E02001512,E02001520,False
E02001513,E02001520,False
E02001514,E02001520,False
E02001515,E02001520,False
E02001516,E02001520,False
E02001517,E02001520,False
E02001518,E02001520,False
E02001519,E02001520,False
E02001520,E02001520,True
E02001521,E02001520,True
E02001522,E02001632,False
E02001523,E02001520,False
E02001524,E02001520,False
E02001525,E02001520,False
E02001526,E02001520,False
E02001527,E02001520,False
E02001528,E02001520,False
E02001529,E02001520,False
E02001530,E02001632,False
E02001531,E02001520,False
E02001532,E02001520,False
E02001533,E02001632,False
E02001534,E02001520,False
E02001535,E02001520,False
E02001536,E02001632,False
E02001537,E02001632,False
E02001538,E02001632,False
E02001539,E02001560,False
E02001540,E02001560,False
E02001541,E02001560,False
E02001542,E02001560,False
E02001543,E02001560,False
E02001544,E02001560,False
E02001545,E02001560,False
E02001546,E02001560,False
E02001547,E02001560,False
E02001548,E02001560,False
E02001549,E02001560,False
E02001550,E02001560,False
E02001551,E02001560,False
E02001552,E02001560,False
E02001553,E02001560,False
E02001554,E02001560,False
E02001555,E02001560,False
E02001556,E02001560,True
E02001557,E02001560,False
E02001558,E02001560,False
E02001559,E02001560,False
E02001560,E02001560,True
E02001561,E02001560,False
E02001562,E02001560,False
E02001563,E02001560,False
E02001564,E02001560,False
E02001565,E02001560,False
E02001566,E02001560,True
E02001567,E02001560,False
E02001568,E02001560,False
E02001569,E02001632,False
E02001570,E02001560,False
E02001571,E02001560,False
E02001572,E02001560,False
E02001573,E02001560,False
E02001574,E02001560,False
E02001575,E02001560,False
E02001576,E02001560,False
E02001577,E02001560,False
E02001578,E02001632,False
E02001579,E02001579,True
E02001580,E02001632,False
E02001581,E02001632,False
E02001582,E02001632,False
E02001583,E02001632,False
E02001584,E02001632,False
E02001585,E02001632,False
E02001586,E02001632,False
E02001587,E02001632,False
E02001588,E02001632,False
E02001589,E02001632,False
E02001590,E02001632,False
E02001591,E02001632,False
E02001592,E02001632,False
E02001593,E02001632,False
E02001594,E02001632,True
E02001595,E02001632,False
E02001596,E02001632,False
E02001597,E02001632,False
E02001598,E02001632,False
E02001600,E02001632,True
E02001602,E02001632,False
E02001603,E02001632,False
E02001604,E02001632,False
E02001605,E02001632,False
E02001606,E02001632,False
E02001607,E02001632,False
E02001608,E02001632,False
E02001609,E02001632,False
E02001610,E02001632,False
E02001611,E02001632,False
E02001612,E02001632,False
E02001613,E02001632,False
E02001614,E02001632,False
E02001615,E02001632,False
E02001616,E02001632,False
E02001617,E02001632,False
E02001618,E02001632,False
E02001619,E02001632,False
E02001620,E02001632,False
E02001621,E02001632,False
E02001622,E02001632,False
E02001623,E02001632,False
E02001624,E02001632,False
E02001625,E02001632,False
E02001626,E02001632,False
E02001627,E02001632,False
E02001628,E02001632,True
E02001629,E02001632,False
E02001630,E02001632,True
E02001631,E02001632,False
E02001632,E02001632,True
E02001633,E02001632,False
E02001634,E02001632,False
E02001635,E02001632,False
E02001636,E02001632,False
E02001637,E02001632,False
E02001638,E02001640,False
E02001639,E02001640,False
E02001640,E02001640,True
E02001642,E02001632,False
E02001643,E02001640,False
E02001646,E02001640,False
E02001647,E02001632,False
E02001648,E02001632,False
E02001649,E02001632,False
E02001650,E02001632,False
E02001651,E02001632,False
E02001652,E02001632,False
E02001653,E02001632,False
E02001654,E02001632,False
E02001655,E02001632,False
E02001656,E02001632,False
E02001657,E02001632,False
E02001658,E02001632,False
E02001659,E02001632,False
E02001660,E02001632,False
E02001661,E02001632,False
E02001662,E02001632,False
E02001663,E02001632,False
E02001664,E02001632,False
E02001665,E02001632,False
E02001666,E02001632,False
E02001669,E02001632,False
E02001670,E02001632,False
E02001671,E02001632,False
E02001672,E02001632,False
E02001673,E02001632,False
E02001674,E02001632,False
E02001675,E02001632,False
E02001676,E02001632,False
E02001678,E02001632,False
E02001679,E02001632,False
E02001680,E02001632,False
E02001681,E02001632,False
E02001682,E02007099,False
E02001683,E02007099,False
E02001684,E02007099,False
E02001685,E02007099,False
E02001686,E02007099,False
E02001688,E02007099,True
E02001689,E02007099,False
E02001690,E02007099,False
E02001691,E02007099,False
E02001692,E02007099,False
E02001693,E02007099,False
E02001694,E02007099,False
E02001695,E02007099,False
E02001696,E02007099,False
E02001697,E02007099,False
E02001698,E02007099,False
E02001699,E02007099,False
E02001700,E02007099,False
E02001701,E02007099,False
E02001702,E02007099,False
E02001703,E02007099,False
E02001704,E02007099,False
E02001706,E02007099,False
E02001707,E02007099,False
E02001709,E02007099,False
E02001710,E02007099,False
E02001711,E02007099,False
E02001712,E02007099,False
E02001713,E02007099,False
E02001714,E02007099,True
E02001715,E02007099,False
E02001718,E02007099,False
E02001719,E02007099,False
E02001720,E02007099,False
E02001721,E02007099,False
E02001722,E02007099,False
E02001723,E02007099,False
E02001724,E02007099,False
E02001725,E02007099,False
E02001726,E02007099,False
E02001727,E02007099,False
E02001728,E02007099,False
E02001729,E02007099,False
E02001732,E02007099,False
E02001734,E02007099,False
E02001735,E02007099,False
E02001737,E02007099,False
E02001738,E02007099,False
E02001739,E02007099,False
E02001740,E02007099,False
E02001741,E02007099,False
E02001742,E02007099,False
E02001743,E02007099,False
E02001744,E02007099,False
E02001745,E02007099,False
E02001746,E02007099,False
E02001747,E02007099,False
E02001748,E02007099,False
E02001749,E02007099,False
E02001750,E02007099,False
E02001751,E02007099,False
E02001752,E02007099,False
E02001753,E02007099,False
E02001754,E02007099,False
E02001755,E02007099,False
E02001756,E02007099,False
E02001757,E02007099,False
E02001758,E02007099,False
E02001759,E02007099,False
E02001760,E02007099,False
E02001761,E02007099,False
E02001762,E02007099,False
E02001763,E02007099,False
E02001764,E02007099,False
E02001765,E02007099,False
E02001766,E02007099,False
E02001767,E02007099,False
E02001768,E02007099,False
E02001769,E02007099,False
E02001770,E02007099,False
E02001771,E02007099,False
E02001772,E02007099,False
E02001773,E02007099,False
E02001774,E02007099,False
E02001775,E02007099,False
E02001776,E02007099,False
E02001777,E02007099,False
E02001778,E02007099,False
E02001779,E02007099,False
E02001780,E02007099,False
E02001781,E02007099,False
E02001782,E02007099,False
E02001783,E02007099,False
E02001784,E02007099,False
E02001785,E02001801,False
E02001786,E02007099,False
E02001787,E02007099,False
E02001788,E02007099,False
E02001789,E02007099,False
E02001790,E02007099,False
E02001791,E02001801,False
E02001792,E02001801,False
E02001793,E02001801,False
E02001794,E02001801,False
E02001795,E02001801,False
E02001796,E02001801,False
E02001797,E02001797,True
E02001798,E02001801,False
E02001799,E02001797,False
E02001800,E02007099,False
E02001801,E02001801,True
E02001802,E02001801,False
E02001803,E02001801,True
E02001804,E02001801,False
E02001805,E02001801,False
E02001806,E02001801,False
E02001807,E02007099,False
E02001808,E02001801,False
E02001809,E02007099,False
E02001810,E02007099,False
E02001811,E02001801,False
E02001812,E02001801,False
E02001813,E02001801,False
E02001814,E02001801,False
E02001815,E02007099,False
E02001816,E02001801,False
E02001817,E02001801,False
E02001818,E02001801,False
E02001819,E02001801,False
E02001820,E02007099,False
E02001821,E02001801,False
E02001822,E02001801,False
E02001823,E02001801,False
E02001824,E02001801,False
E02001825,E02001801,False
E02001826,E02001801,False
E02001827,E02001876,False
E02001828,E02001876,False
E02001829,E02001876,False
E02001830,E02001876,False
E02001831,E02001876,False
E02001832,E02001876,False
E02001833,E02001876,False
E02001834,E02001876,False
E02001835,E02001876,False
E02001836,E02001876,False
E02001837,E02001876,False
E02001838,E02001876,False
E02001839,E02001876,False
E02001840,E02001876,False
E02001841,E02001876,False
E02001842,E02001876,False
E02001843,E02001876,False
E02001844,E02001876,False
E02001845,E02001876,False
E02001846,E02001876,False
E02001847,E02001876,False
E02001848,E02001876,False
E02001849,E02001876,False
E02001850,E02001876,False
E02001851,E02001876,False
E02001852,E02001876,False
E02001855,E02001876,False
E02001856,E02001876,False
E02001857,E02001876,False
E02001858,E02001876,False
E02001859,E02001859,True
E02001860,E02001876,False
E02001861,E02001876,False
E02001862,E02001876,False
E02001863,E02001876,False
E02001865,E02001876,False
E02001866,E02001876,False
E02001867,E02001876,False
E02001868,E02001876,False
E02001869,E02001876,False
E02001870,E02001876,False
E02001871,E02001876,False
E02001872,E02001876,False
E02001873,E02001876,False
E02001874,E02001876,False
E02001875,E02001876,False
E02001876,E02001876,True
E02001877,E02001876,False
E02001878,E02001876,False
E02001879,E02001876,False
E02001880,E02001876,False
E02001881,E02001876,False
E02001882,E02001876,False
E02001883,E02001876,False
E02001884,E02001876,False
E02001886,E02001876,False
E02001888,E02001876,False
E02001889,E02001876,False
E02001890,E02001876,False
E02001892,E02001876,False
E02001893,E02001876,False
E02001895,E02001876,False
E02001896,E02001876,False
E02001897,E02001876,False
E02001898,E02001876,False
E02001899,E02001913,False
E02001900,E02001876,False
E02001901,E02001913,False
E02001902,E02001876,False
E02001903,E02001876,False
E02001904,E02001876,False
E02001905,E02001913,True
E02001906,E02001913,False
E02001907,E02001876,False
E02001908,E02001876,False
E02001909,E02001876,False
E02001910,E02001876,False
E02001911,E02001913,False
E02001913,E02001913,True
E02001914,E02001876,False
E02001915,E02001876,False
E02001916,E02001876,False
E02001918,E02001876,False
E02001919,E02001876,False
E02001920,E02001913,False
E02001921,E02001913,False
E02001922,E02001913,False
E02001923,E02001876,False
E02001924,E02001876,False
E02001925,E02001913,False
E02001926,E02001913,False
E02001927,E02001913,False
E02001928,E02001913,False
E02001929,E02001876,False
E02001930,E02001876,False
E02001931,E02001876,False
E02001932,E02001913,False
E02001933,E02001876,False
E02001934,E02001876,False
E02001935,E02001913,False
E02001936,E02001876,False
E02001937,E02001876,False
E02001938,E02001913,False
E02001939,E02001913,False
E02001941,E02001876,False
E02001942,E02001913,False
E02001943,E02001876,False
E02001944,E02001876,False
E02001945,E02001913,False
E02001946,E02001913,False
E02001947,E02001876,False
E02001948,E02001876,False
E02001949,E02001913,False
E02001950,E02001913,False
E02001951,E02001913,False
E02001952,E02001913,False
E02001953,E02001913,False
E02001954,E02001913,False
E02001955,E02001913,False
E02001956,E02001913,False
E02001957,E02001913,False
E02001958,E02001976,False
E02001959,E02001976,False
E02001961,E02001976,False
E02001962,E02001976,False
E02001963,E02001976,False
E02001964,E02001976,False
E02001965,E02001976,False
E02001966,E02001976,False
E02001967,E02001976,False
E02001968,E02001976,False
E02001969,E02001976,False
E02001970,E02001976,False
E02001971,E02001976,False
E02001972,E02001976,False
E02001973,E02001976,False
E02001974,E02001976,False
E02001975,E02001976,False
E02001976,E02001976,True
E02001977,E02001976,False
E02001978,E02001976,False
E02001979,E02001976,False
E02001980,E02001976,False
E02001981,E02001976,False
E02001982,E02001976,False
E02001983,E02001976,False
E02001984,E02001976,False
E02001985,E02001976,False
E02001986,E02001976,False
E02001987,E02001976,False
E02001988,E02001988,True
E02001989,E02001976,False
E02001990,E02001976,False
E02001991,E02001976,False
E02001992,E02001976,False
E02001993,E02001976,False
E02001994,E02001976,False
E02001995,E02001976,False
E02001996,E02001976,False
E02001997,E02001976,False
E02001998,E02001976,False
E02001999,E02001976,False
E02002000,E02002163,False
E02002001,E02002021,False
E02002002,E02002021,False
E02002003,E02002021,False
E02002004,E02002021,False
E02002005,E02002021,False
E02002006,E02002021,False
E02002007,E02002021,False
E02002008,E02002021,False
E02002009,E02002021,False
E02002010,E02002021,False
E02002011,E02002021,False
E02002012,E02002021,True
E02002013,E02002021,False
E02002014,E02002021,False
E02002015,E02002021,False
E02002016,E02002021,False
E02002017,E02002021,False
E02002018,E02002021,False
E02002019,E02002021,False
E02002020,E02002021,False
E02002021,E02002021,True
E02002022,E02002021,False
E02002023,E02002021,False
E02002024,E02002021,False
E02002025,E02002021,False
E02002026,E02002021,False
E02002027,E02002021,False
E02002028,E02002021,False
E02002029,E02002021,False
E02002030,E02002021,False
E02002031,E02002021,False
E02002032,E02002021,False
E02002033,E02002021,False
E02002034,E02002021,False
E02002035,E02002021,False
E02002036,E02002021,False
E02002037,E02002021,False
E02002038,E02002021,False
E02002039,E02002021,False
E02002040,E02002021,False
E02002041,E02002021,False
E02002042,E02002021,False
E02002043,E02001876,False
E02002044,E02001876,False
E02002045,E02001876,False
E02002046,E02001876,False
E02002047,E02001876,False
E02002048,E02001876,False
E02002049,E02001876,False
E02002051,E02001876,False
E02002052,E02001876,False
E02002053,E02001876,False
E02002054,E02001876,False
E02002055,E02001876,False
E02002056,E02001876,False
E02002057,E02001876,False
E02002058,E02001876,False
E02002059,E02001876,False
E02002060,E02001876,False
E02002061,E02001876,False
E02002062,E02002062,True
E02002063,E02001876,False
E02002064,E02001876,False
E02002065,E02002065,True
E02002066,E02002066,True
E02002067,E02002021,False
E02002069,E02001876,False
E02002070,E02001876,False
E02002071,E02002021,False
E02002072,E02001876,False
E02002073,E02001876,False
E02002074,E02001876,False
E02002075,E02002021,False
E02002076,E02001876,False
E02002077,E02002021,False
E02002078,E02001876,False
E02002079,E02001876,False
E02002080,E02002021,False
E02002081,E02001876,False
E02002082,E02001876,False
E02002083,E02001876,False
E02002084,E02001876,False
E02002085,E02001876,False
E02002086,E02001876,False
E02002087,E02001876,False
E02002088,E02001876,False
E02002089,E02002089,True
E02002090,E02001876,False
E02002091,E02002091,True
E02002092,E02001876,False
E02002093,E02001876,False
E02002094,E02001876,False
E02002095,E02001876,False
E02002096,E02001876,False
E02002097,E02001876,False
E02002098,E02001876,False
E02002099,E02002099,True
E02002101,E02001876,False
E02002102,E02001876,False
E02002103,E02001876,False
E02002104,E02001876,False
E02002105,E02006530,False
E02002106,E02001876,False
E02002107,E02001876,False
E02002108,E02001876,False
E02002109,E02001876,False
E02002110,E02001876,False
E02002111,E02001876,False
E02002112,E02001876,False
E02002113,E02001876,False
E02002114,E02001876,False
E02002115,E02002163,False
E02002116,E02001876,False
E02002117,E02002163,False
E02002118,E02002163,False
E02002119,E02001876,False
E02002120,E02002163,False
E02002121,E02002163,False
E02002122,E02001876,False
E02002123,E02002163,False
E02002124,E02001876,False
E02002125,E02001876,False
E02002126,E02002163,False
E02002127,E02001876,False
E02002128,E02002163,False
E02002129,E02002163,False
E02002130,E02002163,False
E02002131,E02001876,False
E02002132,E02002163,False
E02002133,E02001876,False
E02002134,E02002163,False
E02002135,E02002135,True
E02002136,E02002163,False
E02002137,E02001876,False
E02002138,E02001876,False
E02002139,E02002139,True
E02002140,E02001876,False
E02002141,E02001876,False
E02002142,E02002163,False
E02002143,E02001876,False
E02002144,E02001876,False
E02002145,E02002163,False
E02002146,E02001876,False
E02002147,E02002163,False
E02002148,E02001876,False
E02002149,E02002163,False
E02002150,E02002163,False
E02002151,E02002163,False
E02002152,E02002163,False
E02002153,E02002163,False
E02002154,E02002163,False
E02002155,E02002163,False
E02002156,E02002163,False
E02002157,E02002163,False
E02002158,E02002163,False
E02002159,E02002163,False
E02002160,E02002163,False
E02002161,E02002163,False
E02002162,E02002163,False
E02002163,E02002163,True
E02002164,E02002163,False
E02002165,E02002163,False
E02002166,E02002163,False
E02002167,E02002163,False
E02002168,E02002163,True
E02002169,E02002163,False
E02002170,E02002163,False
E02002171,E02002163,False
E02002174,E02002163,False
E02002175,E02002163,False
E02002176,E02002163,False
E02002177,E02002163,False
E02002178,E02002163,False
E02002179,E02002163,False
E02002180,E02002163,False
E02002181,E02002163,False
E02002182,E02002163,False
E02002183,E02006875,False
E02002184,E02006875,False
E02002185,E02006875,False
E02002187,E02006875,False
E02002188,E02002190,False
E02002189,E02002190,False
E02002190,E02002190,True
E02002191,E02002190,False
E02002192,E02006875,False
E02002193,E02002190,False
E02002194,E02002190,False
E02002195,E02006875,False
E02002196,E02002190,False
E02002197,E02002190,False
E02002198,E02006875,False
E02002199,E02006875,False
E02002200,E02006875,False
E02002201,E02006875,False
E02002202,E02006875,False
E02002203,E02006875,False
E02002204,E02006875,False
E02002205,E02002190,False
E02002206,E02006875,False
E02002207,E02006875,False
E02002208,E02006875,False
E02002209,E02006875,False
E02002210,E02006875,False
E02002211,E02006875,False
E02002212,E02006875,False
E02002213,E02002190,False
E02002214,E02006875,False
E02002215,E02006875,False
E02002216,E02006875,False
E02002217,E02006875,False
E02002218,E02006875,False
E02002219,E02002219,True
E02002220,E02006875,False
E02002222,E02006875,False
E02002223,E02006875,False
E02002224,E02006875,False
E02002225,E02006875,False
E02002226,E02006875,False
E02002227,E02006875,False
E02002228,E02002239,False
E02002229,E02006875,False
E02002230,E02002239,False
E02002231,E02006875,False
E02002232,E02006875,False
E02002233,E02006875,False
E02002234,E02002239,False
E02002235,E02002239,False
E02002236,E02006875,False
E02002237,E02006875,False
E02002238,E02006875,False
E02002239,E02002239,True
E02002240,E02002251,False
E02002241,E02006875,False
E02002242,E02006875,False
E02002243,E02006875,False
E02002244,E02002251,False
E02002245,E02002251,False
E02002246,E02002251,False
E02002247,E02002251,False
E02002248,E02002251,False
E02002249,E02002251,False
E02002250,E02002251,False
E02002251,E02002251,True
E02002252,E02002251,False
E02002253,E02002251,False
E02002254,E02002251,False
E02002255,E02002251,False
E02002256,E02002251,False
E02002257,E02002251,False
E02002258,E02002251,False
E02002259,E02002251,False
E02002260,E02002251,False
E02002261,E02002251,False
E02002262,E02002251,False
E02002263,E02002251,False
E02002264,E02002251,False
E02002265,E02002251,False
E02002266,E02002251,False
E02002267,E02002251,False
E02002268,E02002251,False
E02002269,E02002251,False
E02002270,E02002251,False
E02002271,E02006875,False
E02002272,E02006875,False
E02002273,E02006875,False
E02002274,E02006875,False
E02002275,E02006875,False
E02002276,E02006875,False
E02002277,E02006875,False
E02002278,E02006875,False
E02002279,E02006875,False
E02002280,E02006875,False
E02002281,E02006875,False
E02002282,E02006875,False
E02002283,E02006875,False
E02002284,E02006875,False
E02002285,E02006875,False
E02002286,E02006875,False
E02002287,E02006875,False
E02002288,E02006875,False
E02002289,E02006875,False
E02002290,E02006875,False
E02002291,E02006875,False
E02002292,E02002299,False
E02002293,E02006875,False
E02002294,E02006875,False
E02002295,E02002299,False
E02002296,E02006875,False
E02002297,E02002299,False
E02002298,E02006875,False
E02002299,E02002299,True
E02002300,E02002299,False
E02002301,E02002299,False
E02002302,E02002299,False
E02002303,E02002299,False
E02002304,E02002299,False
E02002305,E02002299,False
E02002306,E02002299,False
E02002307,E02002299,False
E02002308,E02002299,False
E02002309,E02002299,False
E02002310,E02002299,False
E02002311,E02002299,False
E02002312,E02002299,False
E02002313,E02002299,False
E02002314,E02002299,False
E02002315,E02002299,False
E02002316,E02002299,False
E02002317,E02002299,False
E02002318,E02002299,False
E02002319,E02002299,False
E02002320,E02002299,False
E02002321,E02002299,False
E02002322,E02002299,False
E02002323,E02002299,False
E02002324,E02002299,False
E02002325,E02002299,False
E02002326,E02002299,False
E02002327,E02002299,False
E02002328,E02002299,False
E02002329,E02002299,False
E02002330,E02002331,False
E02002331,E02002331,True
E02002332,E02006875,False
E02002333,E02006875,False
E02002334,E02002331,False
E02002335,E02006875,False
E02002336,E02006875,False
E02002337,E02006875,False
E02002338,E02006875,False
E02002339,E02006875,False
E02002340,E02006875,False
E02002341,E02006875,False
E02002342,E02006875,False
E02002343,E02006875,False
E02002344,E02006875,False
E02002345,E02006875,False
E02002346,E02006875,False
E02002347,E02006875,False
E02002348,E02006875,False
E02002349,E02006875,False
E02002350,E02006875,False
E02002351,E02006875,False
E02002352,E02006875,False
E02002353,E02006875,False
E02002354,E02006875,False
E02002356,E02006875,False
E02002357,E02006875,False
E02002358,E02006875,False
E02002359,E02006875,False
E02002360,E02006875,False
E02002361,E02006875,False
E02002362,E02006875,False
E02002363,E02006875,False
E02002364,E02006875,False
E02002366,E02006875,False
E02002367,E02006875,False
E02002368,E02006875,False
E02002369,E02006875,False
E02002370,E02006875,False
E02002371,E02006875,False
E02002373,E02006875,False
E02002374,E02006875,False
E02002375,E02006875,False
E02002376,E02006875,False
E02002377,E02006875,False
E02002379,E02006875,False
E02002380,E02006875,False
E02002381,E02006875,False
E02002382,E02006875,False
E02002383,E02006875,False
E02002384,E02006875,False
E02002385,E02006875,False
E02002386,E02006875,False
E02002387,E02006875,False
E02002388,E02006875,False
E02002389,E02006875,False
E02002390,E02006875,False
E02002391,E02006875,False
E02002392,E02006875,False
E02002393,E02006875,True
E02002394,E02006875,False
E02002395,E02006875,False
E02002396,E02006875,False
E02002397,E02006875,False
E02002398,E02006875,False
E02002399,E02006875,False
E02002400,E02006875,False
E02002401,E02006875,False
E02002402,E02006875,False
E02002403,E02006875,False
E02002404,E02006875,False
E02002405,E02006875,False
E02002406,E02006875,False
E02002407,E02006875,False
E02002408,E02006875,False
E02002409,E02006875,False
E02002410,E02006875,False
E02002411,E02006875,False
E02002412,E02006875,False
E02002414,E02006875,False
E02002415,E02006875,False
E02002416,E02006875,False
E02002417,E02006875,False
E02002418,E02006875,False
E02002419,E02006875,False
E02002420,E02006875,False
E02002421,E02006875,False
E02002422,E02006875,False
E02002423,E02006875,False
E02002424,E02006875,False
E02002425,E02006875,False
E02002426,E02006875,False
E02002427,E02006875,False
E02002428,E02006875,False
E02002429,E02006875,False
E02002430,E02006875,False
E02002431,E02006875,False
E02002432,E02006875,False
E02002433,E02006875,False
E02002434,E02006875,False
E02002435,E02006875,False
E02002436,E02006875,False
E02002437,E02006875,False
E02002438,E02006875,False
E02002439,E02006875,False
E02002440,E02006875,False
E02002441,E02006875,False
E02002442,E02006875,False
E02002443,E02002454,False
E02002444,E02002454,False
E02002445,E02002454,False
E02002446,E02002454,False
E02002447,E02002454,False
E02002448,E02006875,False
E02002449,E02002454,False
E02002450,E02002454,False
E02002451,E02002454,True
E02002452,E02002454,False
E02002453,E02002454,False
E02002454,E02002454,True
E02002455,E02002454,False
E02002456,E02002454,False
E02002457,E02002454,False
E02002458,E02002454,False
E02002459,E02002454,False
E02002460,E02002454,False
E02002461,E02002454,False
E02002462,E02002454,False
E02002463,E02002454,False
E02002464,E02002454,False
E02002465,E02002454,False
E02002466,E02002454,False
E02002467,E02002454,False
E02002468,E02002454,False
E02002469,E02002454,False
E02002470,E02002454,False
E02002471,E02002454,False
E02002472,E02002454,False
E02002473,E02002454,False
E02002474,E02002454,False
E02002475,E02002454,False
E02002476,E02002454,False
E02002477,E02002454,False
E02002478,E02002481,False
E02002479,E02002481,False
E02002480,E02002481,False
E02002481,E02002481,True
E02002482,E02002481,False
E02002483,E02002496,False
E02002484,E02002496,False
E02002485,E02002496,False
E02002489,E02002496,False
E02002490,E02002496,False
E02002491,E02002496,False
E02002492,E02002496,False
E02002493,E02002496,False
E02002494,E02002496,False
E02002496,E02002496,True
E02002497,E02002496,False
E02002498,E02002496,False
E02002499,E02002496,False
E02002500,E02002496,False
E02002501,E02002496,False
E02002502,E02002496,False
E02002503,E02002496,False
E02002504,E02002496,False
E02002505,E02002496,False
E02002506,E02002496,True
E02002507,E02002496,False
E02002508,E02002496,False
E02002509,E02002496,False
E02002510,E02002496,False
E02002512,E02002496,False
E02002513,E02002496,False
E02002514,E02002496,False
E02002515,E02002517,False
E02002516,E02002496,False
E02002517,E02002517,True
E02002518,E02002496,False
E02002519,E02002496,False
E02002520,E02002496,False
E02002521,E02002496,False
E02002523,E02002496,False
E02002524,E02002496,False
E02002525,E02002496,False
E02002526,E02002496,False
E02002527,E02002496,False
E02002529,E02002496,False
E02002530,E02002496,False
E02002532,E02002496,False
E02002533,E02002496,False
E02002534,E02002496,False
E02002535,E02002496,False
E02002536,E02002496,False
E02002537,E02002537,True
E02002538,E02002496,False
E02002539,E02002496,False
E02002540,E02002496,False
E02002541,E02002496,False
E02002542,E02002496,False
E02002543,E02002496,False
E02002544,E02002496,False
E02002545,E02002496,False
E02002546,E02002496,False
E02002547,E02002496,False
E02002549,E02002496,False
E02002550,E02002496,False
E02002551,E02002496,False
E02002552,E02002496,False
E02002553,E02002496,False
E02002554,E02002496,False
E02002555,E02002496,False
E02002556,E02002496,False
E02002558,E02002496,False
E02002559,E02007058,True
E02002560,E02007058,False
E02002561,E02007058,False
E02002562,E02007058,False
E02002563,E02007058,False
E02002564,E02007058,False
E02002567,E02007058,False
E02002568,E02007058,False
E02002569,E02007058,False
E02002570,E02007058,False
E02002571,E02007058,False
E02002572,E02007058,False
E02002573,E02007058,False
E02002574,E02002598,False
E02002575,E02002580,False
E02002576,E02002580,False
E02002577,E02002580,False
E02002578,E02002580,False
E02002579,E02002580,False
E02002580,E02002580,True
E02002581,E02002580,False
E02002582,E02002582,True
E02002583,E02002582,False
E02002584,E02002582,False
E02002585,E02002582,False
E02002586,E02002582,False
E02002587,E02002582,False
E02002588,E02002582,False
E02002589,E02002582,False
E02002590,E02002598,False
E02002591,E02002598,False
E02002592,E02002598,False
E02002593,E02002598,False
E02002594,E02002598,False
E02002595,E02002598,False
E02002596,E02002598,False
E02002597,E02002598,False
E02002598,E02002598,True
E02002599,E02002598,False
E02002600,E02002598,False
E02002601,E02002598,False
E02002602,E02002598,True
E02002603,E02002598,False
E02002604,E02002598,False
E02002605,E02002598,False
E02002606,E02002598,False
E02002607,E02002598,True
E02002608,E02002598,False
E02002609,E02002598,False
E02002610,E02002598,False
E02002611,E02002598,False
E02002612,E02002598,False
E02002613,E02002598,False
E02002614,E02002598,False
E02002615,E02002625,False
E02002616,E02002625,False
E02002617,E02002625,False
E02002618,E02002625,False
E02002619,E02002625,False
E02002620,E02002625,True
E02002621,E02002625,False
E02002622,E02002625,False
E02002623,E02002625,False
E02002624,E02002625,False
E02002625,E02002625,True
E02002626,E02002625,False
E02002627,E02002625,False
E02002628,E02002625,False
E02002629,E02002625,False
E02002630,E02002625,False
E02002631,E02002625,False
E02002632,E02002625,False
E02002633,E02002641,False
E02002634,E02002641,False
E02002635,E02002641,False
E02002636,E02002641,False
E02002637,E02002641,False
E02002638,E02002641,False
E02002639,E02002641,False
E02002640,E02002641,False
E02002641,E02002641,True
E02002642,E02002641,False
E02002643,E02002641,False
E02002644,E02002641,False
E02002645,E02002641,False
E02002646,E02002641,False
E02002647,E02002641,False
E02002648,E02002641,False
E02002649,E02002641,False
E02002650,E02002641,False
E02002651,E02002641,False
E02002653,E02002680,False
E02002654,E02002680,False
E02002655,E02002680,False
E02002656,E02002680,False
E02002657,E02002680,False
E02002658,E02002680,False
E02002659,E02002680,False
E02002660,E02002680,False
E02002661,E02002680,False
E02002662,E02002680,False
E02002663,E02002680,False
E02002664,E02002680,False
E02002665,E02002680,False
E02002666,E02002680,False
E02002667,E02002680,True
E02002668,E02002680,False
E02002669,E02002680,False
E02002670,E02002680,False
E02002671,E02002680,True
E02002672,E02002680,False
E02002673,E02002680,False
E02002674,E02002680,False
E02002675,E02002680,True
E02002676,E02002680,False
E02002677,E02002680,True
E02002678,E02002680,False
E02002679,E02002680,False
E02002680,E02002680,True
E02002681,E02002680,True
E02002682,E02002680,False
E02002684,E02002680,False
E02002685,E02002680,False
E02002686,E02002680,False
E02002687,E02002680,False
E02002688,E02002680,False
E02002689,E02002680,False
E02002691,E02002680,False
E02002692,E02002784,False
E02002693,E02002680,False
E02002694,E02002784,False
E02002695,E02002680,False
E02002696,E02002680,False
E02002697,E02002680,False
E02002698,E02002680,False
E02002699,E02002680,False
E02002700,E02002680,False
E02002701,E02002680,False
E02002702,E02002680,False
E02002703,E02002680,False
E02002704,E02002680,False
E02002705,E02002680,False
E02002706,E02002680,False
E02002707,E02002680,False
E02002708,E02002680,False
E02002709,E02002680,False
E02002710,E02002680,False
E02002711,E02002680,False
E02002712,E02002680,False
E02002714,E02002680,False
E02002715,E02002680,False
E02002716,E02002680,False
E02002717,E02002680,False
E02002718,E02002680,False
E02002719,E02002680,False
E02002720,E02002680,False
E02002721,E02002680,False
E02002722,E02002680,False
E02002723,E02002680,False
E02002724,E02002680,False
E02002725,E02002784,False
E02002726,E02002755,False
E02002727,E02002755,False
E02002728,E02002728,True
E02002729,E02002755,False
E02002730,E02002755,False
E02002731,E02002755,False
E02002732,E02002755,False
E02002733,E02002755,False
E02002734,E02002755,False
E02002736,E02002755,False
E02002737,E02002755,False
E02002738,E02002755,False
E02002739,E02002755,False
E02002740,E02002755,False
E02002741,E02002755,False
E02002743,E02002755,False
E02002744,E02002755,False
E02002745,E02002755,False
E02002746,E02002755,False
E02002747,E02002755,False
E02002748,E02002755,False
E02002749,E02002755,False
E02002750,E02002680,False
E02002751,E02002755,False
E02002752,E02002755,False
E02002753,E02002755,False
E02002754,E02002755,False
E02002755,E02002755,True
E02002756,E02002755,False
E02002757,E02002755,False
E02002758,E02002755,True
E02002759,E02002755,False
E02002760,E02002755,False
E02002761,E02002755,False
E02002762,E02002755,False
E02002763,E02002755,False
E02002764,E02002755,False
E02002765,E02002755,False
E02002766,E02002755,False
E02002767,E02002755,False
E02002768,E02002755,False
E02002769,E02002755,False
E02002770,E02002755,False
E02002771,E02002755,False
E02002772,E02002784,False
E02002773,E02002784,False
E02002774,E02002784,False
E02002775,E02002784,False
E02002776,E02002784,False
E02002777,E02002784,False
E02002778,E02002784,False
E02002779,E02002784,False
E02002780,E02002784,False
E02002781,E02002784,False
E02002782,E02002784,False
E02002783,E02002784,False
E02002784,E02002784,True
E02002785,E02002784,False
E02002786,E02002784,False
E02002787,E02002784,False
E02002788,E02002784,False
E02002789,E02002784,False
E02002790,E02002784,False
E02002791,E02002784,False
E02002792,E02002784,False
E02002793,E02002784,False
E02002794,E02002784,False
E02002795,E02002784,False
E02002796,E02002819,False
E02002797,E02002819,False
E02002798,E02002819,False
E02002799,E02002819,False
E02002800,E02002819,False
E02002801,E02002819,False
E02002802,E02002819,False
E02002803,E02002819,False
E02002804,E02002819,False
E02002805,E02002819,False
E02002806,E02002819,False
E02002807,E02002819,False
E02002808,E02002819,True
E02002809,E02002819,False
E02002810,E02002819,False
E02002811,E02002819,False
E02002812,E02002819,True
E02002813,E02002819,True
E02002814,E02002819,False
E02002815,E02002819,False
E02002816,E02002819,False
E02002817,E02002819,False
E02002818,E02002819,False
E02002819,E02002819,True
E02002820,E02002819,False
E02002821,E02002819,False
E02002822,E02002819,False
E02002823,E02002819,False
E02002824,E02002824,True
E02002825,E02002819,False
E02002826,E02002819,False
E02002827,E02002830,True
E02002828,E02006850,False
E02002829,E02002830,False
E02002830,E02002830,True
E02002831,E02006850,False
E02002832,E02006850,False
E02002833,E02006850,False
E02002834,E02006850,False
E02002836,E02006850,False
E02002837,E02006850,False
E02002838,E02006850,False
E02002839,E02006850,False
E02002842,E02006850,False
E02002843,E02006850,False
E02002844,E02006850,False
E02002845,E02002845,True
E02002846,E02006850,False
E02002847,E02006850,False
E02002848,E02006850,False
E02002849,E02006850,False
E02002851,E02006850,False
E02002852,E02006850,False
E02002853,E02006850,False
E02002854,E02006850,False
E02002855,E02006850,False
E02002856,E02006850,False
E02002857,E02006850,False
E02002858,E02006850,False
E02002860,E02006850,False
E02002861,E02006850,False
E02002862,E02006850,False
E02002863,E02003249,False
E02002864,E02003249,False
E02002865,E02003249,False
E02002866,E02003249,False
E02002867,E02005645,False
E02002868,E02002898,False
E02002869,E02002898,False
E02002871,E02002898,False
E02002872,E02002898,False
E02002873,E02002898,False
E02002874,E02002898,True
E02002875,E02002898,False
E02002876,E02002898,False
E02002877,E02002898,False
E02002878,E02002898,False
E02002879,E02002898,False
E02002880,E02002898,False
E02002881,E02002898,False
E02002882,E02002898,False
E02002883,E02002898,False
E02002884,E02002898,False
E02002885,E02002898,False
E02002886,E02002898,False
E02002887,E02002898,False
E02002888,E02002898,False
E02002889,E02002898,False
E02002890,E02002898,False
E02002891,E02002898,False
E02002892,E02002898,False
E02002893,E02002898,False
E02002895,E02002898,False
E02002896,E02002898,False
E02002897,E02002898,False
E02002898,E02002898,True
E02002901,E02002898,False
E02002902,E02002898,False
E02002903,E02002898,False
E02002904,E02002898,False
E02002905,E02002916,False
E02002906,E02002916,False
E02002907,E02002916,False
E02002908,E02002916,False
E02002909,E02002916,False
E02002910,E02002916,False
E02002911,E02002916,False
E02002912,E02002916,False
E02002913,E02002916,False
E02002914,E02002916,False
E02002915,E02002916,False
E02002916,E02002916,True
E02002917,E02002916,False
E02002918,E02002916,False
E02002919,E02002916,False
E02002920,E02002916,False
E02002921,E02002916,False
E02002922,E02002916,False
E02002923,E02002916,False
E02002924,E02002916,False
E02002925,E02002916,False
E02002926,E02002916,False
E02002927,E02002916,False
E02002928,E02002945,False
E02002929,E02002945,False
E02002930,E02002945,False
E02002931,E02002945,False
E02002932,E02002945,False
E02002933,E02002945,False
E02002934,E02002945,False
E02002935,E02002945,False
E02002936,E02002945,True
E02002937,E02002945,False
E02002938,E02002945,False
E02002939,E02002945,False
E02002940,E02002945,False
E02002941,E02002945,False
E02002942,E02002945,False
E02002944,E02002945,False
E02002945,E02002945,True
E02002946,E02002945,False
E02002947,E02002945,False
E02002948,E02002945,False
E02002949,E02002945,False
E02002950,E02002945,False
E02002951,E02002968,False
E02002952,E02002968,False
E02002953,E02002968,False
E02002954,E02002968,False
E02002955,E02002968,False
E02002956,E02002968,False
E02002957,E02002968,False
E02002958,E02002968,False
E02002959,E02002968,False
E02002960,E02002968,False
E02002961,E02002968,False
E02002962,E02002968,False
E02002963,E02002968,False
E02002964,E02002968,False
E02002965,E02002968,True
E02002966,E02002968,False
E02002967,E02002968,False
E02002968,E02002968,True
E02002969,E02002968,False
E02002970,E02002968,False
E02002973,E02002968,False
E02002974,E02002968,False
E02002975,E02002968,False
E02002976,E02002968,False
E02002977,E02002968,False
E02002978,E02002968,False
E02002979,E02002968,False
E02002980,E02002968,False
E02002981,E02002968,False
E02002982,E02002968,False
E02002983,E02002968,False
E02002984,E02002968,False
E02002985,E02002991,False
E02002986,E02006951,False
E02002987,E02002991,False
E02002988,E02002991,False
E02002989,E02002991,False
E02002990,E02002991,False
E02002991,E02002991,True
E02002992,E02002991,True
E02002993,E02002991,False
E02002994,E02002991,False
E02002995,E02002991,False
E02002996,E02002991,False
E02002997,E02002991,False
E02002998,E02002991,False
E02002999,E02002991,False
E02003000,E02002991,False
E02003001,E02002991,False
E02003002,E02002991,False
E02003003,E02002991,False
E02003004,E02006951,False
E02003005,E02006951,False
E02003006,E02002991,False
E02003007,E02002991,False
E02003008,E02002991,False
E02003009,E02002991,False
E02003010,E02002991,False
E02003011,E02002991,False
E02003012,E02003094,False
E02003013,E02003094,False
E02003014,E02003094,True
E02003015,E02003015,True
E02003016,E02006951,False
E02003017,E02006951,False
E02003018,E02003094,False
E02003019,E02003094,True
E02003020,E02006951,False
E02003021,E02006951,False
E02003022,E02006951,False
E02003023,E02006951,False
E02003024,E02006951,False
E02003025,E02006951,False
E02003026,E02006951,False
E02003027,E02006951,False
E02003028,E02006951,False
E02003029,E02006951,False
E02003030,E02006951,False
E02003031,E02006951,False
E02003032,E02006951,False
E02003033,E02006951,False
E02003036,E02006951,False
E02003037,E02006951,False
E02003038,E02006951,False
E02003039,E02006951,False
E02003040,E02006951,False
E02003041,E02006951,False
E02003044,E02006951,False
E02003045,E02006951,False
E02003046,E02006951,False
E02003047,E02006951,False
E02003048,E02006951,False
E02003049,E02006951,False
E02003050,E02006951,False
E02003051,E02006951,False
E02003052,E02006951,False
E02003053,E02006951,False
E02003054,E02006951,False
E02003055,E02006951,False
E02003056,E02006951,False
E02003057,E02006951,False
E02003058,E02006951,False
E02003059,E02006951,False
E02003060,E02006951,False
E02003061,E02006951,False
E02003062,E02006951,False
E02003063,E02006951,False
E02003064,E02006951,False
E02003065,E02006951,False
E02003066,E02006951,False
E02003067,E02006951,False
E02003068,E02006951,False
E02003069,E02006951,False
E02003070,E02006951,False
E02003071,E02006951,False
E02003072,E02006951,False
E02003073,E02006951,False
E02003074,E02006951,False
E02003075,E02006951,False
E02003076,E02006951,False
E02003077,E02006951,False
E02003078,E02006951,False
E02003079,E02006951,False
E02003080,E02006951,False
E02003081,E02006951,False
E02003082,E02006951,False
E02003084,E02006951,False
E02003085,E02006951,False
E02003086,E02006951,False
E02003087,E02006951,False
E02003088,E02006951,False
E02003089,E02006951,False
E02003090,E02003094,False
E02003091,E02003094,False
E02003092,E02006951,False
E02003093,E02003094,False
E02003094,E02003094,True
E02003095,E02006951,False
E02003096,E02006951,False
E02003097,E02006951,False
E02003098,E02003094,False
E02003099,E02006951,False
E02003101,E02003094,False
E02003102,E02006951,False
E02003103,E02006951,False
E02003104,E02003094,False
E02003105,E02003094,False
E02003107,E02003107,True
E02003108,E02006951,False
E02003109,E02006951,False
E02003110,E02006951,False
E02003111,E02006951,False
E02003112,E02006951,False
E02003113,E02006951,False
E02003114,E02006951,False
E02003115,E02006951,False
E02003116,E02006951,False
E02003117,E02006951,False
E02003118,E02006951,False
E02003119,E02006951,False
E02003120,E02006951,False
E02003121,E02006951,False
E02003122,E02003126,False
E02003123,E02003126,False
E02003124,E02003126,False
E02003125,E02003126,False
E02003126,E02003126,True
E02003127,E02003126,False
E02003128,E02003126,False
E02003129,E02003126,False
E02003130,E02003126,False
E02003131,E02003126,False
E02003132,E02003126,False
E02003133,E02003126,False
E02003134,E02003126,False
E02003135,E02003126,True
E02003136,E02003126,False
E02003137,E02003126,False
E02003138,E02003126,False
E02003139,E02003126,False
E02003140,E02003126,False
E02003141,E02003126,False
E02003142,E02003126,False
E02003143,E02003126,False
E02003144,E02003126,False
E02003145,E02003126,False
E02003146,E02003126,False
E02003147,E02003126,False
E02003148,E02003126,True
E02003149,E02003126,False
E02003151,E02003126,False
E02003152,E02003126,False
E02003153,E02003126,False
E02003154,E02003156,False
E02003155,E02003156,False
E02003156,E02003156,True
E02003157,E02003156,False
E02003158,E02003156,False
E02003159,E02003156,False
E02003161,E02003156,False
E02003163,E02003156,False
E02003164,E02003156,False
E02003165,E02003156,False
E02003166,E02003156,False
E02003167,E02003156,False
E02003168,E02003156,False
E02003169,E02003156,False
E02003170,E02003156,False
E02003171,E02003156,False
E02003172,E02003208,False
E02003173,E02003208,False
E02003174,E02003208,False
E02003175,E02003182,False
E02003176,E02003208,False
E02003177,E02003208,False
E02003178,E02003208,False
E02003179,E02003182,False
E02003180,E02003208,False
E02003181,E02003208,False
E02003182,E02003182,True
E02003183,E02003208,False
E02003184,E02003208,False
E02003185,E02003182,False
E02003186,E02003208,False
E02003187,E02003208,False
E02003188,E02003208,False
E02003189,E02003208,False
E02003190,E02003208,False
E02003191,E02003208,False
E02003192,E02003208,False
E02003194,E02003208,False
E02003195,E02003208,False
E02003196,E02003208,False
E02003197,E02003208,False
E02003198,E02003208,False
E02003199,E02003208,False
E02003200,E02003208,False
E02003201,E02003208,False
E02003202,E02003208,False
E02003203,E02003208,False
E02003204,E02003208,False
E02003205,E02003208,False
E02003206,E02003208,False
E02003207,E02003208,False
E02003208,E02003208,True
E02003209,E02003208,False
E02003210,E02003208,False
E02003211,E02003208,False
E02003212,E02003219,False
E02003214,E02003219,False
E02003215,E02003219,False
E02003216,E02003219,False
E02003217,E02003219,False
E02003218,E02003219,False
E02003219,E02003219,True
E02003220,E02003219,True
E02003221,E02003219,False
E02003222,E02003219,False
E02003223,E02003219,False
E02003224,E02003219,False
E02003225,E02003219,False
E02003226,E02003219,False
E02003227,E02003219,False
E02003228,E02003219,False
E02003229,E02003219,False
E02003230,E02003219,False
E02003231,E02003219,False
E02003232,E02003219,False
E02003233,E02003219,False
E02003234,E02003219,False
E02003235,E02003219,False
E02003236,E02003219,False
E02003237,E02003249,False
E02003238,E02003249,False
E02003239,E02003249,False
E02003240,E02003249,False
E02003241,E02003249,False
E02003242,E02003249,False
E02003243,E02003249,False
E02003244,E02003249,False
E02003245,E02003249,False
E02003246,E02003249,False
E02003247,E02003249,False
E02003248,E02003249,False
E02003249,E02003249,True
E02003250,E02003249,True
E02003251,E02003249,True
E02003252,E02003249,False
E02003253,E02003249,False
E02003254,E02003249,False
E02003255,E02003249,False
E02003257,E02003249,False
E02003258,E02003270,False
E02003259,E02003270,False
E02003260,E02003270,False
E02003261,E02003270,False
E02003262,E02003270,False
E02003263,E02003270,False
E02003264,E02003270,False
E02003265,E02003270,False
E02003266,E02003270,False
E02003267,E02003270,False
E02003268,E02003270,False
E02003269,E02003270,False
E02003270,E02003270,True
E02003271,E02003271,True
E02003272,E02003270,False
E02003273,E02003270,False
E02003274,E02003270,False
E02003276,E02003270,False
E02003277,E02003270,False
E02003278,E02003270,False
E02003279,E02003282,False
E02003280,E02003282,False
E02003281,E02003282,False
E02003282,E02003282,True
E02003283,E02003282,False
E02003284,E02003282,False
E02003285,E02003282,False
E02003286,E02003282,False
E02003287,E02003282,False
E02003288,E02003282,False
E02003289,E02003282,False
E02003290,E02003282,False
E02003291,E02003282,False
E02003292,E02003282,False
E02003293,E02003282,False
E02003294,E02003282,False
E02003295,E02003282,False
E02003296,E02007005,False
E02003297,E02007005,False
E02003298,E02007005,False
E02003299,E02007005,False
E02003300,E02007005,False
E02003301,E02007005,False
E02003302,E02007005,False
E02003303,E02007005,False
E02003304,E02007005,False
E02003305,E02007005,False
E02003307,E02007005,False
E02003308,E02007005,False
E02003309,E02007005,False
E02003311,E02007005,False
E02003312,E02007005,False
E02003313,E02007005,True
E02003314,E02000001,False
E02003315,E02000001,False
E02003316,E02000001,False
E02003317,E02000001,False
E02003318,E02000001,False
E02003319,E02000001,False
E02003320,E02000001,False
E02003321,E02000001,False
E02003322,E02000001,False
E02003323,E02000001,False
E02003324,E02000001,False
E02003325,E02003325,True
E02003326,E02000001,False
E02003327,E02000001,False
E02003328,E02000001,False
E02003329,E02003325,False
E02003330,E02000001,False
E02003331,E02000001,False
E02003332,E02000001,False
E02003333,E02000001,False
E02003334,E02000001,False
E02003335,E02000001,False
E02003336,E02000001,False
E02003337,E02000001,False
E02003338,E02000001,False
E02003339,E02000001,False
E02003340,E02000001,False
E02003341,E02000001,False
E02003342,E02000001,False
E02003343,E02000001,False
E02003344,E02000001,False
E02003345,E02000001,False
E02003346,E02000001,False
E02003347,E02000001,False
E02003348,E02000001,False
E02003349,E02000001,False
E02003350,E02000001,False
E02003351,E02000001,False
E02003352,E02000001,False
E02003353,E02006939,False
E02003354,E02006939,False
E02003355,E02006939,False
E02003356,E02000001,False
E02003357,E02006939,False
E02003358,E02006939,False
E02003359,E02006939,False
E02003360,E02006939,False
E02003361,E02006939,False
E02003362,E02006939,False
E02003363,E02006939,False
E02003364,E02006425,False
E02003365,E02006425,False
E02003366,E02006425,False
E02003367,E02003377,False
E02003368,E02003377,False
E02003369,E02003377,False
E02003370,E02006939,False
E02003371,E02006939,False
E02003372,E02006939,False
E02003373,E02003377,False
E02003374,E02006939,False
E02003375,E02003377,False
E02003376,E02003377,False
E02003377,E02003377,True
E02003378,E02003377,False
E02003379,E02003377,False
E02003380,E02003377,False
E02003381,E02003377,False
E02003382,E02003377,False
E02003383,E02003377,False
E02003384,E02003377,False
E02003385,E02003377,True
E02003386,E02003377,False
E02003387,E02003377,False
E02003388,E02003377,False
E02003389,E02006939,False
E02003390,E02006939,False
E02003391,E02006939,False
E02003392,E02006939,False
E02003393,E02006939,False
E02003394,E02006939,False
E02003395,E02006939,False
E02003396,E02006939,False
E02003397,E02006939,False
E02003398,E02006939,False
E02003400,E02006939,False
E02003401,E02006939,False
E02003402,E02006939,True
E02003403,E02006939,False
E02003404,E02006939,False
E02003405,E02006939,False
E02003406,E02006939,False
E02003407,E02000524,False
E02003408,E02003408,True
E02003409,E02000524,False
E02003410,E02000524,False
E02003411,E02000524,False
E02003412,E02000524,False
E02003414,E02000524,False
E02003415,E02000524,False
E02003416,E02000524,False
E02003417,E02000524,False
E02003418,E02000524,False
E02003419,E02000524,False
E02003420,E02000524,False
E02003421,E02000524,False
E02003422,E02003710,False
E02003423,E02000524,False
E02003424,E02000524,False
E02003425,E02000524,False
E02003426,E02000524,False
E02003427,E02000524,False
E02003428,E02000524,False
E02003429,E02000524,False
E02003430,E02000524,False
E02003431,E02000524,False
E02003432,E02000524,False
E02003433,E02000524,False
E02003434,E02000524,False
E02003435,E02000524,False
E02003436,E02000524,False
E02003437,E02000001,False
E02003438,E02000001,False
E02003439,E02006939,False
E02003440,E02006939,False
E02003441,E02006939,False
E02003442,E02006939,False
E02003443,E02006939,False
E02003444,E02006939,False
E02003445,E02006939,False
E02003446,E02006939,False
E02003447,E02006939,False
E02003448,E02006939,False
E02003449,E02006939,False
E02003450,E02006939,False
E02003451,E02006939,False
E02003452,E02006939,False
E02003453,E02006939,False
E02003454,E02006939,False
E02003455,E02006939,False
E02003456,E02006939,False
E02003457,E02006939,False
E02003458,E02006939,False
E02003459,E02003472,False
E02003460,E02003472,False
E02003461,E02003472,False
E02003462,E02003472,False
E02003463,E02003472,False
E02003464,E02003472,False
E02003465,E02003472,False
E02003466,E02003472,False
E02003467,E02003472,False
E02003468,E02003472,False
E02003469,E02003472,False
E02003470,E02003472,False
E02003471,E02003472,False
E02003472,E02003472,True
E02003473,E02003472,False
E02003474,E02003472,False
E02003476,E02003472,True
E02003478,E02003472,False
E02003479,E02003472,False
E02003480,E02003472,False
E02003481,E02003472,True
E02003482,E02003472,True
E02003483,E02003472,False
E02003484,E02003472,False
E02003485,E02003472,False
E02003486,E02003472,False
E02003487,E02003472,False
E02003488,E02003472,False
E02003489,E02003472,False
E02003490,E02003472,False
E02003491,E02003517,False
E02003492,E02003517,False
E02003493,E02003517,False
E02003494,E02003517,False
E02003495,E02003517,False
E02003496,E02003517,False
E02003497,E02003517,False
E02003498,E02003517,False
E02003499,E02003517,False
E02003500,E02003517,False
E02003501,E02003517,False
E02003502,E02003517,False
E02003503,E02003517,False
E02003504,E02003517,False
E02003505,E02003517,False
E02003506,E02003517,False
E02003507,E02003517,False
E02003508,E02003517,False
E02003509,E02003517,False
E02003510,E02003517,False
E02003511,E02003517,False
E02003512,E02003517,False
E02003513,E02003517,False
E02003514,E02003517,False
E02003515,E02003517,False
E02003516,E02003517,False
E02003517,E02003517,True
E02003518,E02003517,False
E02003519,E02003517,False
E02003520,E02003517,False
E02003521,E02003517,True
E02003522,E02003517,False
E02003523,E02003517,False
E02003524,E02003525,False
E02003525,E02003525,True
E02003526,E02003525,False
E02003527,E02003525,False
E02003529,E02003525,False
E02003530,E02003525,False
E02003531,E02003525,True
E02003532,E02003525,False
E02003533,E02003525,False
E02003534,E02003525,False
E02003535,E02003525,False
E02003536,E02003525,False
E02003537,E02003525,False
E02003538,E02003525,False
E02003540,E02003525,False
E02003541,E02003525,False
E02003542,E02003525,False
E02003543,E02003525,False
E02003544,E02003525,False
E02003545,E02003525,False
E02003546,E02003525,False
E02003547,E02003525,False
E02003548,E02003525,False
E02003549,E02003558,False
E02003550,E02003558,False
E02003551,E02003558,False
E02003552,E02003558,False
E02003553,E02003558,False
E02003554,E02003558,False
E02003555,E02003558,False
E02003556,E02003558,False
E02003557,E02003558,False
E02003558,E02003558,True
E02003559,E02003558,False
E02003560,E02003558,False
E02003561,E02003558,False
E02003562,E02003558,False
E02003563,E02003558,False
E02003564,E02003558,False
E02003565,E02003558,False
E02003566,E02003558,False
E02003567,E02003558,False
E02003568,E02003558,False
E02003569,E02003558,False
E02003570,E02003558,False
E02003571,E02003558,True
E02003572,E02003558,False
E02003573,E02003558,False
E02003574,E02003558,False
E02003575,E02003558,False
E02003576,E02003558,False
E02003578,E02003558,False
E02003579,E02003558,False
E02003580,E02003558,False
E02003581,E02003588,False
E02003582,E02003588,False
E02003583,E02003588,False
E02003584,E02003588,False
E02003585,E02003588,False
E02003586,E02003588,False
E02003587,E02003588,False
E02003588,E02003588,True
E02003589,E02003588,False
E02003590,E02003588,False
E02003591,E02003588,False
E02003592,E02003588,False
E02003593,E02003588,False
E02003594,E02003588,False
E02003595,E02003588,False
E02003596,E02003588,False
E02003597,E02003588,False
E02003598,E02003588,False
E02003599,E02003472,False
E02003600,E02003472,False
E02003601,E02003731,False
E02003602,E02003472,False
E02003603,E02000001,False
E02003604,E02000001,False
E02003605,E02003472,False
E02003606,E02003270,False
E02003607,E02003472,False
E02003608,E02000001,False
E02003609,E02003270,False
E02003610,E02003472,False
E02003611,E02000001,False
E02003612,E02000001,False
E02003613,E02003270,False
E02003614,E02003270,False
E02003615,E02003270,False
E02003616,E02003472,False
E02003617,E02003472,False
E02003618,E02003472,False
E02003619,E02003472,False
E02003620,E02003472,False
E02003621,E02003472,False
E02003622,E02003472,False
E02003623,E02003472,False
E02003624,E02003472,False
E02003625,E02003472,False
E02003626,E02003472,False
E02003627,E02003472,False
E02003628,E02003472,False
E02003629,E02003472,False
E02003630,E02003472,False
E02003631,E02003472,False
E02003632,E02003472,False
E02003633,E02003472,False
E02003635,E02003472,False
E02003636,E02003270,False
E02003637,E02003270,False
E02003638,E02003472,False
E02003639,E02003472,False
E02003640,E02003472,False
E02003641,E02003472,False
E02003642,E02003270,False
E02003643,E02003472,False
E02003644,E02003270,False
E02003645,E02003270,True
E02003646,E02003270,False
E02003647,E02003270,False
E02003648,E02003270,False
E02003649,E02003270,False
E02003650,E02003270,False
E02003651,E02003270,False
E02003652,E02003472,False
E02003653,E02003472,False
E02003654,E02003472,False
E02003655,E02003472,False
E02003656,E02003472,False
E02003657,E02003472,False
E02003658,E02003472,False
E02003659,E02005945,False
E02003660,E02000001,False
E02003661,E02005945,False
E02003662,E02003710,False
E02003663,E02005945,False
E02003664,E02005945,False
E02003665,E02003710,False
E02003666,E02003710,False
E02003667,E02005945,False
E02003668,E02003710,False
E02003669,E02003710,False
E02003670,E02003710,False
E02003671,E02003710,False
E02003672,E02003710,False
E02003673,E02005945,False
E02003674,E02005945,False
E02003675,E02003710,False
E02003676,E02000001,False
E02003677,E02000001,False
E02003678,E02000001,False
E02003679,E02000001,False
E02003680,E02003710,False
E02003681,E02000001,False
E02003682,E02000001,False
E02003683,E02000001,False
E02003685,E02000001,False
E02003686,E02000001,False
E02003687,E02000001,False
E02003688,E02003710,False
E02003689,E02000001,False
E02003690,E02000001,False
E02003691,E02000001,False
E02003692,E02000524,False
E02003693,E02000001,False
E02003694,E02000524,False
E02003695,E02000524,False
E02003696,E02003710,False
E02003697,E02003710,False
E02003698,E02003710,False
E02003699,E02003710,False
E02003701,E02003710,False
E02003702,E02003710,False
E02003703,E02003710,False
E02003704,E02003710,False
E02003705,E02003710,False
E02003706,E02003710,False
E02003707,E02003710,False
E02003708,E02003710,False
E02003709,E02003710,False
E02003710,E02003710,True
E02003711,E02003710,False
E02003712,E02003710,False
E02003713,E02003710,False
E02003714,E02003710,False
E02003715,E02003710,False
E02003716,E02003710,False
E02003717,E02003710,False
E02003718,E02003710,False
E02003719,E02003731,False
E02003720,E02003731,False
E02003721,E02003731,False
E02003722,E02003731,False
E02003723,E02003731,False
E02003724,E02003731,False
E02003725,E02003731,True
E02003726,E02003731,False
E02003727,E02003731,False
E02003728,E02003731,False
E02003729,E02003731,False
E02003731,E02003731,True
E02003732,E02003731,False
E02003733,E02003731,False
E02003734,E02003731,False
E02003735,E02003731,False
E02003736,E02003731,False
E02003737,E02003731,False
E02003738,E02003731,False
E02003739,E02003731,False
E02003740,E02003731,False
E02003742,E02003744,False
E02003743,E02003744,False
E02003744,E02003744,True
E02003745,E02003744,False
E02003746,E02003744,False
E02003747,E02003249,False
E02003748,E02003744,False
E02003749,E02003249,False
E02003750,E02003744,False
E02003751,E02003731,False
E02003752,E02003731,False
E02003753,E02003249,False
E02003754,E02003249,False
E02003755,E02003764,False
E02003756,E02003764,False
E02003757,E02003764,False
E02003758,E02003731,False
E02003759,E02003731,False
E02003760,E02003764,False
E02003761,E02003764,False
E02003762,E02003764,False
E02003763,E02003731,False
E02003764,E02003764,True
E02003765,E02003731,False
E02003766,E02003764,False
E02003767,E02003764,False
E02003768,E02003731,False
E02003769,E02003764,False
E02003770,E02003731,False
E02003771,E02003731,False
E02003772,E02003731,False
E02003773,E02003731,False
E02003774,E02003731,False
E02003775,E02003731,False
E02003776,E02003731,False
E02003777,E02003731,False
E02003778,E02003731,False
E02003780,E02003731,False
E02003781,E02003731,False
E02003784,E02003731,False
E02003785,E02003731,False
E02003786,E02003731,False
E02003787,E02003731,False
E02003788,E02003731,False
E02003789,E02003731,False
E02003790,E02003731,False
E02003791,E02003731,False
E02003792,E02003731,False
E02003793,E02003731,False
E02003794,E02003803,False
E02003795,E02003803,False
E02003796,E02003803,False
E02003797,E02003803,True
E02003798,E02003803,False
E02003799,E02003803,False
E02003800,E02003803,False
E02003801,E02003803,False
E02003802,E02003803,False
E02003803,E02003803,True
E02003804,E02003803,False
E02003805,E02003803,False
E02003806,E02003803,False
E02003807,E02003803,False
E02003808,E02003803,False
E02003809,E02003803,False
E02003810,E02003803,False
E02003811,E02001062,False
E02003812,E02003829,False
E02003813,E02003829,False
E02003814,E02003829,False
E02003815,E02002968,False
E02003816,E02002968,False
E02003817,E02003829,False
E02003818,E02002968,False
E02003819,E02003829,False
E02003820,E02003829,False
E02003821,E02003829,False
E02003822,E02002968,False
E02003823,E02002968,False
E02003824,E02002968,False
E02003825,E02003829,False
E02003826,E02003829,False
E02003827,E02003829,False
E02003828,E02003829,False
E02003829,E02003829,True
E02003830,E02003829,False
E02003831,E02003829,False
E02003832,E02003829,False
E02003833,E02003829,False
E02003834,E02003829,False
E02003835,E02003829,False
E02003836,E02003829,False
E02003838,E02003829,False
E02003839,E02003829,False
E02003840,E02003829,False
E02003841,E02003803,False
E02003842,E02003803,False
E02003843,E02003803,False
E02003844,E02003803,False
E02003845,E02003803,False
E02003846,E02003803,False
E02003847,E02003803,False
E02003848,E02003803,False
E02003849,E02003849,True
E02003850,E02003803,False
E02003851,E02003803,False
E02003852,E02003803,False
E02003853,E02001062,False
E02003854,E02001062,False
E02003855,E02001062,False
E02003856,E02001062,False
E02003857,E02001062,False
E02003858,E02001062,False
E02003859,E02001062,False
E02003860,E02001062,False
E02003861,E02001062,False
E02003862,E02001062,False
E02003863,E02001062,False
E02003864,E02001062,False
E02003865,E02001062,False
E02003866,E02001062,False
E02003867,E02001062,False
E02003868,E02001062,False
E02003869,E02001062,False
E02003870,E02001062,False
E02003871,E02001062,False
E02003872,E02001062,False
E02003873,E02001062,False
E02003874,E02003803,False
E02003875,E02003803,False
E02003876,E02003803,False
E02003877,E02003803,False
E02003878,E02001062,False
E02003879,E02003803,False
E02003880,E02003803,False
E02003881,E02003803,False
E02003882,E02003803,False
E02003883,E02003803,False
E02003884,E02003803,False
E02003885,E02003829,False
E02003886,E02003829,False
E02003887,E02003829,False
E02003888,E02003829,False
E02003889,E02003829,False
E02003890,E02003829,False
E02003891,E02003803,False
E02003892,E02003126,False
E02003893,E02003126,False
E02003894,E02003126,False
E02003895,E02003126,False
E02003896,E02003126,False
E02003897,E02003126,False
E02003898,E02003126,False
E02003899,E02003126,False
E02003900,E02003126,False
E02003901,E02003126,False
E02003902,E02003126,False
E02003903,E02003126,False
E02003904,E02003126,False
E02003905,E02003909,False
E02003906,E02003909,False
E02003907,E02003909,False
E02003908,E02003909,False
E02003909,E02003909,True
E02003910,E02003909,True
E02003911,E02003909,False
E02003912,E02003909,False
E02003913,E02003909,False
E02003914,E02003909,False
E02003915,E02003909,False
E02003916,E02003909,False
E02003917,E02003909,False
E02003918,E02003909,False
E02003919,E02003909,False
E02003920,E02003909,False
E02003921,E02003909,False
E02003922,E02003909,False
E02003923,E02003909,False
E02003924,E02003909,False
E02003925,E02003909,False
E02003926,E02003909,False
E02003927,E02003909,False
E02003928,E02003909,False
E02003929,E02003909,False
E02003930,E02003909,False
E02003931,E02003909,False
E02003932,E02003909,False
E02003933,E02003909,False
E02003934,E02003909,False
E02003935,E02003126,False
E02003936,E02003126,False
E02003937,E02003909,False
E02003938,E02003909,False
E02003939,E02003909,False
E02003940,E02003909,False
E02003941,E02003909,False
E02003942,E02003909,False
E02003943,E02003909,False
E02003944,E02003909,False
E02003945,E02003909,False
E02003946,E02003909,False
E02003947,E02003909,False
E02003948,E02003909,False
E02003949,E02003909,False
E02003950,E02003909,False
E02003951,E02003909,False
E02003952,E02003909,False
E02003953,E02003909,False
E02003954,E02003909,False
E02003955,E02003909,False
E02003956,E02003909,False
E02003957,E02003909,False
E02003958,E02003909,False
E02003959,E02003909,False
E02003960,E02003909,False
E02003961,E02003909,False
E02003962,E02003909,False
E02003963,E02003909,False
E02003964,E02003909,False
E02003965,E02003992,False
E02003966,E02003992,False
E02003967,E02003992,False
E02003968,E02004006,False
E02003969,E02004006,False
E02003970,E02004006,False
E02003971,E02004006,False
E02003972,E02004006,False
E02003973,E02004006,False
E02003974,E02004006,False
E02003975,E02004006,False
E02003976,E02004006,False
E02003977,E02003986,False
E02003978,E02003986,False
E02003979,E02003986,False
E02003980,E02003986,False
E02003981,E02003986,False
E02003982,E02003986,False
E02003983,E02003986,False
E02003984,E02003986,False
E02003985,E02003986,False
E02003986,E02003986,True
E02003987,E02003992,False
E02003988,E02003992,False
E02003989,E02003992,False
E02003990,E02003992,False
E02003991,E02003992,False
E02003992,E02003992,True
E02003993,E02003992,False
E02003994,E02003992,True
E02003995,E02003992,False
E02003996,E02003992,False
E02003997,E02003992,False
E02003998,E02003992,False
E02003999,E02003992,False
E02004000,E02004006,False
E02004001,E02004006,False
E02004002,E02004006,False
E02004003,E02004006,False
E02004004,E02004006,False
E02004005,E02004006,False
E02004006,E02004006,True
E02004007,E02004006,False
E02004008,E02003992,False
E02004009,E02003992,False
E02004010,E02003992,False
E02004011,E02003992,False
E02004012,E02003992,False
E02004013,E02003992,False
E02004014,E02003992,False
E02004015,E02003986,False
E02004016,E02003986,False
E02004017,E02003986,False
E02004018,E02003986,False
E02004019,E02003986,False
E02004020,E02003986,False
E02004021,E02003986,False
E02004022,E02003986,False
E02004023,E02005234,False
E02004024,E02005234,False
E02004025,E02005234,False
E02004026,E02003986,False
E02004027,E02003986,False
E02004028,E02003986,False
E02004029,E02002819,False
E02004030,E02002819,False
E02004031,E02002819,False
E02004032,E02002819,False
E02004033,E02002819,False
E02004034,E02002819,False
E02004035,E02002819,False
E02004036,E02002819,False
E02004037,E02002819,False
E02004038,E02002819,False
E02004039,E02002819,False
E02004040,E02002819,False
E02004041,E02002898,False
E02004043,E02002819,False
E02004044,E02002819,False
E02004045,E02004064,False
E02004046,E02004064,False
E02004047,E02005848,False
E02004048,E02004064,False
E02004049,E02004064,False
E02004050,E02004064,False
E02004051,E02004064,False
E02004052,E02004064,False
E02004053,E02004054,False
E02004054,E02004054,True
E02004055,E02004064,False
E02004056,E02004064,False
E02004057,E02004064,False
E02004058,E02004064,False
E02004059,E02004064,False
E02004060,E02004064,False
E02004061,E02004064,False
E02004062,E02004064,False
E02004063,E02004064,False
E02004064,E02004064,True
E02004065,E02004064,False
E02004066,E02004064,True
E02004067,E02004064,False
E02004068,E02002819,False
E02004069,E02002819,False
E02004072,E02002819,False
E02004073,E02002819,False
E02004074,E02002819,False
E02004075,E02002819,False
E02004076,E02002819,False
E02004077,E02002819,False
E02004078,E02002898,False
E02004080,E02002898,False
E02004081,E02002819,False
E02004082,E02002819,False
E02004083,E02002898,False
E02004084,E02002898,False
E02004085,E02002898,False
E02004086,E02002819,False
E02004087,E02002898,False
E02004088,E02002898,False
E02004089,E02002898,False
E02004090,E02002819,False
E02004091,E02002898,False
E02004092,E02002898,False
E02004093,E02001241,False
E02004094,E02001241,False
E02004095,E02001062,False
E02004096,E02001241,False
E02004097,E02001062,False
E02004098,E02001062,False
E02004100,E02001062,False
E02004102,E02001062,False
E02004103,E02001062,False
E02004104,E02001062,False
E02004105,E02001632,False
E02004106,E02001632,False
E02004108,E02004064,False
E02004109,E02004064,False
E02004110,E02001632,False
E02004111,E02004064,False
E02004112,E02004064,False
E02004113,E02004064,False
E02004114,E02004064,False
E02004115,E02004064,False
E02004116,E02004064,False
E02004117,E02004064,False
E02004118,E02004118,True
E02004119,E02002819,False
E02004120,E02002819,False
E02004121,E02002819,False
E02004122,E02002819,False
E02004123,E02002819,False
E02004124,E02006141,False
E02004125,E02006141,False
E02004126,E02006141,False
E02004128,E02006141,False
E02004129,E02004159,False
E02004130,E02004159,False
E02004131,E02004159,False
E02004132,E02004159,False
E02004133,E02004159,False
E02004135,E02004159,False
E02004136,E02004159,False
E02004137,E02004159,False
E02004138,E02004159,False
E02004139,E02004159,False
E02004140,E02004159,False
E02004141,E02004159,False
E02004142,E02004159,False
E02004143,E02004159,False
E02004144,E02004159,False
E02004145,E02004159,False
E02004146,E02004159,False
E02004147,E02004159,False
E02004148,E02004159,False
E02004149,E02004159,False
E02004150,E02004159,False
E02004151,E02004159,False
E02004152,E02004159,False
E02004153,E02004159,False
E02004154,E02004159,False
E02004155,E02004159,False
E02004156,E02004159,True
E02004157,E02004159,False
E02004158,E02004159,False
E02004159,E02004159,True
E02004160,E02004159,False
E02004161,E02004159,True
E02004162,E02004159,True
E02004163,E02004159,False
E02004164,E02004159,False
E02004165,E02004159,False
E02004166,E02004159,False
E02004167,E02004159,False
E02004168,E02004159,False
E02004169,E02004159,False
E02004170,E02004159,False
E02004171,E02004159,False
E02004172,E02004159,False
E02004173,E02004159,False
E02004174,E02004159,False
E02004175,E02004159,False
E02004176,E02004159,False
E02004177,E02004159,False
E02004178,E02004159,False
E02004179,E02004159,False
E02004180,E02004159,False
E02004181,E02004159,False
E02004182,E02004159,False
E02004183,E02004159,False
E02004184,E02004159,False
E02004185,E02004159,False
E02004186,E02004159,False
E02004187,E02004159,False
E02004188,E02004159,False
E02004189,E02003126,False
E02004190,E02003126,False
E02004191,E02003126,False
E02004192,E02003156,False
E02004193,E02003126,False
E02004194,E02003126,False
E02004195,E02003126,False
E02004196,E02003126,False
E02004197,E02003126,False
E02004198,E02003126,False
E02004199,E02003126,False
E02004200,E02003126,False
E02004201,E02004159,False
E02004202,E02004159,False
E02004203,E02004159,False
E02004204,E02004159,False
E02004205,E02004159,False
E02004206,E02004159,False
E02004207,E02004159,False
E02004208,E02004159,False
E02004209,E02004159,False
E02004210,E02004159,False
E02004211,E02004159,False
E02004212,E02004159,False
E02004213,E02004159,False
E02004214,E02004159,False
E02004215,E02004159,False
E02004216,E02004159,False
E02004217,E02004159,False
E02004218,E02003156,False
E02004219,E02004159,False
E02004220,E02004159,False
E02004221,E02004159,False
E02004222,E02004159,False
E02004223,E02004159,False
E02004224,E02004159,False
E02004225,E02004159,False
E02004226,E02004159,False
E02004227,E02003909,False
E02004228,E02004159,False
E02004229,E02004159,False
E02004230,E02004159,False
E02004231,E02004159,False
E02004232,E02003126,False
E02004233,E02003126,False
E02004234,E02003126,False
E02004235,E02003126,False
E02004236,E02003208,False
E02004237,E02003208,False
E02004238,E02003208,False
E02004239,E02003208,False
E02004240,E02003208,False
E02004241,E02003208,False
E02004242,E02003208,False
E02004243,E02006672,False
E02004244,E02003208,False
E02004245,E02003208,False
E02004246,E02003208,False
E02004247,E02003208,False
E02004248,E02003208,False
E02004249,E02003208,False
E02004250,E02003208,False
E02004251,E02003208,False
E02004252,E02003208,False
E02004253,E02003208,False
E02004254,E02003208,False
E02004255,E02003208,False
E02004256,E02007006,False
E02004257,E02003208,False
E02004258,E02007006,False
E02004259,E02003208,False
E02004260,E02003208,False
E02004261,E02003208,False
E02004262,E02007006,False
E02004263,E02003208,False
E02004264,E02003208,False
E02004265,E02003208,False
E02004266,E02007006,False
E02004267,E02003208,False
E02004268,E02003208,False
E02004269,E02007006,False
E02004270,E02007006,False
E02004271,E02007006,False
E02004272,E02007006,False
E02004273,E02007006,False
E02004274,E02007006,False
E02004275,E02007006,False
E02004276,E02007006,False
E02004278,E02007006,False
E02004279,E02007006,False
E02004280,E02007006,False
E02004281,E02007006,False
E02004282,E02007006,False
E02004283,E02007006,False
E02004284,E02007006,False
E02004285,E02007006,False
E02004286,E02007006,False
E02004287,E02007006,False
E02004288,E02007006,False
E02004289,E02007006,False
E02004290,E02007099,False
E02004291,E02007099,False
E02004292,E02007099,False
E02004293,E02007099,False
E02004294,E02004315,False
E02004295,E02007099,False
E02004296,E02004315,False
E02004297,E02007099,False
E02004298,E02007099,False
E02004299,E02007099,False
E02004300,E02007099,False
E02004301,E02007099,False
E02004302,E02007099,False
E02004303,E02007099,False
E02004304,E02007099,False
E02004305,E02007099,False
E02004306,E02004315,False
E02004307,E02004315,False
E02004308,E02004315,False
E02004309,E02004315,False
E02004310,E02004315,False
E02004311,E02004315,False
E02004312,E02004315,False
E02004313,E02004315,False
E02004314,E02004315,True
E02004315,E02004315,True
E02004316,E02004315,False
E02004317,E02004315,False
E02004318,E02004315,False
E02004319,E02004315,False
E02004320,E02001801,False
E02004321,E02001801,False
E02004322,E02001801,False
E02004323,E02001801,False
E02004324,E02004315,False
E02004325,E02004315,False
E02004326,E02004315,False
E02004327,E02004315,False
E02004328,E02004315,False
E02004329,E02004315,False
E02004330,E02004315,False
E02004331,E02004315,False
E02004332,E02004315,False
E02004333,E02004315,False
E02004334,E02004315,False
E02004335,E02004315,False
E02004336,E02004344,False
E02004337,E02004315,False
E02004338,E02004344,False
E02004339,E02004315,False
E02004340,E02004344,False
E02004341,E02004344,False
E02004342,E02004344,False
E02004343,E02004344,False
E02004344,E02004344,True
E02004345,E02007058,False
E02004348,E02004315,False
E02004349,E02004315,False
E02004350,E02004315,False
E02004351,E02004315,False
E02004352,E02004344,False
E02004353,E02004344,False
E02004354,E02004344,False
E02004355,E02004344,False
E02004356,E02003517,False
E02004357,E02003517,False
E02004358,E02003517,False
E02004359,E02003517,False
E02004361,E02003517,False
E02004362,E02003517,False
E02004363,E02003517,False
E02004364,E02003517,False
E02004365,E02003517,False
E02004366,E02003517,False
E02004367,E02003517,False
E02004368,E02000001,False
E02004369,E02000001,False
E02004370,E02003517,False
E02004371,E02003517,False
E02004372,E02003517,False
E02004373,E02003517,False
E02004374,E02000001,False
E02004375,E02003517,False
E02004376,E02003517,False
E02004377,E02003517,False
E02004378,E02003517,False
E02004379,E02003517,False
E02004380,E02003517,False
E02004381,E02003517,False
E02004382,E02003517,False
E02004383,E02003517,False
E02004384,E02003517,False
E02004385,E02003517,False
E02004386,E02003517,False
E02004387,E02003517,False
E02004388,E02003517,False
E02004389,E02003517,False
E02004390,E02003517,False
E02004391,E02003517,False
E02004392,E02000001,False
E02004393,E02000001,False
E02004394,E02000001,False
E02004395,E02000001,False
E02004396,E02000001,False
E02004397,E02000001,False
E02004398,E02003517,False
E02004399,E02003517,False
E02004400,E02003517,False
E02004401,E02003517,False
E02004402,E02003517,False
E02004403,E02006578,False
E02004404,E02000001,False
E02004405,E02000001,False
E02004406,E02000001,False
E02004407,E02000001,False
E02004408,E02000001,False
E02004409,E02006578,False
E02004410,E02003517,False
E02004411,E02003517,False
E02004412,E02003517,False
E02004413,E02003517,False
E02004414,E02003517,False
E02004415,E02003517,False
E02004416,E02003517,False
E02004417,E02003517,False
E02004418,E02003517,False
E02004419,E02003517,False
E02004420,E02003517,False
E02004421,E02003517,False
E02004422,E02003517,False
E02004423,E02003517,False
E02004424,E02000001,False
E02004425,E02000001,False
E02004426,E02000001,False
E02004427,E02004438,False
E02004428,E02004438,False
E02004429,E02004438,False
E02004430,E02004438,False
E02004431,E02004438,False
E02004432,E02004438,False
E02004433,E02004438,False
E02004434,E02004438,False
E02004435,E02004438,False
E02004436,E02004438,False
E02004437,E02004438,False
E02004438,E02004438,True
E02004439,E02004438,False
E02004440,E02004438,False
E02004441,E02004438,False
E02004442,E02004438,False
E02004443,E02004438,True
E02004444,E02004438,False
E02004445,E02004438,False
E02004446,E02003731,False
E02004447,E02004512,False
E02004448,E02004512,False
E02004449,E02004512,False
E02004450,E02004596,False
E02004451,E02004512,False
E02004452,E02004486,False
E02004453,E02004486,False
E02004454,E02004486,False
E02004455,E02004596,False
E02004456,E02004486,False
E02004457,E02004486,False
E02004458,E02004486,False
E02004459,E02004512,False
E02004460,E02004486,False
E02004461,E02004486,False
E02004462,E02004486,False
E02004463,E02004486,False
E02004464,E02000001,False
E02004465,E02000001,False
E02004466,E02000001,False
E02004467,E02000001,False
E02004468,E02000001,False
E02004469,E02000001,False
E02004470,E02000001,False
E02004471,E02000001,False
E02004472,E02000001,False
E02004473,E02004438,False
E02004474,E02004438,False
E02004475,E02004438,False
E02004476,E02004438,False
E02004477,E02003282,False
E02004478,E02004438,False
E02004479,E02004438,False
E02004480,E02004438,False
E02004481,E02004438,False
E02004482,E02004438,False
E02004483,E02004438,False
E02004484,E02004438,False
E02004485,E02004486,False
E02004486,E02004486,True
E02004487,E02004486,False
E02004488,E02004486,False
E02004489,E02004486,False
E02004490,E02004486,False
E02004491,E02004486,False
E02004492,E02004486,False
E02004493,E02004486,False
E02004495,E02004486,False
E02004496,E02004486,False
E02004497,E02004486,False
E02004498,E02004486,False
E02004499,E02004486,False
E02004500,E02004486,False
E02004501,E02004486,False
E02004502,E02000001,False
E02004503,E02004486,False
E02004504,E02004486,False
E02004505,E02004438,False
E02004506,E02004512,False
E02004507,E02004512,False
E02004508,E02004512,False
E02004512,E02004512,True
E02004513,E02004512,False
E02004514,E02004512,False
E02004515,E02004512,False
E02004516,E02004512,False
E02004517,E02004512,False
E02004518,E02004512,False
E02004519,E02004512,False
E02004520,E02004512,False
E02004521,E02004512,False
E02004522,E02004512,False
E02004523,E02004512,False
E02004524,E02004512,False
E02004525,E02004512,False
E02004526,E02004512,False
E02004527,E02000001,False
E02004528,E02000001,False
E02004529,E02000001,False
E02004530,E02000001,False
E02004531,E02000001,False
E02004532,E02000001,False
E02004533,E02000001,False
E02004534,E02000001,False
E02004535,E02000001,False
E02004536,E02000001,False
E02004537,E02000001,False
E02004538,E02000001,False
E02004539,E02000001,False
E02004540,E02000001,False
E02004541,E02000001,False
E02004542,E02000001,False
E02004543,E02000001,False
E02004544,E02004547,False
E02004545,E02004547,False
E02004546,E02004547,False
E02004547,E02004547,True
E02004548,E02004547,False
E02004549,E02004547,False
E02004550,E02004547,False
E02004551,E02004547,False
E02004552,E02004547,False
E02004553,E02004547,False
E02004554,E02004547,False
E02004555,E02004512,False
E02004556,E02004486,False
E02004557,E02004486,False
E02004558,E02004486,False
E02004559,E02004486,False
E02004560,E02004486,False
E02004561,E02004486,False
E02004562,E02004486,False
E02004563,E02004438,False
E02004564,E02003282,False
E02004566,E02003282,False
E02004567,E02000001,False
E02004568,E02000001,False
E02004569,E02003282,False
E02004570,E02000001,False
E02004571,E02003282,False
E02004572,E02003282,False
E02004573,E02004512,False
E02004574,E02004512,False
E02004575,E02004512,False
E02004576,E02004512,False
E02004577,E02004512,False
E02004578,E02004512,False
E02004579,E02004512,False
E02004580,E02004512,False
E02004581,E02004512,False
E02004582,E02004512,False
E02004583,E02004512,False
E02004584,E02004512,False
E02004585,E02004512,False
E02004586,E02004512,False
E02004587,E02004512,False
E02004588,E02004512,False
E02004589,E02004512,False
E02004590,E02004512,False
E02004591,E02003731,False
E02004592,E02003731,False
E02004593,E02003731,False
E02004594,E02004596,False
E02004595,E02004596,False
E02004596,E02004596,True
E02004597,E02004596,False
E02004598,E02004596,False
E02004599,E02004596,False
E02004600,E02004608,False
E02004601,E02004608,False
E02004602,E02004608,False
E02004603,E02004608,False
E02004604,E02004608,False
E02004605,E02004608,False
E02004606,E02004608,False
E02004607,E02004608,False
E02004608,E02004608,True
E02004609,E02004608,False
E02004610,E02004608,False
E02004611,E02004608,False
E02004612,E02004608,False
E02004613,E02004608,False
E02004614,E02004608,False
E02004615,E02005945,False
E02004616,E02005945,False
E02004617,E02005945,False
E02004618,E02004608,False
E02004619,E02003219,False
E02004620,E02003219,False
E02004621,E02003219,False
E02004622,E02003219,False
E02004623,E02003219,False
E02004624,E02003219,False
E02004625,E02004637,False
E02004626,E02004637,False
E02004627,E02004637,False
E02004628,E02004637,False
E02004629,E02004637,False
E02004630,E02004637,False
E02004631,E02004637,False
E02004632,E02004637,False
E02004633,E02004637,False
E02004634,E02004637,False
E02004635,E02003094,False
E02004636,E02004637,False
E02004637,E02004637,True
E02004638,E02004637,False
E02004639,E02004637,True
E02004640,E02004637,False
E02004641,E02004637,False
E02004642,E02004637,False
E02004643,E02004637,False
E02004644,E02004637,False
E02004645,E02004637,False
E02004646,E02004637,False
E02004647,E02004637,False
E02004648,E02004637,False
E02004649,E02004637,False
E02004650,E02004637,False
E02004651,E02004637,False
E02004652,E02004637,False
E02004653,E02004637,False
E02004654,E02004637,False
E02004655,E02004637,False
E02004656,E02004637,False
E02004657,E02004637,False
E02004658,E02004637,False
E02004659,E02004637,False
E02004660,E02004637,False
E02004661,E02004637,False
E02004662,E02004637,False
E02004663,E02004637,False
E02004664,E02004637,False
E02004665,E02004637,False
E02004666,E02004608,False
E02004667,E02004608,False
E02004668,E02004608,False
E02004669,E02004608,False
E02004671,E02004637,False
E02004672,E02004637,False
E02004673,E02004637,False
E02004674,E02004637,False
E02004675,E02003377,False
E02004676,E02003377,False
E02004677,E02003377,False
E02004678,E02003377,False
E02004679,E02003377,False
E02004680,E02003377,False
E02004681,E02003377,False
E02004682,E02003377,False
E02004683,E02003377,False
E02004684,E02003377,False
E02004685,E02003377,False
E02004686,E02003377,False
E02004687,E02003377,False
E02004688,E02003377,False
E02004689,E02003377,False
E02004690,E02003377,False
E02004691,E02003377,False
E02004692,E02003377,False
E02004693,E02003377,False
E02004694,E02003377,False
E02004695,E02003377,False
E02004696,E02003377,False
E02004697,E02006355,False
E02004698,E02006355,False
E02004699,E02006355,False
E02004700,E02006355,False
E02004702,E02006355,False
E02004703,E02006355,False
E02004704,E02006355,False
E02004705,E02006355,False
E02004706,E02006355,False
E02004707,E02003525,False
E02004708,E02003525,False
E02004709,E02003525,False
E02004710,E02003525,False
E02004712,E02003558,False
E02004713,E02003558,False
E02004714,E02003558,False
E02004715,E02003558,False
E02004716,E02003558,False
E02004717,E02003558,False
E02004718,E02004835,False
E02004719,E02003558,False
E02004720,E02003558,False
E02004721,E02003558,False
E02004722,E02003558,False
E02004723,E02003558,False
E02004724,E02003558,False
E02004725,E02003558,False
E02004726,E02003558,False
E02004727,E02003525,False
E02004728,E02003525,False
E02004729,E02003525,False
E02004730,E02003525,False
E02004731,E02003525,False
E02004732,E02003525,False
E02004733,E02003525,False
E02004734,E02003525,False
E02004735,E02003525,False
E02004736,E02003525,False
E02004737,E02003525,False
E02004738,E02003525,False
E02004739,E02003525,False
E02004740,E02003525,False
E02004741,E02003525,False
E02004742,E02003525,False
E02004743,E02003525,False
E02004744,E02003525,False
E02004745,E02003525,False
E02004746,E02003525,False
E02004747,E02003525,False
E02004748,E02003525,False
E02004749,E02003525,False
E02004750,E02003525,False
E02004751,E02006425,False
E02004752,E02006425,False
E02004753,E02006425,False
E02004754,E02006425,False
E02004755,E02006425,False
E02004756,E02003377,False
E02004757,E02006355,False
E02004758,E02006355,False
E02004759,E02006355,False
E02004760,E02006355,False
E02004761,E02006355,False
E02004764,E02003525,False
E02004765,E02003525,False
E02004766,E02003525,False
E02004767,E02004775,False
E02004768,E02003525,False
E02004769,E02003525,False
E02004770,E02004775,False
E02004771,E02004775,False
E02004772,E02003525,False
E02004774,E02003525,False
E02004775,E02004775,True
E02004776,E02003525,False
E02004777,E02003525,False
E02004778,E02003525,False
E02004779,E02006672,False
E02004780,E02003558,False
E02004781,E02003558,False
E02004782,E02003558,False
E02004783,E02003558,False
E02004784,E02003558,False
E02004785,E02003558,False
E02004786,E02003558,False
E02004787,E02003558,False
E02004788,E02003558,False
E02004789,E02003558,False
E02004790,E02003208,False
E02004791,E02003558,False
E02004792,E02003558,False
E02004793,E02003558,False
E02004794,E02003558,False
E02004795,E02003558,False
E02004796,E02003558,False
E02004797,E02003558,False
E02004798,E02003558,False
E02004799,E02003558,False
E02004800,E02003558,False
E02004801,E02003558,False
E02004802,E02006425,False
E02004803,E02006425,False
E02004804,E02006425,False
E02004805,E02006425,False
E02004806,E02006425,False
E02004807,E02006425,False
E02004808,E02004808,True
E02004809,E02006355,False
E02004810,E02006355,False
E02004811,E02006355,False
E02004812,E02006355,False
E02004813,E02006355,False
E02004814,E02003377,False
E02004815,E02003377,False
E02004817,E02003377,False
E02004818,E02003377,False
E02004819,E02003377,False
E02004820,E02006672,False
E02004821,E02004835,False
E02004822,E02003558,False
E02004823,E02003558,False
E02004824,E02003558,False
E02004825,E02003558,False
E02004826,E02003558,False
E02004827,E02003558,False
E02004828,E02003558,False
E02004829,E02004835,False
E02004830,E02004835,False
E02004831,E02004835,False
E02004832,E02004835,False
E02004833,E02004835,False
E02004834,E02004835,False
E02004835,E02004835,True
E02004836,E02004835,False
E02004837,E02004835,False
E02004838,E02004835,False
E02004839,E02003525,False
E02004840,E02003525,False
E02004841,E02004841,True
E02004842,E02003525,False
E02004843,E02000001,False
E02004844,E02000001,False
E02004845,E02000001,False
E02004846,E02000001,False
E02004847,E02000001,False
E02004848,E02000001,False
E02004849,E02000001,False
E02004850,E02000001,False
E02004851,E02000001,False
E02004852,E02000001,False
E02004853,E02000001,False
E02004854,E02000001,False
E02004855,E02000001,False
E02004856,E02004868,False
E02004857,E02000001,False
E02004858,E02000001,False
E02004859,E02000001,False
E02004860,E02004868,False
E02004861,E02004868,False
E02004862,E02004868,False
E02004863,E02004868,False
E02004864,E02000001,False
E02004865,E02004868,False
E02004866,E02004868,False
E02004867,E02000001,False
E02004868,E02004868,True
E02004869,E02004868,False
E02004870,E02004868,False
E02004871,E02004868,False
E02004872,E02004868,False
E02004873,E02004868,False
E02004874,E02004868,False
E02004875,E02004868,False
E02004876,E02000001,False
E02004877,E02000001,False
E02004878,E02000001,False
E02004880,E02004596,False
E02004881,E02004596,False
E02004882,E02004596,False
E02004883,E02000001,False
E02004884,E02004596,False
E02004885,E02004596,False
E02004886,E02000001,False
E02004887,E02000001,False
E02004888,E02004547,False
E02004889,E02000001,False
E02004890,E02000001,False
E02004891,E02000001,False
E02004892,E02000001,False
E02004893,E02000001,False
E02004894,E02000001,False
E02004895,E02000001,False
E02004896,E02000001,False
E02004897,E02000001,False
E02004898,E02000001,False
E02004899,E02000001,False
E02004900,E02000001,False
E02004901,E02000001,False
E02004902,E02000001,False
E02004903,E02000001,False
E02004904,E02000001,False
E02004905,E02000001,False
E02004906,E02000001,False
E02004907,E02000001,False
E02004908,E02000001,False
E02004909,E02003731,False
E02004910,E02003731,False
E02004911,E02000001,False
E02004912,E02000001,False
E02004914,E02000001,False
E02004915,E02000001,False
E02004916,E02000001,False
E02004917,E02000001,False
E02004918,E02000001,False
E02004919,E02000001,False
E02004920,E02000001,False
E02004921,E02000001,False
E02004922,E02000001,False
E02004923,E02000001,False
E02004924,E02000001,False
E02004925,E02000001,False
E02004926,E02000001,False
E02004927,E02000001,False
E02004928,E02000001,False
E02004929,E02000001,False
E02004930,E02000001,False
E02004931,E02000001,False
E02004932,E02000001,False
E02004933,E02000001,False
E02004934,E02000001,False
E02004935,E02004935,True
E02004936,E02000001,False
E02004937,E02000001,False
E02004939,E02000001,False
E02004940,E02000001,False
E02004941,E02000001,False
E02004942,E02000001,False
E02004943,E02000001,False
E02004944,E02000001,False
E02004945,E02000001,False
E02004946,E02000001,False
E02004948,E02000001,False
E02004949,E02000001,False
E02004950,E02000001,False
E02004951,E02000001,False
E02004952,E02000001,False
E02004953,E02000001,False
E02004954,E02004954,True
E02004955,E02000001,False
E02004956,E02000001,False
E02004957,E02000001,False
E02004958,E02000001,False
E02004959,E02000001,False
E02004960,E02000001,False
E02004961,E02000001,False
E02004962,E02000001,False
E02004963,E02000001,False
E02004964,E02000001,False
E02004965,E02000001,False
E02004966,E02000001,False
E02004967,E02000001,False
E02004968,E02004976,False
E02004969,E02000001,False
E02004970,E02004976,False
E02004971,E02004976,False
E02004972,E02004976,False
E02004973,E02004976,False
E02004974,E02004976,False
E02004975,E02004976,False
E02004976,E02004976,True
E02004977,E02004976,False
E02004978,E02004976,False
E02004979,E02000001,False
E02004980,E02004989,False
E02004981,E02004989,False
E02004982,E02004989,False
E02004983,E02004989,False
E02004984,E02004989,False
E02004985,E02004989,False
E02004986,E02004989,False
E02004987,E02004989,False
E02004988,E02004989,False
E02004989,E02004989,True
E02004990,E02004989,False
E02004991,E02004989,False
E02004992,E02004989,False
E02004994,E02000001,False
E02004995,E02000001,False
E02004996,E02005001,False
E02004997,E02005001,False
E02004998,E02005001,False
E02005000,E02005001,False
E02005001,E02005001,True
E02005002,E02005001,False
E02005003,E02005001,False
E02005004,E02005001,False
E02005005,E02005001,False
E02005006,E02005001,False
E02005007,E02005001,False
E02005008,E02005001,False
E02005009,E02005001,False
E02005010,E02005025,False
E02005011,E02005025,False
E02005012,E02005025,False
E02005013,E02005025,False
E02005014,E02005025,False
E02005015,E02005025,False
E02005016,E02005025,False
E02005017,E02005025,False
E02005018,E02005025,False
E02005019,E02005025,False
E02005020,E02005025,False
E02005021,E02005025,False
E02005022,E02005025,False
E02005023,E02005025,False
E02005025,E02005025,True
E02005026,E02005025,False
E02005027,E02005025,False
E02005028,E02000001,False
E02005029,E02000001,False
E02005030,E02000001,False
E02005031,E02005033,False
E02005032,E02005033,False
E02005033,E02005033,True
E02005034,E02000001,False
E02005035,E02005033,True
E02005036,E02005033,False
E02005037,E02000001,False
E02005038,E02000001,False
E02005039,E02005033,False
E02005040,E02000001,False
E02005041,E02005025,False
E02005042,E02005025,False
E02005043,E02005025,False
E02005044,E02005025,False
E02005045,E02005025,False
E02005046,E02005025,False
E02005047,E02005025,False
E02005048,E02005025,False
E02005049,E02005025,False
E02005050,E02005025,False
E02005051,E02005025,False
E02005052,E02005025,False
E02005053,E02005025,False
E02005054,E02005001,False
E02005055,E02005033,False
E02005056,E02000001,False
E02005057,E02000001,False
E02005058,E02000001,False
E02005059,E02000001,False
E02005060,E02000001,False
E02005061,E02000001,False
E02005062,E02000001,False
E02005063,E02000001,False
E02005064,E02000001,False
E02005065,E02000001,False
E02005066,E02000001,False
E02005067,E02000001,False
E02005068,E02000001,False
E02005069,E02000001,False
E02005070,E02000001,False
E02005071,E02005071,True
E02005072,E02000001,False
E02005073,E02000001,False
E02005074,E02000001,False
E02005075,E02000001,False
E02005076,E02000001,False
E02005077,E02000001,False
E02005078,E02000001,False
E02005079,E02000001,False
E02005080,E02000001,False
E02005081,E02000001,False
E02005082,E02000001,False
E02005083,E02000001,False
E02005084,E02005001,False
E02005085,E02000001,False
E02005086,E02000001,False
E02005087,E02000001,False
E02005088,E02000001,False
E02005089,E02000001,False
E02005090,E02000001,False
E02005091,E02000001,False
E02005093,E02000001,False
E02005094,E02000001,False
E02005095,E02000001,False
E02005096,E02000001,False
E02005097,E02000001,False
E02005098,E02000001,False
E02005099,E02000001,False
E02005100,E02000001,False
E02005101,E02000001,False
E02005102,E02005001,False
E02005103,E02005001,False
E02005104,E02005001,False
E02005105,E02005001,False
E02005106,E02005001,False
E02005107,E02005001,False
E02005109,E02005001,False
E02005110,E02005001,False
E02005111,E02005001,False
E02005112,E02005001,False
E02005113,E02005001,False
E02005114,E02005001,False
E02005115,E02000001,False
E02005116,E02000001,False
E02005117,E02000001,False
E02005118,E02000001,False
E02005119,E02000001,False
E02005120,E02000001,False
E02005121,E02000001,False
E02005122,E02000001,False
E02005123,E02000001,False
E02005124,E02000001,False
E02005125,E02000001,False
E02005126,E02000001,False
E02005127,E02000001,False
E02005128,E02005025,False
E02005129,E02005025,False
E02005130,E02005025,False
E02005131,E02005025,False
E02005132,E02005025,False
E02005133,E02005025,False
E02005134,E02005025,False
E02005135,E02005025,False
E02005136,E02005025,False
E02005137,E02005025,False
E02005138,E02005025,False
E02005139,E02005025,False
E02005140,E02005025,False
E02005141,E02005025,False
E02005142,E02005025,False
E02005143,E02005025,False
E02005144,E02005025,False
E02005145,E02005025,False
E02005146,E02005025,False
E02005147,E02005025,False
E02005148,E02005025,False
E02005149,E02000001,False
E02005150,E02000001,False
E02005151,E02000001,False
E02005153,E02005153,True
E02005154,E02000001,False
E02005155,E02000001,False
E02005156,E02000001,False
E02005157,E02000001,False
E02005158,E02000001,False
E02005159,E02000001,False
E02005160,E02000001,False
E02005161,E02000001,False
E02005162,E02000001,False
E02005163,E02000001,False
E02005164,E02000001,False
E02005165,E02000001,False
E02005166,E02000001,False
E02005167,E02000001,False
E02005168,E02000001,False
E02005169,E02000001,False
E02005170,E02000001,False
E02005171,E02000001,False
E02005172,E02000001,False
E02005173,E02000001,False
E02005174,E02000001,False
E02005175,E02000001,False
E02005176,E02005178,False
E02005177,E02005178,False
E02005178,E02005178,True
E02005179,E02005178,False
E02005180,E02005178,False
E02005181,E02005178,False
E02005182,E02005178,False
E02005183,E02005178,False
E02005184,E02005178,False
E02005185,E02005178,False
E02005186,E02005178,False
E02005189,E02005294,False
E02005190,E02005256,False
E02005191,E02005256,False
E02005192,E02005256,False
E02005193,E02005256,False
E02005194,E02005256,False
E02005195,E02005256,False
E02005196,E02005256,False
E02005197,E02005256,False
E02005198,E02005256,False
E02005199,E02005256,False
E02005200,E02005256,False
E02005201,E02005256,False
E02005202,E02000999,False
E02005203,E02002641,False
E02005204,E02005256,False
E02005205,E02005256,False
E02005206,E02002641,False
E02005207,E02002641,False
E02005208,E02002641,False
E02005209,E02005256,False
E02005210,E02002641,False
E02005211,E02005256,False
E02005212,E02002625,False
E02005213,E02002625,False
E02005214,E02002625,False
E02005215,E02002625,False
E02005216,E02002625,False
E02005217,E02002625,False
E02005218,E02002625,False
E02005219,E02002625,False
E02005220,E02002625,False
E02005221,E02005234,False
E02005222,E02005234,False
E02005223,E02005234,False
E02005224,E02005234,False
E02005225,E02005234,False
E02005226,E02005234,False
E02005228,E02005234,False
E02005229,E02005234,False
E02005230,E02005234,False
E02005231,E02005234,False
E02005233,E02005234,False
E02005234,E02005234,True
E02005235,E02005234,False
E02005236,E02005234,False
E02005237,E02005234,False
E02005238,E02005234,False
E02005239,E02005234,False
E02005240,E02005178,False
E02005241,E02005178,False
E02005242,E02005178,False
E02005245,E02005178,False
E02005246,E02005178,False
E02005247,E02005178,False
E02005248,E02005178,False
E02005249,E02005178,False
E02005250,E02005178,False
E02005251,E02005178,False
E02005252,E02005178,False
E02005253,E02005256,False
E02005254,E02005256,False
E02005255,E02005256,False
E02005256,E02005256,True
E02005257,E02005256,False
E02005258,E02005256,False
E02005259,E02005256,False
E02005260,E02005256,False
E02005261,E02005256,False
E02005262,E02005256,False
E02005263,E02005256,False
E02005264,E02005256,False
E02005265,E02005256,False
E02005266,E02005256,False
E02005267,E02005256,False
E02005268,E02005256,False
E02005269,E02005256,True
E02005270,E02002625,False
E02005271,E02002625,False
E02005272,E02002625,False
E02005273,E02005256,False
E02005274,E02002625,False
E02005275,E02005256,False
E02005276,E02002625,False
E02005277,E02002625,False
E02005278,E02002625,False
E02005279,E02002625,False
E02005280,E02002625,False
E02005281,E02002625,False
E02005284,E02002625,False
E02005285,E02002625,False
E02005286,E02001141,False
E02005287,E02005256,False
E02005288,E02005256,False
E02005289,E02005256,False
E02005290,E02005256,False
E02005291,E02005256,False
E02005292,E02005256,False
E02005293,E02005294,False
E02005294,E02005294,True
E02005295,E02005256,False
E02005296,E02005256,False
E02005297,E02005256,False
E02005298,E02005256,False
E02005299,E02005256,False
E02005300,E02005256,False
E02005301,E02005256,False
E02005302,E02005256,False
E02005303,E02005256,False
E02005304,E02005256,False
E02005305,E02005256,False
E02005306,E02001377,False
E02005307,E02001377,False
E02005308,E02005256,False
E02005309,E02001377,False
E02005310,E02001377,False
E02005311,E02001377,False
E02005312,E02001377,False
E02005313,E02001377,False
E02005314,E02001377,False
E02005315,E02001377,False
E02005316,E02001377,False
E02005317,E02001377,False
E02005318,E02001377,False
E02005319,E02002641,False
E02005320,E02002641,False
E02005321,E02002641,False
E02005322,E02002641,False
E02005323,E02002641,False
E02005324,E02005234,False
E02005325,E02005234,False
E02005326,E02002641,False
E02005327,E02005234,False
E02005328,E02002641,False
E02005329,E02002641,False
E02005330,E02002641,False
E02005331,E02002641,False
E02005332,E02002641,False
E02005334,E02006850,False
E02005335,E02006850,False
E02005336,E02006850,False
E02005337,E02006850,False
E02005338,E02005338,True
E02005339,E02006850,False
E02005340,E02006850,False
E02005341,E02006850,False
E02005342,E02006850,False
E02005343,E02006850,False
E02005344,E02006850,False
E02005345,E02005346,False
E02005346,E02005346,True
E02005347,E02005346,False
E02005348,E02005346,False
E02005349,E02005346,False
E02005350,E02005346,False
E02005351,E02005346,False
E02005352,E02005346,False
E02005353,E02005346,False
E02005354,E02005346,False
E02005355,E02005346,False
E02005356,E02005346,False
E02005357,E02005346,False
E02005358,E02005346,False
E02005359,E02006850,False
E02005360,E02005346,False
E02005361,E02006850,False
E02005362,E02006850,False
E02005363,E02006850,False
E02005364,E02006850,False
E02005365,E02006850,False
E02005366,E02006850,False
E02005368,E02006850,False
E02005369,E02006850,False
E02005370,E02005372,False
E02005371,E02006850,False
E02005372,E02005372,True
E02005373,E02005645,False
E02005374,E02005645,False
E02005375,E02005645,False
E02005376,E02005372,False
E02005377,E02006850,False
E02005378,E02006850,False
E02005379,E02006850,False
E02005380,E02006850,False
E02005381,E02006850,False
E02005382,E02006850,False
E02005383,E02006850,False
E02005384,E02006850,False
E02005385,E02006850,False
E02005386,E02006850,False
E02005387,E02006850,False
E02005388,E02006850,False
E02005389,E02006850,False
E02005390,E02006850,False
E02005391,E02002898,False
E02005392,E02006850,False
E02005393,E02006850,False
E02005394,E02006850,False
E02005395,E02006850,False
E02005396,E02006850,False
E02005397,E02005397,True
E02005398,E02005346,False
E02005399,E02005409,False
E02005400,E02005409,False
E02005401,E02005409,False
E02005402,E02005409,False
E02005403,E02005409,False
E02005404,E02006141,False
E02005405,E02005409,False
E02005406,E02005409,False
E02005407,E02005409,False
E02005408,E02005409,False
E02005409,E02005409,True
E02005412,E02006850,False
E02005414,E02006850,False
E02005415,E02006850,False
E02005416,E02006850,False
E02005417,E02005419,False
E02005418,E02005419,False
E02005419,E02005419,True
E02005420,E02005419,False
E02005422,E02005419,False
E02005423,E02005419,False
E02005424,E02002755,False
E02005425,E02005419,False
E02005426,E02005419,False
E02005427,E02005419,False
E02005428,E02005419,False
E02005429,E02005419,False
E02005430,E02005444,False
E02005431,E02005419,False
E02005432,E02005419,False
E02005433,E02005419,False
E02005434,E02005419,False
E02005435,E02005419,False
E02005436,E02005419,False
E02005437,E02005419,False
E02005438,E02005419,False
E02005439,E02005419,False
E02005440,E02005419,False
E02005441,E02005419,False
E02005442,E02005444,False
E02005443,E02005444,False
E02005444,E02005444,True
E02005445,E02005444,False
E02005446,E02005444,False
E02005447,E02005444,False
E02005448,E02005444,False
E02005449,E02005444,False
E02005450,E02005444,False
E02005451,E02005444,False
E02005452,E02005444,False
E02005453,E02005444,False
E02005455,E02005444,False
E02005456,E02005444,False
E02005457,E02005444,False
E02005458,E02005444,False
E02005459,E02005444,False
E02005460,E02005444,False
E02005461,E02005444,False
E02005462,E02005419,False
E02005463,E02005419,False
E02005464,E02005419,False
E02005465,E02005469,False
E02005466,E02005469,False
E02005467,E02005469,False
E02005468,E02005469,False
E02005469,E02005469,True
E02005470,E02005469,False
E02005471,E02005469,False
E02005472,E02005561,False
E02005473,E02005469,False
E02005474,E02005469,False
E02005475,E02003249,False
E02005476,E02003249,False
E02005477,E02003249,False
E02005478,E02003249,False
E02005479,E02003249,False
E02005480,E02003249,False
E02005481,E02003249,False
E02005482,E02003249,False
E02005483,E02003249,False
E02005484,E02003249,False
E02005485,E02003249,False
E02005486,E02003249,False
E02005487,E02003249,False
E02005488,E02003249,False
E02005489,E02003249,False
E02005490,E02003249,False
E02005491,E02003249,False
E02005492,E02002755,False
E02005493,E02002755,False
E02005494,E02005444,False
E02005495,E02005444,False
E02005496,E02005444,False
E02005497,E02005444,False
E02005498,E02005444,False
E02005499,E02005444,False
E02005500,E02005444,False
E02005501,E02005444,False
E02005502,E02005444,False
E02005503,E02005598,False
E02005504,E02005598,False
E02005505,E02005598,False
E02005506,E02005598,False
E02005507,E02005598,False
E02005508,E02005598,False
E02005509,E02005561,False
E02005510,E02005598,False
E02005511,E02005598,False
E02005512,E02005598,False
E02005513,E02005598,False
E02005514,E02005598,False
E02005515,E02005598,False
E02005516,E02005598,False
E02005517,E02006281,False
E02005518,E02006281,False
E02005519,E02006281,False
E02005520,E02005598,False
E02005521,E02005598,False
E02005522,E02005598,False
E02005523,E02005598,False
E02005524,E02005598,False
E02005525,E02005598,False
E02005526,E02005598,False
E02005527,E02005598,False
E02005528,E02005598,False
E02005529,E02005598,False
E02005530,E02005598,False
E02005531,E02005598,False
E02005532,E02005598,False
E02005533,E02005598,False
E02005534,E02005598,False
E02005535,E02005598,False
E02005536,E02005598,False
E02005537,E02005598,False
E02005538,E02005598,False
E02005539,E02005598,False
E02005540,E02005598,False
E02005541,E02005598,False
E02005542,E02005598,False
E02005543,E02005598,False
E02005544,E02005598,False
E02005545,E02005598,False
E02005546,E02005598,False
E02005547,E02005598,False
E02005548,E02005598,False
E02005549,E02005598,False
E02005550,E02005598,False
E02005551,E02005561,False
E02005552,E02005561,False
E02005553,E02005561,False
E02005554,E02005561,False
E02005555,E02005561,False
E02005556,E02005561,False
E02005557,E02005561,False
E02005558,E02005561,False
E02005559,E02005561,False
E02005560,E02005561,False
E02005561,E02005561,True
E02005562,E02005561,False
E02005563,E02003744,False
E02005564,E02005561,False
E02005565,E02005561,False
E02005566,E02003744,False
E02005567,E02005561,False
E02005568,E02005561,False
E02005569,E02005561,False
E02005570,E02005598,False
E02005571,E02005598,False
E02005572,E02005598,False
E02005573,E02005598,False
E02005574,E02005598,False
E02005575,E02005598,False
E02005576,E02005598,False
E02005577,E02005598,False
E02005578,E02005598,False
E02005580,E02005598,False
E02005581,E02005598,False
E02005582,E02005598,False
E02005583,E02005598,False
E02005584,E02005598,True
E02005585,E02005598,False
E02005586,E02005598,False
E02005587,E02005598,False
E02005588,E02005598,False
E02005589,E02005598,False
E02005592,E02005598,False
E02005593,E02005598,False
E02005594,E02005598,False
E02005595,E02005598,False
E02005596,E02005598,False
E02005598,E02005598,True
E02005599,E02005598,False
E02005600,E02005598,False
E02005601,E02005598,False
E02005602,E02005598,False
E02005603,E02005598,False
E02005604,E02005598,False
E02005605,E02005598,False
E02005606,E02005598,False
E02005607,E02005598,False
E02005608,E02005598,False
E02005609,E02005598,False
E02005610,E02005598,False
E02005611,E02005598,False
E02005612,E02005645,False
E02005613,E02005645,False
E02005614,E02005645,True
E02005615,E02005645,False
E02005616,E02005645,False
E02005617,E02005645,False
E02005619,E02005674,False
E02005620,E02005674,False
E02005621,E02005621,True
E02005622,E02005674,False
E02005623,E02005674,False
E02005624,E02005674,False
E02005625,E02005674,False
E02005626,E02005674,False
E02005627,E02005674,False
E02005628,E02005924,False
E02005629,E02003249,False
E02005630,E02005645,False
E02005631,E02005645,False
E02005632,E02005645,False
E02005633,E02005645,False
E02005634,E02005645,False
E02005635,E02005674,False
E02005636,E02005674,False
E02005637,E02005674,False
E02005638,E02005674,False
E02005639,E02005645,False
E02005640,E02005645,False
E02005641,E02005645,False
E02005642,E02005645,False
E02005643,E02005645,False
E02005644,E02005645,False
E02005645,E02005645,True
E02005646,E02005645,False
E02005647,E02005645,False
E02005648,E02005645,False
E02005650,E02005674,False
E02005651,E02005674,True
E02005652,E02005674,False
E02005653,E02005674,False
E02005654,E02005674,False
E02005655,E02005674,False
E02005656,E02005674,False
E02005657,E02005674,False
E02005658,E02005674,False
E02005659,E02005674,False
E02005660,E02005674,False
E02005661,E02005674,False
E02005662,E02005674,False
E02005663,E02005674,False
E02005664,E02005674,False
E02005665,E02005674,False
E02005666,E02005674,False
E02005667,E02005674,False
E02005668,E02005674,False
E02005669,E02005674,False
E02005670,E02005674,False
E02005671,E02005674,False
E02005672,E02005674,False
E02005673,E02005674,False
E02005674,E02005674,True
E02005675,E02005674,False
E02005676,E02005674,False
E02005677,E02005674,True
E02005679,E02005674,False
E02005680,E02005674,False
E02005681,E02005674,False
E02005682,E02005674,False
E02005683,E02005674,False
E02005684,E02005674,False
E02005685,E02003472,False
E02005686,E02005924,False
E02005687,E02005674,False
E02005688,E02003472,False
E02005689,E02005924,False
E02005690,E02005924,False
E02005691,E02005924,False
E02005692,E02005645,False
E02005693,E02005674,False
E02005694,E02005674,False
E02005695,E02005674,False
E02005696,E02005674,False
E02005697,E02005674,False
E02005698,E02005674,False
E02005699,E02005674,False
E02005700,E02005674,False
E02005701,E02005674,False
E02005702,E02007099,False
E02005703,E02007099,False
E02005704,E02007099,False
E02005705,E02007099,False
E02005706,E02007099,False
E02005707,E02007099,False
E02005708,E02007099,False
E02005709,E02007099,False
E02005710,E02007099,False
E02005711,E02007099,False
E02005712,E02007099,False
E02005713,E02007099,False
E02005715,E02005715,True
E02005717,E02007099,False
E02005718,E02005715,False
E02005719,E02007099,False
E02005720,E02007099,False
E02005721,E02007099,False
E02005722,E02007099,False
E02005723,E02007099,False
E02005724,E02007099,False
E02005725,E02007099,False
E02005726,E02007099,False
E02005727,E02007099,False
E02005728,E02003992,False
E02005729,E02007099,False
E02005730,E02007099,False
E02005731,E02007099,False
E02005733,E02007099,False
E02005734,E02007099,False
E02005735,E02007099,False
E02005736,E02007099,False
E02005739,E02007099,False
E02005740,E02007099,False
E02005741,E02007099,False
E02005742,E02005234,False
E02005744,E02002190,False
E02005746,E02002190,False
E02005747,E02002190,False
E02005748,E02002190,False
E02005749,E02002190,False
E02005750,E02002496,False
E02005751,E02002496,False
E02005752,E02002496,False
E02005754,E02002784,False
E02005755,E02006875,False
E02005756,E02006875,False
E02005757,E02002784,False
E02005758,E02002784,False
E02005759,E02002784,False
E02005760,E02002784,False
E02005761,E02006875,False
E02005762,E02006875,False
E02005763,E02006875,False
E02005764,E02006875,False
E02005765,E02002784,False
E02005766,E02006875,False
E02005767,E02006875,False
E02005768,E02006875,False
E02005769,E02006875,False
E02005770,E02006875,False
E02005771,E02006875,False
E02005772,E02006875,False
E02005773,E02006875,False
E02005774,E02006875,False
E02005775,E02006875,False
E02005776,E02002784,False
E02005777,E02006875,False
E02005778,E02006875,False
E02005779,E02006875,False
E02005780,E02006875,False
E02005781,E02006875,False
E02005782,E02007058,False
E02005783,E02007058,False
E02005784,E02007058,False
E02005785,E02007058,False
E02005786,E02007058,False
E02005787,E02007058,False
E02005788,E02002784,False
E02005789,E02002784,False
E02005790,E02002784,False
E02005791,E02002784,False
E02005794,E02002784,False
E02005795,E02002784,False
E02005796,E02002496,False
E02005797,E02002784,False
E02005798,E02002784,False
E02005799,E02002784,False
E02005800,E02002784,False
E02005801,E02002784,False
E02005802,E02002784,False
E02005803,E02002784,False
E02005804,E02002784,False
E02005805,E02002784,False
E02005806,E02002784,False
E02005807,E02002784,False
E02005808,E02002784,False
E02005809,E02002331,False
E02005810,E02002784,False
E02005811,E02002784,False
E02005812,E02006875,False
E02005813,E02002784,False
E02005814,E02002784,False
E02005815,E02002784,False
E02005816,E02002784,False
E02005817,E02006875,False
E02005818,E02002784,False
E02005819,E02005822,False
E02005820,E02005822,False
E02005821,E02005822,False
E02005822,E02005822,True
E02005823,E02005822,False
E02005824,E02005822,False
E02005825,E02002898,False
E02005826,E02002898,False
E02005827,E02002898,False
E02005828,E02002898,False
E02005829,E02002898,False
E02005830,E02002898,False
E02005831,E02002898,False
E02005832,E02002898,False
E02005833,E02002898,False
E02005834,E02002898,False
E02005835,E02001560,False
E02005836,E02005848,False
E02005837,E02001560,False
E02005838,E02005848,False
E02005839,E02005848,False
E02005840,E02005848,False
E02005842,E02005848,False
E02005843,E02005848,False
E02005844,E02005848,False
E02005846,E02005848,False
E02005847,E02005848,False
E02005848,E02005848,True
E02005849,E02005848,False
E02005850,E02002898,False
E02005851,E02002898,False
E02005852,E02002898,False
E02005853,E02002898,False
E02005856,E02002898,False
E02005857,E02002898,False
E02005858,E02002898,False
E02005859,E02002898,False
E02005860,E02002898,False
E02005861,E02002898,False
E02005862,E02002898,False
E02005863,E02002898,False
E02005864,E02002898,False
E02005865,E02002898,False
E02005866,E02002898,False
E02005868,E02002898,False
E02005869,E02002898,False
E02005870,E02002898,False
E02005871,E02002898,False
E02005872,E02002898,False
E02005873,E02002898,False
E02005874,E02002898,False
E02005875,E02002898,False
E02005876,E02002898,False
E02005877,E02002898,False
E02005878,E02002898,False
E02005879,E02002898,False
E02005880,E02002898,False
E02005881,E02002898,False
E02005882,E02002898,False
E02005883,E02005822,False
E02005884,E02002898,False
E02005885,E02005822,False
E02005886,E02002898,False
E02005887,E02005887,True
E02005888,E02002898,False
E02005889,E02005822,False
E02005890,E02002898,False
E02005891,E02002898,False
E02005892,E02002898,False
E02005893,E02002898,False
E02005894,E02002898,False
E02005895,E02005899,False
E02005896,E02005899,False
E02005897,E02002898,False
E02005898,E02002898,False
E02005899,E02005899,True
E02005900,E02002898,False
E02005901,E02005899,False
E02005902,E02005899,False
E02005903,E02005899,False
E02005904,E02005899,False
E02005905,E02002898,False
E02005906,E02002898,False
E02005907,E02002898,False
E02005908,E02002898,False
E02005909,E02002898,False
E02005910,E02002898,False
E02005911,E02002898,False
E02005912,E02002898,False
E02005913,E02002898,False
E02005914,E02002898,False
E02005915,E02002898,False
E02005916,E02002898,False
E02005917,E02002898,False
E02005918,E02002898,False
E02005919,E02002898,False
E02005920,E02002898,False
E02005921,E02005924,False
E02005922,E02005924,False
E02005923,E02005924,False
E02005924,E02005924,True
E02005925,E02005924,False
E02005926,E02005924,False
E02005927,E02005924,False
E02005928,E02005924,False
E02005929,E02005924,False
E02005930,E02005945,False
E02005931,E02005945,False
E02005932,E02005945,False
E02005933,E02005945,False
E02005934,E02005945,False
E02005935,E02005945,False
E02005936,E02005945,False
E02005937,E02005945,False
E02005938,E02005945,False
E02005939,E02005945,False
E02005940,E02005945,False
E02005941,E02005945,False
E02005942,E02005945,False
E02005943,E02005945,False
E02005944,E02005945,False
E02005945,E02005945,True
E02005946,E02005945,False
E02005947,E02005945,True
E02005948,E02005945,False
E02005949,E02005945,False
E02005950,E02005945,False
E02005951,E02005945,False
E02005953,E02005945,False
E02005954,E02005945,False
E02005955,E02005945,False
E02005956,E02005945,False
E02005957,E02005945,False
E02005958,E02005945,False
E02005959,E02005945,False
E02005960,E02005945,False
E02005961,E02005945,False
E02005962,E02005945,False
E02005963,E02005945,False
E02005964,E02005945,False
E02005965,E02005945,False
E02005966,E02005992,False
E02005967,E02005992,False
E02005968,E02005945,False
E02005969,E02005945,False
E02005970,E02005992,False
E02005971,E02005992,False
E02005972,E02005992,False
E02005973,E02005945,False
E02005974,E02006939,False
E02005975,E02005945,False
E02005976,E02006939,False
E02005977,E02006939,False
E02005978,E02005945,False
E02005979,E02005945,False
E02005980,E02005945,False
E02005981,E02005983,False
E02005982,E02005983,False
E02005983,E02005983,True
E02005984,E02005945,False
E02005985,E02005983,False
E02005986,E02005945,False
E02005987,E02005945,False
E02005988,E02005945,False
E02005991,E02005945,False
E02005992,E02005992,True
E02005993,E02005945,False
E02005994,E02005945,False
E02005995,E02005945,False
E02005996,E02005945,False
E02005997,E02005945,False
E02005998,E02005945,False
E02005999,E02005945,False
E02006000,E02005945,False
E02006001,E02005945,False
E02006002,E02005945,False
E02006003,E02005945,False
E02006004,E02006004,True
E02006005,E02006004,False
E02006006,E02006004,False
E02006007,E02005945,False
E02006008,E02002945,False
E02006009,E02002945,False
E02006010,E02002945,False
E02006011,E02002945,False
E02006012,E02002945,False
E02006013,E02002945,False
E02006014,E02002945,False
E02006015,E02002945,False
E02006016,E02002945,False
E02006017,W02000425,False
E02006018,E02002945,False
E02006019,E02002945,False
E02006020,E02002945,False
E02006021,E02002945,False
E02006022,E02002945,False
E02006023,W02000425,False
E02006024,W02000425,False
E02006025,W02000425,False
E02006026,W02000425,False
E02006027,W02000425,False
E02006028,E02002945,False
E02006029,E02002945,False
E02006030,E02002945,False
E02006031,E02002945,False
E02006032,E02002945,False
E02006033,E02002945,False
E02006034,E02002945,False
E02006035,E02002945,False
E02006036,E02002945,False
E02006037,E02002945,False
E02006038,E02002945,False
E02006039,E02002945,False
E02006040,E02002945,False
E02006041,E02002945,False
E02006042,E02002945,False
E02006043,E02002916,False
E02006044,E02002945,False
E02006045,E02002916,False
E02006046,E02002916,False
E02006047,E02002991,False
E02006048,E02002991,False
E02006049,E02002991,False
E02006050,E02002991,False
E02006051,E02006951,False
E02006052,E02002991,False
E02006053,E02002991,False
E02006054,E02002991,False
E02006055,E02002991,False
E02006056,E02002991,False
E02006057,E02002991,False
E02006058,E02002991,False
E02006059,E02002991,False
E02006060,E02002991,False
E02006061,E02006951,False
E02006062,E02006951,False
E02006063,E02006951,False
E02006064,E02006951,False
E02006065,E02006116,False
E02006066,E02006116,False
E02006067,E02006116,False
E02006068,E02006116,False
E02006069,E02006116,False
E02006070,E02006116,False
E02006071,E02006116,False
E02006072,E02006116,False
E02006073,E02006116,False
E02006074,E02006116,False
E02006075,E02002991,False
E02006076,E02007006,False
E02006077,E02007006,False
E02006078,E02006116,False
E02006079,E02007006,False
E02006080,E02007006,False
E02006081,E02006116,False
E02006082,E02007006,False
E02006083,E02007006,False
E02006084,E02007006,False
E02006085,E02007006,False
E02006086,E02007006,False
E02006087,E02007006,False
E02006088,E02007006,False
E02006089,E02007006,False
E02006090,E02007006,False
E02006091,E02007006,False
E02006092,E02007006,False
E02006093,E02007006,False
E02006094,E02007006,False
E02006095,E02007006,False
E02006096,E02007006,False
E02006097,E02007006,False
E02006098,E02007006,False
E02006099,E02006116,False
E02006100,E02006116,False
E02006101,E02006116,False
E02006102,E02006116,False
E02006103,E02006116,False
E02006104,E02006116,False
E02006105,E02006116,False
E02006106,E02006116,False
E02006107,E02006116,False
E02006108,E02006116,False
E02006109,E02006116,False
E02006110,E02006116,False
E02006111,E02006116,False
E02006112,E02006116,False
E02006113,E02006116,False
E02006114,E02006116,False
E02006115,E02006116,False
E02006116,E02006116,True
E02006117,E02006116,False
E02006118,E02002163,False
E02006119,E02002163,False
E02006120,E02002163,False
E02006121,E02002163,False
E02006122,E02002163,False
E02006123,E02002163,False
E02006124,E02002163,False
E02006125,E02002163,False
E02006126,E02002163,False
E02006127,E02002163,False
E02006128,E02002163,False
E02006129,E02002163,False
E02006130,E02002163,False
E02006131,E02002819,False
E02006132,E02002968,False
E02006133,E02006141,False
E02006134,E02006141,False
E02006135,E02006141,False
E02006136,E02006141,False
E02006137,E02006141,False
E02006138,E02006141,False
E02006139,E02006141,False
E02006140,E02006141,False
E02006141,E02006141,True
E02006142,E02006141,False
E02006143,E02006141,False
E02006144,E02006141,False
E02006145,E02006141,False
E02006146,E02001876,False
E02006147,E02006147,True
E02006148,E02001876,False
E02006149,E02001876,False
E02006150,E02001876,False
E02006151,E02002163,False
E02006152,E02001876,False
E02006153,E02006469,False
E02006154,E02001876,False
E02006155,E02002163,False
E02006156,E02001876,False
E02006157,E02006469,False
E02006158,E02002968,False
E02006159,E02002968,False
E02006160,E02002968,False
E02006161,E02002968,False
E02006162,E02002968,False
E02006163,E02002968,False
E02006164,E02002968,True
E02006165,E02002968,False
E02006166,E02002968,False
E02006167,E02002968,False
E02006168,E02002968,True
E02006169,E02002968,False
E02006170,E02002968,False
E02006171,E02002968,False
E02006172,E02002968,False
E02006173,E02002968,False
E02006174,E02002163,False
E02006175,E02002163,False
E02006176,E02002163,False
E02006177,E02002163,False
E02006178,E02002163,False
E02006179,E02002163,False
E02006180,E02002163,False
E02006181,E02002163,False
E02006182,E02002163,False
E02006185,E02002163,False
E02006186,E02002163,False
E02006187,E02002021,False
E02006188,E02002968,False
E02006189,E02002968,False
E02006190,E02002968,False
E02006191,E02002968,False
E02006192,E02002968,False
E02006193,E02006197,False
E02006194,E02006197,False
E02006195,E02006197,False
E02006196,E02006197,False
E02006197,E02006197,True
E02006198,E02006197,False
E02006199,E02006197,False
E02006200,E02006197,False
E02006201,E02006197,False
E02006202,E02006197,False
E02006203,E02006197,False
E02006204,E02002968,False
E02006205,E02002968,False
E02006206,E02002968,False
E02006207,E02002968,False
E02006208,E02002968,False
E02006209,E02002968,False
E02006210,E02002968,False
E02006211,E02002968,False
E02006212,E02002968,False
E02006213,E02002968,False
E02006214,E02002968,False
E02006215,E02002968,False
E02006216,E02002968,False
E02006217,E02006469,False
E02006218,E02006469,False
E02006219,E02006469,False
E02006220,E02006469,False
E02006221,E02006469,False
E02006222,E02006469,False
E02006223,E02006469,False
E02006224,E02006469,False
E02006225,E02006469,False
E02006226,E02006469,False
E02006227,E02006281,False
E02006228,E02006281,False
E02006229,E02006281,False
E02006230,E02006253,False
E02006231,E02006253,False
E02006232,E02006281,False
E02006233,E02006281,False
E02006234,E02006281,False
E02006235,E02004512,False
E02006236,E02006253,False
E02006237,E02006253,False
E02006238,E02006281,False
E02006239,E02003731,False
E02006240,E02003731,False
E02006241,E02003731,False
E02006242,E02003731,False
E02006243,E02003731,False
E02006245,E02006253,False
E02006246,E02006253,False
E02006247,E02006253,False
E02006248,E02006253,False
E02006249,E02006253,False
E02006250,E02006253,False
E02006251,E02006253,True
E02006252,E02006253,False
E02006253,E02006253,True
E02006254,E02006253,False
E02006255,E02006253,False
E02006256,E02006253,False
E02006257,E02006253,False
E02006258,E02006253,False
E02006259,E02006253,False
E02006260,E02006253,False
E02006261,E02005598,False
E02006262,E02006281,False
E02006263,E02006253,False
E02006264,E02006281,False
E02006265,E02006281,False
E02006266,E02006281,False
E02006267,E02006253,False
E02006268,E02006253,False
E02006269,E02006281,False
E02006270,E02006253,False
E02006271,E02006253,False
E02006272,E02006253,False
E02006273,E02006281,False
E02006274,E02006281,False
E02006275,E02006281,False
E02006276,E02006281,False
E02006277,E02006281,False
E02006278,E02006281,False
E02006279,E02006281,False
E02006280,E02006281,False
E02006281,E02006281,True
E02006282,E02006281,False
E02006283,E02003731,False
E02006284,E02003731,False
E02006285,E02003731,False
E02006286,E02003731,False
E02006287,E02006253,False
E02006288,E02006253,False
E02006289,E02006253,False
E02006290,E02006253,False
E02006291,E02006253,False
E02006292,E02006253,False
E02006293,E02006253,False
E02006294,E02006253,False
E02006295,E02006253,False
E02006296,E02006253,False
E02006297,E02006253,False
E02006298,E02006253,False
E02006299,E02006253,False
E02006300,E02006253,False
E02006301,E02006253,False
E02006302,E02005598,False
E02006303,E02005598,False
E02006304,E02005598,False
E02006305,E02005598,False
E02006306,E02005598,False
E02006307,E02005598,False
E02006308,E02005598,False
E02006309,E02005598,False
E02006310,E02005598,False
E02006311,E02005598,False
E02006312,E02005598,False
E02006313,E02005598,False
E02006314,E02005598,False
E02006315,E02005598,False
E02006316,E02005598,False
E02006317,E02000001,False
E02006318,E02000001,False
E02006319,E02000001,False
E02006320,E02000001,False
E02006321,E02000001,False
E02006322,E02000001,False
E02006323,E02000001,False
E02006324,E02000001,False
E02006325,E02000001,False
E02006326,E02000001,False
E02006327,E02000001,False
E02006328,E02000001,False
E02006329,E02000001,False
E02006330,E02000001,False
E02006331,E02000001,False
E02006332,E02000001,False
E02006333,E02000001,False
E02006334,E02000001,False
E02006335,E02000001,False
E02006336,E02006342,False
E02006337,E02000001,False
E02006338,E02006342,False
E02006339,E02006342,False
E02006341,E02006342,False
E02006342,E02006342,True
E02006343,E02006342,False
E02006344,E02006355,False
E02006345,E02006355,False
E02006346,E02006355,False
E02006347,E02006355,False
E02006348,E02006355,False
E02006349,E02006355,False
E02006350,E02006355,False
E02006351,E02006355,False
E02006352,E02006355,False
E02006353,E02006355,False
E02006354,E02006355,False
E02006355,E02006355,True
E02006356,E02006355,True
E02006357,E02006355,False
E02006358,E02006355,False
E02006359,E02006355,False
E02006360,E02006355,False
E02006361,E02006355,False
E02006362,E02000001,False
E02006363,E02000001,False
E02006364,E02000001,False
E02006365,E02000001,False
E02006366,E02000001,False
E02006367,E02000001,False
E02006368,E02000001,False
E02006369,E02000001,False
E02006370,E02000001,False
E02006371,E02000001,False
E02006372,E02000001,False
E02006373,E02006355,False
E02006374,E02006578,False
E02006375,E02000001,False
E02006376,E02000001,False
E02006377,E02000001,False
E02006378,E02000001,False
E02006379,E02000001,False
E02006380,E02000001,False
E02006381,E02000001,False
E02006382,E02006388,False
E02006383,E02006388,False
E02006384,E02006388,False
E02006385,E02006388,False
E02006386,E02006388,False
E02006387,E02006388,False
E02006388,E02006388,True
E02006389,E02006388,False
E02006390,E02006578,False
E02006391,E02006578,False
E02006392,E02006578,False
E02006393,E02000001,False
E02006394,E02000001,False
E02006395,E02000001,False
E02006396,E02000001,False
E02006397,E02000001,False
E02006398,E02000001,False
E02006399,E02000001,False
E02006400,E02006400,True
E02006401,E02000001,False
E02006402,E02000001,False
E02006403,E02000524,False
E02006404,E02000524,False
E02006405,E02000524,False
E02006406,E02000524,False
E02006407,E02000524,False
E02006408,E02000524,False
E02006409,E02000524,False
E02006410,E02000001,False
E02006411,E02000524,False
E02006412,E02000001,False
E02006413,E02000001,False
E02006414,E02000001,False
E02006415,E02000001,False
E02006416,E02000001,False
E02006417,E02006425,False
E02006418,E02006425,False
E02006419,E02006425,False
E02006420,E02006425,False
E02006421,E02000001,False
E02006422,E02006425,False
E02006423,E02006425,False
E02006424,E02006425,False
E02006425,E02006425,True
E02006426,E02006425,False
E02006427,E02006425,False
E02006429,E02000001,False
E02006430,E02000001,False
E02006431,E02000001,False
E02006432,E02000001,False
E02006433,E02000001,False
E02006434,E02000001,False
E02006435,E02006388,False
E02006436,E02000001,False
E02006437,E02006578,False
E02006438,E02006578,False
E02006439,E02006355,False
E02006440,E02006355,False
E02006441,E02006355,False
E02006442,E02006355,False
E02006443,E02006355,False
E02006444,E02006355,False
E02006445,E02006355,False
E02006446,E02006355,False
E02006447,E02006355,False
E02006448,E02006355,False
E02006449,E02006355,False
E02006450,E02006355,False
E02006451,E02006355,False
E02006453,E02006355,False
E02006454,E02006355,False
E02006455,E02006355,False
E02006456,E02000001,False
E02006457,E02000001,False
E02006458,E02000001,False
E02006459,E02000001,False
E02006460,E02000001,False
E02006461,E02000001,False
E02006462,E02006355,False
E02006463,E02000001,False
E02006464,E02006355,False
E02006465,E02000001,False
E02006466,E02006355,False
E02006467,E02006355,False
E02006468,E02006469,False
E02006469,E02006469,True
E02006470,E02006469,False
E02006471,E02006471,True
E02006472,E02006469,False
E02006473,E02001876,False
E02006474,E02001876,False
E02006475,E02006482,False
E02006476,E02006482,False
E02006477,E02006482,False
E02006478,E02006482,False
E02006479,E02006482,False
E02006480,E02006482,False
E02006481,E02006482,False
E02006482,E02006482,True
E02006483,E02006482,False
E02006484,E02006482,False
E02006485,E02006482,False
E02006486,E02006482,False
E02006487,E02006482,False
E02006488,E02006482,False
E02006489,E02006482,False
E02006490,E02006482,False
E02006493,E02005621,False
E02006494,E02005621,False
E02006495,E02005621,False
E02006496,E02005621,False
E02006497,E02005621,False
E02006498,E02005621,False
E02006499,E02005621,False
E02006500,E02005621,False
E02006501,E02005621,False
E02006502,E02005621,False
E02006503,E02005621,False
E02006504,E02006530,False
E02006505,E02006530,False
E02006506,E02006530,False
E02006507,E02006530,False
E02006508,E02006530,False
E02006509,E02006530,False
E02006510,E02006530,False
E02006511,E02006530,False
E02006512,E02006530,False
E02006513,E02006530,False
E02006514,E02006530,False
E02006515,E02006530,False
E02006516,E02006530,False
E02006517,E02006530,False
E02006518,E02006530,False
E02006519,E02006530,False
E02006520,E02006530,False
E02006521,E02006530,False
E02006522,E02006530,False
E02006523,E02006523,True
E02006524,E02006530,False
E02006525,E02006530,False
E02006526,E02006530,False
E02006527,E02006530,False
E02006528,E02006530,False
E02006529,E02006530,True
E02006530,E02006530,True
E02006531,E02006530,False
E02006532,E02006530,False
E02006533,E02006530,False
E02006534,E02003517,False
E02006535,E02003517,False
E02006536,E02006631,False
E02006537,E02003517,False
E02006538,E02003517,False
E02006539,E02006631,False
E02006540,E02006631,False
E02006541,E02006631,False
E02006542,E02006568,False
E02006543,E02006631,False
E02006544,E02006568,False
E02006545,E02006631,False
E02006546,E02006631,False
E02006547,E02006568,False
E02006548,E02006631,False
E02006549,E02006631,False
E02006550,E02006631,False
E02006551,E02006631,False
E02006552,E02006631,False
E02006553,E02006568,False
E02006554,E02006568,False
E02006555,E02006568,False
E02006556,E02006568,False
E02006557,E02006568,False
E02006558,E02006568,False
E02006559,E02006568,False
E02006560,E02006568,False
E02006561,E02006355,False
E02006562,E02006355,False
E02006563,E02006568,False
E02006564,E02006568,False
E02006565,E02006568,False
E02006566,E02006568,False
E02006567,E02006568,False
E02006568,E02006568,True
E02006569,E02006568,False
E02006570,E02006568,False
E02006571,E02006568,False
E02006572,E02006568,False
E02006573,E02006568,False
E02006574,E02006568,False
E02006575,E02006578,True
E02006576,E02006578,False
E02006577,E02006578,False
E02006578,E02006578,True
E02006579,E02006578,False
E02006580,E02006578,False
E02006581,E02006578,False
E02006582,E02006578,False
E02006583,E02006578,False
E02006584,E02006578,False
E02006585,E02006578,False
E02006586,E02006578,False
E02006587,E02006578,False
E02006588,E02006578,False
E02006589,E02006578,False
E02006590,E02006578,False
E02006591,E02006578,False
E02006592,E02006578,False
E02006593,E02006578,False
E02006594,E02006578,False
E02006595,E02006578,False
E02006596,E02006578,False
E02006597,E02006578,False
E02006598,E02006578,False
E02006599,E02006578,False
E02006600,E02006578,False
E02006601,E02003517,False
E02006602,E02006578,False
E02006603,E02003517,False
E02006604,E02006578,False
E02006605,E02006578,False
E02006606,E02006578,False
E02006607,E02006578,False
E02006608,E02006578,False
E02006609,E02006578,False
E02006610,E02006578,False
E02006611,E02006578,False
E02006612,E02006578,False
E02006613,E02006578,False
E02006614,E02006578,False
E02006615,E02003517,False
E02006616,E02003517,False
E02006617,E02003517,False
E02006618,E02003517,False
E02006619,E02003517,False
E02006620,E02003517,False
E02006621,E02006631,False
E02006622,E02006631,False
E02006623,E02006631,False
E02006624,E02006631,False
E02006625,E02006631,False
E02006626,E02006631,False
E02006627,E02006631,False
E02006628,E02006631,False
E02006629,E02006631,False
E02006630,E02006631,False
E02006631,E02006631,True
E02006632,E02006631,False
E02006633,E02006631,False
E02006634,E02003219,False
E02006635,E02003219,False
E02006636,E02003219,False
E02006637,E02002991,False
E02006638,E02002991,False
E02006639,E02002991,False
E02006640,E02003377,False
E02006641,E02002991,False
E02006642,E02006672,False
E02006644,E02003219,False
E02006645,E02003219,False
E02006646,E02003219,False
E02006647,E02003219,False
E02006648,E02003219,False
E02006649,E02003219,False
E02006650,E02003219,False
E02006651,E02002991,False
E02006652,E02002991,False
E02006653,E02002991,False
E02006654,E02002991,False
E02006655,E02003219,False
E02006656,E02002991,False
E02006657,E02003219,False
E02006658,E02003219,False
E02006659,E02002991,False
E02006660,E02002991,False
E02006661,E02006672,False
E02006662,E02006672,False
E02006663,E02006672,False
E02006664,E02006672,False
E02006665,E02006672,False
E02006666,E02006672,False
E02006667,E02006672,False
E02006668,E02006672,False
E02006669,E02006672,False
E02006670,E02006672,False
E02006671,E02006672,False
E02006672,E02006672,True
E02006673,E02006672,False
E02006674,E02006672,False
E02006675,E02006672,False
E02006676,E02006672,False
E02006677,E02006672,False
E02006678,E02002991,False
E02006679,E02002991,False
E02006680,E02002991,False
E02006681,E02002991,False
E02006682,E02002991,False
E02006683,E02002991,False
E02006684,E02002991,False
E02006685,E02002991,False
E02006686,E02002991,False
E02006687,E02002991,False
E02006688,E02002991,False
E02006689,E02002991,False
E02006690,E02002991,False
E02006692,E02006672,False
E02006693,E02006672,False
E02006694,E02006672,False
E02006695,E02006672,False
E02006696,E02002021,False
E02006697,E02002021,False
E02006698,E02001913,False
E02006699,E02001876,False
E02006700,E02001876,False
E02006701,E02001913,False
E02006702,E02001913,False
E02006703,E02001913,False
E02006704,E02001913,False
E02006705,E02001913,False
E02006706,E02001913,False
E02006707,E02001913,False
E02006708,E02001913,False
E02006709,E02001913,False
E02006710,E02002916,False
E02006711,E02001913,False
E02006712,E02001913,False
E02006713,E02001913,False
E02006714,E02001913,False
E02006715,E02001913,False
E02006716,E02001913,False
E02006717,E02004608,False
E02006718,E02001913,False
E02006719,E02001913,False
E02006720,E02004608,False
E02006721,E02006530,False
E02006722,E02006530,False
E02006723,E02006530,False
E02006724,E02006530,False
E02006725,E02006530,False
E02006726,E02006530,False
E02006727,E02006530,False
E02006728,E02006530,False
E02006729,E02006530,False
E02006730,E02006530,False
E02006731,E02006530,False
E02006732,E02006530,False
E02006733,E02006530,False
E02006734,E02001913,False
E02006735,E02001913,False
E02006736,E02001913,False
E02006737,E02001913,False
E02006738,E02001913,False
E02006739,E02001913,False
E02006740,E02001913,False
E02006741,E02006743,False
E02006742,E02001913,False
E02006743,E02006743,True
E02006744,E02001913,False
E02006745,E02001913,False
E02006746,E02001913,False
E02006747,E02001913,False
E02006748,E02001913,False
E02006749,E02001913,False
E02006750,E02001913,False
E02006751,E02001913,False
E02006752,E02001913,False
E02006753,E02001913,False
E02006754,E02006530,False
E02006755,E02006530,False
E02006756,E02004608,False
E02006757,E02004608,False
E02006758,E02006530,False
E02006759,E02004608,False
E02006760,E02006530,False
E02006761,E02006530,False
E02006762,E02006530,False
E02006763,E02006530,False
E02006764,E02006530,False
E02006765,E02004608,False
E02006766,E02004608,False
E02006767,E02002021,False
E02006768,E02001913,False
E02006769,E02001913,False
E02006770,E02001913,False
E02006771,E02001913,False
E02006772,E02001913,False
E02006773,E02001913,False
E02006774,E02001913,False
E02006775,E02001913,False
E02006776,E02001913,False
E02006777,E02001913,False
E02006778,E02001913,False
E02006779,E02001913,False
E02006780,E02001913,False
E02006781,E02003909,False
E02006782,E02000001,False
E02006783,E02000001,False
E02006784,E02000001,False
E02006785,E02000001,False
E02006786,E02000001,False
E02006787,E02000001,False
E02006788,E02000001,False
E02006789,E02000001,False
E02006790,E02000001,False
E02006791,E02000001,False
E02006792,E02006792,True
E02006793,E02006793,True
E02006794,E02000001,False
E02006795,E02000001,False
E02006796,E02000001,False
E02006798,E02000001,False
E02006799,E02000001,False
E02006800,E02000001,False
E02006801,E02006801,True
E02006802,E02000001,False
E02006803,E02001632,False
E02006804,E02001632,False
E02006805,E02001976,False
E02006806,E02006482,False
E02006807,E02001876,False
E02006808,E02001876,False
E02006809,E02001876,False
E02006810,E02001876,False
E02006811,E02002496,False
E02006812,E02002496,False
E02006813,E02002680,False
E02006814,E02002680,False
E02006815,E02006850,False
E02006816,E02006850,False
E02006817,E02006850,False
E02006818,E02006850,False
E02006819,E02006850,False
E02006820,E02006850,False
E02006821,E02003525,False
E02006822,E02004775,False
E02006823,E02003710,False
E02006824,E02003710,False
E02006825,E02003731,False
E02006826,E02003731,False
E02006827,E02002898,False
E02006828,E02002898,False
E02006829,E02003525,False
E02006830,E02003525,False
E02006831,E02003525,False
E02006832,E02000001,False
E02006833,E02000001,False
E02006834,E02002898,False
E02006835,E02002898,False
E02006836,E02000001,False
E02006837,E02006342,False
E02006838,E02006355,False
E02006839,E02006355,False
E02006840,E02003156,False
E02006841,E02007099,True
E02006842,E02007099,False
E02006843,E02006843,True
E02006844,E02001632,False
E02006845,E02006951,False
E02006846,E02006951,False
E02006847,E02003219,False
E02006848,E02003219,False
E02006849,E02003219,False
E02006850,E02006850,True
E02006851,E02006850,True
E02006852,E02006875,False
E02006853,E02000001,False
E02006854,E02000001,True
E02006855,E02005025,False
E02006856,E02005025,False
E02006857,E02003517,False
E02006858,E02003517,False
E02006859,E02007005,False
E02006861,E02006875,False
E02006862,E02005645,False
E02006863,E02005645,False
E02006864,E02005419,False
E02006865,E02005419,False
E02006866,E02005444,False
E02006867,E02005444,False
E02006868,E02001632,False
E02006869,E02001632,False
E02006871,E02005234,False
E02006872,E02001062,False
E02006873,E02003731,False
E02006874,E02003731,False
E02006875,E02006875,True
E02006876,E02006875,True
E02006877,E02003249,False
E02006878,E02003249,False
E02006879,E02005001,False
E02006880,E02005001,False
E02006881,E02005178,False
E02006882,E02000001,False
E02006883,E02003208,False
E02006884,E02002625,False
E02006885,E02003208,False
E02006886,E02005945,False
E02006887,E02006951,True
E02006888,E02006951,False
E02006889,E02006951,False
E02006890,E02006951,False
E02006891,E02002680,False
E02006892,E02002680,False
E02006893,E02007099,False
E02006894,E02002163,False
E02006895,E02001876,False
E02006896,E02001876,True
E02006897,E02001876,False
E02006898,E02001876,False
E02006899,E02001876,True
E02006900,E02001876,False
E02006902,E02001062,True
E02006903,E02005848,False
E02006904,E02002898,True
E02006905,E02002898,True
E02006906,E02002898,False
E02006907,E02005598,True
E02006908,E02005598,False
E02006909,E02002496,False
E02006910,E02002496,False
E02006912,E02001062,True
E02006913,E02001062,False
E02006914,E02001062,False
E02006915,E02001062,False
E02006916,E02001062,False
E02006917,E02001062,True
E02006918,E02000001,False
E02006919,E02006141,False
E02006920,E02006141,False
E02006921,E02000001,False
E02006922,E02004512,False
E02006924,E02000001,False
E02006925,E02000001,False
E02006926,E02007005,False
E02006927,E02000001,False
E02006928,E02000001,False
E02006930,E02000001,False
E02006931,E02000001,False
E02006932,E02001377,True
E02006933,E02001377,True
E02006934,E02001377,True
E02006935,E02002598,False
E02006936,E02002598,False
E02006937,E02003270,False
E02006938,E02003270,False
E02006939,E02006939,True
E02006940,E02006939,False
E02006941,E02000001,True
E02006942,E02000001,False
E02006943,E02001876,False
E02006944,E02001876,False
E02006945,E02002190,False
E02006946,E02002190,False
E02006947,E02006875,False
E02006948,E02006948,True
E02006949,E02006951,False
E02006950,E02006951,False
E02006951,E02006951,True
E02006952,E02006951,True
E02006953,E02000001,False
E02006954,E02000001,False
E02006955,E02000001,False
E02006956,E02000001,False
E02006957,E02001062,False
E02006958,E02001062,False
E02006959,E02001062,False
E02006960,E02001062,False
E02006961,E02001062,False
E02006962,E02001062,False
E02006963,E02001062,False
E02006964,E02006850,False
E02006965,E02006850,False
E02006966,E02006850,False
E02006967,E02006850,False
E02006968,E02000001,False
E02006969,E02000001,False
E02006970,E02000524,False
E02006971,E02000524,False
E02006972,E02000001,False
E02006973,E02000001,False
E02006974,E02002968,False
E02006975,E02003525,True
E02006976,E02003525,False
E02006978,E02004486,False
E02006979,E02004486,False
E02006980,E02003282,False
E02006981,E02003282,False
E02006982,E02002163,False
E02006983,E02001062,False
E02006984,E02001062,False
E02006985,E02001062,False
E02006986,E02001062,False
E02006987,E02006987,True
E02006988,E02000001,False
E02006989,E02003126,False
E02006990,E02003126,False
E02006991,E02000001,False
E02006992,E02000001,False
E02006993,E02000001,False
E02006994,E02000001,False
E02006995,E02000001,False
E02006996,E02006996,True
E02006997,E02000001,False
E02006998,E02000001,False
E02006999,E02000001,False
E02007000,E02001062,False
E02007001,E02001062,False
E02007002,E02001632,False
E02007003,E02005178,False
E02007004,E02007005,False
E02007005,E02007005,True
E02007006,E02007006,True
E02007007,E02007006,False
E02007008,E02000001,False
E02007009,E02007009,True
E02007010,E02003472,False
E02007011,E02003472,False
E02007012,E02003472,False
E02007013,E02003472,False
E02007014,E02003472,True
E02007015,E02003472,False
E02007016,E02003472,False
E02007017,E02000001,False
E02007018,E02000001,False
E02007019,E02000001,False
E02007020,E02000001,False
E02007021,E02005945,True
E02007022,E02007058,False
E02007023,E02002991,False
E02007024,E02002991,False
E02007025,E02006672,False
E02007026,E02006672,False
E02007027,E02004159,False
E02007028,E02004159,False
E02007029,E02002819,False
E02007030,E02003829,True
E02007031,E02003829,False
E02007032,E02005598,False
E02007033,E02005598,False
E02007034,E02004608,False
E02007035,E02004608,False
E02007038,E02007038,True
E02007039,E02001876,False
E02007040,E02001876,False
E02007041,E02002190,False
E02007042,E02002784,False
E02007043,E02002784,False
E02007044,E02002784,False
E02007045,E02002784,False
E02007046,E02005001,False
E02007047,E02005001,False
E02007048,E02007048,True
E02007049,E02005621,False
E02007050,E02002945,False
E02007051,E02002945,False
E02007052,E02005598,False
E02007053,E02005598,True
E02007054,E02005598,False
E02007055,E02005598,False
E02007056,E02004512,False
E02007057,E02004512,True
E02007058,E02007058,True
E02007059,E02002496,False
E02007060,E02007060,True
E02007061,E02007061,True
E02007062,E02002496,False
E02007063,E02002496,False
E02007064,E02003094,False
E02007065,E02003094,False
E02007066,E02007066,True
E02007067,E02006951,False
E02007068,E02000524,False
E02007069,E02000524,False
E02007070,E02005645,False
E02007071,E02005645,False
E02007072,E02005674,False
E02007073,E02005674,True
E02007074,E02003558,False
E02007075,E02003558,False
E02007076,E02003377,False
E02007077,E02003377,False
E02007078,E02003377,False
E02007079,E02002680,False
E02007080,E02002680,False
E02007081,E02002755,False
E02007082,E02002898,False
E02007083,E02000001,False
E02007084,E02000001,False
E02007085,E02003731,False
E02007086,E02003731,False
E02007087,E02003731,False
E02007088,E02003731,False
E02007089,E02000001,False
E02007090,E02000001,False
E02007091,E02000001,False
E02007092,E02004989,False
E02007093,E02000001,False
E02007094,E02007099,False
E02007095,E02007099,False
E02007096,E02007099,False
E02007097,E02007099,False
E02007098,E02007099,False
E02007099,E02007099,True
E02007100,E02007099,False
E02007101,E02007099,False
E02007102,E02007099,False
E02007103,E02007099,False
E02007104,E02007099,False
E02007105,E02007099,False
E02007106,E02005715,False
E02007107,E02007099,False
E02007108,E02000001,False
E02007109,E02000001,False
E02007110,E02000001,False
E02007111,E02000001,True
E02007112,E02000001,False
E02007113,E02000001,False
E02007114,E02000001,False
E02007115,E02000001,False
E02007116,E02005945,False
W02000001,W02000149,False
W02000002,W02000149,False
W02000003,W02000149,False
W02000004,W02000149,False
W02000005,W02000149,False
W02000006,W02000149,False
W02000007,W02000149,False
W02000008,W02000149,False
W02000009,W02000149,False
W02000010,W02000149,False
W02000011,W02000149,False
W02000012,W02000149,False
W02000013,W02000149,False
W02000014,W02000149,False
W02000015,W02000149,False
W02000016,W02000149,False
W02000017,W02000149,False
W02000018,W02000149,False
W02000019,W02000149,False
W02000020,W02000149,False
W02000021,W02000149,False
W02000022,W02000149,False
W02000023,W02000149,False
W02000024,W02000050,False
W02000025,W02000149,False
W02000026,W02000149,False
W02000027,W02000050,False
W02000028,W02000050,False
W02000029,W02000050,False
W02000030,W02000050,False
W02000031,W02000050,False
W02000032,W02000050,False
W02000033,W02000050,False
W02000034,W02000050,False
W02000035,W02000050,False
W02000036,W02000050,False
W02000037,W02000050,False
W02000038,W02000050,False
W02000039,W02000050,False
W02000040,W02000050,False
W02000041,W02000050,False
W02000042,W02000050,False
W02000043,W02000050,False
W02000044,W02000050,False
W02000045,W02000050,False
W02000047,W02000050,False
W02000049,W02000050,False
W02000050,W02000050,True
W02000051,W02000050,False
W02000052,W02000050,False
W02000053,W02000050,False
W02000054,E02003803,False
W02000055,W02000050,False
W02000056,W02000050,False
W02000057,W02000425,False
W02000058,E02003803,False
W02000059,E02003803,False
W02000060,E02003803,False
W02000061,E02003803,False
W02000062,E02003803,False
W02000063,E02003803,False
W02000064,E02003803,False
W02000065,E02003803,False
W02000066,E02003803,True
W02000067,E02003803,False
W02000068,E02003803,False
W02000069,E02003803,False
W02000070,E02003803,False
W02000071,E02003803,False
W02000072,E02003803,True
W02000073,E02003803,False
W02000074,E02003803,False
W02000075,E02003803,False
W02000076,E02003803,False
W02000077,W02000425,False
W02000080,W02000425,False
W02000081,W02000425,False
W02000082,W02000425,False
W02000083,W02000425,False
W02000085,W02000425,False
W02000087,W02000425,False
W02000088,W02000425,True
W02000089,W02000425,False
W02000090,W02000425,False
W02000091,W02000425,False
W02000092,W02000425,False
W02000093,W02000425,False
W02000094,W02000425,False
W02000095,W02000425,False
W02000096,W02000425,False
W02000097,W02000425,False
W02000098,E02002945,False
W02000099,E02002945,False
W02000100,W02000149,False
W02000101,E02002945,False
W02000102,E02002945,False
W02000103,E02002945,False
W02000104,E02002945,False
W02000105,E02002945,False
W02000106,E02002916,False
W02000107,E02002916,False
W02000108,E02002916,False
W02000109,E02002916,False
W02000110,E02002916,False
W02000111,E02002916,False
W02000113,E02002916,False
W02000114,W02000360,False
W02000116,W02000149,False
W02000117,W02000149,False
W02000118,W02000149,False
W02000120,W02000149,False
W02000122,W02000149,False
W02000123,W02000149,False
W02000124,W02000149,False
W02000125,W02000149,False
W02000126,W02000149,False
W02000127,W02000149,False
W02000128,W02000149,False
W02000129,W02000149,False
W02000130,W02000149,False
W02000131,W02000149,False
W02000132,W02000149,False
W02000133,W02000149,False
W02000134,W02000149,False
W02000135,W02000149,False
W02000136,W02000149,False
W02000137,W02000149,False
W02000138,W02000149,False
W02000139,W02000149,False
W02000140,W02000149,False
W02000141,W02000149,False
W02000142,W02000149,False
W02000143,W02000149,False
W02000144,W02000149,False
W02000145,W02000149,False
W02000146,W02000149,False
W02000147,W02000149,False
W02000148,W02000149,False
W02000149,W02000149,True
W02000151,W02000177,False
W02000152,W02000149,False
W02000153,W02000149,False
W02000154,W02000149,False
W02000156,W02000149,False
W02000157,W02000149,False
W02000158,W02000177,False
W02000159,W02000149,False
W02000160,W02000177,False
W02000161,W02000149,False
W02000162,W02000149,False
W02000163,W02000149,False
W02000164,W02000149,False
W02000165,W02000149,False
W02000166,W02000177,False
W02000167,W02000149,False
W02000168,W02000177,False
W02000169,W02000177,False
W02000170,W02000177,True
W02000171,W02000177,False
W02000172,W02000177,False
W02000173,W02000177,False
W02000174,W02000177,False
W02000175,W02000177,False
W02000176,W02000177,False
W02000177,W02000177,True
W02000178,W02000177,False
W02000179,W02000177,False
W02000180,W02000177,False
W02000181,W02000177,False
W02000182,W02000177,False
W02000183,W02000192,False
W02000184,W02000192,False
W02000185,W02000177,False
W02000186,W02000192,False
W02000188,W02000192,False
W02000189,W02000192,False
W02000191,W02000192,False
W02000192,W02000192,True
W02000193,W02000192,False
W02000194,W02000192,False
W02000195,W02000192,False
W02000196,W02000192,False
W02000197,W02000177,False
W02000198,W02000192,False
W02000200,W02000177,False
W02000201,W02000217,False
W02000202,W02000177,False
W02000204,W02000217,False
W02000205,W02000217,False
W02000206,W02000217,False
W02000207,W02000217,False
W02000208,W02000177,False
W02000210,W02000217,False
W02000211,W02000217,False
W02000212,W02000217,False
W02000213,W02000217,False
W02000214,W02000217,False
W02000215,W02000217,False
W02000216,W02000217,False
W02000217,W02000217,True
W02000218,W02000232,False
W02000219,W02000232,False
W02000220,W02000232,False
W02000221,W02000232,False
W02000222,W02000232,False
W02000223,W02000232,False
W02000224,W02000232,False
W02000225,W02000232,False
W02000226,W02000232,False
W02000227,W02000232,False
W02000228,W02000232,True
W02000229,W02000232,False
W02000230,W02000232,False
W02000231,W02000232,False
W02000232,W02000232,True
W02000233,W02000232,False
W02000234,W02000232,False
W02000235,W02000232,False
W02000236,W02000232,False
W02000237,W02000232,False
W02000238,W02000398,False
W02000239,W02000398,False
W02000240,W02000398,False
W02000241,W02000398,False
W02000242,W02000398,False
W02000243,W02000398,False
W02000244,W02000398,False
W02000245,W02000398,False
W02000246,W02000398,False
W02000247,W02000398,False
W02000248,W02000398,False
W02000249,W02000398,False
W02000250,W02000398,False
W02000251,W02000398,False
W02000252,W02000281,False
W02000253,W02000281,False
W02000254,W02000281,False
W02000255,W02000281,False
W02000256,W02000281,False
W02000257,W02000281,False
W02000258,W02000281,False
W02000259,W02000398,False
W02000260,W02000281,False
W02000261,W02000281,False
W02000262,W02000281,False
W02000263,W02000398,False
W02000264,W02000281,False
W02000265,W02000281,False
W02000266,W02000281,False
W02000267,W02000281,False
W02000268,W02000281,False
W02000269,W02000281,False
W02000270,W02000281,False
W02000271,W02000281,False
W02000272,W02000281,False
W02000273,W02000281,False
W02000274,W02000281,False
W02000275,W02000281,False
W02000276,W02000281,False
W02000277,W02000277,True
W02000278,W02000281,False
W02000279,W02000281,False
W02000280,W02000281,False
W02000281,W02000281,True
W02000282,W02000281,False
W02000284,W02000398,False
W02000285,W02000398,False
W02000286,W02000398,False
W02000287,W02000398,False
W02000288,W02000398,False
W02000289,W02000398,False
W02000290,W02000398,False
W02000291,W02000398,False
W02000292,W02000398,False
W02000293,W02000398,False
W02000294,W02000360,False
W02000295,W02000360,False
W02000296,W02000360,False
W02000297,W02000398,False
W02000298,W02000360,False
W02000299,W02000360,False
W02000300,W02000360,False
W02000301,W02000398,False
W02000302,W02000398,False
W02000303,W02000360,False
W02000304,W02000360,False
W02000305,W02000360,False
W02000306,W02000360,False
W02000307,W02000398,False
W02000308,W02000398,False
W02000309,W02000398,False
W02000310,W02000398,False
W02000311,W02000398,False
W02000312,W02000398,False
W02000313,W02000398,False
W02000314,W02000360,False
W02000315,W02000360,False
W02000316,W02000360,False
W02000317,W02000360,False
W02000318,W02000360,False
W02000319,W02000360,False
W02000320,W02000360,False
W02000321,W02000360,False
W02000322,W02000360,False
W02000323,W02000360,False
W02000324,W02000360,False
W02000325,W02000360,False
W02000326,W02000360,False
W02000327,W02000360,False
W02000328,W02000360,False
W02000329,W02000360,False
W02000330,W02000360,False
W02000331,W02000360,False
W02000332,W02000360,False
W02000333,W02000360,False
W02000334,W02000360,False
W02000335,W02000360,False
W02000336,W02000360,False
W02000337,W02000360,False
W02000338,W02000360,False
W02000339,W02000360,False
W02000340,W02000360,False
W02000341,W02000360,False
W02000342,E02003094,False
W02000343,E02003094,False
W02000344,E02003094,False
W02000345,E02003094,False
W02000346,W02000360,False
W02000347,W02000360,False
W02000348,W02000360,False
W02000349,W02000360,False
W02000350,W02000360,False
W02000351,W02000360,False
W02000352,W02000360,False
W02000353,W02000360,False
W02000354,W02000360,False
W02000355,W02000360,False
W02000356,W02000360,False
W02000357,W02000360,False
W02000358,W02000360,False
W02000359,W02000360,False
W02000360,W02000360,True
W02000361,W02000360,True
W02000362,W02000360,False
W02000363,W02000360,False
W02000364,W02000360,False
W02000365,W02000360,False
W02000366,W02000360,False
W02000367,W02000398,False
W02000368,W02000398,False
W02000369,W02000398,False
W02000370,W02000398,False
W02000371,W02000398,False
W02000372,W02000398,False
W02000373,W02000398,False
W02000374,W02000398,False
W02000375,W02000398,False
W02000376,W02000398,False
W02000377,W02000398,False
W02000378,W02000398,False
W02000379,W02000398,False
W02000380,W02000398,False
W02000381,W02000398,False
W02000382,W02000398,False
W02000383,W02000398,False
W02000384,W02000384,True
W02000385,W02000398,False
W02000386,W02000398,False
W02000387,W02000398,False
W02000388,W02000398,False
W02000389,W02000398,False
W02000390,W02000398,False
W02000391,W02000384,False
W02000392,W02000398,False
W02000393,W02000398,False
W02000394,W02000398,False
W02000395,W02000398,False
W02000396,W02000398,False
W02000397,W02000398,False
W02000398,W02000398,True
W02000399,W02000398,False
W02000400,W02000398,False
W02000401,W02000398,False
W02000402,W02000398,False
W02000403,W02000398,False
W02000404,W02000398,False
W02000405,W02000398,False
W02000406,W02000398,False
W02000407,W02000398,False
W02000408,W02000398,False
W02000409,W02000398,False
W02000410,W02000398,False
W02000411,W02000398,False
W02000412,W02000398,False
W02000414,E02002916,False
W02000415,W02000398,False
W02000416,W02000177,False
W02000417,W02000177,False
W02000418,W02000149,False
W02000419,W02000050,False
W02000421,W02000149,False
W02000422,W02000398,True
W02000423,W02000398,False
W02000424,W02000425,False
W02000425,W02000425,True
W02000426,W02000425,False
W02000427,W02000217,False
W02000428,W02000192,False
